Hormone	TotalGenes	Conserved	Percent
ABA	34	31	91.17647058823529
Auxin	138	130	94.20289855072464
Ethylene	190	179	94.21052631578948
Jasmonic Acid	96	92	95.83333333333333
