OG	tree	original_polytomies	resolved_polytomies	inconsistent_triples	prunned_leaves
OG160	(SPI10g03096.1[&&NHX:species=S. pimp],Solyc10g054310.1.1[&&NHX:species=Tomato])S;	0	0	0	
OG657	(Solyc11g039713.1.1[&&NHX:species=Tomato],SPI11g03206.1[&&NHX:species=S. pimp])S;	0	0	0	
OG9820	((PGSC0003DMP400018471[&&NHX:species=Potato],Solyc02g031900.3.1[&&NHX:species=Tomato])S,Solyc02g031850.1.1[&&NHX:species=Tomato])D;	0	0	0	
OG10583	(SLYcer02g03245.1[&&NHX:species=Tomato Cherry],SPI02g02127.1[&&NHX:species=S. pimp],Solyc02g063210.1.1[&&NHX:species=Tomato])S;	0	0	0	
OG12937	(Solyc04g074060.3.1[&&NHX:species=Tomato],(SLYcer04g05023.1[&&NHX:species=Tomato Cherry],Solyc04g074010.3.1[&&NHX:species=Tomato],SPI04g04496.1[&&NHX:species=S. pimp])S)D;	0	0	0	
OG13365	(PGSC0003DMP400014775[&&NHX:species=Potato],SLYcer11g03033.1[&&NHX:species=Tomato Cherry],SPI11g03104.1[&&NHX:species=S. pimp],Solyc11g040030.3.1[&&NHX:species=Tomato])S;	0	0	0	
OG14517	(Sopen09g025030.1[&&NHX:species=S. Pennelli],SLYcer09g03474.1[&&NHX:species=Tomato Cherry],Solyc09g061940.3.1[&&NHX:species=Tomato],PGSC0003DMP400027735[&&NHX:species=Potato],SPI09g03372.1[&&NHX:species=S. pimp])S;	0	0	0	
OG15754	(SPI02g02947.1[&&NHX:species=S. pimp],Solyc02g072520.3.1[&&NHX:species=Tomato],PGSC0003DMP400049573[&&NHX:species=Potato],Sopen02g021490.1[&&NHX:species=S. Pennelli],Capang02g001527[&&NHX:species=Wild pepper],SLYcer02g04051.1[&&NHX:species=Tomato Cherry])S;	0	0	0	
OG15801	(Capang10g001268[&&NHX:species=Wild pepper],Sopen10g035370.1[&&NHX:species=S. Pennelli],SPI10g04438.1[&&NHX:species=S. pimp],Solyc10g086000.3.1[&&NHX:species=Tomato],SLYcer10g05902.1[&&NHX:species=Tomato Cherry],Capana10g001494[&&NHX:species=Dom. pepper])S;	0	0	0	
OG15822	(SLYcer03g04761.1[&&NHX:species=Tomato Cherry],SPI03g04817.1[&&NHX:species=S. pimp],Solyc03g115710.1.1[&&NHX:species=Tomato],Sopen03g034690.1[&&NHX:species=S. Pennelli],Capang03g000749[&&NHX:species=Wild pepper],PGSC0003DMP400042695[&&NHX:species=Potato])S;	0	0	0	
OG16126	(Capana10g000912[&&NHX:species=Dom. pepper],SPI10g03466.1[&&NHX:species=S. pimp],PGSC0003DMP400048160[&&NHX:species=Potato],Solyc10g074710.2.1[&&NHX:species=Tomato],Capang10g000725[&&NHX:species=Wild pepper],Sopen10g027200.1[&&NHX:species=S. Pennelli])S;	0	0	0	
OG16128	(Solyc07g018140.3.1[&&NHX:species=Tomato],Capana07g000752[&&NHX:species=Dom. pepper],PGSC0003DMP400009671[&&NHX:species=Potato],SLYcer07g01106.1[&&NHX:species=Tomato Cherry],SPI07g01126.1[&&NHX:species=S. pimp],Capang07g000807[&&NHX:species=Wild pepper])S;	0	0	0	
OG16160	(Solyc05g054680.1.1[&&NHX:species=Tomato],Sopen05g033150.1[&&NHX:species=S. Pennelli],Capana05g002374[&&NHX:species=Dom. pepper],SPI05g04802.1[&&NHX:species=S. pimp],Capang05g001921[&&NHX:species=Wild pepper],PGSC0003DMP400040508[&&NHX:species=Potato])S;	0	0	0	
OG16162	(PGSC0003DMP400017556[&&NHX:species=Potato],Solyc04g081590.4.1[&&NHX:species=Tomato],SLYcer04g05764.1[&&NHX:species=Tomato Cherry],Sopen04g035200.1[&&NHX:species=S. Pennelli],Capang04g000159[&&NHX:species=Wild pepper],Capana04g000175[&&NHX:species=Dom. pepper])S;	0	0	0	
OG16704	(Solyc07g005010.4.1[&&NHX:species=Tomato],Sopen07g001120.1[&&NHX:species=S. Pennelli],Capana07g000270[&&NHX:species=Dom. pepper],Capang07g000269[&&NHX:species=Wild pepper],SLYcer07g00051.1[&&NHX:species=Tomato Cherry],PGSC0003DMP400020982[&&NHX:species=Potato],SPI07g00061.1[&&NHX:species=S. pimp])S;	0	0	0	
OG16722	(Capang07g000204[&&NHX:species=Wild pepper],PGSC0003DMP400061784[&&NHX:species=Potato],SPI07g00200.1[&&NHX:species=S. pimp],Sopen07g001640.1[&&NHX:species=S. Pennelli],Capana07g000205[&&NHX:species=Dom. pepper],SLYcer07g00132.1[&&NHX:species=Tomato Cherry],Solyc07g005540.1.1[&&NHX:species=Tomato])S;	0	0	0	
OG16733	(Solyc03g007070.3.1[&&NHX:species=Tomato],Capang03g002401[&&NHX:species=Wild pepper],SLYcer03g00302.1[&&NHX:species=Tomato Cherry],PGSC0003DMP400054039[&&NHX:species=Potato],Capana03g002485[&&NHX:species=Dom. pepper],Sopen03g003060.1[&&NHX:species=S. Pennelli],SPI03g00520.1[&&NHX:species=S. pimp])S;	0	0	0	
OG16760	(Capana01g000450[&&NHX:species=Dom. pepper],SPI08g06099.1[&&NHX:species=S. pimp],PGSC0003DMP400007020[&&NHX:species=Potato],Sopen08g028100.1[&&NHX:species=S. Pennelli],SLYcer08g06202.1[&&NHX:species=Tomato Cherry],Capang01g000411[&&NHX:species=Wild pepper],Solyc08g079740.3.1[&&NHX:species=Tomato])S;	0	0	0	
OG16829	(SPI07g00519.1[&&NHX:species=S. pimp],Capang07g000401[&&NHX:species=Wild pepper],Solyc07g007780.3.1[&&NHX:species=Tomato],Capana07g000363[&&NHX:species=Dom. pepper],PGSC0003DMP400048571[&&NHX:species=Potato],Sopen07g001070.1[&&NHX:species=S. Pennelli],SLYcer07g00464.1[&&NHX:species=Tomato Cherry])S;	0	0	0	
OG16868	(Sopen10g004750.1[&&NHX:species=S. Pennelli],PGSC0003DMP400039560[&&NHX:species=Potato],Capana10g000475[&&NHX:species=Dom. pepper],Solyc10g008960.1.1[&&NHX:species=Tomato],Capang10g000369[&&NHX:species=Wild pepper],SPI10g00511.1[&&NHX:species=S. pimp],SLYcer10g00651.1[&&NHX:species=Tomato Cherry])S;	0	0	0	
OG16930	(Capang00g000541[&&NHX:species=Wild pepper],SLYcer06g04102.1[&&NHX:species=Tomato Cherry],Solyc06g063150.4.1[&&NHX:species=Tomato],Capana00g004930[&&NHX:species=Dom. pepper],SPI06g03968.1[&&NHX:species=S. pimp],Sopen06g022600.1[&&NHX:species=S. Pennelli],PGSC0003DMP400008719[&&NHX:species=Potato])S;	0	0	0	
OG16944	(PGSC0003DMP400040827[&&NHX:species=Potato],Capana00g001933[&&NHX:species=Dom. pepper],Solyc04g012050.3.1[&&NHX:species=Tomato],SLYcer04g00972.1[&&NHX:species=Tomato Cherry],SPI04g00785.1[&&NHX:species=S. pimp],Capang05g000265[&&NHX:species=Wild pepper],Sopen04g006170.1[&&NHX:species=S. Pennelli])S;	0	0	0	
OG17061	(Capana09g000303[&&NHX:species=Dom. pepper],SLYcer12g00346.1[&&NHX:species=Tomato Cherry],PGSC0003DMP400000755[&&NHX:species=Potato],Solyc12g007110.2.1[&&NHX:species=Tomato],SPI12g00374.1[&&NHX:species=S. pimp],Capang09g000288[&&NHX:species=Wild pepper],Sopen12g003090.1[&&NHX:species=S. Pennelli])S;	0	0	0	
OG17103	((Solyc01g098740.4.1[&&NHX:species=Tomato],Capang00g000710[&&NHX:species=Wild pepper],Sopen01g042270.1[&&NHX:species=S. Pennelli],SLYcer01g07678.1[&&NHX:species=Tomato Cherry],SPI01g07589.1[&&NHX:species=S. pimp],PGSC0003DMP400049835[&&NHX:species=Potato])S,PGSC0003DMP400049833[&&NHX:species=Potato])D;	0	0	0	
OG17149	(Capana05g000764[&&NHX:species=Dom. pepper],Solyc04g008430.1.1[&&NHX:species=Tomato],Sopen04g003580.1[&&NHX:species=S. Pennelli],SPI04g00444.1[&&NHX:species=S. pimp],Capang05g000651[&&NHX:species=Wild pepper],PGSC0003DMP400051275[&&NHX:species=Potato],SLYcer04g00471.1[&&NHX:species=Tomato Cherry])S;	0	0	0	
OG17229	(Capang11g000646[&&NHX:species=Wild pepper],(Capana10g000729[&&NHX:species=Dom. pepper],Capang10g000560[&&NHX:species=Wild pepper],SLYcer10g00229.1[&&NHX:species=Tomato Cherry],Sopen10g001160.1[&&NHX:species=S. Pennelli],SPI10g00105.1[&&NHX:species=S. pimp],Solyc10g005140.1.1[&&NHX:species=Tomato])S)D;	0	0	0	
OG17303	(SLYcer09g01438.1[&&NHX:species=Tomato Cherry],SPI09g01301.1[&&NHX:species=S. pimp],Capang00g003519[&&NHX:species=Wild pepper],PGSC0003DMP400046538[&&NHX:species=Potato],Capana09g001001[&&NHX:species=Dom. pepper],Solyc09g015520.3.1[&&NHX:species=Tomato],Sopen09g009470.1[&&NHX:species=S. Pennelli])S;	0	0	0	
OG17305	(SPI04g01066.1[&&NHX:species=S. pimp],PGSC0003DMP400047434[&&NHX:species=Potato],Sopen04g007680.1[&&NHX:species=S. Pennelli],Capang05g000118[&&NHX:species=Wild pepper],Capana05g000115[&&NHX:species=Dom. pepper],Solyc04g015600.3.1[&&NHX:species=Tomato],SLYcer04g01334.1[&&NHX:species=Tomato Cherry])S;	0	0	0	
OG17342	(Capang02g001400[&&NHX:species=Wild pepper],SPI02g02817.1[&&NHX:species=S. pimp],SLYcer02g03921.1[&&NHX:species=Tomato Cherry],Solyc02g071220.3.1[&&NHX:species=Tomato],Sopen00g008280.1[&&NHX:species=S. Pennelli],PGSC0003DMP400005544[&&NHX:species=Potato],Capana02g001579[&&NHX:species=Dom. pepper])S;	0	0	0	
OG17464	(PGSC0003DMP400000975[&&NHX:species=Potato],SLYcer02g05106.1[&&NHX:species=Tomato Cherry],SPI02g04044.1[&&NHX:species=S. pimp],Capana02g003482[&&NHX:species=Dom. pepper],Sopen02g031730.1[&&NHX:species=S. Pennelli],Capang02g003206[&&NHX:species=Wild pepper],Solyc02g086960.2.1[&&NHX:species=Tomato])S;	0	0	0	
OG17511	(Solyc03g006920.2.1[&&NHX:species=Tomato],Sopen03g002920.1[&&NHX:species=S. Pennelli],SLYcer03g00288.1[&&NHX:species=Tomato Cherry],PGSC0003DMP400013373[&&NHX:species=Potato],Capana03g002442[&&NHX:species=Dom. pepper],SPI03g00506.1[&&NHX:species=S. pimp],Capang03g002363[&&NHX:species=Wild pepper])S;	0	0	0	
OG17565	(SPI12g00510.1[&&NHX:species=S. pimp],Capang09g000138[&&NHX:species=Wild pepper],PGSC0003DMP400005224[&&NHX:species=Potato],Capana09g000142[&&NHX:species=Dom. pepper],Sopen12g004190.1[&&NHX:species=S. Pennelli],Solyc12g009240.1.1[&&NHX:species=Tomato],SLYcer12g00482.1[&&NHX:species=Tomato Cherry])S;	0	0	0	
OG17705	(Solyc03g117230.1.1[&&NHX:species=Tomato],Capana03g000508[&&NHX:species=Dom. pepper],Capang03g000468[&&NHX:species=Wild pepper],Sopen03g036130.1[&&NHX:species=S. Pennelli],PGSC0003DMP400017940[&&NHX:species=Potato],SPI03g04975.1[&&NHX:species=S. pimp],SLYcer03g04920.1[&&NHX:species=Tomato Cherry])S;	0	0	0	
OG17851	(SLYcer07g05429.1[&&NHX:species=Tomato Cherry],SPI07g06147.1[&&NHX:species=S. pimp],PGSC0003DMP400033480[&&NHX:species=Potato],Capana07g002282[&&NHX:species=Dom. pepper],Sopen07g032090.1[&&NHX:species=S. Pennelli],Capang03g003100[&&NHX:species=Wild pepper],Solyc07g063950.3.1[&&NHX:species=Tomato])S;	0	0	0	
OG17913	(Capang01g000986[&&NHX:species=Wild pepper],SLYcer08g05708.1[&&NHX:species=Tomato Cherry],Solyc08g074980.4.1[&&NHX:species=Tomato],Capana00g003470[&&NHX:species=Dom. pepper],PGSC0003DMP400027547[&&NHX:species=Potato],Sopen08g023570.1[&&NHX:species=S. Pennelli],SPI08g05586.1[&&NHX:species=S. pimp])S;	0	0	0	
OG18004	(Sopen01g032340.1[&&NHX:species=S. Pennelli],Capang01g003952[&&NHX:species=Wild pepper],Capana00g001715[&&NHX:species=Dom. pepper],SLYcer01g06186.1[&&NHX:species=Tomato Cherry],Solyc01g080520.3.1[&&NHX:species=Tomato],PGSC0003DMP400055205[&&NHX:species=Potato],SPI01g06487.1[&&NHX:species=S. pimp])S;	0	0	0	
OG18056	(Capana03g000380[&&NHX:species=Dom. pepper],SPI03g05223.1[&&NHX:species=S. pimp],Capang03g000617[&&NHX:species=Wild pepper],SLYcer03g05163.1[&&NHX:species=Tomato Cherry],Sopen03g038410.1[&&NHX:species=S. Pennelli],PGSC0003DMP400009914[&&NHX:species=Potato],Solyc03g119580.1.1[&&NHX:species=Tomato])S;	0	0	0	
OG18063	(Capana12g000852[&&NHX:species=Dom. pepper],SLYcer12g04627.1[&&NHX:species=Tomato Cherry],SPI12g04580.1[&&NHX:species=S. pimp],Sopen12g030070.1[&&NHX:species=S. Pennelli],Capang12g000730[&&NHX:species=Wild pepper],Solyc12g088040.2.1[&&NHX:species=Tomato],PGSC0003DMP400003650[&&NHX:species=Potato])S;	0	0	0	
OG18107	(Solyc05g051180.3.1[&&NHX:species=Tomato],SLYcer10g02598.1[&&NHX:species=Tomato Cherry],Sopen05g029560.1[&&NHX:species=S. Pennelli],Capana05g001700[&&NHX:species=Dom. pepper],PGSC0003DMP400025741[&&NHX:species=Potato],Capang05g001380[&&NHX:species=Wild pepper],SPI05g04364.1[&&NHX:species=S. pimp])S;	0	0	0	
OG18146	(SLYcer06g03977.1[&&NHX:species=Tomato Cherry],PGSC0003DMP400046203[&&NHX:species=Potato],Capang06g001482[&&NHX:species=Wild pepper],SPI06g03850.1[&&NHX:species=S. pimp],Capana06g001571[&&NHX:species=Dom. pepper],Sopen06g021230.1[&&NHX:species=S. Pennelli],Solyc06g061030.3.1[&&NHX:species=Tomato])S;	0	0	0	
OG18159	(PGSC0003DMP400021774[&&NHX:species=Potato],Capang04g001516[&&NHX:species=Wild pepper],SLYcer08g06408.1[&&NHX:species=Tomato Cherry],Sopen08g030250.1[&&NHX:species=S. Pennelli],SPI08g06321.1[&&NHX:species=S. pimp],Solyc08g081960.3.1[&&NHX:species=Tomato],Capana00g003434[&&NHX:species=Dom. pepper])S;	0	0	0	
OG18180	(SPI02g02378.1[&&NHX:species=S. pimp],Capang02g000794[&&NHX:species=Wild pepper],Sopen02g016210.1[&&NHX:species=S. Pennelli],Solyc02g067020.1.1[&&NHX:species=Tomato],Capana02g000881[&&NHX:species=Dom. pepper],PGSC0003DMP400043655[&&NHX:species=Potato],SLYcer02g03485.1[&&NHX:species=Tomato Cherry])S;	0	0	0	
OG18231	(SPI03g05249.1[&&NHX:species=S. pimp],PGSC0003DMP400009887[&&NHX:species=Potato],SLYcer03g05189.1[&&NHX:species=Tomato Cherry],Solyc03g119800.3.1[&&NHX:species=Tomato],Capang05g000739[&&NHX:species=Wild pepper],Sopen03g038650.1[&&NHX:species=S. Pennelli],Capana03g000671[&&NHX:species=Dom. pepper])S;	0	0	0	
OG18299	(Solyc09g091400.4.1[&&NHX:species=Tomato],SPI09g04750.1[&&NHX:species=S. pimp],PGSC0003DMP400051647[&&NHX:species=Potato],Capana03g003983[&&NHX:species=Dom. pepper],Sopen09g034340.1[&&NHX:species=S. Pennelli],Capang03g003849[&&NHX:species=Wild pepper],SLYcer09g05071.1[&&NHX:species=Tomato Cherry])S;	0	0	0	
OG18302	(SPI02g04519.1[&&NHX:species=S. pimp],Sopen02g036630.1[&&NHX:species=S. Pennelli],Capana02g002936[&&NHX:species=Dom. pepper],SLYcer02g05602.1[&&NHX:species=Tomato Cherry],Solyc02g092050.3.1[&&NHX:species=Tomato],Capang02g002660[&&NHX:species=Wild pepper],PGSC0003DMP400037142[&&NHX:species=Potato])S;	0	0	0	
OG18385	(Capana04g002109[&&NHX:species=Dom. pepper],Capang10g000785[&&NHX:species=Wild pepper],PGSC0003DMP400001723[&&NHX:species=Potato],SLYcer11g00848.1[&&NHX:species=Tomato Cherry],Sopen11g007720.1[&&NHX:species=S. Pennelli],Solyc11g012980.1.1[&&NHX:species=Tomato],SPI11g00994.1[&&NHX:species=S. pimp])S;	0	0	0	
OG18473	(Capang01g004394[&&NHX:species=Wild pepper],Sopen01g045880.1[&&NHX:species=S. Pennelli],Solyc01g103530.3.1[&&NHX:species=Tomato],SPI01g07961.1[&&NHX:species=S. pimp],Capana08g001827[&&NHX:species=Dom. pepper],SLYcer01g07302.1[&&NHX:species=Tomato Cherry],PGSC0003DMP400043150[&&NHX:species=Potato])S;	0	0	0	
OG18502	(Capang06g001891[&&NHX:species=Wild pepper],Capana08g001762[&&NHX:species=Dom. pepper],SPI01g07908.1[&&NHX:species=S. pimp],PGSC0003DMP400036037[&&NHX:species=Potato],Solyc01g102940.3.1[&&NHX:species=Tomato],Sopen01g045350.1[&&NHX:species=S. Pennelli],SLYcer01g07359.1[&&NHX:species=Tomato Cherry])S;	0	0	0	
OG18508	(PGSC0003DMP400047816[&&NHX:species=Potato],Sopen01g040570.1[&&NHX:species=S. Pennelli],SLYcer01g07866.1[&&NHX:species=Tomato Cherry],SPI01g07407.1[&&NHX:species=S. pimp],Solyc01g096860.3.1[&&NHX:species=Tomato],Capana08g001182[&&NHX:species=Dom. pepper],Capang01g003756[&&NHX:species=Wild pepper])S;	0	0	0	
OG18510	(PGSC0003DMP400047805[&&NHX:species=Potato],Solyc01g096940.4.1[&&NHX:species=Tomato],Sopen01g040650.1[&&NHX:species=S. Pennelli],SPI01g07415.1[&&NHX:species=S. pimp],Capana08g001195[&&NHX:species=Dom. pepper],Capang01g003765[&&NHX:species=Wild pepper],SLYcer01g07858.1[&&NHX:species=Tomato Cherry])S;	0	0	0	
OG18634	(Sopen06g022370.1[&&NHX:species=S. Pennelli],PGSC0003DMP400008626[&&NHX:species=Potato],Capang06g001138[&&NHX:species=Wild pepper],SLYcer06g04076.1[&&NHX:species=Tomato Cherry],Capana06g001182[&&NHX:species=Dom. pepper],Solyc06g062920.3.1[&&NHX:species=Tomato],SPI06g03942.1[&&NHX:species=S. pimp])S;	0	0	0	
OG18653	(SPI07g05673.1[&&NHX:species=S. pimp],Capana00g004561[&&NHX:species=Dom. pepper],Capang03g002099[&&NHX:species=Wild pepper],Solyc07g054220.1.1[&&NHX:species=Tomato],Sopen07g028150.1[&&NHX:species=S. Pennelli],SLYcer07g04946.1[&&NHX:species=Tomato Cherry],PGSC0003DMP400031984[&&NHX:species=Potato])S;	0	0	0	
OG18654	(SLYcer06g04464.1[&&NHX:species=Tomato Cherry],Solyc06g068360.3.1[&&NHX:species=Tomato],SPI06g04322.1[&&NHX:species=S. pimp],Capana06g001119[&&NHX:species=Dom. pepper],Capang06g001067[&&NHX:species=Wild pepper],Sopen06g025620.1[&&NHX:species=S. Pennelli],PGSC0003DMP400049609[&&NHX:species=Potato])S;	0	0	0	
OG18698	(PGSC0003DMP400051432[&&NHX:species=Potato],SPI08g05216.1[&&NHX:species=S. pimp],Sopen08g022620.1[&&NHX:species=S. Pennelli],SLYcer08g05327.1[&&NHX:species=Tomato Cherry],Capana00g003024[&&NHX:species=Dom. pepper],Solyc08g068960.3.1[&&NHX:species=Tomato],Capang07g001265[&&NHX:species=Wild pepper])S;	0	0	0	
OG18794	(Solyc09g098420.3.1[&&NHX:species=Tomato],Sopen09g036350.1[&&NHX:species=S. Pennelli],Capang03g004036[&&NHX:species=Wild pepper],SLYcer09g05288.1[&&NHX:species=Tomato Cherry],SPI09g04979.1[&&NHX:species=S. pimp],Capana03g004207[&&NHX:species=Dom. pepper],PGSC0003DMP400037492[&&NHX:species=Potato])S;	0	0	0	
OG18944	(Capang06g002111[&&NHX:species=Wild pepper],Capana06g002255[&&NHX:species=Dom. pepper],SLYcer06g03436.1[&&NHX:species=Tomato Cherry],PGSC0003DMP400052319[&&NHX:species=Potato],SPI06g03354.1[&&NHX:species=S. pimp],Sopen06g016850.1[&&NHX:species=S. Pennelli],Solyc06g051030.3.1[&&NHX:species=Tomato])S;	0	0	0	
OG19011	(Capana06g001845[&&NHX:species=Dom. pepper],Capang06g001732[&&NHX:species=Wild pepper],Solyc06g054630.3.1[&&NHX:species=Tomato],SLYcer06g03770.1[&&NHX:species=Tomato Cherry],PGSC0003DMP400053612[&&NHX:species=Potato],SPI06g03678.1[&&NHX:species=S. pimp],Sopen06g019690.1[&&NHX:species=S. Pennelli])S;	0	0	0	
OG19073	(Solyc02g085620.3.1[&&NHX:species=Tomato],Capana02g002658[&&NHX:species=Dom. pepper],SPI02g03887.1[&&NHX:species=S. pimp],SLYcer02g04962.1[&&NHX:species=Tomato Cherry],Capang02g002387[&&NHX:species=Wild pepper],PGSC0003DMP400022423[&&NHX:species=Potato],Sopen02g030290.1[&&NHX:species=S. Pennelli])S;	0	0	0	
OG19090	(Sopen11g001990.1[&&NHX:species=S. Pennelli],Capana12g002103[&&NHX:species=Dom. pepper],Solyc11g006050.1.1[&&NHX:species=Tomato],Capang12g001794[&&NHX:species=Wild pepper],SPI11g00355.1[&&NHX:species=S. pimp],SLYcer11g00199.1[&&NHX:species=Tomato Cherry],PGSC0003DMP400067196[&&NHX:species=Potato])S;	0	0	0	
OG19118	(Capang10g002111[&&NHX:species=Wild pepper],SLYcer10g05285.1[&&NHX:species=Tomato Cherry],SPI10g03775.1[&&NHX:species=S. pimp],PGSC0003DMP400014331[&&NHX:species=Potato],Capana10g002347[&&NHX:species=Dom. pepper],Sopen10g029820.1[&&NHX:species=S. Pennelli],Solyc10g079170.2.1[&&NHX:species=Tomato])S;	0	0	0	
OG19124	(Sopen11g023650.1[&&NHX:species=S. Pennelli],Solyc11g061750.2.1[&&NHX:species=Tomato],PGSC0003DMP400024044[&&NHX:species=Potato],SPI11g03430.1[&&NHX:species=S. pimp],Capang11g000981[&&NHX:species=Wild pepper],Capana00g000853[&&NHX:species=Dom. pepper],SLYcer11g03363.1[&&NHX:species=Tomato Cherry])S;	0	0	0	
OG19155	(Capana12g000157[&&NHX:species=Dom. pepper],Sopen12g034050.1[&&NHX:species=S. Pennelli],Capang12g000129[&&NHX:species=Wild pepper],SPI12g05090.1[&&NHX:species=S. pimp],PGSC0003DMP400062422[&&NHX:species=Potato],SLYcer12g05140.1[&&NHX:species=Tomato Cherry],Solyc12g099380.3.1[&&NHX:species=Tomato])S;	0	0	0	
OG19157	(SLYcer11g02667.1[&&NHX:species=Tomato Cherry],PGSC0003DMP400039762[&&NHX:species=Potato],Solyc11g044840.2.1[&&NHX:species=Tomato],Capana00g004123[&&NHX:species=Dom. pepper],Capang00g000644[&&NHX:species=Wild pepper],Sopen11g020320.1[&&NHX:species=S. Pennelli],SPI11g02725.1[&&NHX:species=S. pimp])S;	0	0	0	
OG19246	(SPI11g04147.1[&&NHX:species=S. pimp],Capana11g000404[&&NHX:species=Dom. pepper],Sopen11g029490.1[&&NHX:species=S. Pennelli],SLYcer11g04081.1[&&NHX:species=Tomato Cherry],PGSC0003DMP400005413[&&NHX:species=Potato],Solyc11g071820.3.1[&&NHX:species=Tomato],Capang11g000391[&&NHX:species=Wild pepper])S;	0	0	0	
OG19275	(SPI11g00612.1[&&NHX:species=S. pimp],SLYcer11g00468.1[&&NHX:species=Tomato Cherry],Capana12g002507[&&NHX:species=Dom. pepper],Solyc11g008560.2.1[&&NHX:species=Tomato],Sopen11g004350.1[&&NHX:species=S. Pennelli],Capang12g002162[&&NHX:species=Wild pepper],PGSC0003DMP400028388[&&NHX:species=Potato])S;	0	0	0	
OG19305	(SPI03g04484.1[&&NHX:species=S. pimp],Solyc03g112580.3.1[&&NHX:species=Tomato],Sopen03g031640.1[&&NHX:species=S. Pennelli],SLYcer03g04434.1[&&NHX:species=Tomato Cherry],PGSC0003DMP400031672[&&NHX:species=Potato],Capang03g001133[&&NHX:species=Wild pepper],Capana03g001183[&&NHX:species=Dom. pepper])S;	0	0	0	
OG19312	(SLYcer04g03972.1[&&NHX:species=Tomato Cherry],SPI04g03692.1[&&NHX:species=S. pimp],PGSC0003DMP400048550[&&NHX:species=Potato],Capang12g001449[&&NHX:species=Wild pepper],Capana12g001792[&&NHX:species=Dom. pepper],Sopen04g024460.1[&&NHX:species=S. Pennelli],Solyc04g054710.3.1[&&NHX:species=Tomato])S;	0	0	0	
OG19829	(Solyc09g059510.3.1[&&NHX:species=Tomato],Capana09g001473[&&NHX:species=Dom. pepper],SPI09g02975.1[&&NHX:species=S. pimp],PGSC0003DMP400030542[&&NHX:species=Potato],(Sopen09g022670.2[&&NHX:species=S. Pennelli],Sopen09g022670.1[&&NHX:species=S. Pennelli])D,Capang09g001040[&&NHX:species=Wild pepper])S;	0	0	6	SLYcer09g03047.1
OG19853	(Solyc08g078190.2.1[&&NHX:species=Tomato],Capang01g000602[&&NHX:species=Wild pepper],SLYcer08g06044.1[&&NHX:species=Tomato Cherry],Sopen08g026680.1[&&NHX:species=S. Pennelli],(SPI08g05942.1[&&NHX:species=S. pimp],SPI08g05498.1[&&NHX:species=S. pimp])D,Capana01g000662[&&NHX:species=Dom. pepper],PGSC0003DMP400045528[&&NHX:species=Potato])S;	0	0	0	
OG19872	((Sopen05g002350.1[&&NHX:species=S. Pennelli],PGSC0003DMP400039249[&&NHX:species=Potato],Capana11g001454[&&NHX:species=Dom. pepper],SPI05g00252.1[&&NHX:species=S. pimp],Capang11g001411[&&NHX:species=Wild pepper],SLYcer05g00237.1[&&NHX:species=Tomato Cherry],Solyc05g006420.3.1[&&NHX:species=Tomato])S,Sopen06g026990.4[&&NHX:species=S. Pennelli])D;	0	0	0	
OG19991	(SPI08g03986.1[&&NHX:species=S. pimp],Capang01g003040[&&NHX:species=Wild pepper],(PGSC0003DMP400052081[&&NHX:species=Potato],PGSC0003DMP400052080[&&NHX:species=Potato])D,Solyc08g041870.3.1[&&NHX:species=Tomato],Sopen08g012080.1[&&NHX:species=S. Pennelli],SLYcer08g04082.1[&&NHX:species=Tomato Cherry],Capana08g000430[&&NHX:species=Dom. pepper])S;	0	0	0	
OG20135	((Solyc06g074070.3.1[&&NHX:species=Tomato],PGSC0003DMP400010444[&&NHX:species=Potato],Capana06g000638[&&NHX:species=Dom. pepper],SLYcer06g04960.1[&&NHX:species=Tomato Cherry],SPI06g04825.1[&&NHX:species=S. pimp],Capang06g000595[&&NHX:species=Wild pepper],Sopen06g030490.1[&&NHX:species=S. Pennelli])S,PGSC0003DMP400010443[&&NHX:species=Potato])D;	0	0	0	
OG20196	(SPI03g00271.1[&&NHX:species=S. pimp],Sopen03g001540.1[&&NHX:species=S. Pennelli],Capana04g002840[&&NHX:species=Dom. pepper],SLYcer03g00127.1[&&NHX:species=Tomato Cherry],Solyc03g005520.1.1[&&NHX:species=Tomato],Capang04g002440[&&NHX:species=Wild pepper],(PGSC0003DMP400023723[&&NHX:species=Potato],PGSC0003DMP400024985[&&NHX:species=Potato])D)S;	0	0	0	
OG20225	(((PGSC0003DMP400055026[&&NHX:species=Potato],Sopen09g030200.1[&&NHX:species=S. Pennelli])S,PGSC0003DMP400055027[&&NHX:species=Potato])D,SLYcer09g04390.1[&&NHX:species=Tomato Cherry],SPI09g04181.1[&&NHX:species=S. pimp])S;	0	0	20	Capang03g003564,Capana03g003660,Solyc09g075420.3.1
OG20319	((Capana00g000389[&&NHX:species=Dom. pepper],SLYcer05g00993.1[&&NHX:species=Tomato Cherry],Capang11g000924[&&NHX:species=Wild pepper],PGSC0003DMP400032427[&&NHX:species=Potato],Sopen05g008450.1[&&NHX:species=S. Pennelli],SPI05g01052.1[&&NHX:species=S. pimp],Solyc05g013540.1.1[&&NHX:species=Tomato])S,Capana00g000094[&&NHX:species=Dom. pepper])D;	0	0	0	
OG20467	((PGSC0003DMP400052813[&&NHX:species=Potato],SLYcer06g05215.1[&&NHX:species=Tomato Cherry],Sopen06g032990.1[&&NHX:species=S. Pennelli],Capang06g000351[&&NHX:species=Wild pepper],Solyc06g076600.2.1[&&NHX:species=Tomato],Capana06g000382[&&NHX:species=Dom. pepper],SPI06g05104.1[&&NHX:species=S. pimp])S,PGSC0003DMP400052812[&&NHX:species=Potato])D;	0	0	0	
OG20703	((Sopen07g022290.1[&&NHX:species=S. Pennelli],SLYcer07g03767.1[&&NHX:species=Tomato Cherry],Capang07g000924[&&NHX:species=Wild pepper],PGSC0003DMP400023975[&&NHX:species=Potato],Capana07g000820[&&NHX:species=Dom. pepper],SPI07g04482.1[&&NHX:species=S. pimp],Solyc07g042590.4.1[&&NHX:species=Tomato])S,PGSC0003DMP400023974[&&NHX:species=Potato])D;	0	0	0	
OG20858	((Sopen06g033570.1[&&NHX:species=S. Pennelli],SPI06g05169.1[&&NHX:species=S. pimp],Capana06g000327[&&NHX:species=Dom. pepper],SLYcer06g05278.1[&&NHX:species=Tomato Cherry],PGSC0003DMP400052986[&&NHX:species=Potato],Capang06g000294[&&NHX:species=Wild pepper],Solyc06g082190.3.1[&&NHX:species=Tomato])S,PGSC0003DMP400052987[&&NHX:species=Potato])D;	0	0	0	
OG20977	((Sopen06g024300.1[&&NHX:species=S. Pennelli],SLYcer06g04283.1[&&NHX:species=Tomato Cherry],Capana06g001444[&&NHX:species=Dom. pepper],Solyc06g065820.3.1[&&NHX:species=Tomato],SPI06g04142.1[&&NHX:species=S. pimp],PGSC0003DMP400045347[&&NHX:species=Potato],Capang06g001376[&&NHX:species=Wild pepper])S,PGSC0003DMP400045346[&&NHX:species=Potato])D;	0	0	0	
OG21028	(SLYcer12g04342.1[&&NHX:species=Tomato Cherry],Sopen12g024030.1[&&NHX:species=S. Pennelli],Capang12g000885[&&NHX:species=Wild pepper],(PGSC0003DMP400050275[&&NHX:species=Potato],PGSC0003DMP400050274[&&NHX:species=Potato])D,Solyc12g049560.2.1[&&NHX:species=Tomato],Capana05g001459[&&NHX:species=Dom. pepper],SPI12g04301.1[&&NHX:species=S. pimp])S;	0	0	0	
OG21057	((SLYcer03g04234.1[&&NHX:species=Tomato Cherry],Capana03g001447[&&NHX:species=Dom. pepper],PGSC0003DMP400026788[&&NHX:species=Potato],SPI03g04293.1[&&NHX:species=S. pimp],Capang03g001379[&&NHX:species=Wild pepper],Sopen03g029790.1[&&NHX:species=S. Pennelli],Solyc03g019830.4.1[&&NHX:species=Tomato])S,PGSC0003DMP400026787[&&NHX:species=Potato])D;	0	0	0	
OG21068	((Capang11g000903[&&NHX:species=Wild pepper],Capana11g000974[&&NHX:species=Dom. pepper],SPI11g02703.1[&&NHX:species=S. pimp],Sopen11g020450.1[&&NHX:species=S. Pennelli],PGSC0003DMP400011793[&&NHX:species=Potato],Solyc11g044940.1.1[&&NHX:species=Tomato])S,(SLYcer11g02647.1[&&NHX:species=Tomato Cherry],PGSC0003DMP400011792[&&NHX:species=Potato])S)D;	0	0	0	
OG21384	(SLYcer02g04272.1[&&NHX:species=Tomato Cherry],((Sopen02g023600.1[&&NHX:species=S. Pennelli],Sopen02g023600.2[&&NHX:species=S. Pennelli])D,Sopen02g023600.3[&&NHX:species=S. Pennelli])D,Capang02g001785[&&NHX:species=Wild pepper],SPI02g03174.1[&&NHX:species=S. pimp],PGSC0003DMP400038886[&&NHX:species=Potato],Capana02g002002[&&NHX:species=Dom. pepper],Solyc02g078780.3.1[&&NHX:species=Tomato])S;	1	1	0	
OG21406	(Solyc04g008050.4.1[&&NHX:species=Tomato],(Sopen04g003200.1[&&NHX:species=S. Pennelli],Sopen04g003200.2[&&NHX:species=S. Pennelli])D,(PGSC0003DMP400051408[&&NHX:species=Potato],PGSC0003DMP400051407[&&NHX:species=Potato])D,SLYcer04g00415.1[&&NHX:species=Tomato Cherry],Capana05g000907[&&NHX:species=Dom. pepper],Capang05g000728[&&NHX:species=Wild pepper],SPI04g00398.1[&&NHX:species=S. pimp])S;	0	0	0	
OG21476	(SPI02g02518.1[&&NHX:species=S. pimp],Capang02g001006[&&NHX:species=Wild pepper],Capana02g001106[&&NHX:species=Dom. pepper],(Sopen02g017500.2[&&NHX:species=S. Pennelli],Sopen02g017500.1[&&NHX:species=S. Pennelli])D,Solyc02g068370.3.1[&&NHX:species=Tomato],SLYcer02g03622.1[&&NHX:species=Tomato Cherry],(PGSC0003DMP400016645[&&NHX:species=Potato],PGSC0003DMP400016646[&&NHX:species=Potato])D)S;	0	0	0	
OG21543	(SLYcer02g05834.1[&&NHX:species=Tomato Cherry],(Sopen02g039030.2[&&NHX:species=S. Pennelli],Sopen02g039030.1[&&NHX:species=S. Pennelli])D,SPI02g04759.1[&&NHX:species=S. pimp],(PGSC0003DMP400035178[&&NHX:species=Potato],PGSC0003DMP400035179[&&NHX:species=Potato])D,Solyc02g094380.3.1[&&NHX:species=Tomato],Capang02g003394[&&NHX:species=Wild pepper],Capana02g003676[&&NHX:species=Dom. pepper])S;	0	0	0	
OG21630	(Capana00g003666[&&NHX:species=Dom. pepper],SPI07g00303.1[&&NHX:species=S. pimp],SLYcer07g00234.1[&&NHX:species=Tomato Cherry],Capang00g003140[&&NHX:species=Wild pepper],((PGSC0003DMP400019714[&&NHX:species=Potato],PGSC0003DMP400019715[&&NHX:species=Potato])D,PGSC0003DMP400019713[&&NHX:species=Potato])D,Sopen07g002220.1[&&NHX:species=S. Pennelli],Solyc07g006110.4.1[&&NHX:species=Tomato])S;	1	1	0	
OG21647	((Solyc04g079690.3.1[&&NHX:species=Tomato],Capana04g000460[&&NHX:species=Dom. pepper],Capang04g000429[&&NHX:species=Wild pepper],(PGSC0003DMP400005989[&&NHX:species=Potato],PGSC0003DMP400005992[&&NHX:species=Potato])D,SLYcer04g05564.1[&&NHX:species=Tomato Cherry],Sopen04g033240.1[&&NHX:species=S. Pennelli],SPI04g05060.1[&&NHX:species=S. pimp])S,PGSC0003DMP400005991[&&NHX:species=Potato])D;	0	0	0	
OG21664	((((PGSC0003DMP400016490[&&NHX:species=Potato],PGSC0003DMP400016491[&&NHX:species=Potato])D,Sopen00g007060.1[&&NHX:species=S. Pennelli])S,PGSC0003DMP400016489[&&NHX:species=Potato])D,Capang04g000802[&&NHX:species=Wild pepper],SPI04g04747.1[&&NHX:species=S. pimp],SLYcer04g05257.1[&&NHX:species=Tomato Cherry])S;	0	0	19	Capana00g001776,Solyc04g076480.3.1
OG21842	((PGSC0003DMP400013855[&&NHX:species=Potato],PGSC0003DMP400013853[&&NHX:species=Potato])D,(PGSC0003DMP400013854[&&NHX:species=Potato],Capana09g000643[&&NHX:species=Dom. pepper],SPI12g00680.1[&&NHX:species=S. pimp],Solyc12g010740.3.1[&&NHX:species=Tomato],Sopen12g005260.1[&&NHX:species=S. Pennelli],Capang09g000587[&&NHX:species=Wild pepper],SLYcer12g00652.1[&&NHX:species=Tomato Cherry])S)D;	1	1	0	
OG21884	((SLYcer10g05872.1[&&NHX:species=Tomato Cherry],PGSC0003DMP400014755[&&NHX:species=Potato],Capana10g001552[&&NHX:species=Dom. pepper],Solyc10g085670.2.1[&&NHX:species=Tomato],Capang10g001324[&&NHX:species=Wild pepper],SPI10g04409.1[&&NHX:species=S. pimp],Sopen10g035090.1[&&NHX:species=S. Pennelli])S,(PGSC0003DMP400014754[&&NHX:species=Potato],PGSC0003DMP400014753[&&NHX:species=Potato])D)D;	1	1	0	
OG21927	(((SLYcer03g02258.1[&&NHX:species=Tomato Cherry],PGSC0003DMP400045696[&&NHX:species=Potato],SPI03g02386.1[&&NHX:species=S. pimp],Solyc03g059070.4.1[&&NHX:species=Tomato])S,((PGSC0003DMP400045698[&&NHX:species=Potato],PGSC0003DMP400045697[&&NHX:species=Potato])D,Sopen03g013210.1[&&NHX:species=S. Pennelli])S)D,Capana03g003101[&&NHX:species=Dom. pepper],Capang03g002988[&&NHX:species=Wild pepper])S;	0	0	0	
OG21961	((((PGSC0003DMP400037414[&&NHX:species=Potato],Solyc06g034150.4.1[&&NHX:species=Tomato],Sopen06g010810.1[&&NHX:species=S. Pennelli])S,PGSC0003DMP400037415[&&NHX:species=Potato])D,SLYcer06g02758.1[&&NHX:species=Tomato Cherry],SPI06g02936.1[&&NHX:species=S. pimp])S,PGSC0003DMP400037416[&&NHX:species=Potato])D;	0	0	16	Capang06g002235,Capana06g002418
OG22005	(SPI09g01386.1[&&NHX:species=S. pimp],PGSC0003DMP400052063[&&NHX:species=Potato],(Capana09g000825[&&NHX:species=Dom. pepper],Capana00g004066[&&NHX:species=Dom. pepper])D,SLYcer09g01522.1[&&NHX:species=Tomato Cherry],(Capang06g001761[&&NHX:species=Wild pepper],Capang09g000751[&&NHX:species=Wild pepper])D,Solyc09g015830.3.1[&&NHX:species=Tomato],Sopen09g009970.1[&&NHX:species=S. Pennelli])S;	0	0	0	
OG22008	((PGSC0003DMP400017794[&&NHX:species=Potato],(PGSC0003DMP400017792[&&NHX:species=Potato],PGSC0003DMP400017793[&&NHX:species=Potato])D)D,SPI02g04289.1[&&NHX:species=S. pimp],Sopen02g034280.1[&&NHX:species=S. Pennelli],Solyc02g089550.3.1[&&NHX:species=Tomato],SLYcer02g05366.1[&&NHX:species=Tomato Cherry])S;	0	0	24	Capana02g003197,Capang02g002933
OG22011	((Solyc03g063650.1.1[&&NHX:species=Tomato],SPI03g02765.1[&&NHX:species=S. pimp],(PGSC0003DMP400046552[&&NHX:species=Potato],PGSC0003DMP400046553[&&NHX:species=Potato])D,Sopen03g016360.1[&&NHX:species=S. Pennelli],Capang03g002494[&&NHX:species=Wild pepper],Capana03g002593[&&NHX:species=Dom. pepper],SLYcer03g02621.1[&&NHX:species=Tomato Cherry])S,PGSC0003DMP400046551[&&NHX:species=Potato])D;	0	0	0	
OG22055	((Solyc06g063070.3.1[&&NHX:species=Tomato],PGSC0003DMP400008715[&&NHX:species=Potato],SPI06g03957.1[&&NHX:species=S. pimp],Sopen06g022520.1[&&NHX:species=S. Pennelli],SLYcer06g04091.1[&&NHX:species=Tomato Cherry],Capang06g001122[&&NHX:species=Wild pepper],Capana06g001166[&&NHX:species=Dom. pepper])S,(Capana02g002706[&&NHX:species=Dom. pepper],Capang02g002431[&&NHX:species=Wild pepper])S)D;	0	0	0	
OG22260	((SPI08g06100.1[&&NHX:species=S. pimp],Capang01g000412[&&NHX:species=Wild pepper],SLYcer08g06203.1[&&NHX:species=Tomato Cherry],Solyc08g079750.3.1[&&NHX:species=Tomato],PGSC0003DMP400006974[&&NHX:species=Potato],Sopen08g028110.1[&&NHX:species=S. Pennelli],Capana01g000451[&&NHX:species=Dom. pepper])S,(SLYcer03g05260.1[&&NHX:species=Tomato Cherry],Solyc03g120450.4.1[&&NHX:species=Tomato],Sopen03g039330.1[&&NHX:species=S. Pennelli])S)D;	0	0	0	
OG22543	((((PGSC0003DMP400030212[&&NHX:species=Potato],(PGSC0003DMP400030213[&&NHX:species=Potato],SPI07g05838.1[&&NHX:species=S. pimp],SLYcer07g05099.1[&&NHX:species=Tomato Cherry],Solyc07g055870.4.1[&&NHX:species=Tomato],Sopen07g029240.1[&&NHX:species=S. Pennelli])S)D,PGSC0003DMP400030214[&&NHX:species=Potato])D,Capana07g001924[&&NHX:species=Dom. pepper],Capang07g001915[&&NHX:species=Wild pepper])S,PGSC0003DMP400030211[&&NHX:species=Potato])D;	1	1	0	
OG22630	((Capana01g003353[&&NHX:species=Dom. pepper],Capang08g000301[&&NHX:species=Wild pepper],PGSC0003DMP400002992[&&NHX:species=Potato])S,(Solyc01g080880.4.1[&&NHX:species=Tomato],Sopen01g032470.1[&&NHX:species=S. Pennelli],Capang08g000304[&&NHX:species=Wild pepper],Capana01g003356[&&NHX:species=Dom. pepper],SLYcer01g06256.1[&&NHX:species=Tomato Cherry],SPI01g06539.1[&&NHX:species=S. pimp],PGSC0003DMP400002993[&&NHX:species=Potato])S)D;	0	0	0	
OG22660	(Solyc03g044160.3.1[&&NHX:species=Tomato],SPI03g01314.1[&&NHX:species=S. pimp],SLYcer03g01107.1[&&NHX:species=Tomato Cherry],((Capang06g001182[&&NHX:species=Wild pepper],Capana06g001228[&&NHX:species=Dom. pepper])S,(Capang03g000307[&&NHX:species=Wild pepper],Capana03g000332[&&NHX:species=Dom. pepper])S)D)S;	0	0	46	Sopen03g008110.1,PGSC0003DMP400026187,PGSC0003DMP400026188
OG22693	((Capang12g000212[&&NHX:species=Wild pepper],(Capana03g004196[&&NHX:species=Dom. pepper],Capang03g004025[&&NHX:species=Wild pepper])S)D,(((Sopen12g033560.1[&&NHX:species=S. Pennelli],PGSC0003DMP400008120[&&NHX:species=Potato],Solyc12g098820.2.1[&&NHX:species=Tomato])S,PGSC0003DMP400008121[&&NHX:species=Potato])D,Capana12g000241[&&NHX:species=Dom. pepper],SLYcer12g05066.1[&&NHX:species=Tomato Cherry])S)D;	0	0	4	SPI12g05024.1
OG22719	((Capang00g003170[&&NHX:species=Wild pepper],PGSC0003DMP400047772[&&NHX:species=Potato],Sopen07g002560.1[&&NHX:species=S. Pennelli],SPI07g00348.1[&&NHX:species=S. pimp],Solyc07g006480.4.1[&&NHX:species=Tomato])S,(((PGSC0003DMP400047771[&&NHX:species=Potato],PGSC0003DMP400047770[&&NHX:species=Potato])D,(Capana07g000089[&&NHX:species=Dom. pepper],Capana07g001036[&&NHX:species=Dom. pepper])D)S,Capana07g001034[&&NHX:species=Dom. pepper])D)D;	0	0	0	
OG22779	(((((PGSC0003DMP400007370[&&NHX:species=Potato],SPI10g02714.1[&&NHX:species=S. pimp],SLYcer10g04206.1[&&NHX:species=Tomato Cherry])S,((SPI10g02569.1[&&NHX:species=S. pimp],SLYcer10g04205.1[&&NHX:species=Tomato Cherry])S,(SPI10g02721.1[&&NHX:species=S. pimp],SLYcer10g04213.1[&&NHX:species=Tomato Cherry])S)D)D,(SLYcer10g04423.1[&&NHX:species=Tomato Cherry],Solyc10g006680.2.1[&&NHX:species=Tomato])S)D,SLYcer10g04473.1[&&NHX:species=Tomato Cherry])D,SLYcer10g04438.1[&&NHX:species=Tomato Cherry])D;	2	2	0	
OG22797	((Solyc09g005540.3.1[&&NHX:species=Tomato],(Sopen09g001380.1[&&NHX:species=S. Pennelli],Sopen09g001380.2[&&NHX:species=S. Pennelli])D,SPI09g00164.1[&&NHX:species=S. pimp])S,(Capana09g002180[&&NHX:species=Dom. pepper],PGSC0003DMP400037346[&&NHX:species=Potato],Capang09g001694[&&NHX:species=Wild pepper],Sopen09g002710.1[&&NHX:species=S. Pennelli],Solyc09g007870.3.1[&&NHX:species=Tomato],SLYcer09g00381.1[&&NHX:species=Tomato Cherry],SPI09g00289.1[&&NHX:species=S. pimp])S)D;	0	0	0	
OG22875	((Sopen01g006790.1[&&NHX:species=S. Pennelli],SPI01g01052.1[&&NHX:species=S. pimp],Solyc01g010950.3.1[&&NHX:species=Tomato])S,((Capana07g001488[&&NHX:species=Dom. pepper],PGSC0003DMP400049296[&&NHX:species=Potato],SPI05g00983.1[&&NHX:species=S. pimp],SLYcer05g00925.1[&&NHX:species=Tomato Cherry],Sopen05g007840.1[&&NHX:species=S. Pennelli],Capang00g003416[&&NHX:species=Wild pepper],Solyc05g013070.3.1[&&NHX:species=Tomato])S,Capana01g002129[&&NHX:species=Dom. pepper])D)D;	0	0	0	
OG23011	((SPI02g03671.1[&&NHX:species=S. pimp],(Sopen02g028450.2[&&NHX:species=S. Pennelli],Sopen02g028450.1[&&NHX:species=S. Pennelli])D,Capang02g002299[&&NHX:species=Wild pepper],(PGSC0003DMP400006388[&&NHX:species=Potato],PGSC0003DMP400006387[&&NHX:species=Potato])D,SLYcer02g04759.1[&&NHX:species=Tomato Cherry],Capana02g002561[&&NHX:species=Dom. pepper])S,((PGSC0003DMP400006390[&&NHX:species=Potato],PGSC0003DMP400006389[&&NHX:species=Potato])D,Solyc02g083670.4.1[&&NHX:species=Tomato])S)D;	0	0	0	
OG23019	((Capana11g002292[&&NHX:species=Dom. pepper],Capang11g002182[&&NHX:species=Wild pepper],((PGSC0003DMP400025614[&&NHX:species=Potato],PGSC0003DMP400025615[&&NHX:species=Potato])D,PGSC0003DMP400025613[&&NHX:species=Potato])D,Sopen05g005260.1[&&NHX:species=S. Pennelli])S,(Sopen04g002250.1[&&NHX:species=S. Pennelli],SPI04g00291.1[&&NHX:species=S. pimp],Solyc04g007170.3.1[&&NHX:species=Tomato],PGSC0003DMP400027835[&&NHX:species=Potato],SLYcer04g00313.1[&&NHX:species=Tomato Cherry])S)D;	1	1	0	
OG23142	(((PGSC0003DMP400046905[&&NHX:species=Potato],(PGSC0003DMP400046906[&&NHX:species=Potato],SPI06g04743.1[&&NHX:species=S. pimp],Solyc06g073280.3.1[&&NHX:species=Tomato],Sopen06g029640.1[&&NHX:species=S. Pennelli],SLYcer06g04885.1[&&NHX:species=Tomato Cherry])S)D,Capang06g000678[&&NHX:species=Wild pepper])S,((Capana12g001361[&&NHX:species=Dom. pepper],Capang12g001153[&&NHX:species=Wild pepper])S,Capana09g001964[&&NHX:species=Dom. pepper])D)D;	0	0	6	Capana06g000726
OG23145	(((Capang12g000099[&&NHX:species=Wild pepper],Capana12g000126[&&NHX:species=Dom. pepper])S,(SPI12g05125.1[&&NHX:species=S. pimp],Solyc12g099720.2.1[&&NHX:species=Tomato],Capang12g000101[&&NHX:species=Wild pepper],SLYcer12g05175.1[&&NHX:species=Tomato Cherry],PGSC0003DMP400008213[&&NHX:species=Potato],Sopen12g034360.1[&&NHX:species=S. Pennelli],Capana12g000128[&&NHX:species=Dom. pepper])S)D,(Capang01g004171[&&NHX:species=Wild pepper],Capana08g001602[&&NHX:species=Dom. pepper])S)D;	1	1	0	
OG23237	((Solyc05g052410.3.1[&&NHX:species=Tomato],Capana05g002063[&&NHX:species=Dom. pepper],SPI05g04547.1[&&NHX:species=S. pimp],Capang05g001637[&&NHX:species=Wild pepper],SLYcer10g02425.1[&&NHX:species=Tomato Cherry],PGSC0003DMP400047100[&&NHX:species=Potato],Sopen05g030960.1[&&NHX:species=S. Pennelli])S,(Sopen06g016040.1[&&NHX:species=S. Pennelli],PGSC0003DMP400041406[&&NHX:species=Potato],SLYcer06g03355.1[&&NHX:species=Tomato Cherry],Solyc06g050520.3.1[&&NHX:species=Tomato],SPI06g03276.1[&&NHX:species=S. pimp])S)D;	0	0	0	
OG23254	((PGSC0003DMP400053337[&&NHX:species=Potato],(Sopen02g036420.1[&&NHX:species=S. Pennelli],Capana02g002914[&&NHX:species=Dom. pepper],PGSC0003DMP400053338[&&NHX:species=Potato],SPI02g04496.1[&&NHX:species=S. pimp],SLYcer02g05580.1[&&NHX:species=Tomato Cherry],Solyc02g091840.3.1[&&NHX:species=Tomato])S)D,(PGSC0003DMP400029173[&&NHX:species=Potato],SLYcer03g01038.1[&&NHX:species=Tomato Cherry],SPI03g01237.1[&&NHX:species=S. pimp],Sopen03g007630.1[&&NHX:species=S. Pennelli],Solyc03g043770.4.1[&&NHX:species=Tomato])S)D;	0	0	0	
OG23261	((Capana08g000820[&&NHX:species=Dom. pepper],Sopen08g022180.1[&&NHX:species=S. Pennelli],Capang01g003422[&&NHX:species=Wild pepper],SLYcer08g05258.1[&&NHX:species=Tomato Cherry],Solyc08g068330.3.1[&&NHX:species=Tomato],PGSC0003DMP400019158[&&NHX:species=Potato],SPI08g05150.1[&&NHX:species=S. pimp])S,(PGSC0003DMP400027394[&&NHX:species=Potato],SPI07g03805.1[&&NHX:species=S. pimp],Solyc07g032740.4.1[&&NHX:species=Tomato],SLYcer07g03096.1[&&NHX:species=Tomato Cherry],Sopen07g016910.1[&&NHX:species=S. Pennelli])S)D;	0	0	0	
OG23292	(((SLYcer03g03807.1[&&NHX:species=Tomato Cherry],SLYcer03g03808.1[&&NHX:species=Tomato Cherry])D,(Sopen03g026050.1[&&NHX:species=S. Pennelli],Sopen03g026060.1[&&NHX:species=S. Pennelli])D,(SPI03g03869.1[&&NHX:species=S. pimp],SPI03g03868.1[&&NHX:species=S. pimp])D,(Solyc03g095973.1.1[&&NHX:species=Tomato],Solyc03g095977.1.1[&&NHX:species=Tomato])D,(PGSC0003DMP400063987[&&NHX:species=Potato],PGSC0003DMP400056843[&&NHX:species=Potato])D)S,Capana03g002643[&&NHX:species=Dom. pepper],Capang03g002503[&&NHX:species=Wild pepper])S;	0	0	0	
OG23374	((SPI06g03099.1[&&NHX:species=S. pimp],PGSC0003DMP400047976[&&NHX:species=Potato],Capana06g002326[&&NHX:species=Dom. pepper],Capang06g002164[&&NHX:species=Wild pepper],Sopen06g014810.1[&&NHX:species=S. Pennelli],SLYcer06g03196.1[&&NHX:species=Tomato Cherry],Solyc06g048620.3.1[&&NHX:species=Tomato])S,(Sopen06g015280.1[&&NHX:species=S. Pennelli],Solyc06g048950.3.1[&&NHX:species=Tomato],PGSC0003DMP400029129[&&NHX:species=Potato],SLYcer06g03258.1[&&NHX:species=Tomato Cherry],Capana06g002219[&&NHX:species=Dom. pepper])S)D;	0	0	0	
OG23380	((Solyc08g066020.3.1[&&NHX:species=Tomato],Sopen08g019680.1[&&NHX:species=S. Pennelli],Capang01g002952[&&NHX:species=Wild pepper],SPI08g04887.1[&&NHX:species=S. pimp],Capana08g000243[&&NHX:species=Dom. pepper])S,(Solyc11g019950.2.1[&&NHX:species=Tomato],Sopen11g010060.1[&&NHX:species=S. Pennelli],SLYcer11g01199.1[&&NHX:species=Tomato Cherry],Capana04g001994[&&NHX:species=Dom. pepper],PGSC0003DMP400048015[&&NHX:species=Potato],SPI11g01332.1[&&NHX:species=S. pimp],Capang04g001809[&&NHX:species=Wild pepper])S)D;	0	0	0	
OG23383	(((SPI11g01178.1[&&NHX:species=S. pimp],SLYcer11g01049.1[&&NHX:species=Tomato Cherry],Solyc11g017270.2.1[&&NHX:species=Tomato],PGSC0003DMP400016299[&&NHX:species=Potato],Sopen11g009160.1[&&NHX:species=S. Pennelli])S,(PGSC0003DMP400016298[&&NHX:species=Potato],Capana04g001611[&&NHX:species=Dom. pepper])S)D,((SPI11g01179.1[&&NHX:species=S. pimp],SLYcer11g01050.1[&&NHX:species=Tomato Cherry],Capang04g001477[&&NHX:species=Wild pepper],Solyc11g017280.2.1[&&NHX:species=Tomato])S,Capang04g001475[&&NHX:species=Wild pepper])D)D;	0	0	0	
OG23394	((PGSC0003DMP400003319[&&NHX:species=Potato],Capana01g000795[&&NHX:species=Dom. pepper],SPI08g05866.1[&&NHX:species=S. pimp],SLYcer08g05977.1[&&NHX:species=Tomato Cherry],Sopen08g026130.1[&&NHX:species=S. Pennelli],Capang01g000717[&&NHX:species=Wild pepper],Solyc08g077560.4.1[&&NHX:species=Tomato])S,((PGSC0003DMP400003318[&&NHX:species=Potato],PGSC0003DMP400003316[&&NHX:species=Potato])D,SPI08g05875.1[&&NHX:species=S. pimp],Capang01g000718[&&NHX:species=Wild pepper],Solyc08g077630.3.1[&&NHX:species=Tomato])S)D;	0	0	0	
OG23421	((Solyc02g014040.1.1[&&NHX:species=Tomato],SPI02g00388.1[&&NHX:species=S. pimp])S,(Capana08g002837[&&NHX:species=Dom. pepper],PGSC0003DMP400025860[&&NHX:species=Potato])S,((Sopen01g054270.1[&&NHX:species=S. Pennelli],Capana08g002836[&&NHX:species=Dom. pepper],Capang01g005430[&&NHX:species=Wild pepper],SPI01g08828.1[&&NHX:species=S. pimp],PGSC0003DMP400025861[&&NHX:species=Potato],SLYcer01g08597.1[&&NHX:species=Tomato Cherry],Solyc01g112220.4.1[&&NHX:species=Tomato])S,Capana08g002299[&&NHX:species=Dom. pepper])D)D;	1	0	0	
OG23449	((Capana09g001297[&&NHX:species=Dom. pepper],Capang00g000687[&&NHX:species=Wild pepper])S,((SLYcer10g05080.1[&&NHX:species=Tomato Cherry],SPI10g03564.1[&&NHX:species=S. pimp],PGSC0003DMP400027844[&&NHX:species=Potato])S,(SLYcer10g05079.1[&&NHX:species=Tomato Cherry],Capang10g001088[&&NHX:species=Wild pepper],Solyc10g076370.3.1[&&NHX:species=Tomato],SPI10g03563.1[&&NHX:species=S. pimp],PGSC0003DMP400027845[&&NHX:species=Potato],Sopen10g028020.1[&&NHX:species=S. Pennelli],Capana00g004634[&&NHX:species=Dom. pepper])S)D)D;	1	1	0	
OG23461	(((Solyc11g071630.1.1[&&NHX:species=Tomato],Sopen11g029300.1[&&NHX:species=S. Pennelli],SLYcer11g04062.1[&&NHX:species=Tomato Cherry],Capana11g000429[&&NHX:species=Dom. pepper],(PGSC0003DMP400061226[&&NHX:species=Potato],PGSC0003DMP400057706[&&NHX:species=Potato])D,Capang11g000414[&&NHX:species=Wild pepper],SPI11g04129.1[&&NHX:species=S. pimp])S,Capang11g000413[&&NHX:species=Wild pepper])D,(SLYcer12g03612.1[&&NHX:species=Tomato Cherry],PGSC0003DMP400068152[&&NHX:species=Potato],SPI12g03613.1[&&NHX:species=S. pimp])S)D;	0	0	0	
OG23628	((Sopen10g032420.1[&&NHX:species=S. Pennelli],SLYcer10g05579.1[&&NHX:species=Tomato Cherry],SPI10g04083.1[&&NHX:species=S. pimp],Capana10g002073[&&NHX:species=Dom. pepper],PGSC0003DMP400048901[&&NHX:species=Potato],Capang10g001832[&&NHX:species=Wild pepper],Solyc10g081910.2.1[&&NHX:species=Tomato])S,(Solyc01g007130.3.1[&&NHX:species=Tomato],PGSC0003DMP400037016[&&NHX:species=Potato],Sopen01g003110.1[&&NHX:species=S. Pennelli],SLYcer01g00395.1[&&NHX:species=Tomato Cherry],SPI01g00420.1[&&NHX:species=S. pimp],Capang08g000568[&&NHX:species=Wild pepper])S)D;	0	0	0	
OG23661	((Solyc06g050560.3.1[&&NHX:species=Tomato],PGSC0003DMP400041409[&&NHX:species=Potato],SLYcer06g03359.1[&&NHX:species=Tomato Cherry],Capana06g002144[&&NHX:species=Dom. pepper],Sopen06g016080.1[&&NHX:species=S. Pennelli],Capang06g001969[&&NHX:species=Wild pepper],SPI06g03280.1[&&NHX:species=S. pimp])S,(Solyc05g052350.3.1[&&NHX:species=Tomato],Sopen05g030910.1[&&NHX:species=S. Pennelli],PGSC0003DMP400047095[&&NHX:species=Potato],Capana05g002036[&&NHX:species=Dom. pepper],SLYcer10g02429.1[&&NHX:species=Tomato Cherry],SPI05g04543.1[&&NHX:species=S. pimp])S)D;	0	0	0	
OG23684	(((SLYcer03g04768.1[&&NHX:species=Tomato Cherry],Capang03g000744[&&NHX:species=Wild pepper],Capana03g000812[&&NHX:species=Dom. pepper],Solyc03g115770.3.1[&&NHX:species=Tomato],SPI03g04824.1[&&NHX:species=S. pimp],Sopen03g034750.1[&&NHX:species=S. Pennelli],PGSC0003DMP400033921[&&NHX:species=Potato])S,PGSC0003DMP400033920[&&NHX:species=Potato])D,(Sopen06g026990.3[&&NHX:species=S. Pennelli],Solyc06g069690.4.1[&&NHX:species=Tomato],SPI06g04476.1[&&NHX:species=S. pimp],PGSC0003DMP400055804[&&NHX:species=Potato],SLYcer06g04617.1[&&NHX:species=Tomato Cherry])S)D;	0	0	0	
OG23702	((Capang09g001847[&&NHX:species=Wild pepper],SLYcer09g00500.1[&&NHX:species=Tomato Cherry],Solyc09g009090.3.1[&&NHX:species=Tomato],SPI09g00417.1[&&NHX:species=S. pimp],Sopen09g003790.1[&&NHX:species=S. Pennelli],Capana09g002342[&&NHX:species=Dom. pepper],PGSC0003DMP400014713[&&NHX:species=Potato])S,(SLYcer10g05862.1[&&NHX:species=Tomato Cherry],Sopen10g034980.1[&&NHX:species=S. Pennelli],Capana10g001576[&&NHX:species=Dom. pepper],Solyc10g085570.3.1[&&NHX:species=Tomato],Capang10g001347[&&NHX:species=Wild pepper],SPI10g04398.1[&&NHX:species=S. pimp])S)D;	0	0	0	
OG23816	(((Capang00g001028[&&NHX:species=Wild pepper],Capana00g004307[&&NHX:species=Dom. pepper])S,(SPI11g02526.1[&&NHX:species=S. pimp],Capang00g001027[&&NHX:species=Wild pepper],Capana00g004308[&&NHX:species=Dom. pepper],Solyc11g045680.3.1[&&NHX:species=Tomato],SLYcer04g04043.1[&&NHX:species=Tomato Cherry])S)D,(SPI11g02524.1[&&NHX:species=S. pimp],SLYcer04g04044.1[&&NHX:species=Tomato Cherry],Solyc11g045690.3.1[&&NHX:species=Tomato])S)D;	0	0	100	Sopen11g017570.1,PGSC0003DMP400003904,PGSC0003DMP400003911
OG23829	(PGSC0003DMP400019434[&&NHX:species=Potato],((SPI05g04713.1[&&NHX:species=S. pimp],Solyc05g053930.4.1[&&NHX:species=Tomato],SLYcer10g02246.1[&&NHX:species=Tomato Cherry])S,((PGSC0003DMP400019435[&&NHX:species=Potato],PGSC0003DMP400019436[&&NHX:species=Potato])D,(PGSC0003DMP400019437[&&NHX:species=Potato],Capana10g001703[&&NHX:species=Dom. pepper],SPI10g04319.1[&&NHX:species=S. pimp],Sopen10g034220.1[&&NHX:species=S. Pennelli],Capang10g001448[&&NHX:species=Wild pepper],SLYcer10g05785.1[&&NHX:species=Tomato Cherry],Solyc10g084770.3.1[&&NHX:species=Tomato])S)D)D)D;	1	1	0	
OG23863	((SLYcer01g05855.1[&&NHX:species=Tomato Cherry],Capang11g000822[&&NHX:species=Wild pepper],Solyc01g067510.3.1[&&NHX:species=Tomato],Sopen01g029440.1[&&NHX:species=S. Pennelli],Capana01g003144[&&NHX:species=Dom. pepper],SPI01g06035.1[&&NHX:species=S. pimp])S,(Capana02g003685[&&NHX:species=Dom. pepper],Capang02g003408[&&NHX:species=Wild pepper],Solyc02g094570.3.1[&&NHX:species=Tomato],Sopen02g039230.1[&&NHX:species=S. Pennelli],SLYcer02g05854.1[&&NHX:species=Tomato Cherry])S)D;	0	0	80	PGSC0003DMP400039290,PGSC0003DMP400039291
OG23882	(((Sopen04g004470.1[&&NHX:species=S. Pennelli],Capang00g003325[&&NHX:species=Wild pepper],Capana00g004292[&&NHX:species=Dom. pepper],Solyc04g009350.3.1[&&NHX:species=Tomato],SPI04g00536.1[&&NHX:species=S. pimp],SLYcer04g00560.1[&&NHX:species=Tomato Cherry])S,(Sopen04g004470.2[&&NHX:species=S. Pennelli],(PGSC0003DMP400055584[&&NHX:species=Potato],PGSC0003DMP400055583[&&NHX:species=Potato],PGSC0003DMP400055582[&&NHX:species=Potato])D)S)D,((Sopen11g017200.1[&&NHX:species=S. Pennelli],Sopen11g017200.2[&&NHX:species=S. Pennelli])D,PGSC0003DMP400055585[&&NHX:species=Potato])S)D;	2	1	0	
OG23891	((Capana03g000056[&&NHX:species=Dom. pepper],Solyc03g123740.4.1[&&NHX:species=Tomato],Capang03g000053[&&NHX:species=Wild pepper],PGSC0003DMP400016185[&&NHX:species=Potato],SLYcer03g05503.1[&&NHX:species=Tomato Cherry],Sopen03g041510.1[&&NHX:species=S. Pennelli],SPI03g05530.1[&&NHX:species=S. pimp])S,((Solyc02g081070.4.1[&&NHX:species=Tomato],Capang02g002022[&&NHX:species=Wild pepper],PGSC0003DMP400029217[&&NHX:species=Potato],Capana02g002254[&&NHX:species=Dom. pepper],Sopen02g025740.1[&&NHX:species=S. Pennelli])S,PGSC0003DMP400029218[&&NHX:species=Potato])D)D;	0	0	0	
OG23957	(Capana02g000518[&&NHX:species=Dom. pepper],((((PGSC0003DMP400016094[&&NHX:species=Potato],(PGSC0003DMP400016098[&&NHX:species=Potato],PGSC0003DMP400016096[&&NHX:species=Potato])D[&&NHX:length=-0.0])D,PGSC0003DMP400016095[&&NHX:species=Potato])D,(PGSC0003DMP400016093[&&NHX:species=Potato],PGSC0003DMP400016097[&&NHX:species=Potato])D)D,Sopen03g041270.1[&&NHX:species=S. Pennelli],Capana03g000085[&&NHX:species=Dom. pepper],SPI03g05509.1[&&NHX:species=S. pimp],Solyc03g123500.4.1[&&NHX:species=Tomato],Capang03g000081[&&NHX:species=Wild pepper],SLYcer03g05479.1[&&NHX:species=Tomato Cherry])S)D;	1	1	0	
OG23966	(((PGSC0003DMP400041566[&&NHX:species=Potato],Capang06g000020[&&NHX:species=Wild pepper],Capana06g000029[&&NHX:species=Dom. pepper])S,(PGSC0003DMP400041567[&&NHX:species=Potato],PGSC0003DMP400041565[&&NHX:length=-0.0:species=Potato])D)D,((Solyc11g013170.2.1[&&NHX:species=Tomato],Capana04g001943[&&NHX:species=Dom. pepper],PGSC0003DMP400050560[&&NHX:species=Potato],Capang04g001729[&&NHX:species=Wild pepper],Sopen11g008210.1[&&NHX:species=S. Pennelli],SPI11g01017.1[&&NHX:species=S. pimp],SLYcer11g00867.1[&&NHX:species=Tomato Cherry])S,PGSC0003DMP400069010[&&NHX:species=Potato])D)D;	1	1	0	
OG24036	(((PGSC0003DMP400063666[&&NHX:species=Potato],PGSC0003DMP400026836[&&NHX:species=Potato])D,SPI12g00825.1[&&NHX:species=S. pimp],Solyc12g013660.3.1[&&NHX:species=Tomato],SLYcer12g00780.1[&&NHX:species=Tomato Cherry],Sopen12g007010.1[&&NHX:species=S. Pennelli])S,(PGSC0003DMP400044345[&&NHX:species=Potato],(Sopen06g026100.2[&&NHX:species=S. Pennelli],Sopen06g026100.1[&&NHX:species=S. Pennelli])D,Solyc06g068830.2.1[&&NHX:species=Tomato],Capana06g001065[&&NHX:species=Dom. pepper],SPI06g04376.1[&&NHX:species=S. pimp],SLYcer06g04518.1[&&NHX:species=Tomato Cherry],Capang06g001014[&&NHX:species=Wild pepper])S)D;	0	0	0	
OG24039	((SPI10g03031.1[&&NHX:species=S. pimp],PGSC0003DMP400006076[&&NHX:species=Potato],Solyc10g054050.3.1[&&NHX:species=Tomato],Capang10g000711[&&NHX:species=Wild pepper],SLYcer10g04538.1[&&NHX:species=Tomato Cherry],Sopen10g023910.1[&&NHX:species=S. Pennelli])S,(Capang01g005106[&&NHX:species=Wild pepper],Solyc01g109950.4.1[&&NHX:species=Tomato],SLYcer01g08390.1[&&NHX:species=Tomato Cherry],Sopen01g052140.1[&&NHX:species=S. Pennelli],Capana08g002574[&&NHX:species=Dom. pepper],PGSC0003DMP400065940[&&NHX:species=Potato],(SPI01g08615.1[&&NHX:species=S. pimp],SPI01g08857.1[&&NHX:species=S. pimp])D)S)D;	0	0	0	
OG24062	((Sopen04g027740.1[&&NHX:species=S. Pennelli],PGSC0003DMP400011298[&&NHX:species=Potato],SLYcer04g04841.1[&&NHX:species=Tomato Cherry],Capang04g001206[&&NHX:species=Wild pepper],SPI04g04330.1[&&NHX:species=S. pimp],Solyc04g071770.3.1[&&NHX:species=Tomato],Capana04g001261[&&NHX:species=Dom. pepper])S,(SLYcer12g04509.1[&&NHX:species=Tomato Cherry],(((Sopen12g029210.1[&&NHX:species=S. Pennelli],Sopen12g029210.2[&&NHX:species=S. Pennelli])D,PGSC0003DMP400032785[&&NHX:species=Potato],Solyc12g056590.2.1[&&NHX:species=Tomato])S,PGSC0003DMP400032784[&&NHX:species=Potato])D,SPI12g04462.1[&&NHX:species=S. pimp])S)D;	0	0	0	
OG24157	((Capang11g001224[&&NHX:species=Wild pepper],Solyc05g013380.3.1[&&NHX:species=Tomato],Sopen05g008170.1[&&NHX:species=S. Pennelli],SLYcer05g00962.1[&&NHX:species=Tomato Cherry],SPI05g01022.1[&&NHX:species=S. pimp],Capana11g001221[&&NHX:species=Dom. pepper])S,(Capana08g000052[&&NHX:species=Dom. pepper],SPI01g00467.1[&&NHX:species=S. pimp],Capang08g000048[&&NHX:species=Wild pepper],Solyc01g007940.4.1[&&NHX:species=Tomato],Sopen01g003480.1[&&NHX:species=S. Pennelli],SLYcer01g00439.1[&&NHX:species=Tomato Cherry])S)D;	0	0	96	PGSC0003DMP400032447,PGSC0003DMP400032448
OG24190	(((Sopen02g017170.1[&&NHX:species=S. Pennelli],Solyc02g068060.3.1[&&NHX:species=Tomato],SLYcer02g03590.1[&&NHX:species=Tomato Cherry],Capang02g000950[&&NHX:species=Wild pepper],PGSC0003DMP400012255[&&NHX:species=Potato],Capana02g001033[&&NHX:species=Dom. pepper],SPI02g02487.1[&&NHX:species=S. pimp])S,PGSC0003DMP400012254[&&NHX:species=Potato])D,(SPI02g04714.1[&&NHX:species=S. pimp],Solyc02g093970.4.1[&&NHX:species=Tomato],Capang02g003346[&&NHX:species=Wild pepper],SLYcer02g05792.1[&&NHX:species=Tomato Cherry],PGSC0003DMP400035216[&&NHX:species=Potato],Sopen02g038620.1[&&NHX:species=S. Pennelli])S)D;	0	0	0	
OG24389	(((PGSC0003DMP400032858[&&NHX:species=Potato],PGSC0003DMP400032857[&&NHX:species=Potato])D,Solyc03g093450.3.1[&&NHX:species=Tomato],SPI03g03590.1[&&NHX:species=S. pimp],SLYcer03g03515.1[&&NHX:species=Tomato Cherry],Capang03g002632[&&NHX:species=Wild pepper],Sopen03g024280.1[&&NHX:species=S. Pennelli],Capana03g002731[&&NHX:species=Dom. pepper])S,(SLYcer10g02533.1[&&NHX:species=Tomato Cherry],Solyc05g051610.3.1[&&NHX:species=Tomato],PGSC0003DMP400012796[&&NHX:species=Potato],Capang05g001498[&&NHX:species=Wild pepper],Capana05g001918[&&NHX:species=Dom. pepper],SPI05g04429.1[&&NHX:species=S. pimp])S)D;	0	0	0	
OG24392	((((Capang01g001622[&&NHX:species=Wild pepper],Capang00g000368[&&NHX:species=Wild pepper])D,SLYcer11g01118.1[&&NHX:species=Tomato Cherry],Sopen11g009480.1[&&NHX:species=S. Pennelli],Capana00g003933[&&NHX:species=Dom. pepper],Solyc11g018530.2.1[&&NHX:species=Tomato],SPI11g01248.1[&&NHX:species=S. pimp],PGSC0003DMP400016319[&&NHX:species=Potato])S,Capana04g001440[&&NHX:species=Dom. pepper])D,(SPI03g04942.1[&&NHX:species=S. pimp],Sopen03g035830.1[&&NHX:species=S. Pennelli],Capana03g000474[&&NHX:species=Dom. pepper],Solyc03g116900.3.1[&&NHX:species=Tomato],Capang03g000433[&&NHX:species=Wild pepper])S)D;	0	0	0	
OG24546	(((Capang00g001324[&&NHX:species=Wild pepper],SLYcer09g02168.1[&&NHX:species=Tomato Cherry],Solyc09g030450.3.1[&&NHX:species=Tomato],SPI09g02076.1[&&NHX:species=S. pimp],PGSC0003DMP400031290[&&NHX:species=Potato],Capana09g001041[&&NHX:species=Dom. pepper],Sopen09g013590.1[&&NHX:species=S. Pennelli])S,Capang07g002394[&&NHX:species=Wild pepper])D,((Capana07g002396[&&NHX:species=Dom. pepper],SLYcer09g01355.1[&&NHX:species=Tomato Cherry],Solyc09g015170.4.1[&&NHX:species=Tomato],PGSC0003DMP400023342[&&NHX:species=Potato],SPI09g01209.1[&&NHX:species=S. pimp],Sopen09g008450.2[&&NHX:species=S. Pennelli])S,Sopen09g008450.1[&&NHX:species=S. Pennelli])D)D;	0	0	0	
OG24613	(((SPI08g00526.1[&&NHX:species=S. pimp],PGSC0003DMP400010351[&&NHX:species=Potato],Capana01g004474[&&NHX:species=Dom. pepper],Capang08g001314[&&NHX:species=Wild pepper],SLYcer08g00552.1[&&NHX:species=Tomato Cherry])S,(PGSC0003DMP400010352[&&NHX:species=Potato],Sopen08g004160.1[&&NHX:species=S. Pennelli],Solyc08g008305.1.1[&&NHX:species=Tomato])S)D,(SPI08g06348.1[&&NHX:species=S. pimp],PGSC0003DMP400021478[&&NHX:species=Potato],SLYcer08g06437.1[&&NHX:species=Tomato Cherry],Capang00g001814[&&NHX:species=Wild pepper],Solyc08g082210.4.1[&&NHX:species=Tomato],Sopen08g030500.1[&&NHX:species=S. Pennelli],Capana00g003399[&&NHX:species=Dom. pepper])S)D;	0	0	0	
OG24666	((Solyc12g011330.4.1[&&NHX:species=Tomato],PGSC0003DMP400013825[&&NHX:species=Potato],Capang00g002321[&&NHX:species=Wild pepper],SPI12g00751.1[&&NHX:species=S. pimp],SLYcer12g00733.1[&&NHX:species=Tomato Cherry],Sopen12g006660.1[&&NHX:species=S. Pennelli],Capana00g004595[&&NHX:species=Dom. pepper])S,((PGSC0003DMP400048093[&&NHX:species=Potato],Capana00g003117[&&NHX:species=Dom. pepper],Capang07g002063[&&NHX:species=Wild pepper],SLYcer07g05170.1[&&NHX:species=Tomato Cherry],Sopen07g029930.1[&&NHX:species=S. Pennelli],SPI07g05912.1[&&NHX:species=S. pimp],Solyc07g056580.3.1[&&NHX:species=Tomato])S,PGSC0003DMP400048094[&&NHX:species=Potato])D)D;	0	0	0	
OG24681	((PGSC0003DMP400000417[&&NHX:species=Potato],SLYcer01g06986.1[&&NHX:species=Tomato Cherry],Capana08g000980[&&NHX:species=Dom. pepper],Solyc01g095080.3.1[&&NHX:species=Tomato],SPI01g07236.1[&&NHX:species=S. pimp],Capang01g003556[&&NHX:species=Wild pepper],Sopen01g038870.1[&&NHX:species=S. Pennelli])S,(Solyc05g050010.3.1[&&NHX:species=Tomato],Sopen05g028400.1[&&NHX:species=S. Pennelli],((Capang10g001493[&&NHX:species=Wild pepper],Capana10g001745[&&NHX:species=Dom. pepper])S,Capana10g001736[&&NHX:species=Dom. pepper])D,SPI05g04193.1[&&NHX:species=S. pimp],SLYcer10g02775.1[&&NHX:species=Tomato Cherry])S)D;	0	0	12	PGSC0003DMP400037537
OG24694	((Capang00g003505[&&NHX:species=Wild pepper],SLYcer08g06301.1[&&NHX:species=Tomato Cherry],(PGSC0003DMP400021614[&&NHX:species=Potato],PGSC0003DMP400021613[&&NHX:species=Potato])D,Capana00g002546[&&NHX:species=Dom. pepper],SPI08g06209.1[&&NHX:species=S. pimp],Sopen08g029130.1[&&NHX:species=S. Pennelli],Solyc08g080830.3.1[&&NHX:species=Tomato])S,(Solyc12g056300.3.1[&&NHX:species=Tomato],Sopen12g028850.1[&&NHX:species=S. Pennelli],SLYcer12g04471.1[&&NHX:species=Tomato Cherry],PGSC0003DMP400008858[&&NHX:species=Potato],Capana12g001180[&&NHX:species=Dom. pepper],Capang12g000989[&&NHX:species=Wild pepper],SPI12g04426.1[&&NHX:species=S. pimp])S)D;	0	0	0	
OG24746	(((Capana05g000373[&&NHX:species=Dom. pepper],Capang00g002996[&&NHX:species=Wild pepper],Sopen05g032870.1[&&NHX:species=S. Pennelli],PGSC0003DMP400040747[&&NHX:species=Potato],Solyc05g054390.4.1[&&NHX:species=Tomato],SPI05g04768.1[&&NHX:species=S. pimp])S,(PGSC0003DMP400040746[&&NHX:species=Potato],PGSC0003DMP400040745[&&NHX:species=Potato])D)D,(PGSC0003DMP400044406[&&NHX:species=Potato],Solyc01g065540.3.1[&&NHX:species=Tomato],SPI01g05656.1[&&NHX:species=S. pimp],Capana01g002340[&&NHX:species=Dom. pepper],Capang01g002019[&&NHX:species=Wild pepper],Sopen01g026880.1[&&NHX:species=S. Pennelli],SLYcer01g05504.1[&&NHX:species=Tomato Cherry])S)D;	1	1	0	
OG24899	((Solyc10g075040.3.1[&&NHX:species=Tomato],SPI10g03506.1[&&NHX:species=S. pimp],SLYcer10g05011.1[&&NHX:species=Tomato Cherry],Capana10g001266[&&NHX:species=Dom. pepper],Sopen10g027520.1[&&NHX:species=S. Pennelli],PGSC0003DMP400054432[&&NHX:species=Potato],Capang10g001067[&&NHX:species=Wild pepper])S,((Capang11g001195[&&NHX:species=Wild pepper],Capana09g000980[&&NHX:species=Dom. pepper],(Sopen09g015400.1[&&NHX:species=S. Pennelli],Sopen09g015400.2[&&NHX:species=S. Pennelli])D,SLYcer09g01902.1[&&NHX:species=Tomato Cherry],SPI09g01786.1[&&NHX:species=S. pimp],Solyc09g042260.3.1[&&NHX:species=Tomato],PGSC0003DMP400054770[&&NHX:species=Potato])S,PGSC0003DMP400054769[&&NHX:species=Potato])D)D;	0	0	0	
OG24945	((Capana10g002303[&&NHX:species=Dom. pepper],Capang10g002057[&&NHX:species=Wild pepper],PGSC0003DMP400051991[&&NHX:species=Potato])S,((SPI10g03821.1[&&NHX:species=S. pimp],Solyc10g079600.2.1[&&NHX:species=Tomato],PGSC0003DMP400051992[&&NHX:species=Potato],Sopen10g030240.1[&&NHX:species=S. Pennelli],SLYcer10g05331.1[&&NHX:species=Tomato Cherry])S,((PGSC0003DMP400052016[&&NHX:species=Potato],Capana10g002278[&&NHX:species=Dom. pepper],SLYcer10g05341.1[&&NHX:species=Tomato Cherry],SPI10g03830.1[&&NHX:species=S. pimp],Sopen10g030330.1[&&NHX:species=S. Pennelli],Solyc10g079700.2.1[&&NHX:species=Tomato],Capang10g002037[&&NHX:species=Wild pepper])S,PGSC0003DMP400005304[&&NHX:species=Potato])D)D)D;	1	1	0	
OG24948	(((PGSC0003DMP400018943[&&NHX:species=Potato],((PGSC0003DMP400018945[&&NHX:species=Potato],PGSC0003DMP400018942[&&NHX:species=Potato])D,PGSC0003DMP400018941[&&NHX:species=Potato])D)D,SLYcer07g03490.1[&&NHX:species=Tomato Cherry],Sopen07g020010.1[&&NHX:species=S. Pennelli],SPI07g04210.1[&&NHX:species=S. pimp],Solyc07g040940.3.1[&&NHX:species=Tomato])S,(Sopen12g003920.1[&&NHX:species=S. Pennelli],Capang09g000172[&&NHX:species=Wild pepper],Capana09g000176[&&NHX:species=Dom. pepper],SPI12g00471.1[&&NHX:species=S. pimp],Solyc12g008990.2.1[&&NHX:species=Tomato],PGSC0003DMP400018944[&&NHX:species=Potato],SLYcer12g00442.1[&&NHX:species=Tomato Cherry])S)D;	1	1	16	Capang07g000928
OG24965	((((PGSC0003DMP400006789[&&NHX:species=Potato],SLYcer09g04255.1[&&NHX:species=Tomato Cherry],Capana03g003475[&&NHX:species=Dom. pepper],Capang03g003415[&&NHX:species=Wild pepper],SPI09g04050.1[&&NHX:species=S. pimp],Sopen09g029070.1[&&NHX:species=S. Pennelli],Solyc09g074250.3.1[&&NHX:species=Tomato])S,PGSC0003DMP400006790[&&NHX:species=Potato])D,(Capang06g000036[&&NHX:species=Wild pepper],Capana06g000052[&&NHX:species=Dom. pepper])S)D,(Sopen01g042010.1[&&NHX:species=S. Pennelli],Capana08g001384[&&NHX:species=Dom. pepper],SLYcer01g07711.1[&&NHX:species=Tomato Cherry],PGSC0003DMP400006788[&&NHX:species=Potato],Solyc01g098440.3.1[&&NHX:species=Tomato],SPI01g07559.1[&&NHX:species=S. pimp])S)D;	1	1	0	
OG24968	(((PGSC0003DMP400023823[&&NHX:species=Potato],PGSC0003DMP400023822[&&NHX:species=Potato])D,(SPI03g00305.1[&&NHX:species=S. pimp],SLYcer03g00162.1[&&NHX:species=Tomato Cherry],Capana04g002768[&&NHX:species=Dom. pepper],Solyc03g005920.4.1[&&NHX:species=Tomato],Sopen03g001930.1[&&NHX:species=S. Pennelli],PGSC0003DMP400023824[&&NHX:species=Potato],Capang04g002375[&&NHX:species=Wild pepper])S)D,((SLYcer02g03976.1[&&NHX:species=Tomato Cherry],PGSC0003DMP400049487[&&NHX:species=Potato],Sopen02g020730.1[&&NHX:species=S. Pennelli],Solyc02g071740.3.1[&&NHX:species=Tomato],Capana02g001694[&&NHX:species=Dom. pepper],SPI02g02867.1[&&NHX:species=S. pimp])S,PGSC0003DMP400049486[&&NHX:species=Potato])D)D;	1	1	0	
OG24981	((Capana07g001814[&&NHX:species=Dom. pepper],SLYcer07g05046.1[&&NHX:species=Tomato Cherry],Solyc07g055210.3.1[&&NHX:species=Tomato],Sopen07g027020.1[&&NHX:species=S. Pennelli],SPI07g05780.1[&&NHX:species=S. pimp],PGSC0003DMP400035458[&&NHX:species=Potato],Capang07g001814[&&NHX:species=Wild pepper])S,((PGSC0003DMP400011812[&&NHX:species=Potato],SLYcer10g05033.1[&&NHX:species=Tomato Cherry],Capana10g001251[&&NHX:species=Dom. pepper],Capang10g001054[&&NHX:species=Wild pepper],SPI10g03523.1[&&NHX:species=S. pimp],Sopen10g027650.1[&&NHX:species=S. Pennelli])S,PGSC0003DMP400011811[&&NHX:species=Potato],(Solyc10g075170.3.1[&&NHX:species=Tomato],PGSC0003DMP400011810[&&NHX:species=Potato])S)D)D;	1	0	0	
OG25020	(((Sopen05g031740.1[&&NHX:species=S. Pennelli],(PGSC0003DMP400047284[&&NHX:species=Potato],PGSC0003DMP400047283[&&NHX:species=Potato])D,SPI05g04636.1[&&NHX:species=S. pimp],Solyc05g053230.3.1[&&NHX:species=Tomato],SLYcer10g02325.1[&&NHX:species=Tomato Cherry])S,((Sopen12g033720.1[&&NHX:species=S. Pennelli],SPI12g05051.1[&&NHX:species=S. pimp],PGSC0003DMP400008302[&&NHX:species=Potato],SLYcer12g05099.1[&&NHX:species=Tomato Cherry],Solyc12g098980.2.1[&&NHX:species=Tomato])S,PGSC0003DMP400008301[&&NHX:species=Potato])D)D,(Capang12g000167[&&NHX:species=Wild pepper],Capang05g001793[&&NHX:species=Wild pepper])D)S;	0	0	48	Capana12g000192,Capana05g002241
OG25125	(((SLYcer12g04572.1[&&NHX:species=Tomato Cherry],Solyc12g056980.1.1[&&NHX:species=Tomato],SPI12g04526.1[&&NHX:species=S. pimp],PGSC0003DMP400014999[&&NHX:species=Potato],Sopen00g003270.1[&&NHX:species=S. Pennelli])S,(SLYcer04g04998.1[&&NHX:species=Tomato Cherry],Solyc04g072900.1.1[&&NHX:species=Tomato],PGSC0003DMP400016762[&&NHX:species=Potato],Sopen04g029080.1[&&NHX:species=S. Pennelli],Capang04g001048[&&NHX:species=Wild pepper],Capana04g001107[&&NHX:species=Dom. pepper],SPI04g04479.1[&&NHX:species=S. pimp])S)D,(SPI04g03738.1[&&NHX:species=S. pimp],PGSC0003DMP400035842[&&NHX:species=Potato],Solyc04g054910.4.1[&&NHX:species=Tomato],SLYcer04g04012.1[&&NHX:species=Tomato Cherry],Sopen04g024720.1[&&NHX:species=S. Pennelli])S)D;	1	1	0	
OG25151	(((Sopen06g022540.1[&&NHX:species=S. Pennelli],Capana06g001160[&&NHX:species=Dom. pepper],PGSC0003DMP400008716[&&NHX:species=Potato],SPI06g03961.1[&&NHX:species=S. pimp],Solyc06g063090.4.1[&&NHX:species=Tomato],Capang06g001114[&&NHX:species=Wild pepper],SLYcer06g04095.1[&&NHX:species=Tomato Cherry])S,(Capang03g000066[&&NHX:species=Wild pepper],SPI03g05519.1[&&NHX:species=S. pimp],Capana03g000070[&&NHX:species=Dom. pepper],Solyc03g123610.4.1[&&NHX:species=Tomato],SLYcer03g05490.1[&&NHX:species=Tomato Cherry],Sopen03g041380.1[&&NHX:species=S. Pennelli])S)D,(Sopen03g041370.1[&&NHX:species=S. Pennelli],Capang03g000067[&&NHX:species=Wild pepper],Capana03g000071[&&NHX:species=Dom. pepper],Solyc03g123600.4.1[&&NHX:species=Tomato])S)D;	1	1	0	
OG25177	(((Sopen08g028780.1[&&NHX:species=S. Pennelli],Sopen08g028780.2[&&NHX:species=S. Pennelli])D,PGSC0003DMP400005454[&&NHX:species=Potato],Capang01g000288[&&NHX:species=Wild pepper],Capana01g000312[&&NHX:species=Dom. pepper],SPI08g06171.1[&&NHX:species=S. pimp],SLYcer08g06264.1[&&NHX:species=Tomato Cherry],Solyc08g080453.1.1[&&NHX:species=Tomato])S,((PGSC0003DMP400010238[&&NHX:species=Potato],PGSC0003DMP400010237[&&NHX:species=Potato])D,(PGSC0003DMP400010239[&&NHX:species=Potato],(Sopen08g003810.1[&&NHX:species=S. Pennelli],SPI08g00482.1[&&NHX:species=S. pimp],PGSC0003DMP400010240[&&NHX:species=Potato],Solyc08g007910.4.1[&&NHX:species=Tomato],Capang08g001276[&&NHX:species=Wild pepper])S)D)D)D;	1	1	9	SLYcer08g00509.1
OG25260	(((PGSC0003DMP400041533[&&NHX:species=Potato],SLYcer01g05296.1[&&NHX:species=Tomato Cherry])S,(SPI01g05450.1[&&NHX:species=S. pimp],Solyc01g059860.3.1[&&NHX:species=Tomato],(PGSC0003DMP400041534[&&NHX:species=Potato],PGSC0003DMP400041532[&&NHX:species=Potato])D,Capana00g003341[&&NHX:species=Dom. pepper],Capang00g000222[&&NHX:species=Wild pepper],Sopen01g025170.1[&&NHX:species=S. Pennelli])S)D,((SLYcer12g05126.1[&&NHX:species=Tomato Cherry],Sopen12g033930.1[&&NHX:species=S. Pennelli],Solyc12g099250.2.1[&&NHX:species=Tomato],Capana12g000172[&&NHX:species=Dom. pepper],Capang12g000142[&&NHX:species=Wild pepper],SPI12g05077.1[&&NHX:species=S. pimp],PGSC0003DMP400008315[&&NHX:species=Potato])S,PGSC0003DMP400008316[&&NHX:species=Potato])D)D;	1	1	0	
OG25292	(((Capang10g001185[&&NHX:species=Wild pepper],(Capang10g000929[&&NHX:species=Wild pepper],PGSC0003DMP400056315[&&NHX:species=Potato],Capana10g001103[&&NHX:species=Dom. pepper])S)D,(Capana08g002537[&&NHX:species=Dom. pepper],Solyc01g109650.3.1[&&NHX:species=Tomato],SPI01g08578.1[&&NHX:species=S. pimp],Sopen01g051840.1[&&NHX:species=S. Pennelli],PGSC0003DMP400001419[&&NHX:species=Potato],Capang01g005067[&&NHX:species=Wild pepper])S)D,(Capana00g000736[&&NHX:species=Dom. pepper],SLYcer12g04742.1[&&NHX:species=Tomato Cherry],SPI12g04705.1[&&NHX:species=S. pimp],Capang00g002295[&&NHX:species=Wild pepper],Sopen12g031030.1[&&NHX:species=S. Pennelli],PGSC0003DMP400027091[&&NHX:species=Potato],Solyc12g089160.3.1[&&NHX:species=Tomato])S)D;	0	0	0	
OG25340	((Solyc02g030210.4.1[&&NHX:species=Tomato],Sopen02g009530.1[&&NHX:species=S. Pennelli],Capana02g000259[&&NHX:species=Dom. pepper],SPI02g01331.1[&&NHX:species=S. pimp],SLYcer02g02430.1[&&NHX:species=Tomato Cherry])S,((Sopen06g021600.1[&&NHX:species=S. Pennelli],Solyc06g066390.3.1[&&NHX:species=Tomato],SPI06g04219.1[&&NHX:species=S. pimp],Capana06g001510[&&NHX:species=Dom. pepper],SLYcer06g04357.1[&&NHX:species=Tomato Cherry],Capang06g001436[&&NHX:species=Wild pepper])S,(Solyc08g076380.3.1[&&NHX:species=Tomato],Capana01g001106[&&NHX:species=Dom. pepper],Sopen08g024960.1[&&NHX:species=S. Pennelli],Capang01g000949[&&NHX:species=Wild pepper],SLYcer08g05853.1[&&NHX:species=Tomato Cherry],PGSC0003DMP400004276[&&NHX:species=Potato],SPI08g05740.1[&&NHX:species=S. pimp])S)D)D;	1	1	0	
OG25405	((SLYcer11g00212.1[&&NHX:species=Tomato Cherry],Capang12g001812[&&NHX:species=Wild pepper],Capana12g002124[&&NHX:species=Dom. pepper],SPI11g00364.1[&&NHX:species=S. pimp],Solyc11g006180.2.1[&&NHX:species=Tomato],Sopen11g002110.1[&&NHX:species=S. Pennelli],PGSC0003DMP400049985[&&NHX:species=Potato])S,((Solyc05g055070.4.1[&&NHX:species=Tomato],(Capana05g002435[&&NHX:species=Dom. pepper],Capana05g002434[&&NHX:species=Dom. pepper])D,SPI05g04845.1[&&NHX:species=S. pimp],Sopen05g033530.1[&&NHX:species=S. Pennelli],PGSC0003DMP400040475[&&NHX:species=Potato],SLYcer10g02138.1[&&NHX:species=Tomato Cherry],Capang12g000798[&&NHX:species=Wild pepper])S,PGSC0003DMP400040476[&&NHX:species=Potato])D,(Sopen09g030220.4[&&NHX:species=S. Pennelli],PGSC0003DMP400055082[&&NHX:species=Potato])S)D;	1	0	0	
OG25409	((((PGSC0003DMP400037068[&&NHX:species=Potato],PGSC0003DMP400037069[&&NHX:species=Potato])D,Solyc01g006650.2.1[&&NHX:species=Tomato],Capang01g001355[&&NHX:species=Wild pepper],Sopen01g002640.1[&&NHX:species=S. Pennelli],SPI01g00367.1[&&NHX:species=S. pimp])S,(Capana01g001612[&&NHX:species=Dom. pepper],PGSC0003DMP400037067[&&NHX:species=Potato],SLYcer01g00342.1[&&NHX:species=Tomato Cherry])S)D,(((Sopen01g009190.2[&&NHX:species=S. Pennelli],Sopen01g009190.1[&&NHX:species=S. Pennelli])D,(PGSC0003DMP400052101[&&NHX:species=Potato],PGSC0003DMP400052102[&&NHX:species=Potato])D,Capana00g004517[&&NHX:species=Dom. pepper],Solyc01g014480.3.1[&&NHX:species=Tomato],Capang05g001720[&&NHX:species=Wild pepper],SPI01g01870.1[&&NHX:species=S. pimp])S,PGSC0003DMP400052100[&&NHX:species=Potato])D)D;	0	0	0	
OG25443	((Capana06g002186[&&NHX:species=Dom. pepper],(PGSC0003DMP400028451[&&NHX:species=Potato],PGSC0003DMP400028452[&&NHX:species=Potato])D,Solyc06g053710.3.1[&&NHX:species=Tomato],Sopen06g018820.1[&&NHX:species=S. Pennelli],SLYcer06g03659.1[&&NHX:species=Tomato Cherry],SPI06g03568.1[&&NHX:species=S. pimp],Capang06g002034[&&NHX:species=Wild pepper])S,(SPI09g04551.1[&&NHX:species=S. pimp],Sopen09g032550.1[&&NHX:species=S. Pennelli],((Capang03g004341[&&NHX:species=Wild pepper],Capang03g004342[&&NHX:species=Wild pepper])D,(Capana03g004532[&&NHX:species=Dom. pepper],Capana03g004531[&&NHX:species=Dom. pepper])D)S,(PGSC0003DMP400030005[&&NHX:species=Potato],PGSC0003DMP400030004[&&NHX:species=Potato])D,Solyc09g089610.3.1[&&NHX:species=Tomato],SLYcer09g04894.1[&&NHX:species=Tomato Cherry])S)D;	0	0	0	
OG25457	((PGSC0003DMP400031312[&&NHX:species=Potato],Sopen01g030320.1[&&NHX:species=S. Pennelli],Capana01g002730[&&NHX:species=Dom. pepper],SLYcer01g05966.1[&&NHX:species=Tomato Cherry],Capang01g002396[&&NHX:species=Wild pepper],SPI01g06259.1[&&NHX:species=S. pimp])S,(((Solyc10g081420.2.1[&&NHX:species=Tomato],SPI10g04038.1[&&NHX:species=S. pimp],Capang00g002447[&&NHX:species=Wild pepper],Sopen10g031920.1[&&NHX:species=S. Pennelli],PGSC0003DMP400049037[&&NHX:species=Potato],SLYcer10g05532.1[&&NHX:species=Tomato Cherry])S,PGSC0003DMP400049034[&&NHX:species=Potato])D,((((PGSC0003DMP400049038[&&NHX:species=Potato],PGSC0003DMP400049035[&&NHX:species=Potato])D,PGSC0003DMP400049036[&&NHX:species=Potato])D,Capana00g004763[&&NHX:species=Dom. pepper])S,Capana02g003626[&&NHX:species=Dom. pepper])D)D)D;	2	2	0	
OG25504	(((PGSC0003DMP400018083[&&NHX:species=Potato],Solyc02g076660.3.1[&&NHX:species=Tomato],Sopen02g021590.1[&&NHX:species=S. Pennelli],Capang02g001557[&&NHX:species=Wild pepper],SPI02g02958.1[&&NHX:species=S. pimp],Capana02g001743[&&NHX:species=Dom. pepper])S,((Sopen02g006150.1[&&NHX:species=S. Pennelli],Sopen02g006150.2[&&NHX:species=S. Pennelli])D,Solyc02g021590.3.1[&&NHX:species=Tomato],SLYcer02g02130.1[&&NHX:species=Tomato Cherry],PGSC0003DMP400005741[&&NHX:species=Potato],SPI02g01173.1[&&NHX:species=S. pimp])S)D,(Solyc03g006130.3.1[&&NHX:species=Tomato],Capana04g002699[&&NHX:species=Dom. pepper],Sopen03g002140.1[&&NHX:species=S. Pennelli],SLYcer03g00190.1[&&NHX:species=Tomato Cherry],SPI03g00328.1[&&NHX:species=S. pimp],Capang04g002329[&&NHX:species=Wild pepper],PGSC0003DMP400007785[&&NHX:species=Potato])S)D;	1	1	0	
OG25533	((Sopen09g018330.1[&&NHX:species=S. Pennelli],Capana09g001489[&&NHX:species=Dom. pepper],Capang09g001074[&&NHX:species=Wild pepper],Solyc09g055570.3.1[&&NHX:species=Tomato])S,((PGSC0003DMP400011603[&&NHX:species=Potato],SLYcer09g02318.1[&&NHX:species=Tomato Cherry],(Sopen09g016910.1[&&NHX:species=S. Pennelli],Sopen09g016910.2[&&NHX:species=S. Pennelli])D,Capana09g000823[&&NHX:species=Dom. pepper],Solyc09g055180.4.1[&&NHX:species=Tomato],SPI09g02200.1[&&NHX:species=S. pimp],Capang09g000746[&&NHX:species=Wild pepper])S,(Sopen10g027380.1[&&NHX:species=S. Pennelli],Solyc10g074890.2.1[&&NHX:species=Tomato],PGSC0003DMP400048194[&&NHX:species=Potato],SPI10g03486.1[&&NHX:species=S. pimp],SLYcer10g04992.1[&&NHX:species=Tomato Cherry],Capang10g001008[&&NHX:species=Wild pepper],Capana10g001192[&&NHX:species=Dom. pepper])S)D)D;	1	1	0	
OG25573	(((Capana01g003751[&&NHX:species=Dom. pepper],SLYcer08g00712.1[&&NHX:species=Tomato Cherry],Solyc08g014450.4.1[&&NHX:species=Tomato],Capang08g000655[&&NHX:species=Wild pepper],PGSC0003DMP400043783[&&NHX:species=Potato],Sopen08g005440.1[&&NHX:species=S. Pennelli],SPI08g00692.1[&&NHX:species=S. pimp])S,(PGSC0003DMP400043781[&&NHX:species=Potato],PGSC0003DMP400043782[&&NHX:species=Potato])D)D,((PGSC0003DMP400035388[&&NHX:species=Potato],Sopen12g009680.2[&&NHX:species=S. Pennelli])S,((((Sopen12g009680.1[&&NHX:species=S. Pennelli],PGSC0003DMP400035386[&&NHX:species=Potato])S,PGSC0003DMP400035389[&&NHX:species=Potato])D,SPI12g01273.1[&&NHX:species=S. pimp],SLYcer12g01231.1[&&NHX:species=Tomato Cherry])S,(PGSC0003DMP400035387[&&NHX:species=Potato],PGSC0003DMP400035385[&&NHX:species=Potato])D)D)D)D;	3	3	2	Solyc12g019410.3.1
OG25649	((PGSC0003DMP400029282[&&NHX:species=Potato],SLYcer03g03903.1[&&NHX:species=Tomato Cherry],SPI03g03959.1[&&NHX:species=S. pimp],Solyc03g096630.1.1[&&NHX:species=Tomato],Sopen03g026750.1[&&NHX:species=S. Pennelli])S,(SLYcer03g03902.1[&&NHX:species=Tomato Cherry],Capana06g000679[&&NHX:species=Dom. pepper],SPI04g03729.1[&&NHX:species=S. pimp])S,(Solyc05g051875.1.1[&&NHX:species=Tomato],SLYcer10g02483.1[&&NHX:species=Tomato Cherry],SPI05g04484.1[&&NHX:species=S. pimp],Sopen05g030400.1[&&NHX:species=S. Pennelli],Capang00g001009[&&NHX:species=Wild pepper])S,((SLYcer04g04003.1[&&NHX:species=Tomato Cherry],PGSC0003DMP400035837[&&NHX:species=Potato])S,(Solyc04g054840.1.1[&&NHX:species=Tomato],Sopen04g024640.1[&&NHX:species=S. Pennelli],Capana12g001842[&&NHX:species=Dom. pepper],PGSC0003DMP400035838[&&NHX:species=Potato],Capang12g001492[&&NHX:species=Wild pepper])S)D)D;	1	0	0	
OG25660	((((PGSC0003DMP400045105[&&NHX:species=Potato],PGSC0003DMP400045106[&&NHX:species=Potato])D,SLYcer01g06792.1[&&NHX:species=Tomato Cherry],Sopen01g036980.1[&&NHX:species=S. Pennelli],Solyc01g091230.3.1[&&NHX:species=Tomato],SPI01g07069.1[&&NHX:species=S. pimp])S,(Solyc03g083510.4.1[&&NHX:species=Tomato],Capana03g002497[&&NHX:species=Dom. pepper],Capang03g002409[&&NHX:species=Wild pepper],SLYcer03g03360.1[&&NHX:species=Tomato Cherry],PGSC0003DMP400039881[&&NHX:species=Potato],SPI03g03444.1[&&NHX:species=S. pimp],Sopen03g023320.1[&&NHX:species=S. Pennelli])S)D,(PGSC0003DMP400007045[&&NHX:species=Potato],SPI08g06070.1[&&NHX:species=S. pimp],Sopen08g027830.1[&&NHX:species=S. Pennelli],SLYcer08g06173.1[&&NHX:species=Tomato Cherry],Capang01g000350[&&NHX:species=Wild pepper],Solyc08g079460.3.1[&&NHX:species=Tomato])S)D;	0	0	8	Capang01g001204
OG25728	((((Solyc02g092800.3.1[&&NHX:species=Tomato],PGSC0003DMP400043348[&&NHX:species=Potato],SLYcer02g05677.1[&&NHX:species=Tomato Cherry],SPI02g04596.1[&&NHX:species=S. pimp],Capana02g003020[&&NHX:species=Dom. pepper],Sopen02g037350.1[&&NHX:species=S. Pennelli],Capang02g002737[&&NHX:species=Wild pepper])S,PGSC0003DMP400043347[&&NHX:species=Potato])D,(Capana04g000633[&&NHX:species=Dom. pepper],Solyc04g078250.4.1[&&NHX:species=Tomato],PGSC0003DMP400037338[&&NHX:species=Potato],Sopen04g031850.1[&&NHX:species=S. Pennelli],SPI04g04933.1[&&NHX:species=S. pimp],Capang04g000597[&&NHX:species=Wild pepper],SLYcer04g05436.1[&&NHX:species=Tomato Cherry])S)D,(Capana04g000634[&&NHX:species=Dom. pepper],Solyc04g078240.3.1[&&NHX:species=Tomato],Sopen04g031840.1[&&NHX:species=S. Pennelli],PGSC0003DMP400040298[&&NHX:species=Potato],Capang04g000598[&&NHX:species=Wild pepper])S)D;	1	1	0	
OG25801	((((SPI08g05496.1[&&NHX:species=S. pimp],SPI08g05940.1[&&NHX:species=S. pimp])D,Capang01g000617[&&NHX:species=Wild pepper],Capana01g000677[&&NHX:species=Dom. pepper],PGSC0003DMP400045575[&&NHX:species=Potato],SLYcer08g06042.1[&&NHX:species=Tomato Cherry],Sopen08g026660.1[&&NHX:species=S. Pennelli],Solyc08g078170.1.1[&&NHX:species=Tomato])S,((SPI08g05497.1[&&NHX:species=S. pimp],(SLYcer08g06043.1[&&NHX:species=Tomato Cherry],SPI08g05941.1[&&NHX:species=S. pimp])S)D,Capang01g000601[&&NHX:species=Wild pepper],Sopen08g026670.1[&&NHX:species=S. Pennelli],PGSC0003DMP400045576[&&NHX:species=Potato],Capana01g000661[&&NHX:species=Dom. pepper],Solyc08g078180.1.1[&&NHX:species=Tomato])S)D,(PGSC0003DMP400004053[&&NHX:species=Potato],Sopen08g003200.1[&&NHX:species=S. Pennelli],SLYcer08g00393.1[&&NHX:species=Tomato Cherry],SPI08g00329.1[&&NHX:species=S. pimp],Solyc08g007230.3.1[&&NHX:species=Tomato])S)D;	1	1	0	
OG25858	((PGSC0003DMP400037686[&&NHX:species=Potato],Sopen08g017660.1[&&NHX:species=S. Pennelli],Capana03g004398[&&NHX:species=Dom. pepper],Solyc08g062140.1.1[&&NHX:species=Tomato],SPI08g04580.1[&&NHX:species=S. pimp],Capang03g004211[&&NHX:species=Wild pepper],SLYcer08g04681.1[&&NHX:species=Tomato Cherry])S,(((PGSC0003DMP400040890[&&NHX:species=Potato],((PGSC0003DMP400018167[&&NHX:species=Potato],PGSC0003DMP400018168[&&NHX:species=Potato])D,SPI11g03169.1[&&NHX:species=S. pimp],SLYcer11g03099.1[&&NHX:species=Tomato Cherry],Solyc11g039810.3.1[&&NHX:species=Tomato])S)D,Capang00g004937[&&NHX:species=Wild pepper])S,(Capang10g000587[&&NHX:species=Wild pepper],Solyc10g017490.3.1[&&NHX:species=Tomato],Capana10g000766[&&NHX:species=Dom. pepper],PGSC0003DMP400018166[&&NHX:species=Potato],SPI10g00744.1[&&NHX:species=S. pimp],SLYcer10g00875.1[&&NHX:species=Tomato Cherry],Sopen10g006310.1[&&NHX:species=S. Pennelli])S)D)D;	1	1	0	
OG25941	(((Solyc01g059910.2.1[&&NHX:species=Tomato],Solyc07g008400.3.1[&&NHX:species=Tomato])D,(Capang09g000957[&&NHX:species=Wild pepper],Capang07g001918[&&NHX:species=Wild pepper])D,(SPI01g05485.1[&&NHX:species=S. pimp],SPI07g00585.1[&&NHX:species=S. pimp])D,(SLYcer01g05333.1[&&NHX:species=Tomato Cherry],SLYcer07g00535.1[&&NHX:species=Tomato Cherry])D)S,((Capana00g003289[&&NHX:species=Dom. pepper],Capang00g000661[&&NHX:species=Wild pepper])S,((Sopen06g004220.1[&&NHX:species=S. Pennelli],PGSC0003DMP400012927[&&NHX:species=Potato],Solyc06g009550.4.1[&&NHX:species=Tomato])S,(Sopen06g004210.1[&&NHX:species=S. Pennelli],Capana00g003290[&&NHX:species=Dom. pepper],Solyc06g009540.1.1[&&NHX:species=Tomato],PGSC0003DMP400012941[&&NHX:species=Potato])S)D)D)D;	1	1	90	Capana09g001387,Capana07g001930,PGSC0003DMP400037841,Sopen01g026040.1,Sopen07g004290.1
OG25987	((SLYcer09g02797.1[&&NHX:species=Tomato Cherry],Capana09g001478[&&NHX:species=Dom. pepper],PGSC0003DMP400015350[&&NHX:species=Potato],Solyc09g057680.3.1[&&NHX:species=Tomato],Capang09g001061[&&NHX:species=Wild pepper],Sopen09g021150.1[&&NHX:species=S. Pennelli])S,((Sopen09g035360.1[&&NHX:species=S. Pennelli],SLYcer09g05201.1[&&NHX:species=Tomato Cherry],Capana03g004101[&&NHX:species=Dom. pepper],SPI09g04873.1[&&NHX:species=S. pimp],Capang03g000972[&&NHX:species=Wild pepper],Solyc09g092460.4.1[&&NHX:species=Tomato],PGSC0003DMP400035792[&&NHX:species=Potato])S,((Capana12g000271[&&NHX:species=Dom. pepper],((SLYcer12g05037.1[&&NHX:species=Tomato Cherry],Solyc12g098570.2.1[&&NHX:species=Tomato],PGSC0003DMP400008268[&&NHX:species=Potato],Sopen00g009410.1[&&NHX:species=S. Pennelli],SPI12g04996.1[&&NHX:species=S. pimp])S,PGSC0003DMP400008267[&&NHX:species=Potato])D,Capang12g000236[&&NHX:species=Wild pepper])S,SPI09g02728.1[&&NHX:species=S. pimp])D)D)D;	1	1	0	
OG26074	((Capana11g001487[&&NHX:species=Dom. pepper],Solyc06g030590.3.1[&&NHX:species=Tomato],PGSC0003DMP400031073[&&NHX:species=Potato],(Sopen06g009940.2[&&NHX:species=S. Pennelli],Sopen06g009940.1[&&NHX:species=S. Pennelli])D,SLYcer06g02548.1[&&NHX:species=Tomato Cherry],Capang11g001428[&&NHX:species=Wild pepper])S,((((SPI03g04208.1[&&NHX:species=S. pimp],Sopen03g028920.1[&&NHX:species=S. Pennelli],Solyc03g098220.4.1[&&NHX:species=Tomato],SLYcer03g04146.1[&&NHX:species=Tomato Cherry],PGSC0003DMP400054097[&&NHX:species=Potato])S,PGSC0003DMP400054098[&&NHX:species=Potato])D,Capang03g001452[&&NHX:species=Wild pepper])S,(Capana06g000833[&&NHX:species=Dom. pepper],Solyc06g072320.4.1[&&NHX:species=Tomato],SPI06g04647.1[&&NHX:species=S. pimp],SLYcer06g04787.1[&&NHX:species=Tomato Cherry],PGSC0003DMP400046798[&&NHX:species=Potato],Capang06g000784[&&NHX:species=Wild pepper],Sopen06g028690.1[&&NHX:species=S. Pennelli])S)D)D;	1	1	12	Capana03g001528,SPI06g02477.1
OG26085	(((Sopen04g036120.1[&&NHX:species=S. Pennelli],Sopen04g036120.2[&&NHX:species=S. Pennelli])D,(PGSC0003DMP400017640[&&NHX:species=Potato],PGSC0003DMP400017639[&&NHX:species=Potato])D,Solyc04g082500.4.1[&&NHX:species=Tomato],Capana04g000076[&&NHX:species=Dom. pepper],Capang04g000066[&&NHX:species=Wild pepper],SLYcer04g05852.1[&&NHX:species=Tomato Cherry])S,(((PGSC0003DMP400032541[&&NHX:species=Potato],SLYcer03g00717.1[&&NHX:species=Tomato Cherry],Capana04g002408[&&NHX:species=Dom. pepper],Capang04g002124[&&NHX:species=Wild pepper],Solyc03g032150.3.1[&&NHX:species=Tomato],Sopen03g006000.1[&&NHX:species=S. Pennelli],SPI03g00876.1[&&NHX:species=S. pimp])S,PGSC0003DMP400032542[&&NHX:species=Potato])D,(Capang02g000309[&&NHX:species=Wild pepper],Capana02g000366[&&NHX:species=Dom. pepper],Solyc02g038817.1.1[&&NHX:species=Tomato],PGSC0003DMP400030534[&&NHX:species=Potato],Sopen02g012610.1[&&NHX:species=S. Pennelli],SLYcer02g02978.1[&&NHX:species=Tomato Cherry],SPI02g01891.1[&&NHX:species=S. pimp])S)D)D;	0	0	0	
OG26158	((PGSC0003DMP400022941[&&NHX:species=Potato],Solyc04g054200.3.1[&&NHX:species=Tomato],Capana12g001788[&&NHX:species=Dom. pepper],SLYcer04g03868.1[&&NHX:species=Tomato Cherry],Sopen04g023670.1[&&NHX:species=S. Pennelli],Capang12g001444[&&NHX:species=Wild pepper])S,(((PGSC0003DMP400036730[&&NHX:species=Potato],Capana02g001399[&&NHX:species=Dom. pepper],Capang02g001236[&&NHX:species=Wild pepper],Solyc02g070000.4.1[&&NHX:species=Tomato],SLYcer02g03807.1[&&NHX:species=Tomato Cherry],Sopen02g019160.1[&&NHX:species=S. Pennelli])S,(Sopen02g006650.1[&&NHX:species=S. Pennelli],PGSC0003DMP400036462[&&NHX:species=Potato],SLYcer02g02382.1[&&NHX:species=Tomato Cherry],SPI02g01282.1[&&NHX:species=S. pimp],Solyc02g023950.3.1[&&NHX:species=Tomato])S)D,(Solyc09g007110.3.1[&&NHX:species=Tomato],Capang11g000451[&&NHX:species=Wild pepper],Sopen09g001980.1[&&NHX:species=S. Pennelli],SLYcer09g00299.1[&&NHX:species=Tomato Cherry],PGSC0003DMP400003605[&&NHX:species=Potato],Capana11g000478[&&NHX:species=Dom. pepper],SPI09g00198.1[&&NHX:species=S. pimp])S)D)D;	1	1	0	
OG26260	((PGSC0003DMP400031149[&&NHX:species=Potato],SPI09g03432.1[&&NHX:species=S. pimp],Solyc09g064270.3.1[&&NHX:species=Tomato],Capana09g001531[&&NHX:species=Dom. pepper],Sopen09g025470.1[&&NHX:species=S. Pennelli],Capang09g000858[&&NHX:species=Wild pepper])S,((Capana03g000175[&&NHX:species=Dom. pepper],Sopen03g040420.1[&&NHX:species=S. Pennelli],SLYcer03g05384.1[&&NHX:species=Tomato Cherry],PGSC0003DMP400004416[&&NHX:species=Potato],Capang03g000168[&&NHX:species=Wild pepper],Solyc03g121610.3.1[&&NHX:species=Tomato],SPI03g05421.1[&&NHX:species=S. pimp])S,(((Sopen07g018520.2[&&NHX:species=S. Pennelli],((Sopen07g018520.4[&&NHX:species=S. Pennelli],Sopen07g018520.3[&&NHX:species=S. Pennelli])D,Sopen07g018520.1[&&NHX:species=S. Pennelli])D)D,Solyc07g039340.4.1[&&NHX:species=Tomato],(PGSC0003DMP400031151[&&NHX:species=Potato],PGSC0003DMP400031150[&&NHX:species=Potato])D,Capang12g000722[&&NHX:species=Wild pepper],SLYcer07g03266.1[&&NHX:species=Tomato Cherry],SPI07g03977.1[&&NHX:species=S. pimp],Capana00g003829[&&NHX:species=Dom. pepper])S,PGSC0003DMP400031152[&&NHX:species=Potato])D)D)D;	2	2	0	
OG26281	((PGSC0003DMP400010041[&&NHX:species=Potato],Capang03g000318[&&NHX:species=Wild pepper],Sopen03g038980.1[&&NHX:species=S. Pennelli],Solyc03g120110.3.1[&&NHX:species=Tomato],Capana03g000343[&&NHX:species=Dom. pepper],SPI03g05279.1[&&NHX:species=S. pimp])S,(((Capana01g000881[&&NHX:species=Dom. pepper],PGSC0003DMP400016453[&&NHX:species=Potato],Solyc08g076060.3.1[&&NHX:species=Tomato],Capang01g000792[&&NHX:species=Wild pepper])S,(((PGSC0003DMP400016464[&&NHX:species=Potato],(PGSC0003DMP400016458[&&NHX:species=Potato],PGSC0003DMP400016457[&&NHX:length=-0.0368:species=Potato])D)D,Capana01g000882[&&NHX:species=Dom. pepper])S,((Solyc08g076050.4.1[&&NHX:species=Tomato],SLYcer08g05824.1[&&NHX:species=Tomato Cherry],SPI08g05711.1[&&NHX:species=S. pimp],Sopen08g024700.1[&&NHX:species=S. Pennelli],Capana01g000880[&&NHX:species=Dom. pepper])S,Sopen08g024710.1[&&NHX:species=S. Pennelli])D)D)D,(((Sopen12g002810.1[&&NHX:species=S. Pennelli],Solyc12g006840.2.1[&&NHX:species=Tomato],PGSC0003DMP400001977[&&NHX:species=Potato])S,PGSC0003DMP400001976[&&NHX:species=Potato])D,Capana01g000883[&&NHX:species=Dom. pepper])S)D)D;	3	3	0	
OG26358	((PGSC0003DMP400020015[&&NHX:species=Potato],Capang10g000519[&&NHX:species=Wild pepper],Capana10g000688[&&NHX:species=Dom. pepper],Sopen10g001060.1[&&NHX:species=S. Pennelli],Solyc10g005030.4.1[&&NHX:species=Tomato],SPI10g00094.1[&&NHX:species=S. pimp],SLYcer10g00219.1[&&NHX:species=Tomato Cherry])S,((Capang06g000975[&&NHX:species=Wild pepper],Capang03g001748[&&NHX:species=Wild pepper])D,((PGSC0003DMP400001175[&&NHX:species=Potato],SPI03g03307.1[&&NHX:species=S. pimp])S,PGSC0003DMP400001176[&&NHX:species=Potato])D)S,(SLYcer04g03199.1[&&NHX:species=Tomato Cherry],Capana12g001526[&&NHX:species=Dom. pepper],SPI04g02929.1[&&NHX:species=S. pimp],Solyc04g049670.4.1[&&NHX:species=Tomato],Capang00g002399[&&NHX:species=Wild pepper],Sopen04g019880.1[&&NHX:species=S. Pennelli])S,(SLYcer03g03219.1[&&NHX:species=Tomato Cherry],(Capana00g004738[&&NHX:species=Dom. pepper],Capana00g004739[&&NHX:species=Dom. pepper])D,Solyc03g081270.2.1[&&NHX:species=Tomato])S)D;	1	0	51	Capana03g001818,SLYcer03g03215.1,Sopen03g021970.1,Solyc03g081240.3.1
OG26451	((Capang05g000479[&&NHX:species=Wild pepper],Capana05g000568[&&NHX:species=Dom. pepper],PGSC0003DMP400021523[&&NHX:species=Potato],SPI04g00546.1[&&NHX:species=S. pimp],SLYcer04g00570.1[&&NHX:species=Tomato Cherry],Sopen04g004580.1[&&NHX:species=S. Pennelli],Solyc04g009450.1.1[&&NHX:species=Tomato])S,((((Capang01g000151[&&NHX:species=Wild pepper],Capana01g000161[&&NHX:species=Dom. pepper])S,(Capana01g000162[&&NHX:species=Dom. pepper],Solyc08g081650.3.1[&&NHX:species=Tomato],PGSC0003DMP400021527[&&NHX:species=Potato],Capang01g000150[&&NHX:species=Wild pepper],Sopen08g029950.1[&&NHX:species=S. Pennelli],SPI08g06288.1[&&NHX:species=S. pimp],SLYcer08g06380.1[&&NHX:species=Tomato Cherry])S)D,(Capana01g000158[&&NHX:species=Dom. pepper],Capang01g000149[&&NHX:species=Wild pepper])S)D,(((Capang01g000126[&&NHX:species=Wild pepper],Sopen08g029960.1[&&NHX:species=S. Pennelli],Capana01g000136[&&NHX:species=Dom. pepper],PGSC0003DMP400021524[&&NHX:species=Potato])S,(Solyc08g081670.3.1[&&NHX:species=Tomato],Capana01g000159[&&NHX:species=Dom. pepper],SLYcer08g06381.1[&&NHX:species=Tomato Cherry])S)D,(SPI08g06289.1[&&NHX:species=S. pimp],PGSC0003DMP400021525[&&NHX:species=Potato])S)D)D)D;	1	1	0	
OG26518	(((SPI03g04596.1[&&NHX:species=S. pimp],Capana03g001031[&&NHX:species=Dom. pepper],Sopen03g032770.1[&&NHX:species=S. Pennelli],Solyc03g113720.3.1[&&NHX:species=Tomato],SLYcer03g04546.1[&&NHX:species=Tomato Cherry],PGSC0003DMP400042538[&&NHX:species=Potato],Capang03g000989[&&NHX:species=Wild pepper])S,PGSC0003DMP400042539[&&NHX:species=Potato])D,((Capana06g002172[&&NHX:species=Dom. pepper],Capana06g002174[&&NHX:species=Dom. pepper])D,(PGSC0003DMP400029106[&&NHX:species=Potato],(PGSC0003DMP400029107[&&NHX:species=Potato],Solyc06g048930.4.1[&&NHX:species=Tomato],Sopen06g015250.1[&&NHX:species=S. Pennelli],SLYcer06g03256.1[&&NHX:species=Tomato Cherry],SPI06g03157.1[&&NHX:species=S. pimp])S)D,(Capang06g002009[&&NHX:species=Wild pepper],Capang06g002013[&&NHX:species=Wild pepper])D)S,((SLYcer12g04124.1[&&NHX:species=Tomato Cherry],Sopen03g008940.1[&&NHX:species=S. Pennelli],SPI12g04071.1[&&NHX:species=S. pimp])S,(Solyc03g044662.1.1[&&NHX:species=Tomato],SLYcer03g01223.1[&&NHX:species=Tomato Cherry],SPI03g01430.1[&&NHX:species=S. pimp])S)D,(PGSC0003DMP400047992[&&NHX:species=Potato],Solyc06g048600.3.1[&&NHX:species=Tomato],SPI06g03097.1[&&NHX:species=S. pimp],Sopen06g014790.1[&&NHX:species=S. Pennelli],SLYcer06g03194.1[&&NHX:species=Tomato Cherry])S)D;	1	0	0	
OG26527	((((PGSC0003DMP400004152[&&NHX:species=Potato],(Sopen05g021290.1[&&NHX:species=S. Pennelli],Solyc05g025820.4.1[&&NHX:species=Tomato],SPI05g03064.1[&&NHX:species=S. pimp],SLYcer05g02489.1[&&NHX:species=Tomato Cherry],PGSC0003DMP400004153[&&NHX:species=Potato])S,PGSC0003DMP400026200[&&NHX:species=Potato],PGSC0003DMP400026199[&&NHX:species=Potato])D,(Capana07g000734[&&NHX:species=Dom. pepper],Sopen07g021450.1[&&NHX:species=S. Pennelli],Capang07g000794[&&NHX:species=Wild pepper],Solyc07g041940.3.1[&&NHX:species=Tomato],SPI07g04392.1[&&NHX:species=S. pimp],PGSC0003DMP400048503[&&NHX:species=Potato])S)D,(Capang01g002920[&&NHX:species=Wild pepper],Capana08g000277[&&NHX:species=Dom. pepper],Sopen08g016630.1[&&NHX:species=S. Pennelli],Solyc08g061250.3.1[&&NHX:species=Tomato],PGSC0003DMP400023028[&&NHX:species=Potato],SLYcer08g04522.1[&&NHX:species=Tomato Cherry],SPI08g04418.1[&&NHX:species=S. pimp])S)D,((Sopen01g031120.1[&&NHX:species=S. Pennelli],Sopen01g031120.2[&&NHX:species=S. Pennelli])D,PGSC0003DMP400015919[&&NHX:species=Potato],Capana01g002869[&&NHX:species=Dom. pepper],Solyc01g079340.3.1[&&NHX:species=Tomato],SLYcer01g06060.1[&&NHX:species=Tomato Cherry],Capang01g002582[&&NHX:species=Wild pepper],SPI01g06358.1[&&NHX:species=S. pimp])S)D;	2	1	0	
OG26546	((((PGSC0003DMP400015314[&&NHX:species=Potato],Capana00g003643[&&NHX:species=Dom. pepper])S,((PGSC0003DMP400015316[&&NHX:species=Potato],PGSC0003DMP400015315[&&NHX:species=Potato])D,SLYcer01g00582.1[&&NHX:species=Tomato Cherry],Solyc01g009170.4.1[&&NHX:species=Tomato],Sopen01g004640.1[&&NHX:species=S. Pennelli],Capang06g000626[&&NHX:species=Wild pepper])S)D,(((Solyc06g073720.3.1[&&NHX:species=Tomato],PGSC0003DMP400010490[&&NHX:species=Potato],Sopen06g030120.1[&&NHX:species=S. Pennelli],Capang06g000631[&&NHX:species=Wild pepper])S,(PGSC0003DMP400010489[&&NHX:species=Potato],Capana06g000678[&&NHX:species=Dom. pepper])S)D,((PGSC0003DMP400010488[&&NHX:species=Potato],PGSC0003DMP400010487[&&NHX:species=Potato])D,SLYcer06g04927.1[&&NHX:species=Tomato Cherry],Capang06g000630[&&NHX:species=Wild pepper],Solyc06g073730.2.1[&&NHX:species=Tomato],Sopen06g030130.1[&&NHX:species=S. Pennelli],Capana06g000680[&&NHX:species=Dom. pepper],SPI06g04793.1[&&NHX:species=S. pimp])S)D)D,(Solyc01g096810.3.1[&&NHX:species=Tomato],SPI01g07402.1[&&NHX:species=S. pimp],PGSC0003DMP400047825[&&NHX:species=Potato],SLYcer01g07871.1[&&NHX:species=Tomato Cherry],Sopen01g040510.1[&&NHX:species=S. Pennelli],Capana08g001175[&&NHX:species=Dom. pepper],Capang01g003748[&&NHX:species=Wild pepper])S)D;	1	1	0	
OG26653	((((((SLYcer01g00334.1[&&NHX:species=Tomato Cherry],Sopen01g002500.1[&&NHX:species=S. Pennelli],Solyc01g006590.3.1[&&NHX:species=Tomato])S,(SPI01g00344.1[&&NHX:species=S. pimp],SLYcer01g00325.1[&&NHX:species=Tomato Cherry],Solyc01g006520.3.1[&&NHX:species=Tomato])S)D,(Capana01g001581[&&NHX:species=Dom. pepper],Capana01g001620[&&NHX:species=Dom. pepper])D)S,(Capana01g001580[&&NHX:species=Dom. pepper],Solyc01g006530.1.1[&&NHX:species=Tomato],Capang01g001359[&&NHX:species=Wild pepper],(Sopen01g002510.1[&&NHX:species=S. Pennelli],Sopen01g002580.1[&&NHX:species=S. Pennelli])D)S)D,(Solyc01g014550.3.1[&&NHX:species=Tomato],SPI01g01890.1[&&NHX:species=S. pimp],SLYcer01g01809.1[&&NHX:species=Tomato Cherry],Capana09g000254[&&NHX:species=Dom. pepper])S)D,(((Capana09g000242[&&NHX:species=Dom. pepper],Capana09g000252[&&NHX:species=Dom. pepper])D,(PGSC0003DMP400068101[&&NHX:species=Potato],PGSC0003DMP400052091[&&NHX:species=Potato])D,Sopen01g009210.1[&&NHX:species=S. Pennelli],Solyc01g014520.1.1[&&NHX:species=Tomato],SLYcer01g01791.1[&&NHX:species=Tomato Cherry],SPI01g01873.1[&&NHX:species=S. pimp])S[&&NHX:length=-0.71832],((PGSC0003DMP400055133[&&NHX:species=Potato],(Solyc01g014510.2.1[&&NHX:species=Tomato],PGSC0003DMP400007094[&&NHX:species=Potato])S)D,SPI01g01914.1[&&NHX:species=S. pimp],SLYcer01g01833.1[&&NHX:species=Tomato Cherry],Capana09g000273[&&NHX:species=Dom. pepper])S)D)D;	1	1	12	Capang01g001348
OG26726	((Capang01g004436[&&NHX:species=Wild pepper],Sopen01g046190.1[&&NHX:species=S. Pennelli],SLYcer01g07278.1[&&NHX:species=Tomato Cherry],PGSC0003DMP400043179[&&NHX:species=Potato],Capana08g001875[&&NHX:species=Dom. pepper],SPI01g07984.1[&&NHX:species=S. pimp])S,(SPI01g06805.1[&&NHX:species=S. pimp],SLYcer01g06538.1[&&NHX:species=Tomato Cherry],Capana01g002710[&&NHX:species=Dom. pepper],Capang01g002358[&&NHX:species=Wild pepper],Solyc01g088050.3.1[&&NHX:species=Tomato],PGSC0003DMP400012106[&&NHX:species=Potato],Sopen01g034930.1[&&NHX:species=S. Pennelli])S,(Capang04g000879[&&NHX:species=Wild pepper],Sopen00g003220.1[&&NHX:species=S. Pennelli],Capana04g000919[&&NHX:species=Dom. pepper],SPI04g04587.1[&&NHX:species=S. pimp],PGSC0003DMP400022855[&&NHX:species=Potato],SLYcer04g05110.1[&&NHX:species=Tomato Cherry],Solyc04g075000.1.1[&&NHX:species=Tomato])S,(((((Capang12g000688[&&NHX:species=Wild pepper],Capana12g000810[&&NHX:species=Dom. pepper])S,Capang11g001064[&&NHX:species=Wild pepper])D,PGSC0003DMP400027704[&&NHX:species=Potato])S,(PGSC0003DMP400027701[&&NHX:species=Potato],Sopen03g004290.2[&&NHX:species=S. Pennelli])S)D,(SPI03g00646.1[&&NHX:species=S. pimp],PGSC0003DMP400027702[&&NHX:species=Potato],Capana03g002229[&&NHX:species=Dom. pepper],SLYcer03g00427.1[&&NHX:species=Tomato Cherry],Capang03g002127[&&NHX:species=Wild pepper],Sopen03g004290.1[&&NHX:species=S. Pennelli],Solyc03g025450.4.1[&&NHX:species=Tomato])S)D)D;	1	0	0	
OG26753	((Sopen07g003190.1[&&NHX:species=S. Pennelli],Capana07g000283[&&NHX:species=Dom. pepper],SLYcer07g00352.1[&&NHX:species=Tomato Cherry],SPI07g00419.1[&&NHX:species=S. pimp],Capang07g000280[&&NHX:species=Wild pepper],Solyc07g007140.3.1[&&NHX:species=Tomato])S,((((Sopen09g034390.1[&&NHX:species=S. Pennelli],(PGSC0003DMP400051583[&&NHX:species=Potato],PGSC0003DMP400051584[&&NHX:species=Potato])D,SLYcer09g05079.1[&&NHX:species=Tomato Cherry],SPI09g04756.1[&&NHX:species=S. pimp],Solyc09g091460.3.1[&&NHX:species=Tomato],Capang05g000928[&&NHX:species=Wild pepper],Capana05g001087[&&NHX:species=Dom. pepper])S,(Capang00g003079[&&NHX:species=Wild pepper],Capana09g000952[&&NHX:species=Dom. pepper])S)D,((Capana02g001157[&&NHX:species=Dom. pepper],Capang02g001041[&&NHX:species=Wild pepper],((Solyc02g031910.2.1[&&NHX:species=Tomato],SLYcer02g02580.1[&&NHX:species=Tomato Cherry])S,(Solyc02g031860.3.1[&&NHX:species=Tomato],SLYcer02g02576.1[&&NHX:species=Tomato Cherry])S)D)S,PGSC0003DMP400038226[&&NHX:species=Potato])D)D,((Sopen07g002860.1[&&NHX:species=S. Pennelli],Capang07g000033[&&NHX:species=Wild pepper],Solyc07g006760.4.1[&&NHX:species=Tomato],SPI07g00379.1[&&NHX:species=S. pimp],PGSC0003DMP400032675[&&NHX:species=Potato],Capana07g000045[&&NHX:species=Dom. pepper],SLYcer07g00310.1[&&NHX:species=Tomato Cherry])S,PGSC0003DMP400032676[&&NHX:species=Potato])D)D)D;	1	1	16	PGSC0003DMP400018472,Sopen02g010190.1,Sopen02g010140.1
OG26764	((Capang00g003019[&&NHX:species=Wild pepper],PGSC0003DMP400008371[&&NHX:species=Potato],Capana11g001039[&&NHX:species=Dom. pepper])S,(PGSC0003DMP400016724[&&NHX:species=Potato],Solyc11g064890.2.1[&&NHX:species=Tomato],Capang12g000829[&&NHX:species=Wild pepper],SLYcer11g03497.1[&&NHX:species=Tomato Cherry],Sopen11g024430.1[&&NHX:species=S. Pennelli],SPI11g03568.1[&&NHX:species=S. pimp])S,((Capang12g000072[&&NHX:species=Wild pepper],Sopen12g034460.1[&&NHX:species=S. Pennelli],SPI12g05133.1[&&NHX:species=S. pimp],(PGSC0003DMP400008374[&&NHX:species=Potato],PGSC0003DMP400008373[&&NHX:species=Potato])D,SLYcer12g05185.1[&&NHX:species=Tomato Cherry],Solyc12g099830.2.1[&&NHX:species=Tomato])S,(((PGSC0003DMP400008372[&&NHX:species=Potato],PGSC0003DMP400008370[&&NHX:species=Potato])D,PGSC0003DMP400008375[&&NHX:species=Potato])D,Capana12g000082[&&NHX:species=Dom. pepper])S)D,(Capang09g001349[&&NHX:species=Wild pepper],Solyc10g085000.2.1[&&NHX:species=Tomato],SPI10g04342.1[&&NHX:species=S. pimp],PGSC0003DMP400019455[&&NHX:species=Potato],Sopen10g034460.1[&&NHX:species=S. Pennelli],SLYcer10g05807.1[&&NHX:species=Tomato Cherry],Capana00g004470[&&NHX:species=Dom. pepper])S,((SLYcer09g01056.1[&&NHX:species=Tomato Cherry],SPI09g00964.1[&&NHX:species=S. pimp],PGSC0003DMP400035372[&&NHX:species=Potato],Capana09g001776[&&NHX:species=Dom. pepper],Sopen09g006570.1[&&NHX:species=S. Pennelli],Solyc09g011750.3.1[&&NHX:species=Tomato])S,PGSC0003DMP400035371[&&NHX:species=Potato])D)D;	2	1	0	
OG26815	((((SPI03g01231.1[&&NHX:species=S. pimp],Solyc03g043710.1.1[&&NHX:species=Tomato],Sopen03g007550.1[&&NHX:species=S. Pennelli],Capang04g001911[&&NHX:species=Wild pepper],PGSC0003DMP400064078[&&NHX:species=Potato],SLYcer03g01032.1[&&NHX:species=Tomato Cherry])S,(SPI01g08236.1[&&NHX:species=S. pimp],Capana08g002174[&&NHX:species=Dom. pepper],Capang01g004720[&&NHX:species=Wild pepper],Sopen01g048540.1[&&NHX:species=S. Pennelli],Solyc01g106160.3.1[&&NHX:species=Tomato],PGSC0003DMP400069317[&&NHX:species=Potato])S)D,((SLYcer10g03745.1[&&NHX:species=Tomato Cherry],Capana03g004108[&&NHX:species=Dom. pepper],Sopen10g018110.1[&&NHX:species=S. Pennelli],Solyc10g047680.3.1[&&NHX:species=Tomato],SPI10g02089.1[&&NHX:species=S. pimp],Capang03g003959[&&NHX:species=Wild pepper],PGSC0003DMP400052506[&&NHX:species=Potato])S,PGSC0003DMP400052502[&&NHX:species=Potato])D)D,((((Capang01g001391[&&NHX:species=Wild pepper],Capana01g001685[&&NHX:species=Dom. pepper],Solyc10g047810.3.1[&&NHX:species=Tomato],PGSC0003DMP400007802[&&NHX:species=Potato])S,PGSC0003DMP400007809[&&NHX:species=Potato])D,((SPI10g02103.1[&&NHX:species=S. pimp],SLYcer10g03757.1[&&NHX:species=Tomato Cherry],PGSC0003DMP400007801[&&NHX:species=Potato])S,PGSC0003DMP400007800[&&NHX:species=Potato])D)D,((PGSC0003DMP400007797[&&NHX:species=Potato],(SPI10g02138.1[&&NHX:species=S. pimp],(SLYcer10g03794.1[&&NHX:species=Tomato Cherry],SPI10g02156.1[&&NHX:species=S. pimp])S)D)S,(SPI10g02155.1[&&NHX:species=S. pimp],SLYcer10g03793.1[&&NHX:species=Tomato Cherry])S)D)D)D;	1	1	4	Solyc10g047700.3.1
OG26868	((((((Solyc12g016010.3.1[&&NHX:species=Tomato],SLYcer12g00961.1[&&NHX:species=Tomato Cherry],SPI12g01014.1[&&NHX:species=S. pimp])S,(SLYcer08g00994.1[&&NHX:species=Tomato Cherry],SPI08g00955.1[&&NHX:species=S. pimp])S)D,((PGSC0003DMP400015251[&&NHX:species=Potato],Sopen07g022370.3[&&NHX:species=S. Pennelli])S,((((Solyc12g016090.1.1[&&NHX:species=Tomato],Solyc12g016050.1.1[&&NHX:species=Tomato],Solyc12g009360.1.1[&&NHX:species=Tomato])D,Sopen08g007280.1[&&NHX:species=S. Pennelli])S,(Sopen12g004350.1[&&NHX:species=S. Pennelli],SLYcer12g00496.1[&&NHX:species=Tomato Cherry],SPI12g00527.1[&&NHX:species=S. pimp],Solyc12g016130.1.1[&&NHX:species=Tomato])S)D,(Sopen08g007250.1[&&NHX:species=S. Pennelli],(SLYcer12g00966.1[&&NHX:species=Tomato Cherry],SLYcer12g00971.1[&&NHX:species=Tomato Cherry])D)S)D)D)D,((Capana07g000845[&&NHX:species=Dom. pepper],Capana05g001491[&&NHX:species=Dom. pepper])D,SPI12g00523.1[&&NHX:species=S. pimp],Solyc12g016070.1.1[&&NHX:species=Tomato],SLYcer12g00968.1[&&NHX:species=Tomato Cherry])S)D,(Solyc08g016730.1.1[&&NHX:species=Tomato],SLYcer08g00996.1[&&NHX:species=Tomato Cherry],PGSC0003DMP400033952[&&NHX:species=Potato],SPI08g00958.1[&&NHX:species=S. pimp])S)D,((SLYcer08g00997.1[&&NHX:species=Tomato Cherry],Solyc08g016740.1.1[&&NHX:species=Tomato])S,(SLYcer12g00973.1[&&NHX:species=Tomato Cherry],SPI12g01021.1[&&NHX:species=S. pimp],Solyc12g016110.1.1[&&NHX:species=Tomato])S,((PGSC0003DMP400014717[&&NHX:species=Potato],PGSC0003DMP400018164[&&NHX:species=Potato],PGSC0003DMP400018165[&&NHX:species=Potato])D,SPI03g00354.1[&&NHX:species=S. pimp],Capang00g001184[&&NHX:species=Wild pepper],Capana08g000213[&&NHX:species=Dom. pepper])S)D)D;	5	2	0	
OG26873	(((Sopen09g030220.1[&&NHX:species=S. Pennelli],PGSC0003DMP400055078[&&NHX:species=Potato])S,((Solyc09g075440.4.1[&&NHX:species=Tomato],SPI09g04183.1[&&NHX:species=S. pimp],(PGSC0003DMP400055081[&&NHX:species=Potato],PGSC0003DMP400055080[&&NHX:species=Potato])D,SLYcer09g04392.1[&&NHX:species=Tomato Cherry],Capana03g003663[&&NHX:species=Dom. pepper],Capang03g003566[&&NHX:species=Wild pepper])S,PGSC0003DMP400055079[&&NHX:species=Potato])D)D,(SLYcer11g00211.1[&&NHX:species=Tomato Cherry],SPI11g00363.1[&&NHX:species=S. pimp],Sopen11g002090.1[&&NHX:species=S. Pennelli],PGSC0003DMP400049989[&&NHX:species=Potato])S,(SLYcer01g01905.1[&&NHX:species=Tomato Cherry],SPI01g01983.1[&&NHX:species=S. pimp])S,((((SPI03g05504.1[&&NHX:species=S. pimp],SPI11g03658.1[&&NHX:species=S. pimp])D,Sopen09g030220.2[&&NHX:species=S. Pennelli])S,((SPI12g02220.1[&&NHX:species=S. pimp],SPI02g02276.1[&&NHX:species=S. pimp])D,Solyc06g051610.1.1[&&NHX:species=Tomato],SLYcer06g03527.1[&&NHX:species=Tomato Cherry])S)D,SPI12g03789.1[&&NHX:species=S. pimp])D,((((SPI12g04184.1[&&NHX:species=S. pimp],SLYcer12g04246.1[&&NHX:species=Tomato Cherry])S,(SPI09g00387.1[&&NHX:species=S. pimp],SLYcer09g04804.1[&&NHX:species=Tomato Cherry])S)D,Solyc09g082910.2.1[&&NHX:species=Tomato])S,Solyc11g006160.3.1[&&NHX:species=Tomato])D,(SPI04g03052.1[&&NHX:species=S. pimp],Solyc04g049990.2.1[&&NHX:species=Tomato],SLYcer04g03322.1[&&NHX:species=Tomato Cherry])S,((SPI08g05156.1[&&NHX:species=S. pimp],(SLYcer04g03114.1[&&NHX:species=Tomato Cherry],SPI04g02870.1[&&NHX:species=S. pimp])S)D,SPI06g03440.1[&&NHX:species=S. pimp])D)D;	2	1	23	Sopen09g030220.3
OG26973	(((SLYcer04g00280.1[&&NHX:species=Tomato Cherry],Capana05g001267[&&NHX:species=Dom. pepper],Solyc04g006930.3.1[&&NHX:species=Tomato],Sopen04g001980.1[&&NHX:species=S. Pennelli],Capang05g001104[&&NHX:species=Wild pepper],PGSC0003DMP400013218[&&NHX:species=Potato],SPI04g00253.1[&&NHX:species=S. pimp])S,PGSC0003DMP400043551[&&NHX:species=Potato])D,(SLYcer01g00817.1[&&NHX:species=Tomato Cherry],Capana01g001958[&&NHX:species=Dom. pepper],Capang01g001710[&&NHX:species=Wild pepper],PGSC0003DMP400028018[&&NHX:species=Potato],Sopen01g005590.1[&&NHX:species=S. Pennelli],Solyc01g010030.3.1[&&NHX:species=Tomato])S,((Sopen03g039580.2[&&NHX:species=S. Pennelli],Sopen03g039580.1[&&NHX:species=S. Pennelli])D,Capang03g000265[&&NHX:species=Wild pepper],Capana03g000276[&&NHX:species=Dom. pepper],SLYcer03g05297.1[&&NHX:species=Tomato Cherry],(PGSC0003DMP400004511[&&NHX:species=Potato],PGSC0003DMP400004510[&&NHX:species=Potato])D,SPI03g05337.1[&&NHX:species=S. pimp],Solyc03g120760.4.1[&&NHX:species=Tomato])S,(PGSC0003DMP400043552[&&NHX:species=Potato],Capana11g002188[&&NHX:species=Dom. pepper],Capang11g002098[&&NHX:species=Wild pepper],Sopen05g005910.1[&&NHX:species=S. Pennelli],SLYcer05g00674.1[&&NHX:species=Tomato Cherry],SPI05g00706.1[&&NHX:species=S. pimp],Solyc05g010140.3.1[&&NHX:species=Tomato])S,(Capang01g003359[&&NHX:species=Wild pepper],((PGSC0003DMP400025578[&&NHX:species=Potato],Solyc08g068250.4.1[&&NHX:species=Tomato])S,(Sopen08g022110.1[&&NHX:species=S. Pennelli],SLYcer08g05251.1[&&NHX:species=Tomato Cherry],PGSC0003DMP400025579[&&NHX:species=Potato])S)D,Capana08g000757[&&NHX:species=Dom. pepper])S,(SLYcer02g05386.1[&&NHX:species=Tomato Cherry],Capana00g002882[&&NHX:species=Dom. pepper],Sopen02g034460.1[&&NHX:species=S. Pennelli],SPI02g04311.1[&&NHX:species=S. pimp],PGSC0003DMP400017893[&&NHX:species=Potato])S)D;	1	0	0	
OG27006	(((((SPI05g04109.1[&&NHX:species=S. pimp],PGSC0003DMP400024200[&&NHX:species=Potato],(Sopen05g027860.1[&&NHX:species=S. Pennelli],Sopen05g027860.2[&&NHX:species=S. Pennelli])D,Capang05g001369[&&NHX:species=Wild pepper],Solyc05g047550.4.1[&&NHX:species=Tomato],SLYcer10g02857.1[&&NHX:species=Tomato Cherry],Capana05g001688[&&NHX:species=Dom. pepper])S,PGSC0003DMP400024201[&&NHX:species=Potato])D,(((PGSC0003DMP400052059[&&NHX:species=Potato],PGSC0003DMP400052060[&&NHX:species=Potato])D,SLYcer08g05354.1[&&NHX:species=Tomato Cherry])S,(SLYcer06g03052.1[&&NHX:species=Tomato Cherry],Solyc06g043250.4.1[&&NHX:species=Tomato],PGSC0003DMP400052061[&&NHX:species=Potato],SPI06g02615.1[&&NHX:species=S. pimp],Capana06g002273[&&NHX:species=Dom. pepper],Capang06g002130[&&NHX:species=Wild pepper])S)D)D,(Solyc08g006140.3.1[&&NHX:species=Tomato],SPI08g00201.1[&&NHX:species=S. pimp],SLYcer08g00265.1[&&NHX:species=Tomato Cherry],(Sopen08g002100.1[&&NHX:species=S. Pennelli],Sopen08g002100.2[&&NHX:species=S. Pennelli])D,Capang08g000979[&&NHX:species=Wild pepper],Capana01g004096[&&NHX:species=Dom. pepper])S)D,((SLYcer04g03129.1[&&NHX:species=Tomato Cherry],Solyc04g049400.3.1[&&NHX:species=Tomato],SPI04g02883.1[&&NHX:species=S. pimp],Capana12g001525[&&NHX:species=Dom. pepper],Capang00g005466[&&NHX:species=Wild pepper],PGSC0003DMP400022792[&&NHX:species=Potato],Sopen04g019380.1[&&NHX:species=S. Pennelli])S,(((SLYcer12g01121.1[&&NHX:species=Tomato Cherry],Solyc12g017840.2.1[&&NHX:species=Tomato],PGSC0003DMP400035444[&&NHX:species=Potato],Sopen12g008640.1[&&NHX:species=S. Pennelli])S,Sopen12g008640.2[&&NHX:species=S. Pennelli])D,(Sopen08g022810.1[&&NHX:species=S. Pennelli],SPI08g05239.1[&&NHX:species=S. pimp],Solyc08g069180.3.1[&&NHX:species=Tomato],Capana01g001235[&&NHX:species=Dom. pepper],Capang01g001073[&&NHX:species=Wild pepper])S)D)D)D;	1	1	58	Sopen06g013830.2,Sopen06g013830.1
OG27007	(((((Capana04g002245[&&NHX:species=Dom. pepper],(PGSC0003DMP400031067[&&NHX:species=Potato],PGSC0003DMP400031066[&&NHX:species=Potato])D,Solyc03g034060.4.1[&&NHX:species=Tomato],SLYcer03g00925.1[&&NHX:species=Tomato Cherry],Sopen03g006840.1[&&NHX:species=S. Pennelli],SPI03g01087.1[&&NHX:species=S. pimp])S,PGSC0003DMP400031065[&&NHX:species=Potato])D,((Sopen02g030110.1[&&NHX:species=S. Pennelli],Sopen02g030110.2[&&NHX:species=S. Pennelli])D,SPI02g03868.1[&&NHX:species=S. pimp],Capang02g002406[&&NHX:species=Wild pepper],Capana02g002678[&&NHX:species=Dom. pepper],SLYcer02g04943.1[&&NHX:species=Tomato Cherry],Solyc02g085430.4.1[&&NHX:species=Tomato])S)D,(SLYcer02g03186.1[&&NHX:species=Tomato Cherry],Capang02g000399[&&NHX:species=Wild pepper],SPI02g02067.1[&&NHX:species=S. pimp],Sopen02g013830.1[&&NHX:species=S. Pennelli],Capana02g000442[&&NHX:species=Dom. pepper],PGSC0003DMP400027121[&&NHX:species=Potato],Solyc02g062790.3.1[&&NHX:species=Tomato])S)D,((Capana10g001101[&&NHX:species=Dom. pepper],Sopen10g023020.1[&&NHX:species=S. Pennelli],Solyc10g051330.3.1[&&NHX:species=Tomato],SLYcer10g04331.1[&&NHX:species=Tomato Cherry],SPI10g02831.1[&&NHX:species=S. pimp],Capang10g000927[&&NHX:species=Wild pepper])S,(((Capana12g001014[&&NHX:species=Dom. pepper],PGSC0003DMP400001375[&&NHX:species=Potato],Capang01g005054[&&NHX:species=Wild pepper],SLYcer01g08344.1[&&NHX:species=Tomato Cherry],Sopen01g051720.1[&&NHX:species=S. Pennelli],Solyc01g109530.3.1[&&NHX:species=Tomato],SPI01g08566.1[&&NHX:species=S. pimp])S,PGSC0003DMP400001376[&&NHX:species=Potato])D,((SPI11g02775.1[&&NHX:species=S. pimp],SLYcer11g02716.1[&&NHX:species=Tomato Cherry],Solyc11g044460.3.1[&&NHX:species=Tomato],Capana11g000949[&&NHX:species=Dom. pepper],PGSC0003DMP400042246[&&NHX:species=Potato],Capang11g000967[&&NHX:species=Wild pepper],Sopen11g020020.1[&&NHX:species=S. Pennelli])S,PGSC0003DMP400042247[&&NHX:species=Potato])D)D)D)D;	1	1	0	
OG27014	(((SLYcer05g00339.1[&&NHX:species=Tomato Cherry],Capang11g001578[&&NHX:species=Wild pepper],Capana11g001621[&&NHX:species=Dom. pepper],SPI05g00375.1[&&NHX:species=S. pimp],(Sopen05g003020.2[&&NHX:species=S. Pennelli],Sopen05g003020.1[&&NHX:species=S. Pennelli])D,PGSC0003DMP400030781[&&NHX:species=Potato],Solyc05g007050.4.1[&&NHX:species=Tomato])S,PGSC0003DMP400030782[&&NHX:species=Potato],PGSC0003DMP400030780[&&NHX:species=Potato])D,((Capang01g001903[&&NHX:species=Wild pepper],SLYcer01g00959.1[&&NHX:species=Tomato Cherry],Capana01g002219[&&NHX:species=Dom. pepper],Sopen01g006430.1[&&NHX:species=S. Pennelli],SPI01g01018.1[&&NHX:species=S. pimp],Solyc01g010780.4.1[&&NHX:species=Tomato],PGSC0003DMP400001623[&&NHX:species=Potato])S,PGSC0003DMP400001624[&&NHX:species=Potato])D,(Solyc02g087830.4.1[&&NHX:species=Tomato],Sopen02g032550.1[&&NHX:species=S. Pennelli],SPI02g04121.1[&&NHX:species=S. pimp],PGSC0003DMP400002555[&&NHX:species=Potato],SLYcer02g05191.1[&&NHX:species=Tomato Cherry])S,((Solyc07g007980.3.1[&&NHX:species=Tomato],SPI07g00540.1[&&NHX:species=S. pimp],Capang00g002678[&&NHX:species=Wild pepper],PGSC0003DMP400053810[&&NHX:species=Potato],Capana00g003237[&&NHX:species=Dom. pepper],Sopen07g003860.1[&&NHX:species=S. Pennelli])S,PGSC0003DMP400053808[&&NHX:species=Potato])D,((SLYcer03g02000.1[&&NHX:species=Tomato Cherry],Capang00g005222[&&NHX:species=Wild pepper],SPI12g02476.1[&&NHX:species=S. pimp],PGSC0003DMP400013701[&&NHX:species=Potato])S,(((PGSC0003DMP400034388[&&NHX:species=Potato],PGSC0003DMP400052719[&&NHX:species=Potato])D,SPI09g01731.1[&&NHX:species=S. pimp],SLYcer09g01851.1[&&NHX:species=Tomato Cherry])S,(PGSC0003DMP400052721[&&NHX:species=Potato],SPI12g02477.1[&&NHX:species=S. pimp],SLYcer09g01854.1[&&NHX:species=Tomato Cherry])S)D,(SLYcer03g01112.1[&&NHX:species=Tomato Cherry],SPI03g01320.1[&&NHX:species=S. pimp],PGSC0003DMP400031313[&&NHX:species=Potato])S)D)D;	3	0	0	
OG27120	(((((Sopen12g030030.1[&&NHX:species=S. Pennelli],PGSC0003DMP400003649[&&NHX:species=Potato],SPI12g04575.1[&&NHX:species=S. pimp],Capang12g000736[&&NHX:species=Wild pepper],Capana12g000857[&&NHX:species=Dom. pepper],SLYcer12g04621.1[&&NHX:species=Tomato Cherry],Solyc12g088000.2.1[&&NHX:species=Tomato])S,Capang12g000735[&&NHX:species=Wild pepper])D,(SLYcer12g04890.1[&&NHX:species=Tomato Cherry],SPI12g04850.1[&&NHX:species=S. pimp],Capana12g000452[&&NHX:species=Dom. pepper],Solyc12g096240.3.1[&&NHX:species=Tomato],Capang12g000378[&&NHX:species=Wild pepper],Sopen12g032100.1[&&NHX:species=S. Pennelli])S)D,(Capang10g000081[&&NHX:species=Wild pepper],Capana10g000085[&&NHX:species=Dom. pepper],Sopen10g003010.1[&&NHX:species=S. Pennelli],SPI10g00313.1[&&NHX:species=S. pimp],PGSC0003DMP400036871[&&NHX:species=Potato],SLYcer10g00449.1[&&NHX:species=Tomato Cherry],Solyc10g007110.3.1[&&NHX:species=Tomato])S)D,((((PGSC0003DMP400037876[&&NHX:species=Potato],((Capana04g000005[&&NHX:species=Dom. pepper],Capang10g000240[&&NHX:species=Wild pepper])S,Capang04g000001[&&NHX:species=Wild pepper])D)S,(Capana10g000337[&&NHX:species=Dom. pepper],Capang00g003796[&&NHX:species=Wild pepper],((Solyc10g008200.4.1[&&NHX:species=Tomato],SLYcer10g00561.1[&&NHX:species=Tomato Cherry],SPI10g00424.1[&&NHX:species=S. pimp],PGSC0003DMP400037877[&&NHX:species=Potato],Sopen10g004060.1[&&NHX:species=S. Pennelli])S,Sopen10g004060.2[&&NHX:species=S. Pennelli])D)S)D,(Sopen07g027680.1[&&NHX:species=S. Pennelli],Capana07g001709[&&NHX:species=Dom. pepper],SLYcer07g04889.1[&&NHX:species=Tomato Cherry],PGSC0003DMP400016570[&&NHX:species=Potato],SPI07g05614.1[&&NHX:species=S. pimp],Solyc07g053710.3.1[&&NHX:species=Tomato])S)D,(((((PGSC0003DMP400046568[&&NHX:species=Potato],PGSC0003DMP400046569[&&NHX:species=Potato])D,PGSC0003DMP400046567[&&NHX:species=Potato])D,PGSC0003DMP400046565[&&NHX:species=Potato])D,Capana07g001710[&&NHX:species=Dom. pepper])S,(Capana07g001711[&&NHX:species=Dom. pepper],SLYcer07g04890.1[&&NHX:species=Tomato Cherry],Capang07g001704[&&NHX:species=Wild pepper],PGSC0003DMP400046570[&&NHX:species=Potato],Solyc07g053720.3.1[&&NHX:species=Tomato],Sopen07g027690.1[&&NHX:species=S. Pennelli],SPI07g05615.1[&&NHX:species=S. pimp])S)D)D)D;	2	2	0	
OG27193	((Capang03g003333[&&NHX:species=Wild pepper],SPI04g03989.1[&&NHX:species=S. pimp],SLYcer04g04349.1[&&NHX:species=Tomato Cherry],Solyc04g063370.3.1[&&NHX:species=Tomato],Sopen04g026290.1[&&NHX:species=S. Pennelli],Capana00g004439[&&NHX:species=Dom. pepper])S,((Sopen05g003100.1[&&NHX:species=S. Pennelli],PGSC0003DMP400044380[&&NHX:species=Potato],(Capang00g005480[&&NHX:species=Wild pepper],Capang11g001558[&&NHX:species=Wild pepper])D,Capana11g001603[&&NHX:species=Dom. pepper],SLYcer05g00353.1[&&NHX:species=Tomato Cherry],Solyc05g007140.3.1[&&NHX:species=Tomato],SPI05g00387.1[&&NHX:species=S. pimp])S,PGSC0003DMP400044379[&&NHX:species=Potato])D,(((Sopen07g014930.1[&&NHX:species=S. Pennelli],Sopen07g014930.2[&&NHX:species=S. Pennelli])D,(Capang05g000393[&&NHX:species=Wild pepper],Capana05g000479[&&NHX:species=Dom. pepper])S)S,PGSC0003DMP400016922[&&NHX:species=Potato])D,(Capang01g003735[&&NHX:species=Wild pepper],SLYcer01g07882.1[&&NHX:species=Tomato Cherry],SPI01g07390.1[&&NHX:species=S. pimp],PGSC0003DMP400005909[&&NHX:species=Potato],Capana08g001161[&&NHX:species=Dom. pepper],Sopen01g040400.3[&&NHX:species=S. Pennelli],Solyc01g096690.3.1[&&NHX:species=Tomato])S,((PGSC0003DMP400056149[&&NHX:species=Potato],Solyc12g044840.2.1[&&NHX:species=Tomato],SLYcer12g04243.1[&&NHX:species=Tomato Cherry],SPI12g04181.1[&&NHX:species=S. pimp],Sopen12g023200.1[&&NHX:species=S. Pennelli])S,(SLYcer03g05368.1[&&NHX:species=Tomato Cherry],Solyc03g121440.4.1[&&NHX:species=Tomato],Capana03g000195[&&NHX:species=Dom. pepper],PGSC0003DMP400004627[&&NHX:species=Potato],Capang03g000186[&&NHX:species=Wild pepper],Sopen03g040260.1[&&NHX:species=S. Pennelli],SPI03g05406.1[&&NHX:species=S. pimp])S)D,((PGSC0003DMP400001657[&&NHX:species=Potato],Capana01g002212[&&NHX:species=Dom. pepper],SLYcer01g00935.1[&&NHX:species=Tomato Cherry],Solyc01g010660.3.1[&&NHX:species=Tomato],Capang01g001915[&&NHX:species=Wild pepper],SPI01g00999.1[&&NHX:species=S. pimp],Sopen01g006300.1[&&NHX:species=S. Pennelli])S,PGSC0003DMP400001658[&&NHX:species=Potato])D,(((Sopen12g027790.1[&&NHX:species=S. Pennelli],Sopen12g027790.2[&&NHX:species=S. Pennelli])D,SLYcer12g01828.1[&&NHX:species=Tomato Cherry],SPI12g01906.1[&&NHX:species=S. pimp],PGSC0003DMP400033650[&&NHX:species=Potato],Solyc12g077390.3.1[&&NHX:species=Tomato])S,PGSC0003DMP400033649[&&NHX:species=Potato])D)D;	1	0	16	Solyc07g027020.4.1,PGSC0003DMP400016924,PGSC0003DMP400016921
OG27301	(((PGSC0003DMP400064398[&&NHX:species=Potato],Capana12g001115[&&NHX:species=Dom. pepper],Capang07g001240[&&NHX:species=Wild pepper])S,(SLYcer02g03284.1[&&NHX:species=Tomato Cherry],PGSC0003DMP400056274[&&NHX:species=Potato],Capang02g000550[&&NHX:species=Wild pepper])S)D,((((Sopen02g036570.1[&&NHX:species=S. Pennelli],Capana02g002931[&&NHX:species=Dom. pepper],PGSC0003DMP400037135[&&NHX:species=Potato],SPI02g04512.1[&&NHX:species=S. pimp],SLYcer02g05596.1[&&NHX:species=Tomato Cherry],Solyc02g091990.3.1[&&NHX:species=Tomato],Capang02g002655[&&NHX:species=Wild pepper])S,Capang02g000551[&&NHX:species=Wild pepper])D,((SLYcer02g03286.1[&&NHX:species=Tomato Cherry],SLYcer02g03287.1[&&NHX:species=Tomato Cherry])D,(SPI02g02166.1[&&NHX:species=S. pimp],SPI02g02165.1[&&NHX:species=S. pimp])D,((PGSC0003DMP400005960[&&NHX:species=Potato],Solyc02g063540.3.1[&&NHX:species=Tomato])S,(PGSC0003DMP400005972[&&NHX:species=Potato],Solyc02g063543.1.1[&&NHX:species=Tomato])S)D)S)D,(PGSC0003DMP400009660[&&NHX:species=Potato],SPI03g01255.1[&&NHX:species=S. pimp],Solyc03g043890.3.1[&&NHX:species=Tomato],SLYcer03g01054.1[&&NHX:species=Tomato Cherry],Sopen03g007700.1[&&NHX:species=S. Pennelli])S)D,(Sopen04g031000.1[&&NHX:species=S. Pennelli],PGSC0003DMP400008756[&&NHX:species=Potato],Capana04g000721[&&NHX:species=Dom. pepper],Capang04g000697[&&NHX:species=Wild pepper],Solyc04g077410.4.1[&&NHX:species=Tomato])S,((Sopen07g014620.1[&&NHX:species=S. Pennelli],PGSC0003DMP400029780[&&NHX:species=Potato],SPI07g03484.1[&&NHX:species=S. pimp],SLYcer07g01984.1[&&NHX:species=Tomato Cherry],Solyc07g026900.1.1[&&NHX:species=Tomato])S,(Capang09g000206[&&NHX:species=Wild pepper],PGSC0003DMP400000572[&&NHX:species=Potato],Sopen12g003670.1[&&NHX:species=S. Pennelli],Capana09g000213[&&NHX:species=Dom. pepper],Solyc12g008740.1.1[&&NHX:species=Tomato],SLYcer12g00417.1[&&NHX:species=Tomato Cherry],SPI12g00448.1[&&NHX:species=S. pimp])S)D,(Capang10g001488[&&NHX:species=Wild pepper],Capana10g001739[&&NHX:species=Dom. pepper])S,(((Capang08g001294[&&NHX:species=Wild pepper],Sopen08g003970.1[&&NHX:species=S. Pennelli],Solyc08g081535.1.1[&&NHX:species=Tomato],SPI08g00505.1[&&NHX:species=S. pimp],SLYcer08g00532.1[&&NHX:species=Tomato Cherry],PGSC0003DMP400010333[&&NHX:species=Potato])S,((Capang01g000164[&&NHX:species=Wild pepper],Capang01g000163[&&NHX:species=Wild pepper])D,((PGSC0003DMP400021802[&&NHX:species=Potato],PGSC0003DMP400021538[&&NHX:species=Potato])D,((SPI08g06277.1[&&NHX:species=S. pimp],SPI08g06276.1[&&NHX:species=S. pimp])D,(SLYcer08g06369.1[&&NHX:species=Tomato Cherry],SLYcer08g06370.1[&&NHX:species=Tomato Cherry])D)S)S)D)D,(Solyc12g056180.3.1[&&NHX:species=Tomato],SPI12g04412.1[&&NHX:species=S. pimp],SLYcer12g04454.1[&&NHX:species=Tomato Cherry],Sopen12g028690.1[&&NHX:species=S. Pennelli],PGSC0003DMP400008932[&&NHX:species=Potato])S)D)D;	3	2	178	Capana01g000176,Capana01g000175,Capana02g000635,Solyc08g081550.4.1,Sopen08g029860.1,Sopen08g029870.1,Sopen02g014630.1,Sopen02g014640.1
OG27356	((((PGSC0003DMP400069358[&&NHX:species=Potato],Capang10g002065[&&NHX:species=Wild pepper])S,((Capang02g002504[&&NHX:species=Wild pepper],PGSC0003DMP400039578[&&NHX:species=Potato],Solyc10g009060.1.1[&&NHX:species=Tomato],SPI10g00524.1[&&NHX:species=S. pimp],Capana02g002782[&&NHX:species=Dom. pepper],SLYcer10g00665.1[&&NHX:species=Tomato Cherry],Sopen10g004840.1[&&NHX:species=S. Pennelli])S,Capang02g002505[&&NHX:species=Wild pepper])D)D,((SPI02g04103.1[&&NHX:species=S. pimp],SLYcer02g05172.1[&&NHX:species=Tomato Cherry],(Capana05g001858[&&NHX:species=Dom. pepper],Capana02g002783[&&NHX:species=Dom. pepper])D)S,((Capang12g001303[&&NHX:species=Wild pepper],Capana12g001564[&&NHX:species=Dom. pepper])S,(PGSC0003DMP400058281[&&NHX:species=Potato],Capang00g001278[&&NHX:species=Wild pepper])S)D)D)D,(Capana05g002493[&&NHX:species=Dom. pepper],(SPI06g03529.1[&&NHX:species=S. pimp],Solyc06g053375.1.1[&&NHX:species=Tomato],Capana02g003408[&&NHX:species=Dom. pepper])S,(PGSC0003DMP400038405[&&NHX:species=Potato],Capana07g000016[&&NHX:species=Dom. pepper])S,Capana10g002311[&&NHX:species=Dom. pepper])D,(PGSC0003DMP400046878[&&NHX:species=Potato],(Solyc04g026230.1.1[&&NHX:species=Tomato],Capana04g001853[&&NHX:species=Dom. pepper],Capang00g004948[&&NHX:species=Wild pepper],PGSC0003DMP400048762[&&NHX:species=Potato])S)D,(SLYcer11g03181.1[&&NHX:species=Tomato Cherry],SPI11g03243.1[&&NHX:species=S. pimp],Solyc11g039590.3.1[&&NHX:species=Tomato])S,((((Solyc06g071410.3.1[&&NHX:species=Tomato],(SPI03g04655.1[&&NHX:species=S. pimp],Sopen03g033290.1[&&NHX:species=S. Pennelli],PGSC0003DMP400042573[&&NHX:species=Potato],Solyc03g114210.3.1[&&NHX:species=Tomato],SLYcer03g04601.1[&&NHX:species=Tomato Cherry])S)D,(Sopen06g027690.1[&&NHX:species=S. Pennelli],PGSC0003DMP400046877[&&NHX:species=Potato])S)D,(Capana03g000976[&&NHX:species=Dom. pepper],Capana06g000961[&&NHX:species=Dom. pepper])D,(Capang06g000908[&&NHX:species=Wild pepper],Capang03g000927[&&NHX:species=Wild pepper])D)S,(PGSC0003DMP400048761[&&NHX:species=Potato],SLYcer12g02640.1[&&NHX:species=Tomato Cherry],SPI12g02418.1[&&NHX:species=S. pimp],Solyc12g062280.2.1[&&NHX:species=Tomato],Sopen12g025190.1[&&NHX:species=S. Pennelli])S)D,(((SPI04g01885.1[&&NHX:species=S. pimp],Solyc04g026210.3.1[&&NHX:species=Tomato],Capang05g001213[&&NHX:species=Wild pepper],SLYcer12g03753.1[&&NHX:species=Tomato Cherry],Capana00g002576[&&NHX:species=Dom. pepper])S,((PGSC0003DMP400042572[&&NHX:species=Potato],(Capana05g001442[&&NHX:species=Dom. pepper],SPI10g01641.1[&&NHX:species=S. pimp],Capang05g001178[&&NHX:species=Wild pepper],PGSC0003DMP400048763[&&NHX:species=Potato])S)D,((SPI07g05771.1[&&NHX:species=S. pimp],SLYcer07g05036.1[&&NHX:species=Tomato Cherry])S,((Capana07g000666[&&NHX:species=Dom. pepper],Capang07g000659[&&NHX:species=Wild pepper])S,(Capana04g001851[&&NHX:species=Dom. pepper],SLYcer06g04689.1[&&NHX:species=Tomato Cherry],PGSC0003DMP400048760[&&NHX:species=Potato],SPI06g04550.1[&&NHX:species=S. pimp],Capang12g000660[&&NHX:species=Wild pepper])S)D)D)D)D,SPI04g01881.1[&&NHX:species=S. pimp])D,((PGSC0003DMP400068900[&&NHX:species=Potato],Solyc10g045270.2.1[&&NHX:species=Tomato],Sopen10g014440.1[&&NHX:species=S. Pennelli])S,(((PGSC0003DMP400055439[&&NHX:species=Potato],PGSC0003DMP400055438[&&NHX:species=Potato])D,SPI09g04405.1[&&NHX:species=S. pimp])S,((Sopen09g031330.2[&&NHX:species=S. Pennelli],Sopen09g031330.1[&&NHX:species=S. Pennelli])D,Capang03g003692[&&NHX:species=Wild pepper],SLYcer09g04749.1[&&NHX:species=Tomato Cherry],Capana03g003783[&&NHX:species=Dom. pepper],Solyc09g082470.4.1[&&NHX:species=Tomato])S)D)D)D;	5	3	17	Solyc02g087590.3.1
OG27482	(((PGSC0003DMP400040906[&&NHX:species=Potato],((Capana05g000275[&&NHX:species=Dom. pepper],PGSC0003DMP400040902[&&NHX:species=Potato])S,((PGSC0003DMP400010766[&&NHX:species=Potato],Capana05g000704[&&NHX:species=Dom. pepper])S,PGSC0003DMP400040896[&&NHX:species=Potato])D)D)D,(SPI07g00381.1[&&NHX:species=S. pimp],SLYcer07g00312.1[&&NHX:species=Tomato Cherry],Capang07g000038[&&NHX:species=Wild pepper],PGSC0003DMP400032677[&&NHX:species=Potato],Sopen07g002870.1[&&NHX:species=S. Pennelli],Solyc07g006770.2.1[&&NHX:species=Tomato])S,(PGSC0003DMP400024591[&&NHX:species=Potato],Capana05g000247[&&NHX:species=Dom. pepper])S,((Sopen04g007020.1[&&NHX:species=S. Pennelli],(((Sopen04g006760.1[&&NHX:species=S. Pennelli],Capana03g001862[&&NHX:species=Dom. pepper])S,Sopen07g005840.1[&&NHX:species=S. Pennelli])D,Capana05g000266[&&NHX:species=Dom. pepper])D)D,(Capana05g000261[&&NHX:species=Dom. pepper],PGSC0003DMP400026544[&&NHX:species=Potato],SLYcer04g00977.1[&&NHX:species=Tomato Cherry])S)D,((PGSC0003DMP400040897[&&NHX:species=Potato],Sopen04g006200.1[&&NHX:species=S. Pennelli])S,(PGSC0003DMP400019322[&&NHX:species=Potato],((PGSC0003DMP400036469[&&NHX:species=Potato],SLYcer04g01399.1[&&NHX:species=Tomato Cherry],SPI04g01136.1[&&NHX:species=S. pimp])S,((SPI04g00911.1[&&NHX:species=S. pimp],Sopen04g007010.1[&&NHX:species=S. Pennelli])S,((Capana05g000255[&&NHX:species=Dom. pepper],PGSC0003DMP400040855[&&NHX:species=Potato])S,Capana05g000276[&&NHX:species=Dom. pepper])D)D)D,PGSC0003DMP400040818[&&NHX:species=Potato],PGSC0003DMP400040769[&&NHX:species=Potato])D)D)D,((Capana03g000993[&&NHX:species=Dom. pepper],SLYcer03g04587.1[&&NHX:species=Tomato Cherry],PGSC0003DMP400042347[&&NHX:species=Potato],Sopen03g033140.1[&&NHX:species=S. Pennelli],Solyc03g114080.2.1[&&NHX:species=Tomato],Capang03g000940[&&NHX:species=Wild pepper],SPI03g04641.1[&&NHX:species=S. pimp])S,SPI02g03741.1[&&NHX:species=S. pimp])D,(Capana04g002765[&&NHX:species=Dom. pepper],(Capang04g002372[&&NHX:species=Wild pepper],Capana04g002778[&&NHX:species=Dom. pepper])S)D,((((((Capang00g001772[&&NHX:species=Wild pepper],Capana04g002367[&&NHX:species=Dom. pepper])S,Capana01g004418[&&NHX:species=Dom. pepper])D,(Capana04g002426[&&NHX:species=Dom. pepper],Solyc03g006080.4.1[&&NHX:species=Tomato])S)D,(((Capang00g003009[&&NHX:species=Wild pepper],Capana04g002639[&&NHX:species=Dom. pepper])S,Capana04g002431[&&NHX:species=Dom. pepper])D,Capana04g002663[&&NHX:species=Dom. pepper])D)D,Capana04g002706[&&NHX:species=Dom. pepper])D,(((((((SLYcer02g04832.1[&&NHX:species=Tomato Cherry],Capana04g002534[&&NHX:species=Dom. pepper],Sopen02g021440.1[&&NHX:species=S. Pennelli],Solyc02g072470.4.1[&&NHX:species=Tomato],PGSC0003DMP400046474[&&NHX:species=Potato])S,(Capana00g001443[&&NHX:species=Dom. pepper],PGSC0003DMP400035977[&&NHX:species=Potato])S)D,(Capana04g002804[&&NHX:species=Dom. pepper],SLYcer03g00189.1[&&NHX:species=Tomato Cherry])S)D,(((((Capana04g002468[&&NHX:species=Dom. pepper],Capana04g002791[&&NHX:species=Dom. pepper])D,(Capang00g002024[&&NHX:species=Wild pepper],Capang04g002170[&&NHX:species=Wild pepper])D)S,(Capana00g000717[&&NHX:species=Dom. pepper],Capang01g001325[&&NHX:species=Wild pepper])S)D,((Capana00g001159[&&NHX:species=Dom. pepper],Capana04g002658[&&NHX:species=Dom. pepper])D,(Capang04g002396[&&NHX:species=Wild pepper],Capang04g002383[&&NHX:species=Wild pepper])D)S)D,Sopen02g017970.1[&&NHX:species=S. Pennelli])S)D,(((Capana12g002263[&&NHX:species=Dom. pepper],Capang12g001943[&&NHX:species=Wild pepper])S,(Capana04g002632[&&NHX:species=Dom. pepper],(Capang00g002738[&&NHX:species=Wild pepper],Capana04g002794[&&NHX:species=Dom. pepper])S)D)D,(SPI03g00316.1[&&NHX:species=S. pimp],SPI03g00325.1[&&NHX:species=S. pimp])D)S)D,(((PGSC0003DMP400022139[&&NHX:species=Potato],Capana04g002785[&&NHX:species=Dom. pepper])S,(Capana07g000851[&&NHX:species=Dom. pepper],Capang07g000966[&&NHX:species=Wild pepper])S)D,((Capana04g002419[&&NHX:species=Dom. pepper],PGSC0003DMP400046472[&&NHX:species=Potato])S,(Capana07g000169[&&NHX:species=Dom. pepper],SPI03g00324.1[&&NHX:species=S. pimp])S)D)D)D,((((Capana04g002711[&&NHX:species=Dom. pepper],Capang04g002164[&&NHX:species=Wild pepper])S,(Capana04g002723[&&NHX:species=Dom. pepper],Solyc03g006030.4.1[&&NHX:species=Tomato])S)D,((((Capana00g001160[&&NHX:species=Dom. pepper],Capana09g002355[&&NHX:species=Dom. pepper])D,Capana04g002782[&&NHX:species=Dom. pepper])D,Capana04g002462[&&NHX:species=Dom. pepper])D,Solyc03g006100.4.1[&&NHX:species=Tomato])S)D,Capana00g002677[&&NHX:species=Dom. pepper])D)D)D,((((PGSC0003DMP400040764[&&NHX:species=Potato],PGSC0003DMP400057245[&&NHX:species=Potato])D,Capana05g000256[&&NHX:species=Dom. pepper])S,(PGSC0003DMP400040766[&&NHX:species=Potato],SLYcer07g00854.1[&&NHX:species=Tomato Cherry],Capana05g000284[&&NHX:species=Dom. pepper])S)D,(((PGSC0003DMP400040901[&&NHX:species=Potato],PGSC0003DMP400040857[&&NHX:species=Potato])D,Capana05g000260[&&NHX:species=Dom. pepper])S,Capana03g001859[&&NHX:species=Dom. pepper])D)D,((Capana05g000517[&&NHX:species=Dom. pepper],SPI04g00565.1[&&NHX:species=S. pimp],Capang05g000434[&&NHX:species=Wild pepper],SLYcer04g00589.1[&&NHX:species=Tomato Cherry],Sopen04g004790.1[&&NHX:species=S. Pennelli],PGSC0003DMP400028022[&&NHX:species=Potato])S,PGSC0003DMP400028021[&&NHX:species=Potato])D)D;	11	8	132	SPI07g00882.1,Solyc07g015990.2.1,Solyc04g012110.2.1,Sopen03g002040.1,SLYcer03g00174.1,SLYcer02g04047.1,Sopen04g008000.1,Sopen00g009730.1,PGSC0003DMP400040858,Capang05g000598
OG27486	((((((SLYcer03g00214.1[&&NHX:species=Tomato Cherry],Capang04g002292[&&NHX:species=Wild pepper],Sopen03g002410.1[&&NHX:species=S. Pennelli],Solyc03g006400.3.1[&&NHX:species=Tomato],Capana04g002627[&&NHX:species=Dom. pepper],PGSC0003DMP400022690[&&NHX:species=Potato])S,(Solyc02g078140.3.1[&&NHX:species=Tomato],SPI02g03105.1[&&NHX:species=S. pimp],(PGSC0003DMP400051723[&&NHX:species=Potato],PGSC0003DMP400051724[&&NHX:species=Potato])D,SLYcer02g04206.1[&&NHX:species=Tomato Cherry],Capana02g001948[&&NHX:species=Dom. pepper],Sopen02g022970.1[&&NHX:species=S. Pennelli],Capang02g001729[&&NHX:species=Wild pepper])S)D,(((SLYcer12g00816.1[&&NHX:species=Tomato Cherry],SPI12g00862.1[&&NHX:species=S. pimp])S,((Capana11g001559[&&NHX:species=Dom. pepper],Capang11g001500[&&NHX:species=Wild pepper],SLYcer11g00731.1[&&NHX:species=Tomato Cherry])S,(((Capana12g002810[&&NHX:species=Dom. pepper],Capang12g002458[&&NHX:species=Wild pepper])S,(Capana05g000160[&&NHX:species=Dom. pepper],Capang05g000157[&&NHX:species=Wild pepper])S)D,((PGSC0003DMP400040851[&&NHX:species=Potato],SLYcer04g01189.1[&&NHX:species=Tomato Cherry],Sopen04g006790.1[&&NHX:species=S. Pennelli])S,(Sopen11g006840.1[&&NHX:species=S. Pennelli],PGSC0003DMP400023464[&&NHX:species=Potato])S)D)D)D)D,((Sopen03g033410.1[&&NHX:species=S. Pennelli],SLYcer03g04621.1[&&NHX:species=Tomato Cherry],Capana03g000967[&&NHX:species=Dom. pepper],Solyc03g114310.3.1[&&NHX:species=Tomato],SPI03g04674.1[&&NHX:species=S. pimp],Capang03g000917[&&NHX:species=Wild pepper],PGSC0003DMP400042375[&&NHX:species=Potato])S,SPI02g01475.1[&&NHX:species=S. pimp])D)D)D,(((PGSC0003DMP400005265[&&NHX:species=Potato],(Capang09g000012[&&NHX:species=Wild pepper],SLYcer12g00976.1[&&NHX:species=Tomato Cherry],SPI12g01020.1[&&NHX:species=S. pimp],PGSC0003DMP400005268[&&NHX:species=Potato])S)D,((((Solyc12g016030.3.1[&&NHX:species=Tomato],(Sopen09g024870.1[&&NHX:species=S. Pennelli],Solyc12g016140.1.1[&&NHX:species=Tomato])S)D,SPI12g01015.1[&&NHX:species=S. pimp],SLYcer12g00962.1[&&NHX:species=Tomato Cherry])S,(SLYcer12g00967.1[&&NHX:species=Tomato Cherry],Solyc12g016060.1.1[&&NHX:species=Tomato],SPI12g01012.1[&&NHX:species=S. pimp],Capana07g000844[&&NHX:species=Dom. pepper])S)D,(((Solyc12g009350.1.1[&&NHX:species=Tomato],Solyc12g016100.1.1[&&NHX:species=Tomato])D,Solyc12g015980.1.1[&&NHX:species=Tomato])D,SPI12g00525.1[&&NHX:species=S. pimp],((SLYcer12g00495.1[&&NHX:species=Tomato Cherry],SLYcer12g00972.1[&&NHX:species=Tomato Cherry])D,SLYcer12g00959.1[&&NHX:species=Tomato Cherry])D,Sopen12g004330.1[&&NHX:species=S. Pennelli])S)D)D,(((Sopen07g022370.1[&&NHX:species=S. Pennelli],((Sopen07g022490.1[&&NHX:species=S. Pennelli],Sopen07g022370.2[&&NHX:species=S. Pennelli])D,((SPI07g04494.1[&&NHX:species=S. pimp],SLYcer07g03781.1[&&NHX:species=Tomato Cherry])S,(SPI07g04522.1[&&NHX:species=S. pimp],SLYcer07g03810.1[&&NHX:species=Tomato Cherry])S)D,(Solyc07g042890.3.1[&&NHX:species=Tomato],Solyc07g042680.3.1[&&NHX:species=Tomato])D)S)D,((SLYcer12g00493.1[&&NHX:species=Tomato Cherry],Sopen12g004320.1[&&NHX:species=S. Pennelli],(PGSC0003DMP400005269[&&NHX:species=Potato],PGSC0003DMP400005270[&&NHX:species=Potato])D,Solyc12g009340.2.1[&&NHX:species=Tomato],SPI12g00522.1[&&NHX:species=S. pimp])S,SPI12g01019.1[&&NHX:species=S. pimp])D)D,(Capang05g001212[&&NHX:species=Wild pepper],(Capang07g000717[&&NHX:species=Wild pepper],Capang07g000956[&&NHX:species=Wild pepper])D)D)S)D)D,((SLYcer02g05735.1[&&NHX:species=Tomato Cherry],Capana02g003556[&&NHX:species=Dom. pepper],PGSC0003DMP400022330[&&NHX:species=Potato],Sopen02g038000.1[&&NHX:species=S. Pennelli],Capang02g003278[&&NHX:species=Wild pepper],SPI02g04655.1[&&NHX:species=S. pimp],Solyc02g093410.4.1[&&NHX:species=Tomato])S,(Capang09g000735[&&NHX:species=Wild pepper],Solyc09g018060.4.1[&&NHX:species=Tomato],Sopen09g010510.1[&&NHX:species=S. Pennelli],SPI09g01434.1[&&NHX:species=S. pimp],Capana09g000812[&&NHX:species=Dom. pepper],SLYcer09g01573.1[&&NHX:species=Tomato Cherry])S)D)D,(((Capang04g001309[&&NHX:species=Wild pepper],Capana04g001374[&&NHX:species=Dom. pepper],Sopen04g027060.1[&&NHX:species=S. Pennelli],Solyc04g071120.3.1[&&NHX:species=Tomato])S,(Sopen04g027060.2[&&NHX:species=S. Pennelli],PGSC0003DMP400001518[&&NHX:species=Potato],SPI04g04256.1[&&NHX:species=S. pimp],SLYcer04g04775.1[&&NHX:species=Tomato Cherry])S)D,((Capana12g000605[&&NHX:species=Dom. pepper],SLYcer12g04780.1[&&NHX:species=Tomato Cherry],SPI12g04745.1[&&NHX:species=S. pimp],Capang12g000502[&&NHX:species=Wild pepper],Solyc12g094410.3.1[&&NHX:species=Tomato])S,((SLYcer02g04722.1[&&NHX:species=Tomato Cherry],Capang02g002261[&&NHX:species=Wild pepper],PGSC0003DMP400015249[&&NHX:species=Potato],SPI02g03632.1[&&NHX:species=S. pimp],Sopen02g028090.1[&&NHX:species=S. Pennelli],Capana02g002524[&&NHX:species=Dom. pepper],Solyc02g083290.4.1[&&NHX:species=Tomato])S,((Sopen10g025490.1[&&NHX:species=S. Pennelli],Capang10g000956[&&NHX:species=Wild pepper],SPI10g03329.1[&&NHX:species=S. pimp],PGSC0003DMP400032978[&&NHX:species=Potato],SLYcer10g04838.1[&&NHX:species=Tomato Cherry],Solyc10g055720.2.1[&&NHX:species=Tomato],Capana10g001137[&&NHX:species=Dom. pepper])S,((Sopen01g053920.1[&&NHX:species=S. Pennelli],Capang01g005359[&&NHX:species=Wild pepper],Solyc01g111880.4.1[&&NHX:species=Tomato],PGSC0003DMP400032486[&&NHX:species=Potato],Capana08g002776[&&NHX:species=Dom. pepper],SPI01g08796.1[&&NHX:species=S. pimp])S,(PGSC0003DMP400032487[&&NHX:species=Potato],SLYcer01g08566.1[&&NHX:species=Tomato Cherry])S)D)D)D)D)D)D;	8	8	328	Capana05g001490,Solyc04g014690.3.1,Solyc11g012050.1.1,Capana09g000019,Capana07g000692,SPI11g00881.1,SPI04g00914.1
OG27505	((((Solyc12g027880.3.1[&&NHX:species=Tomato],PGSC0003DMP400020865[&&NHX:species=Potato])S,((PGSC0003DMP400038553[&&NHX:species=Potato],(PGSC0003DMP400038558[&&NHX:species=Potato],Capang12g001385[&&NHX:species=Wild pepper])S)D,PGSC0003DMP400010691[&&NHX:species=Potato])D,(PGSC0003DMP400008840[&&NHX:species=Potato],Sopen04g030700.1[&&NHX:species=S. Pennelli])S,((SPI10g03334.1[&&NHX:species=S. pimp],Capang02g003334[&&NHX:species=Wild pepper],PGSC0003DMP400032500[&&NHX:species=Potato])S,PGSC0003DMP400017461[&&NHX:species=Potato])D)D,PGSC0003DMP400020726[&&NHX:species=Potato])D,((((((Capang04g002490[&&NHX:species=Wild pepper],Capana04g002888[&&NHX:species=Dom. pepper])S,(Sopen02g038510.1[&&NHX:species=S. Pennelli],(Sopen02g038500.1[&&NHX:species=S. Pennelli],PGSC0003DMP400035220[&&NHX:species=Potato],Solyc02g093860.3.1[&&NHX:species=Tomato],Capana02g003614[&&NHX:species=Dom. pepper])S)D)D,(Capana11g000398[&&NHX:species=Dom. pepper],Capang11g000386[&&NHX:species=Wild pepper])S)D,Capana02g003615[&&NHX:species=Dom. pepper])D,(Capana02g003616[&&NHX:species=Dom. pepper],SPI02g04703.1[&&NHX:species=S. pimp],Capang02g003335[&&NHX:species=Wild pepper],Solyc02g093870.4.1[&&NHX:species=Tomato],PGSC0003DMP400035219[&&NHX:species=Potato],Sopen02g038520.1[&&NHX:species=S. Pennelli],SLYcer02g05782.1[&&NHX:species=Tomato Cherry])S)D,((SPI04g00738.1[&&NHX:species=S. pimp],Sopen04g005770.1[&&NHX:species=S. Pennelli],SLYcer04g00923.1[&&NHX:species=Tomato Cherry],Capang05g000292[&&NHX:species=Wild pepper],Capana05g000336[&&NHX:species=Dom. pepper],Solyc04g011590.3.1[&&NHX:species=Tomato],PGSC0003DMP400011247[&&NHX:species=Potato])S,(PGSC0003DMP400026660[&&NHX:species=Potato],Solyc03g111040.2.1[&&NHX:species=Tomato],SLYcer03g04277.1[&&NHX:species=Tomato Cherry],Sopen03g030210.1[&&NHX:species=S. Pennelli],Capana03g001379[&&NHX:species=Dom. pepper],Capang03g001316[&&NHX:species=Wild pepper],SPI03g04336.1[&&NHX:species=S. pimp])S)D)D,(((((SLYcer06g03827.1[&&NHX:species=Tomato Cherry],Capana06g001752[&&NHX:species=Dom. pepper],Solyc06g060110.3.1[&&NHX:species=Tomato],Capang06g001648[&&NHX:species=Wild pepper],SPI06g03730.1[&&NHX:species=S. pimp],Sopen06g020230.1[&&NHX:species=S. Pennelli],PGSC0003DMP400020862[&&NHX:species=Potato])S,PGSC0003DMP400006005[&&NHX:species=Potato])D,(PGSC0003DMP400029354[&&NHX:species=Potato],Capana05g001770[&&NHX:species=Dom. pepper],Capang05g001452[&&NHX:species=Wild pepper])S)D,(Capana04g001588[&&NHX:species=Dom. pepper],SLYcer11g00086.1[&&NHX:species=Tomato Cherry],Capang04g001490[&&NHX:species=Wild pepper],SPI11g00250.1[&&NHX:species=S. pimp],PGSC0003DMP400010690[&&NHX:species=Potato],Solyc11g005070.2.1[&&NHX:species=Tomato],Sopen11g001070.1[&&NHX:species=S. Pennelli])S)D,((Capana07g002431[&&NHX:species=Dom. pepper],(PGSC0003DMP400038556[&&NHX:species=Potato],Solyc07g066010.3.1[&&NHX:species=Tomato],Sopen07g034200.1[&&NHX:species=S. Pennelli],SLYcer07g05638.1[&&NHX:species=Tomato Cherry],Capana07g002429[&&NHX:species=Dom. pepper])S)D,Capana07g002430[&&NHX:species=Dom. pepper])D)D,(((PGSC0003DMP400038552[&&NHX:species=Potato],SLYcer07g05639.1[&&NHX:species=Tomato Cherry],Capana07g002432[&&NHX:species=Dom. pepper],Sopen07g034210.1[&&NHX:species=S. Pennelli])S,Sopen07g034210.2[&&NHX:species=S. Pennelli])D,(Capang00g001041[&&NHX:species=Wild pepper],PGSC0003DMP400038554[&&NHX:species=Potato],SPI07g06357.1[&&NHX:species=S. pimp],Solyc07g066020.2.1[&&NHX:species=Tomato])S)D,(((((Capang01g001753[&&NHX:species=Wild pepper],Capana01g002046[&&NHX:species=Dom. pepper])S,Capang07g002428[&&NHX:species=Wild pepper])D,PGSC0003DMP400020471[&&NHX:species=Potato])S,(Capang05g000649[&&NHX:species=Wild pepper],PGSC0003DMP400038555[&&NHX:species=Potato],Capana05g000762[&&NHX:species=Dom. pepper])S)D,(Capang02g003333[&&NHX:species=Wild pepper],Solyc12g027890.1.1[&&NHX:species=Tomato])S)D,(((Solyc05g009700.4.1[&&NHX:species=Tomato],SLYcer05g00629.1[&&NHX:species=Tomato Cherry],SPI05g00662.1[&&NHX:species=S. pimp],PGSC0003DMP400001563[&&NHX:species=Potato],Sopen05g005520.1[&&NHX:species=S. Pennelli])S,PGSC0003DMP400001562[&&NHX:species=Potato])D,Capang11g002150[&&NHX:species=Wild pepper])S,((Capana08g002210[&&NHX:species=Dom. pepper],Sopen01g049110.1[&&NHX:species=S. Pennelli],SLYcer01g08067.1[&&NHX:species=Tomato Cherry],Capang01g004759[&&NHX:species=Wild pepper],Solyc01g106800.4.1[&&NHX:species=Tomato],SPI01g08299.1[&&NHX:species=S. pimp])S,((Capang12g000704[&&NHX:species=Wild pepper],Sopen12g030190.1[&&NHX:species=S. Pennelli],SPI12g04596.1[&&NHX:species=S. pimp],Capana12g000826[&&NHX:species=Dom. pepper],PGSC0003DMP400020470[&&NHX:species=Potato],SLYcer12g04640.1[&&NHX:species=Tomato Cherry],Solyc12g088190.2.1[&&NHX:species=Tomato])S,(PGSC0003DMP400008841[&&NHX:species=Potato],Capana04g000780[&&NHX:species=Dom. pepper],Capang04g000742[&&NHX:species=Wild pepper],SPI04g04806.1[&&NHX:species=S. pimp],Solyc04g077050.3.1[&&NHX:species=Tomato],SLYcer04g05314.1[&&NHX:species=Tomato Cherry])S)D)D,(((SLYcer12g02514.1[&&NHX:species=Tomato Cherry],Sopen12g013380.1[&&NHX:species=S. Pennelli],PGSC0003DMP400030902[&&NHX:species=Potato],Capana04g001881[&&NHX:species=Dom. pepper],Capang00g000639[&&NHX:species=Wild pepper],SPI12g02283.1[&&NHX:species=S. pimp])S,PGSC0003DMP400030901[&&NHX:species=Potato])D,(SPI05g01191.1[&&NHX:species=S. pimp],SLYcer05g01121.1[&&NHX:species=Tomato Cherry],Capang11g000225[&&NHX:species=Wild pepper],PGSC0003DMP400030468[&&NHX:species=Potato],Capana11g000230[&&NHX:species=Dom. pepper],Solyc05g014530.1.1[&&NHX:species=Tomato])S)D,((((Solyc04g082220.3.1[&&NHX:species=Tomato],Capang04g000087[&&NHX:species=Wild pepper],PGSC0003DMP400017598[&&NHX:species=Potato],Capana04g000098[&&NHX:species=Dom. pepper],SPI04g05336.1[&&NHX:species=S. pimp],SLYcer04g05823.1[&&NHX:species=Tomato Cherry],Sopen04g035850.2[&&NHX:species=S. Pennelli])S,Sopen04g035850.1[&&NHX:species=S. Pennelli])D,(Capana04g000106[&&NHX:species=Dom. pepper],Capang04g000095[&&NHX:species=Wild pepper])S)D,((SLYcer10g04842.1[&&NHX:species=Tomato Cherry],Solyc10g055740.2.1[&&NHX:species=Tomato],Sopen10g025520.1[&&NHX:species=S. Pennelli],SPI10g03333.1[&&NHX:species=S. pimp],PGSC0003DMP400019193[&&NHX:species=Potato])S,(SLYcer10g04844.1[&&NHX:species=Tomato Cherry],Solyc10g055750.1.1[&&NHX:species=Tomato])S)D)D)D;	7	5	6	Capana11g002248
OG27510	((SPI08g05827.1[&&NHX:species=S. pimp],PGSC0003DMP400041887[&&NHX:species=Potato],Solyc08g077230.3.1[&&NHX:species=Tomato],Capana01g000809[&&NHX:species=Dom. pepper],Sopen08g025810.1[&&NHX:species=S. Pennelli],SLYcer08g05937.1[&&NHX:species=Tomato Cherry],Capang01g000729[&&NHX:species=Wild pepper])S,(((PGSC0003DMP400005773[&&NHX:species=Potato],(PGSC0003DMP400005771[&&NHX:species=Potato],PGSC0003DMP400005772[&&NHX:species=Potato])D)D,(SPI07g00136.1[&&NHX:species=S. pimp],SPI07g00080.1[&&NHX:species=S. pimp])D,((Solyc07g005140.4.1[&&NHX:species=Tomato],(Sopen07g001280.1[&&NHX:species=S. Pennelli],Sopen07g001280.2[&&NHX:species=S. Pennelli])D)S,Sopen07g001280.3[&&NHX:species=S. Pennelli])D,SLYcer07g00068.1[&&NHX:species=Tomato Cherry],Capana07g000239[&&NHX:species=Dom. pepper])S,PGSC0003DMP400005770[&&NHX:species=Potato])D,(SPI07g00675.1[&&NHX:species=S. pimp],PGSC0003DMP400057992[&&NHX:species=Potato],SLYcer07g00632.1[&&NHX:species=Tomato Cherry])S,((SPI11g03739.1[&&NHX:species=S. pimp],SLYcer11g03677.1[&&NHX:species=Tomato Cherry])S,(SLYcer11g03684.1[&&NHX:species=Tomato Cherry],SPI11g03746.1[&&NHX:species=S. pimp],PGSC0003DMP400057156[&&NHX:species=Potato])S,(SPI11g03733.1[&&NHX:species=S. pimp],SLYcer11g03671.1[&&NHX:species=Tomato Cherry])S,(SLYcer11g03673.1[&&NHX:species=Tomato Cherry],SPI11g03735.1[&&NHX:species=S. pimp])S,(SLYcer11g03670.1[&&NHX:species=Tomato Cherry],SPI11g03732.1[&&NHX:species=S. pimp],Sopen11g025950.1[&&NHX:species=S. Pennelli])S,((PGSC0003DMP400068353[&&NHX:species=Potato],PGSC0003DMP400068002[&&NHX:species=Potato])D,SPI11g03741.1[&&NHX:species=S. pimp],SLYcer11g03679.1[&&NHX:species=Tomato Cherry])S)D,((SLYcer10g04166.1[&&NHX:species=Tomato Cherry],SPI10g02537.1[&&NHX:species=S. pimp])S,(Solyc10g050420.3.1[&&NHX:species=Tomato],SLYcer10g04161.1[&&NHX:species=Tomato Cherry],SPI10g02596.1[&&NHX:species=S. pimp],PGSC0003DMP400066080[&&NHX:species=Potato])S,((Solyc07g009110.3.1[&&NHX:species=Tomato],Solyc03g083340.3.1[&&NHX:species=Tomato])D,SLYcer12g02887.1[&&NHX:species=Tomato Cherry],PGSC0003DMP400058119[&&NHX:species=Potato],SPI12g02659.1[&&NHX:species=S. pimp])S)D,((Solyc05g014260.3.1[&&NHX:species=Tomato],Sopen05g009290.1[&&NHX:species=S. Pennelli],(PGSC0003DMP400021206[&&NHX:species=Potato],PGSC0003DMP400021205[&&NHX:species=Potato])D,Capang11g001093[&&NHX:species=Wild pepper],SPI05g01156.1[&&NHX:species=S. pimp],Capana11g001030[&&NHX:species=Dom. pepper],SLYcer05g01085.1[&&NHX:species=Tomato Cherry])S,((PGSC0003DMP400021208[&&NHX:species=Potato],PGSC0003DMP400021207[&&NHX:species=Potato])D,PGSC0003DMP400021209[&&NHX:species=Potato])D)D,((PGSC0003DMP400013792[&&NHX:species=Potato],Capana07g000238[&&NHX:species=Dom. pepper])S,(Capang09g000056[&&NHX:species=Wild pepper],SPI12g00634.1[&&NHX:species=S. pimp],Solyc12g010330.2.1[&&NHX:species=Tomato],Capana09g000064[&&NHX:species=Dom. pepper],(PGSC0003DMP400013791[&&NHX:species=Potato],PGSC0003DMP400013790[&&NHX:species=Potato])D,SLYcer12g00608.1[&&NHX:species=Tomato Cherry],Sopen12g005210.1[&&NHX:species=S. Pennelli])S)D,((((((Capang00g004165[&&NHX:species=Wild pepper],Capang09g001402[&&NHX:species=Wild pepper])D,Capana09g001921[&&NHX:species=Dom. pepper],SPI09g00799.1[&&NHX:species=S. pimp],PGSC0003DMP400067945[&&NHX:species=Potato],Sopen09g005070.1[&&NHX:species=S. Pennelli])S,((Capana09g001833[&&NHX:species=Dom. pepper],Capana09g001914[&&NHX:species=Dom. pepper])D,SPI12g01407.1[&&NHX:species=S. pimp],SLYcer12g01377.1[&&NHX:species=Tomato Cherry],PGSC0003DMP400056813[&&NHX:species=Potato])S)D,((PGSC0003DMP400069435[&&NHX:species=Potato],SPI10g02615.1[&&NHX:species=S. pimp],Sopen10g022060.1[&&NHX:species=S. Pennelli])S,PGSC0003DMP400008633[&&NHX:species=Potato])D)D,(((Capang09g001405[&&NHX:species=Wild pepper],PGSC0003DMP400048005[&&NHX:species=Potato],SLYcer11g01205.1[&&NHX:species=Tomato Cherry],SPI11g01338.1[&&NHX:species=S. pimp])S,PGSC0003DMP400061989[&&NHX:species=Potato])D,(SPI04g03337.1[&&NHX:species=S. pimp],SLYcer04g03614.1[&&NHX:species=Tomato Cherry])S)D)D,(((Sopen03g023090.1[&&NHX:species=S. Pennelli],PGSC0003DMP400060033[&&NHX:species=Potato])S,(PGSC0003DMP400068969[&&NHX:species=Potato],PGSC0003DMP400057536[&&NHX:species=Potato])D)D,SPI03g03422.1[&&NHX:species=S. pimp],SLYcer03g03339.1[&&NHX:species=Tomato Cherry])S)D,((SLYcer11g04130.1[&&NHX:species=Tomato Cherry],Capana01g001354[&&NHX:species=Dom. pepper],Sopen11g030000.1[&&NHX:species=S. Pennelli],Capang01g001175[&&NHX:species=Wild pepper],SPI11g04197.1[&&NHX:species=S. pimp],Solyc11g072330.2.1[&&NHX:species=Tomato])S,(PGSC0003DMP400060683[&&NHX:species=Potato],SPI01g07011.1[&&NHX:species=S. pimp],Sopen01g037580.1[&&NHX:species=S. Pennelli],SLYcer01g06850.1[&&NHX:species=Tomato Cherry],Solyc01g091810.1.1[&&NHX:species=Tomato])S)D,((SPI03g00741.1[&&NHX:species=S. pimp],Solyc03g026250.3.1[&&NHX:species=Tomato],SLYcer03g00519.1[&&NHX:species=Tomato Cherry])S,((((((SLYcer07g00715.1[&&NHX:species=Tomato Cherry],(SPI07g00765.1[&&NHX:species=S. pimp],SLYcer07g00722.1[&&NHX:species=Tomato Cherry])S)D,(PGSC0003DMP400051406[&&NHX:species=Potato],SPI07g00754.1[&&NHX:species=S. pimp])S)D,((Solyc07g017330.3.1[&&NHX:species=Tomato],SPI07g00928.1[&&NHX:species=S. pimp],SLYcer07g00909.1[&&NHX:species=Tomato Cherry])S,SLYcer07g00729.1[&&NHX:species=Tomato Cherry])D)D,(((Solyc07g017310.1.1[&&NHX:species=Tomato],Solyc07g009560.3.1[&&NHX:species=Tomato])D,SPI07g00743.1[&&NHX:species=S. pimp],Sopen07g005420.1[&&NHX:species=S. Pennelli])S,(Solyc07g009580.2.1[&&NHX:species=Tomato],(SPI07g00759.1[&&NHX:species=S. pimp],SPI07g00747.1[&&NHX:species=S. pimp])D)S)D)D,(SLYcer07g01299.1[&&NHX:species=Tomato Cherry],SPI07g01324.1[&&NHX:species=S. pimp],PGSC0003DMP400024332[&&NHX:species=Potato])S)D,(((SLYcer07g01275.1[&&NHX:species=Tomato Cherry],SPI07g01298.1[&&NHX:species=S. pimp])S,(SLYcer07g01297.1[&&NHX:species=Tomato Cherry],SPI07g01323.1[&&NHX:species=S. pimp])S)D,PGSC0003DMP400040748[&&NHX:species=Potato])S)D)D,((((SPI12g01405.1[&&NHX:species=S. pimp],SLYcer12g01375.1[&&NHX:species=Tomato Cherry])S,(Solyc11g019990.4.1[&&NHX:species=Tomato],Sopen11g010130.1[&&NHX:species=S. Pennelli],SLYcer09g00889.1[&&NHX:species=Tomato Cherry])S)D,(SPI12g01384.1[&&NHX:species=S. pimp],SLYcer12g01350.1[&&NHX:species=Tomato Cherry])S)D,Solyc04g051080.2.1[&&NHX:species=Tomato])D)D;	8	5	56	Capang07g000246,SLYcer07g00711.1,SLYcer07g00736.1,Solyc07g019550.1.1
OG27513	((Solyc09g005490.1.1[&&NHX:species=Tomato],SLYcer09g00231.1[&&NHX:species=Tomato Cherry],Sopen09g001400.1[&&NHX:species=S. Pennelli],SPI09g00158.1[&&NHX:species=S. pimp])S,((Solyc03g083550.1.1[&&NHX:species=Tomato],SLYcer03g03365.1[&&NHX:species=Tomato Cherry],Capana03g002503[&&NHX:species=Dom. pepper],Sopen03g023360.1[&&NHX:species=S. Pennelli],Capang03g002414[&&NHX:species=Wild pepper],PGSC0003DMP400039878[&&NHX:species=Potato],SPI03g03450.1[&&NHX:species=S. pimp])S,(((Solyc01g091200.4.1[&&NHX:species=Tomato],Capang01g001201[&&NHX:species=Wild pepper],Sopen01g036950.1[&&NHX:species=S. Pennelli],SLYcer01g06789.1[&&NHX:species=Tomato Cherry],Capana01g001379[&&NHX:species=Dom. pepper],PGSC0003DMP400045107[&&NHX:species=Potato],SPI01g07071.1[&&NHX:species=S. pimp])S,(Capana00g003993[&&NHX:species=Dom. pepper],SPI05g04338.1[&&NHX:species=S. pimp],Capang00g002849[&&NHX:species=Wild pepper],SLYcer10g02635.1[&&NHX:species=Tomato Cherry],Sopen05g029460.1[&&NHX:species=S. Pennelli],PGSC0003DMP400012428[&&NHX:species=Potato],Solyc05g050990.1.1[&&NHX:species=Tomato])S)D,(Capang02g000061[&&NHX:species=Wild pepper],PGSC0003DMP400016949[&&NHX:species=Potato],Solyc10g018260.1.1[&&NHX:species=Tomato],Sopen10g007490.1[&&NHX:species=S. Pennelli],Capana02g000064[&&NHX:species=Dom. pepper],SLYcer10g01027.1[&&NHX:species=Tomato Cherry],SPI10g00900.1[&&NHX:species=S. pimp])S)D)D,(((Sopen12g024400.1[&&NHX:species=S. Pennelli],Solyc12g055930.3.1[&&NHX:species=Tomato],SPI12g04380.1[&&NHX:species=S. pimp],Capana12g001066[&&NHX:species=Dom. pepper],PGSC0003DMP400008909[&&NHX:species=Potato],SLYcer12g04426.1[&&NHX:species=Tomato Cherry])S,(PGSC0003DMP400008908[&&NHX:species=Potato],Capang12g000920[&&NHX:species=Wild pepper])S)D,((SLYcer08g06462.1[&&NHX:species=Tomato Cherry],PGSC0003DMP400021728[&&NHX:species=Potato],Solyc08g082440.3.1[&&NHX:species=Tomato],Capana00g003378[&&NHX:species=Dom. pepper],SPI08g06370.1[&&NHX:species=S. pimp],Sopen08g030690.1[&&NHX:species=S. Pennelli],Capang00g003708[&&NHX:species=Wild pepper])S,PGSC0003DMP400021729[&&NHX:species=Potato])D)D,((((PGSC0003DMP400013781[&&NHX:species=Potato],SPI12g00657.1[&&NHX:species=S. pimp],SLYcer12g00631.1[&&NHX:species=Tomato Cherry],Solyc12g010540.1.1[&&NHX:species=Tomato],Sopen12g005550.1[&&NHX:species=S. Pennelli],Capang09g000100[&&NHX:species=Wild pepper],Capana09g000101[&&NHX:species=Dom. pepper])S,(PGSC0003DMP400019858[&&NHX:species=Potato],Capang12g001683[&&NHX:species=Wild pepper],Capana00g003684[&&NHX:species=Dom. pepper],SLYcer07g00245.1[&&NHX:species=Tomato Cherry],Solyc07g006220.2.1[&&NHX:species=Tomato],Sopen07g002320.1[&&NHX:species=S. Pennelli],SPI07g00314.1[&&NHX:species=S. pimp])S)D,((Sopen12g033320.1[&&NHX:species=S. Pennelli],Sopen12g033260.1[&&NHX:species=S. Pennelli])D,PGSC0003DMP400008248[&&NHX:species=Potato],Capang12g000226[&&NHX:species=Wild pepper],Capana12g000259[&&NHX:species=Dom. pepper])S)D,((PGSC0003DMP400027609[&&NHX:species=Potato],Solyc05g053790.1.1[&&NHX:species=Tomato],SLYcer10g02261.1[&&NHX:species=Tomato Cherry],Sopen05g032260.1[&&NHX:species=S. Pennelli],SPI05g04698.1[&&NHX:species=S. pimp])S,(Capang03g003942[&&NHX:species=Wild pepper],Solyc09g092330.3.1[&&NHX:species=Tomato],PGSC0003DMP400035783[&&NHX:species=Potato],Capana03g004088[&&NHX:species=Dom. pepper],SPI09g04860.1[&&NHX:species=S. pimp],Sopen09g035230.1[&&NHX:species=S. Pennelli],SLYcer09g05189.1[&&NHX:species=Tomato Cherry])S)D)D,((((PGSC0003DMP400041367[&&NHX:species=Potato],PGSC0003DMP400030739[&&NHX:species=Potato])D,SPI09g00123.1[&&NHX:species=S. pimp],Solyc09g005530.3.1[&&NHX:species=Tomato],Sopen09g001700.1[&&NHX:species=S. Pennelli],Capana10g001514[&&NHX:species=Dom. pepper])S,((Solyc12g099480.2.1[&&NHX:species=Tomato],Sopen12g034150.1[&&NHX:species=S. Pennelli],Capang12g000120[&&NHX:species=Wild pepper],Capana12g000146[&&NHX:species=Dom. pepper])S,((PGSC0003DMP400020066[&&NHX:species=Potato],SPI01g05896.1[&&NHX:species=S. pimp],SLYcer01g05726.1[&&NHX:species=Tomato Cherry],Sopen01g028320.1[&&NHX:species=S. Pennelli],Solyc01g066700.4.1[&&NHX:species=Tomato])S,PGSC0003DMP400008194[&&NHX:species=Potato])D)D)D,(((SPI09g04153.1[&&NHX:species=S. pimp],Solyc09g075120.3.1[&&NHX:species=Tomato],PGSC0003DMP400020148[&&NHX:species=Potato],SLYcer09g04359.1[&&NHX:species=Tomato Cherry],Capang03g003538[&&NHX:species=Wild pepper])S,SLYcer12g05151.1[&&NHX:species=Tomato Cherry])D,(Capana03g003630[&&NHX:species=Dom. pepper],Sopen09g029940.1[&&NHX:species=S. Pennelli],PGSC0003DMP400020147[&&NHX:species=Potato])S)D)D,((PGSC0003DMP400020067[&&NHX:species=Potato],SPI12g05102.1[&&NHX:species=S. pimp],Solyc01g066710.4.1[&&NHX:species=Tomato])S,((Capana12g000147[&&NHX:species=Dom. pepper],PGSC0003DMP400020146[&&NHX:species=Potato],Sopen09g029930.1[&&NHX:species=S. Pennelli])S,Capana10g001513[&&NHX:species=Dom. pepper])D)D,((Sopen08g027810.1[&&NHX:species=S. Pennelli],Solyc08g079440.1.1[&&NHX:species=Tomato],Capana01g000377[&&NHX:species=Dom. pepper],Capang01g000344[&&NHX:species=Wild pepper],PGSC0003DMP400007048[&&NHX:species=Potato])S,(PGSC0003DMP400007049[&&NHX:species=Potato],SPI08g06068.1[&&NHX:species=S. pimp])S)D,((Capang09g001575[&&NHX:species=Wild pepper],Capana09g002040[&&NHX:species=Dom. pepper],SLYcer09g00261.1[&&NHX:species=Tomato Cherry],SPI09g00167.1[&&NHX:species=S. pimp],PGSC0003DMP400041368[&&NHX:species=Potato])S,(SPI10g04430.1[&&NHX:species=S. pimp],Capang10g001284[&&NHX:species=Wild pepper],Sopen10g035300.1[&&NHX:species=S. Pennelli],SLYcer10g05895.1[&&NHX:species=Tomato Cherry])S)D,((SPI05g04791.1[&&NHX:species=S. pimp],Capang01g001083[&&NHX:species=Wild pepper],SLYcer10g02188.1[&&NHX:species=Tomato Cherry],Solyc05g054590.4.1[&&NHX:species=Tomato])S,(((Capang05g000314[&&NHX:species=Wild pepper],(Sopen05g033070.1[&&NHX:species=S. Pennelli],(Sopen04g005590.1[&&NHX:species=S. Pennelli],Solyc04g011400.3.1[&&NHX:species=Tomato],SLYcer04g00899.1[&&NHX:species=Tomato Cherry],SPI04g00714.1[&&NHX:species=S. pimp])S)D)S,Capang05g001912[&&NHX:species=Wild pepper])D,(SLYcer11g03668.1[&&NHX:species=Tomato Cherry],PGSC0003DMP400000791[&&NHX:species=Potato],SPI11g03730.1[&&NHX:species=S. pimp],Sopen11g025920.1[&&NHX:species=S. Pennelli],Solyc11g066150.3.1[&&NHX:species=Tomato])S)D)D)D;	5	4	156	Capana05g000358,Capana05g000395,Solyc09g005810.4.1,Solyc10g085920.3.1,PGSC0003DMP400048231,PGSC0003DMP400040721
OG27631	(((PGSC0003DMP400053479[&&NHX:species=Potato],(SLYcer07g00340.1[&&NHX:species=Tomato Cherry],Sopen07g003090.1[&&NHX:species=S. Pennelli],Solyc07g007020.3.1[&&NHX:species=Tomato],Capang07g000277[&&NHX:species=Wild pepper],SPI07g00408.1[&&NHX:species=S. pimp],PGSC0003DMP400019378[&&NHX:species=Potato])S,PGSC0003DMP400019379[&&NHX:species=Potato])D,((((((Solyc09g014710.4.1[&&NHX:species=Tomato],Sopen09g007550.1[&&NHX:species=S. Pennelli],SPI09g01133.1[&&NHX:species=S. pimp],PGSC0003DMP400014920[&&NHX:species=Potato],Capang12g001881[&&NHX:species=Wild pepper],SLYcer09g01258.1[&&NHX:species=Tomato Cherry])S,((((PGSC0003DMP400014887[&&NHX:species=Potato],PGSC0003DMP400044476[&&NHX:species=Potato])D,SPI09g01134.1[&&NHX:species=S. pimp],Solyc09g014720.3.1[&&NHX:species=Tomato],SLYcer09g01259.1[&&NHX:species=Tomato Cherry],Sopen09g007560.1[&&NHX:species=S. Pennelli])S,PGSC0003DMP400020905[&&NHX:species=Potato])D,Capana05g002086[&&NHX:species=Dom. pepper])D)D,(((Capana05g002087[&&NHX:species=Dom. pepper],SLYcer05g01627.1[&&NHX:species=Tomato Cherry],Solyc05g017770.1.1[&&NHX:species=Tomato],Capang05g001653[&&NHX:species=Wild pepper],SPI05g02130.1[&&NHX:species=S. pimp])S,Capang06g001611[&&NHX:species=Wild pepper])D,(PGSC0003DMP400014885[&&NHX:species=Potato],Sopen09g007580.1[&&NHX:species=S. Pennelli],SLYcer09g01263.1[&&NHX:species=Tomato Cherry],Solyc09g014740.3.1[&&NHX:species=Tomato])S,(((PGSC0003DMP400044477[&&NHX:species=Potato],SPI10g03593.1[&&NHX:species=S. pimp])S,PGSC0003DMP400020907[&&NHX:species=Potato])D,Capana12g002195[&&NHX:species=Dom. pepper])S)D)D,(((Sopen09g007570.1[&&NHX:species=S. Pennelli],Solyc09g014730.3.1[&&NHX:species=Tomato],PGSC0003DMP400014886[&&NHX:species=Potato],SPI09g01136.1[&&NHX:species=S. pimp],Capana11g000537[&&NHX:species=Dom. pepper])S,PGSC0003DMP400033301[&&NHX:species=Potato])D,(((PGSC0003DMP400033303[&&NHX:species=Potato],PGSC0003DMP400033306[&&NHX:species=Potato])D,(Capang10g001139[&&NHX:species=Wild pepper],Capang10g001138[&&NHX:species=Wild pepper])D)S,(((Solyc10g076530.2.1[&&NHX:species=Tomato],PGSC0003DMP400033298[&&NHX:species=Potato],Sopen10g028190.1[&&NHX:species=S. Pennelli])S,(SLYcer10g05108.1[&&NHX:species=Tomato Cherry],Solyc10g076550.1.1[&&NHX:species=Tomato],Sopen10g028160.1[&&NHX:species=S. Pennelli])S)D,PGSC0003DMP400033305[&&NHX:species=Potato])D)D)D)D,(((Capana05g002084[&&NHX:species=Dom. pepper],Capang05g001652[&&NHX:species=Wild pepper],PGSC0003DMP400058148[&&NHX:species=Potato])S,Capana10g001349[&&NHX:species=Dom. pepper])D,((Capang04g000396[&&NHX:species=Wild pepper],Capana04g000426[&&NHX:species=Dom. pepper])S,(Solyc11g072140.3.1[&&NHX:species=Tomato],PGSC0003DMP400047630[&&NHX:species=Potato],Capang11g000495[&&NHX:species=Wild pepper],SLYcer11g04108.1[&&NHX:species=Tomato Cherry],Sopen11g029790.1[&&NHX:species=S. Pennelli],SPI11g04175.1[&&NHX:species=S. pimp])S)D)D)D,((SPI09g00096.1[&&NHX:species=S. pimp],(Sopen09g001150.1[&&NHX:species=S. Pennelli],Sopen09g001150.2[&&NHX:species=S. Pennelli])D,PGSC0003DMP400020909[&&NHX:species=Potato],SLYcer09g00206.1[&&NHX:species=Tomato Cherry],Solyc09g005170.3.1[&&NHX:species=Tomato])S,(Capana02g001207[&&NHX:species=Dom. pepper],Sopen02g017830.1[&&NHX:species=S. Pennelli],SLYcer02g03655.1[&&NHX:species=Tomato Cherry],SPI02g02556.1[&&NHX:species=S. pimp],Solyc02g068660.3.1[&&NHX:species=Tomato],Capang00g000792[&&NHX:species=Wild pepper],PGSC0003DMP400018434[&&NHX:species=Potato])S)D)D)D,((((PGSC0003DMP400012235[&&NHX:species=Potato],PGSC0003DMP400012233[&&NHX:length=-1.63725:species=Potato])D,((Capang02g000909[&&NHX:species=Wild pepper],Capana02g000993[&&NHX:species=Dom. pepper],Sopen02g016890.1[&&NHX:species=S. Pennelli],SPI02g02460.1[&&NHX:species=S. pimp],Solyc02g067780.3.1[&&NHX:species=Tomato],PGSC0003DMP400012234[&&NHX:species=Potato])S,PGSC0003DMP400012232[&&NHX:species=Potato])D)D,(((Capang11g001243[&&NHX:species=Wild pepper],PGSC0003DMP400023928[&&NHX:species=Potato],Solyc05g005070.2.1[&&NHX:species=Tomato],Sopen05g001090.1[&&NHX:species=S. Pennelli])S,PGSC0003DMP400023926[&&NHX:species=Potato])D,((((Capana10g001366[&&NHX:species=Dom. pepper],Capang08g000054[&&NHX:species=Wild pepper],Solyc01g007960.3.1[&&NHX:species=Tomato],Sopen01g003510.1[&&NHX:species=S. Pennelli])S,(Sopen01g003540.1[&&NHX:species=S. Pennelli],Solyc01g007990.4.1[&&NHX:species=Tomato])S)D,(Capana06g001960[&&NHX:species=Dom. pepper],Capang06g001840[&&NHX:species=Wild pepper],Solyc01g007970.2.1[&&NHX:species=Tomato])S)D,(Solyc01g007980.4.1[&&NHX:species=Tomato],Sopen01g003520.1[&&NHX:species=S. Pennelli])S)D)D)D,(((((Capang02g003249[&&NHX:species=Wild pepper],Capana02g003525[&&NHX:species=Dom. pepper],Solyc02g086590.3.1[&&NHX:species=Tomato],PGSC0003DMP400001023[&&NHX:species=Potato],SPI02g04006.1[&&NHX:species=S. pimp],SLYcer02g05069.1[&&NHX:species=Tomato Cherry],Sopen02g031350.1[&&NHX:species=S. Pennelli])S,PGSC0003DMP400037082[&&NHX:species=Potato])D,SPI03g04504.1[&&NHX:species=S. pimp])D,(PGSC0003DMP400023929[&&NHX:species=Potato],Capana11g001240[&&NHX:species=Dom. pepper],Sopen05g001070.1[&&NHX:species=S. Pennelli])S)D,((((Solyc05g005050.3.1[&&NHX:species=Tomato],Solyc03g112730.4.1[&&NHX:species=Tomato])D,Capang02g003247[&&NHX:species=Wild pepper],PGSC0003DMP400001024[&&NHX:species=Potato])S,(Capang07g001721[&&NHX:species=Wild pepper],PGSC0003DMP400028706[&&NHX:species=Potato],Capana07g001729[&&NHX:species=Dom. pepper])S)D,(Sopen05g016420.1[&&NHX:species=S. Pennelli],Solyc05g018930.1.1[&&NHX:species=Tomato],SLYcer05g01929.1[&&NHX:species=Tomato Cherry])S)D)D)D,(((SLYcer03g04913.1[&&NHX:species=Tomato Cherry],Capang03g000464[&&NHX:species=Wild pepper],Capana03g000504[&&NHX:species=Dom. pepper],Solyc03g117180.3.1[&&NHX:species=Tomato],Sopen03g036080.1[&&NHX:species=S. Pennelli],SPI03g04968.1[&&NHX:species=S. pimp])S,((((PGSC0003DMP400024975[&&NHX:species=Potato],PGSC0003DMP400024974[&&NHX:species=Potato])D,PGSC0003DMP400024976[&&NHX:species=Potato])D,PGSC0003DMP400024973[&&NHX:species=Potato])D,PGSC0003DMP400024970[&&NHX:species=Potato])D)D,(Solyc04g045600.4.1[&&NHX:species=Tomato],SPI04g02600.1[&&NHX:species=S. pimp],PGSC0003DMP400030889[&&NHX:species=Potato],Capana04g002708[&&NHX:species=Dom. pepper])S)D,((((Capang05g000661[&&NHX:species=Wild pepper],(Capang01g002861[&&NHX:species=Wild pepper],PGSC0003DMP400039508[&&NHX:species=Potato])S)D,((((Capana00g002124[&&NHX:species=Dom. pepper],(PGSC0003DMP400051279[&&NHX:species=Potato],PGSC0003DMP400051278[&&NHX:species=Potato])D)S,PGSC0003DMP400045380[&&NHX:species=Potato])D,((Solyc04g008400.1.1[&&NHX:species=Tomato],Capana05g000771[&&NHX:species=Dom. pepper],PGSC0003DMP400051277[&&NHX:species=Potato],SLYcer04g00468.1[&&NHX:species=Tomato Cherry],SPI04g00441.1[&&NHX:species=S. pimp],Capang05g000662[&&NHX:species=Wild pepper],Sopen04g003550.1[&&NHX:species=S. Pennelli])S,Capana05g000792[&&NHX:species=Dom. pepper])D)D,(((Sopen04g003520.1[&&NHX:species=S. Pennelli],SPI04g00438.1[&&NHX:species=S. pimp],SLYcer04g00466.1[&&NHX:species=Tomato Cherry])S,(Solyc04g058110.3.1[&&NHX:species=Tomato],PGSC0003DMP400051284[&&NHX:species=Potato],Sopen04g025900.1[&&NHX:species=S. Pennelli],SPI04g03955.1[&&NHX:species=S. pimp])S)D,((PGSC0003DMP400039507[&&NHX:species=Potato],(((PGSC0003DMP400051283[&&NHX:species=Potato],Solyc04g008370.3.1[&&NHX:species=Tomato])S,PGSC0003DMP400051282[&&NHX:species=Potato])D,SPI04g00440.1[&&NHX:species=S. pimp])S)D,((PGSC0003DMP400038887[&&NHX:species=Potato],PGSC0003DMP400038888[&&NHX:species=Potato])D,PGSC0003DMP400038889[&&NHX:species=Potato])D)D)D)D)D,(((PGSC0003DMP400024492[&&NHX:species=Potato],SPI02g03251.1[&&NHX:species=S. pimp],Capana02g002119[&&NHX:species=Dom. pepper],Solyc02g079550.3.1[&&NHX:species=Tomato],(Sopen02g024370.1[&&NHX:species=S. Pennelli],Sopen00g007450.1[&&NHX:species=S. Pennelli])D)S,(PGSC0003DMP400024490[&&NHX:species=Potato],PGSC0003DMP400024491[&&NHX:length=-0.0:species=Potato])D)D,((Capana09g001848[&&NHX:species=Dom. pepper],PGSC0003DMP400003612[&&NHX:species=Potato],Capang09g001408[&&NHX:species=Wild pepper])S,(((Solyc02g079540.2.1[&&NHX:species=Tomato],Capang02g001911[&&NHX:species=Wild pepper],Sopen02g024360.1[&&NHX:species=S. Pennelli],SPI02g03250.1[&&NHX:species=S. pimp],SLYcer02g04355.1[&&NHX:species=Tomato Cherry],Capana02g002122[&&NHX:species=Dom. pepper])S,Capana02g002120[&&NHX:species=Dom. pepper])D,(Capana02g002123[&&NHX:species=Dom. pepper],(PGSC0003DMP400038812[&&NHX:species=Potato],(PGSC0003DMP400038810[&&NHX:species=Potato],PGSC0003DMP400038811[&&NHX:length=-0.49336:species=Potato])D)D,Sopen02g024350.1[&&NHX:species=S. Pennelli],Solyc02g079530.4.1[&&NHX:species=Tomato],SPI02g03249.1[&&NHX:species=S. pimp])S)D)D)D)D,((((((Sopen03g002750.1[&&NHX:species=S. Pennelli],Sopen03g002750.2[&&NHX:species=S. Pennelli])D,SPI03g00460.1[&&NHX:species=S. pimp],SLYcer03g00260.1[&&NHX:species=Tomato Cherry],Capana00g002125[&&NHX:species=Dom. pepper])S,(Solyc03g006720.1.1[&&NHX:species=Tomato],SPI03g00458.1[&&NHX:species=S. pimp])S)D,(((Capang05g000655[&&NHX:species=Wild pepper],((SPI03g00459.1[&&NHX:species=S. pimp],Sopen03g002740.2[&&NHX:species=S. Pennelli])S,(Solyc03g006730.3.1[&&NHX:species=Tomato],Sopen03g002740.1[&&NHX:species=S. Pennelli],SLYcer03g00259.1[&&NHX:species=Tomato Cherry],Capang04g002250[&&NHX:species=Wild pepper])S)D)D,Capang07g001570[&&NHX:species=Wild pepper])D,SLYcer03g03052.1[&&NHX:species=Tomato Cherry])D)D,(SLYcer02g04357.1[&&NHX:species=Tomato Cherry],Capana02g002116[&&NHX:species=Dom. pepper],SPI02g03256.1[&&NHX:species=S. pimp],Sopen02g024400.1[&&NHX:species=S. Pennelli])S)D,((Capana10g000565[&&NHX:species=Dom. pepper],Solyc10g005440.3.1[&&NHX:species=Tomato],PGSC0003DMP400019915[&&NHX:species=Potato],Capang10g000426[&&NHX:species=Wild pepper],SLYcer10g00268.1[&&NHX:species=Tomato Cherry],Sopen10g001420.1[&&NHX:species=S. Pennelli])S,(PGSC0003DMP400024488[&&NHX:species=Potato],Capana02g002117[&&NHX:species=Dom. pepper],Solyc02g079570.4.1[&&NHX:species=Tomato],Sopen02g024390.1[&&NHX:species=S. Pennelli])S)D)D)D,((((((Solyc07g063700.2.1[&&NHX:species=Tomato],SPI07g06128.1[&&NHX:species=S. pimp],PGSC0003DMP400033435[&&NHX:species=Potato],SLYcer07g05410.1[&&NHX:species=Tomato Cherry])S,(PGSC0003DMP400033434[&&NHX:species=Potato],Solyc07g063710.2.1[&&NHX:species=Tomato])S)D,(Capana07g002251[&&NHX:species=Dom. pepper],Capana07g002252[&&NHX:species=Dom. pepper])D)S,((SPI05g00576.1[&&NHX:species=S. pimp],Sopen07g031880.1[&&NHX:species=S. Pennelli],Capang10g000038[&&NHX:species=Wild pepper],SLYcer04g05342.1[&&NHX:species=Tomato Cherry])S,(Sopen07g031890.1[&&NHX:species=S. Pennelli],PGSC0003DMP400033498[&&NHX:species=Potato],Capang07g002273[&&NHX:species=Wild pepper],SPI07g06129.1[&&NHX:species=S. pimp],SLYcer07g05411.1[&&NHX:species=Tomato Cherry])S)D)D,((SLYcer10g00403.1[&&NHX:species=Tomato Cherry],PGSC0003DMP400043385[&&NHX:species=Potato],Sopen10g002640.1[&&NHX:species=S. Pennelli],Solyc10g006720.4.1[&&NHX:species=Tomato])S,(SPI07g06131.1[&&NHX:species=S. pimp],PGSC0003DMP400033433[&&NHX:species=Potato],Solyc07g063750.3.1[&&NHX:species=Tomato])S)D)D,((((Solyc10g006710.4.1[&&NHX:species=Tomato],SPI10g00272.1[&&NHX:species=S. pimp],Sopen10g002630.3[&&NHX:species=S. Pennelli])S,Sopen10g002630.2[&&NHX:species=S. Pennelli])D,Capana10g000044[&&NHX:species=Dom. pepper])S,((Solyc07g063770.3.1[&&NHX:species=Tomato],Sopen07g031900.1[&&NHX:species=S. Pennelli],SPI07g06132.1[&&NHX:species=S. pimp],SLYcer07g05414.1[&&NHX:species=Tomato Cherry],PGSC0003DMP400033493[&&NHX:species=Potato])S,((PGSC0003DMP400033419[&&NHX:species=Potato],PGSC0003DMP400033418[&&NHX:species=Potato])D,Sopen07g031920.1[&&NHX:species=S. Pennelli],(Capana07g002260[&&NHX:species=Dom. pepper],Capana07g002269[&&NHX:species=Dom. pepper])D,SLYcer07g05416.1[&&NHX:species=Tomato Cherry],Solyc07g063820.3.1[&&NHX:species=Tomato])S)D)D,((SLYcer01g00442.1[&&NHX:species=Tomato Cherry],SPI01g00469.1[&&NHX:species=S. pimp])S,((SPI02g03258.1[&&NHX:species=S. pimp],Capana02g002110[&&NHX:species=Dom. pepper],SLYcer02g04359.1[&&NHX:species=Tomato Cherry],PGSC0003DMP400067047[&&NHX:species=Potato])S,PGSC0003DMP400056963[&&NHX:species=Potato])D)D,(((((PGSC0003DMP400033422[&&NHX:species=Potato],(SPI07g06134.1[&&NHX:species=S. pimp],Solyc07g063810.2.1[&&NHX:species=Tomato],PGSC0003DMP400033491[&&NHX:species=Potato],SLYcer07g05415.1[&&NHX:species=Tomato Cherry])S)D,Solyc07g063780.2.1[&&NHX:species=Tomato])D,(Capana07g002257[&&NHX:species=Dom. pepper],(Capana09g000429[&&NHX:species=Dom. pepper],Capana07g002259[&&NHX:species=Dom. pepper])D)D)S,(((Capang04g000706[&&NHX:species=Wild pepper],Capang07g002274[&&NHX:species=Wild pepper])D,(Sopen12g001270.1[&&NHX:species=S. Pennelli],Sopen12g001270.2[&&NHX:species=S. Pennelli])D,PGSC0003DMP400037773[&&NHX:species=Potato],Solyc12g005290.2.1[&&NHX:species=Tomato])S,PGSC0003DMP400037774[&&NHX:species=Potato])D)D,(((((((PGSC0003DMP400033425[&&NHX:species=Potato],PGSC0003DMP400033428[&&NHX:species=Potato])D,PGSC0003DMP400033423[&&NHX:species=Potato])D,PGSC0003DMP400033427[&&NHX:species=Potato])D,PGSC0003DMP400033424[&&NHX:length=-0.0:species=Potato])D,PGSC0003DMP400033492[&&NHX:species=Potato])D,Solyc02g079620.3.1[&&NHX:species=Tomato],SLYcer12g00112.1[&&NHX:species=Tomato Cherry])S,((Sopen07g031910.1[&&NHX:species=S. Pennelli],Sopen07g031910.2[&&NHX:species=S. Pennelli])D,PGSC0003DMP400033421[&&NHX:species=Potato],Capana07g002261[&&NHX:species=Dom. pepper],Solyc07g063800.2.1[&&NHX:species=Tomato])S)D)D,((Solyc10g006690.4.1[&&NHX:species=Tomato],SPI10g00269.1[&&NHX:species=S. pimp],Capana10g000042[&&NHX:species=Dom. pepper],Sopen10g002610.1[&&NHX:species=S. Pennelli],SLYcer10g00400.1[&&NHX:species=Tomato Cherry])S,Capana10g000040[&&NHX:species=Dom. pepper])D,(((SPI02g03293.1[&&NHX:species=S. pimp],Sopen02g024760.1[&&NHX:species=S. Pennelli])S,((SLYcer09g01085.1[&&NHX:species=Tomato Cherry],Sopen10g018150.1[&&NHX:species=S. Pennelli])S,((Sopen02g024790.1[&&NHX:species=S. Pennelli],Capang04g002367[&&NHX:species=Wild pepper])S,(SLYcer05g00095.1[&&NHX:species=Tomato Cherry],Capana04g002760[&&NHX:species=Dom. pepper],SPI05g00106.1[&&NHX:species=S. pimp])S)D)D)D,(Capana07g002262[&&NHX:species=Dom. pepper],SLYcer07g05413.1[&&NHX:species=Tomato Cherry],SPI07g06133.1[&&NHX:species=S. pimp],Capang07g002276[&&NHX:species=Wild pepper])S)D)D,((((((Capana04g000727[&&NHX:species=Dom. pepper],Solyc04g077310.3.1[&&NHX:species=Tomato],SPI04g04834.1[&&NHX:species=S. pimp],PGSC0003DMP400008764[&&NHX:species=Potato])S,((SLYcer04g05341.1[&&NHX:species=Tomato Cherry],Sopen04g030900.1[&&NHX:species=S. Pennelli])S,(SLYcer04g05339.1[&&NHX:species=Tomato Cherry],Capana04g000732[&&NHX:species=Dom. pepper],Sopen04g030880.1[&&NHX:species=S. Pennelli])S)D)D,((PGSC0003DMP400008762[&&NHX:species=Potato],SPI04g04839.1[&&NHX:species=S. pimp],SLYcer04g05344.1[&&NHX:species=Tomato Cherry],Capana04g000745[&&NHX:species=Dom. pepper])S,(Capana04g000729[&&NHX:species=Dom. pepper],Sopen02g009650.1[&&NHX:species=S. Pennelli])S)D)D,(((((Capana11g000300[&&NHX:species=Dom. pepper],SPI04g04836.1[&&NHX:species=S. pimp],Capang11g000274[&&NHX:species=Wild pepper])S,Capana04g000738[&&NHX:species=Dom. pepper])D,((Sopen04g030890.1[&&NHX:species=S. Pennelli],Capang04g000699[&&NHX:species=Wild pepper])S,Sopen04g030890.2[&&NHX:species=S. Pennelli])D)D,(((Sopen04g030930.1[&&NHX:species=S. Pennelli],(SPI04g04844.1[&&NHX:species=S. pimp],SPI04g04845.1[&&NHX:species=S. pimp])D,SLYcer04g05348.1[&&NHX:species=Tomato Cherry],Solyc04g077360.3.1[&&NHX:species=Tomato])S,SLYcer04g05347.1[&&NHX:species=Tomato Cherry])D,Capana04g000725[&&NHX:species=Dom. pepper])S)D,(((Sopen04g030910.1[&&NHX:species=S. Pennelli],Sopen04g030910.2[&&NHX:species=S. Pennelli])D,((SPI04g04842.1[&&NHX:species=S. pimp],SLYcer04g05346.1[&&NHX:species=Tomato Cherry])S,SPI04g04843.1[&&NHX:species=S. pimp])D)S,Capana04g000743[&&NHX:species=Dom. pepper])D)D)D,((((SLYcer04g05333.1[&&NHX:species=Tomato Cherry],Capana04g000739[&&NHX:species=Dom. pepper],SPI04g04827.1[&&NHX:species=S. pimp],PGSC0003DMP400008763[&&NHX:species=Potato])S,(Sopen04g030850.1[&&NHX:species=S. Pennelli],PGSC0003DMP400008766[&&NHX:species=Potato],Capang04g000708[&&NHX:species=Wild pepper],Solyc04g077270.4.1[&&NHX:species=Tomato],Capana04g000742[&&NHX:species=Dom. pepper])S)D,(Capana04g000737[&&NHX:species=Dom. pepper],PGSC0003DMP400008765[&&NHX:species=Potato])S)D,(((SLYcer04g05335.1[&&NHX:species=Tomato Cherry],SPI04g04828.1[&&NHX:species=S. pimp])S,SLYcer04g05334.1[&&NHX:species=Tomato Cherry])D,(Capana04g000740[&&NHX:species=Dom. pepper],Sopen04g030860.1[&&NHX:species=S. Pennelli],SPI04g04829.1[&&NHX:species=S. pimp],Solyc04g077280.3.1[&&NHX:species=Tomato])S)D)D)D,((Capana02g000166[&&NHX:species=Dom. pepper],(PGSC0003DMP400031299[&&NHX:species=Potato],PGSC0003DMP400031298[&&NHX:species=Potato],PGSC0003DMP400031300[&&NHX:species=Potato])D,Capang02g000165[&&NHX:species=Wild pepper])S,(((Sopen02g009650.2[&&NHX:species=S. Pennelli],(PGSC0003DMP400031306[&&NHX:species=Potato],Sopen02g005540.1[&&NHX:species=S. Pennelli])S)D,Capana02g000162[&&NHX:species=Dom. pepper],Capang02g000164[&&NHX:species=Wild pepper])S,((Capana02g003377[&&NHX:species=Dom. pepper],Capang02g003114[&&NHX:species=Wild pepper])S,((Capana02g000175[&&NHX:species=Dom. pepper],Solyc02g030300.3.1[&&NHX:species=Tomato],PGSC0003DMP400031305[&&NHX:species=Potato],SLYcer02g02441.1[&&NHX:species=Tomato Cherry],Capang02g000172[&&NHX:species=Wild pepper])S,PGSC0003DMP400031307[&&NHX:species=Potato])D)D)D)D)D,((Capana08g000947[&&NHX:species=Dom. pepper],Sopen01g038610.1[&&NHX:species=S. Pennelli],SLYcer01g06959.1[&&NHX:species=Tomato Cherry],(PGSC0003DMP400000386[&&NHX:species=Potato],PGSC0003DMP400000385[&&NHX:species=Potato])D,Solyc01g094830.4.1[&&NHX:species=Tomato],Capang01g003530[&&NHX:species=Wild pepper],SPI01g07207.1[&&NHX:species=S. pimp])S,(((Capana07g001598[&&NHX:species=Dom. pepper],Sopen07g026780.1[&&NHX:species=S. Pennelli],PGSC0003DMP400064918[&&NHX:species=Potato],Capang07g001590[&&NHX:species=Wild pepper],Solyc07g053220.2.1[&&NHX:species=Tomato])S,Capana00g000372[&&NHX:species=Dom. pepper])D,(((((PGSC0003DMP400014968[&&NHX:species=Potato],PGSC0003DMP400014967[&&NHX:length=-2.21494:species=Potato])D,PGSC0003DMP400014969[&&NHX:length=-2.65872:species=Potato])D,((PGSC0003DMP400045438[&&NHX:species=Potato],PGSC0003DMP400045383[&&NHX:species=Potato])D,PGSC0003DMP400045382[&&NHX:species=Potato])D)D,(SLYcer07g00681.1[&&NHX:species=Tomato Cherry],SLYcer07g00679.1[&&NHX:species=Tomato Cherry])D)S,((SLYcer07g00684.1[&&NHX:species=Tomato Cherry],SLYcer07g00682.1[&&NHX:species=Tomato Cherry])D,SPI07g00717.1[&&NHX:species=S. pimp],Solyc07g009443.1.1[&&NHX:species=Tomato])S)D)D)D,((SPI07g05534.1[&&NHX:species=S. pimp],Sopen07g026630.1[&&NHX:species=S. Pennelli],SLYcer07g04814.1[&&NHX:species=Tomato Cherry],Capana07g001582[&&NHX:species=Dom. pepper],Capang07g001567[&&NHX:species=Wild pepper],Solyc07g053080.4.1[&&NHX:species=Tomato],PGSC0003DMP400045385[&&NHX:species=Potato])S,(Capana07g001584[&&NHX:species=Dom. pepper],Sopen07g026640.1[&&NHX:species=S. Pennelli],SLYcer07g04818.1[&&NHX:species=Tomato Cherry],Capang07g001569[&&NHX:species=Wild pepper],SPI07g05540.1[&&NHX:species=S. pimp],(PGSC0003DMP400045435[&&NHX:species=Potato],PGSC0003DMP400045433[&&NHX:species=Potato],PGSC0003DMP400045434[&&NHX:species=Potato])D,Solyc07g053100.4.1[&&NHX:species=Tomato])S)D,((Capang07g000275[&&NHX:species=Wild pepper],Capana07g000274[&&NHX:species=Dom. pepper])S,(Capang02g003407[&&NHX:species=Wild pepper],Solyc02g094580.3.1[&&NHX:species=Tomato],Capana02g003684[&&NHX:species=Dom. pepper],PGSC0003DMP400035046[&&NHX:species=Potato])S,((Capana01g004044[&&NHX:species=Dom. pepper],Capang00g002665[&&NHX:species=Wild pepper])S,Capana04g002581[&&NHX:species=Dom. pepper])D)D,((((Capana02g002109[&&NHX:species=Dom. pepper],SLYcer02g04360.1[&&NHX:species=Tomato Cherry],PGSC0003DMP400024482[&&NHX:species=Potato],Solyc02g079640.3.1[&&NHX:species=Tomato],SPI02g03259.1[&&NHX:species=S. pimp])S,Capana02g002111[&&NHX:species=Dom. pepper])D,(Solyc03g006780.2.1[&&NHX:species=Tomato],Sopen03g002780.1[&&NHX:species=S. Pennelli])S)D,(((SPI03g00461.1[&&NHX:species=S. pimp],SLYcer03g00261.1[&&NHX:species=Tomato Cherry])S,(Capana04g002585[&&NHX:species=Dom. pepper],PGSC0003DMP400008991[&&NHX:species=Potato],SPI03g00472.1[&&NHX:species=S. pimp],Solyc03g006770.4.1[&&NHX:species=Tomato],Capang04g002243[&&NHX:species=Wild pepper],Sopen03g002770.1[&&NHX:species=S. Pennelli])S[&&NHX:length=-1.58761])D,((SPI02g03257.1[&&NHX:species=S. pimp],Solyc02g079590.3.1[&&NHX:species=Tomato],PGSC0003DMP400024486[&&NHX:species=Potato],Sopen02g024410.1[&&NHX:species=S. Pennelli],SLYcer02g04358.1[&&NHX:species=Tomato Cherry])S,(Capana02g002115[&&NHX:species=Dom. pepper],PGSC0003DMP400024485[&&NHX:species=Potato])S)D)D)D,((Sopen04g030960.1[&&NHX:species=S. Pennelli],Capana04g000747[&&NHX:species=Dom. pepper],SLYcer04g05351.1[&&NHX:species=Tomato Cherry])S,((Capana07g001909[&&NHX:species=Dom. pepper],(PGSC0003DMP400033494[&&NHX:species=Potato],PGSC0003DMP400033495[&&NHX:species=Potato],PGSC0003DMP400033496[&&NHX:species=Potato])D,SLYcer07g00674.1[&&NHX:species=Tomato Cherry],SPI07g00712.1[&&NHX:species=S. pimp])S,(SLYcer07g00685.1[&&NHX:species=Tomato Cherry],Solyc07g009440.2.1[&&NHX:species=Tomato],Capana02g000074[&&NHX:species=Dom. pepper],Capang02g000013[&&NHX:species=Wild pepper])S)D,(((SLYcer04g05337.1[&&NHX:species=Tomato Cherry],SPI04g04831.1[&&NHX:species=S. pimp])S,(SPI10g00271.1[&&NHX:species=S. pimp],Sopen10g002630.1[&&NHX:species=S. Pennelli],SLYcer10g00402.1[&&NHX:species=Tomato Cherry])S)D,(Capang04g000705[&&NHX:species=Wild pepper],Capang00g001442[&&NHX:species=Wild pepper])D)S,(SPI02g00380.1[&&NHX:species=S. pimp],SLYcer02g01418.1[&&NHX:species=Tomato Cherry])S,(((SLYcer11g03007.1[&&NHX:species=Tomato Cherry],PGSC0003DMP400057945[&&NHX:species=Potato])S,(Capang04g000701[&&NHX:species=Wild pepper],SPI05g02147.1[&&NHX:species=S. pimp],SLYcer05g01642.1[&&NHX:species=Tomato Cherry])S)D,(SLYcer02g02459.1[&&NHX:species=Tomato Cherry],SPI02g01353.1[&&NHX:species=S. pimp],Sopen02g009640.1[&&NHX:species=S. Pennelli],Solyc02g030380.3.1[&&NHX:species=Tomato],Capana07g002255[&&NHX:species=Dom. pepper])S)D,((SLYcer03g05219.1[&&NHX:species=Tomato Cherry],PGSC0003DMP400010042[&&NHX:species=Potato])S,((SPI12g00339.1[&&NHX:species=S. pimp],SLYcer12g00312.1[&&NHX:species=Tomato Cherry],Capana09g000349[&&NHX:species=Dom. pepper])S,Capana03g000341[&&NHX:species=Dom. pepper])D)D)D,(SLYcer02g03410.1[&&NHX:species=Tomato Cherry],PGSC0003DMP400002170[&&NHX:species=Potato],Sopen02g015720.1[&&NHX:species=S. Pennelli],Capang02g000708[&&NHX:species=Wild pepper],SPI02g02299.1[&&NHX:species=S. pimp],Capana02g000783[&&NHX:species=Dom. pepper],Solyc02g065520.1.1[&&NHX:species=Tomato])S,((((Sopen09g008910.1[&&NHX:species=S. Pennelli],Capana03g003639[&&NHX:species=Dom. pepper],PGSC0003DMP400034728[&&NHX:species=Potato])S,PGSC0003DMP400029894[&&NHX:species=Potato])D,((PGSC0003DMP400011517[&&NHX:species=Potato],SLYcer09g01365.1[&&NHX:species=Tomato Cherry],Solyc09g015240.1.1[&&NHX:species=Tomato],Capang03g003547[&&NHX:species=Wild pepper],SPI09g01219.1[&&NHX:species=S. pimp])S,(PGSC0003DMP400029893[&&NHX:species=Potato],((Sopen09g008900.1[&&NHX:species=S. Pennelli],PGSC0003DMP400011516[&&NHX:species=Potato])S,PGSC0003DMP400011896[&&NHX:species=Potato])D)D)D)D,(SLYcer06g03936.1[&&NHX:species=Tomato Cherry],SPI06g03808.1[&&NHX:species=S. pimp])S)D,((((PGSC0003DMP400010798[&&NHX:species=Potato],(PGSC0003DMP400010801[&&NHX:species=Potato],PGSC0003DMP400010799[&&NHX:species=Potato])D)D,Solyc09g083200.4.1[&&NHX:species=Tomato],Capang03g004377[&&NHX:species=Wild pepper])S,PGSC0003DMP400010800[&&NHX:species=Potato])D,(((Sopen09g032130.1[&&NHX:species=S. Pennelli],Solyc09g083210.3.1[&&NHX:species=Tomato],SLYcer09g04840.1[&&NHX:species=Tomato Cherry],SPI09g04501.1[&&NHX:species=S. pimp])S,Sopen09g032120.1[&&NHX:species=S. Pennelli])D,Capana03g004575[&&NHX:species=Dom. pepper])S)D,(((SLYcer11g03955.1[&&NHX:species=Tomato Cherry],Sopen11g028340.1[&&NHX:species=S. Pennelli],PGSC0003DMP400014242[&&NHX:species=Potato],Capana11g000063[&&NHX:species=Dom. pepper],Solyc11g069630.1.1[&&NHX:species=Tomato],SPI11g04021.1[&&NHX:species=S. pimp],Capang11g000059[&&NHX:species=Wild pepper])S,(((Solyc02g089920.1.1[&&NHX:species=Tomato],Capana02g003187[&&NHX:species=Dom. pepper],PGSC0003DMP400061022[&&NHX:species=Potato],Sopen02g034610.1[&&NHX:species=S. Pennelli])S,(SLYcer12g04727.1[&&NHX:species=Tomato Cherry],Solyc12g089020.2.1[&&NHX:species=Tomato],PGSC0003DMP400060418[&&NHX:species=Potato],Capana12g000681[&&NHX:species=Dom. pepper],Sopen12g030920.1[&&NHX:species=S. Pennelli],Capang00g005408[&&NHX:species=Wild pepper],SPI12g04686.1[&&NHX:species=S. pimp])S)D,(SLYcer02g05402.1[&&NHX:species=Tomato Cherry],Solyc02g089900.1.1[&&NHX:species=Tomato],Capang02g002892[&&NHX:species=Wild pepper],PGSC0003DMP400069450[&&NHX:species=Potato],Sopen02g034600.1[&&NHX:species=S. Pennelli],SPI02g04325.1[&&NHX:species=S. pimp],Capana02g003188[&&NHX:species=Dom. pepper])S)D)D,(SLYcer02g05796.1[&&NHX:species=Tomato Cherry],Capang02g003351[&&NHX:species=Wild pepper],PGSC0003DMP400035096[&&NHX:species=Potato],Sopen02g038660.1[&&NHX:species=S. Pennelli],Solyc02g094010.2.1[&&NHX:species=Tomato],Capana02g003631[&&NHX:species=Dom. pepper],SPI02g04718.1[&&NHX:species=S. pimp])S)D,(((((Capana07g002464[&&NHX:species=Dom. pepper],Solyc07g066550.4.1[&&NHX:species=Tomato],Sopen07g034710.1[&&NHX:species=S. Pennelli],SLYcer07g05693.1[&&NHX:species=Tomato Cherry],SPI07g06410.1[&&NHX:species=S. pimp],Capang07g002458[&&NHX:species=Wild pepper])S,Capana07g002465[&&NHX:species=Dom. pepper])D,((Solyc02g071870.4.1[&&NHX:species=Tomato],SLYcer07g05093.1[&&NHX:species=Tomato Cherry],Sopen02g020860.2[&&NHX:species=S. Pennelli])S,((Sopen02g020860.3[&&NHX:species=S. Pennelli],SLYcer02g03992.1[&&NHX:species=Tomato Cherry])S,Sopen02g020800.1[&&NHX:species=S. Pennelli])D,((PGSC0003DMP400049536[&&NHX:species=Potato],Solyc02g071880.3.1[&&NHX:species=Tomato],Sopen02g020870.1[&&NHX:species=S. Pennelli])S,(Capana02g001676[&&NHX:species=Dom. pepper],PGSC0003DMP400049530[&&NHX:species=Potato],Capang02g001506[&&NHX:species=Wild pepper])S)D)D)D,((Solyc02g071860.4.1[&&NHX:species=Tomato],SLYcer02g03988.1[&&NHX:species=Tomato Cherry],Capana02g001677[&&NHX:species=Dom. pepper],Sopen02g020850.1[&&NHX:species=S. Pennelli],SPI02g02884.1[&&NHX:species=S. pimp],Capang02g001507[&&NHX:species=Wild pepper])S,((PGSC0003DMP400049533[&&NHX:species=Potato],Solyc02g071810.4.1[&&NHX:species=Tomato],SLYcer02g03982.1[&&NHX:species=Tomato Cherry],Capang02g001510[&&NHX:species=Wild pepper],SPI02g02873.1[&&NHX:species=S. pimp],Capana02g001679[&&NHX:species=Dom. pepper])S,((SPI02g02874.1[&&NHX:species=S. pimp],Solyc02g071820.4.1[&&NHX:species=Tomato],Sopen02g020810.1[&&NHX:species=S. Pennelli],SLYcer02g03983.1[&&NHX:species=Tomato Cherry])S,Sopen08g031250.1[&&NHX:species=S. Pennelli])D)D)D)D,(((PGSC0003DMP400049857[&&NHX:species=Potato],PGSC0003DMP400049859[&&NHX:species=Potato])D,((PGSC0003DMP400049858[&&NHX:species=Potato],(Sopen12g006120.1[&&NHX:species=S. Pennelli],PGSC0003DMP400026987[&&NHX:species=Potato],Solyc12g014350.3.1[&&NHX:species=Tomato],SLYcer12g00858.1[&&NHX:species=Tomato Cherry],SPI12g00907.1[&&NHX:species=S. pimp])S)D,Capang09g000693[&&NHX:species=Wild pepper],Capana09g000758[&&NHX:species=Dom. pepper])S)D,((((Capang04g002232[&&NHX:species=Wild pepper],Capana04g002752[&&NHX:species=Dom. pepper])S,((Capang04g002364[&&NHX:species=Wild pepper],Capang04g002360[&&NHX:species=Wild pepper])D,Capana00g001094[&&NHX:species=Dom. pepper])S)D,(Solyc03g005960.3.1[&&NHX:species=Tomato],Capana04g002757[&&NHX:species=Dom. pepper],SPI03g00309.1[&&NHX:species=S. pimp],Sopen03g001960.1[&&NHX:species=S. Pennelli])S)D,(Capana04g002758[&&NHX:species=Dom. pepper],((((Capana02g001686[&&NHX:species=Dom. pepper],Capana02g001684[&&NHX:species=Dom. pepper])D,Capang02g001513[&&NHX:species=Wild pepper])S,(((Sopen02g020780.1[&&NHX:species=S. Pennelli],Sopen02g020780.2[&&NHX:species=S. Pennelli])D,Capana02g001687[&&NHX:species=Dom. pepper],Solyc02g071800.3.1[&&NHX:species=Tomato],Capang02g001514[&&NHX:species=Wild pepper])S,Capana02g001682[&&NHX:species=Dom. pepper])D)D,((PGSC0003DMP400023346[&&NHX:species=Potato],Capana04g002753[&&NHX:species=Dom. pepper],Sopen02g020790.1[&&NHX:species=S. Pennelli])S,(Capana02g001681[&&NHX:species=Dom. pepper],SPI02g02885.1[&&NHX:species=S. pimp],Sopen02g020860.1[&&NHX:species=S. Pennelli],SLYcer02g03989.1[&&NHX:species=Tomato Cherry],(PGSC0003DMP400024273[&&NHX:species=Potato],PGSC0003DMP400024274[&&NHX:species=Potato])D)S)D)D)D)D)D)D,(((SLYcer09g01695.1[&&NHX:species=Tomato Cherry],Sopen09g011740.1[&&NHX:species=S. Pennelli],Solyc09g018490.4.1[&&NHX:species=Tomato],PGSC0003DMP400029773[&&NHX:species=Potato])S,(Sopen07g026670.1[&&NHX:species=S. Pennelli],PGSC0003DMP400045381[&&NHX:species=Potato])S)D,(Capana00g002225[&&NHX:species=Dom. pepper],Capana01g004124[&&NHX:species=Dom. pepper])D)S,(((((Capana04g000723[&&NHX:species=Dom. pepper],SPI04g04849.1[&&NHX:species=S. pimp],Solyc04g077390.3.1[&&NHX:species=Tomato],PGSC0003DMP400008805[&&NHX:species=Potato],Sopen04g030980.1[&&NHX:species=S. Pennelli],SLYcer04g05353.1[&&NHX:species=Tomato Cherry])S,PGSC0003DMP400008803[&&NHX:species=Potato])D,(Solyc04g077380.2.1[&&NHX:species=Tomato],SLYcer04g05352.1[&&NHX:species=Tomato Cherry],SPI04g04848.1[&&NHX:species=S. pimp])S)D,(SPI04g04847.1[&&NHX:species=S. pimp],Solyc04g077370.2.1[&&NHX:species=Tomato],PGSC0003DMP400008760[&&NHX:species=Potato],(Sopen04g030950.1[&&NHX:species=S. Pennelli],Sopen04g030950.2[&&NHX:species=S. Pennelli])D,SLYcer04g05350.1[&&NHX:species=Tomato Cherry],Capana04g000724[&&NHX:species=Dom. pepper])S)D,(((Capang02g001908[&&NHX:species=Wild pepper],PGSC0003DMP400024476[&&NHX:species=Potato],Capana02g002108[&&NHX:species=Dom. pepper])S,(Solyc02g079710.4.1[&&NHX:species=Tomato],PGSC0003DMP400024471[&&NHX:species=Potato],SLYcer02g04362.1[&&NHX:species=Tomato Cherry],Sopen02g024470.1[&&NHX:species=S. Pennelli])S)D[&&NHX:length=-2.45037],(Solyc02g079690.1.1[&&NHX:species=Tomato],PGSC0003DMP400024475[&&NHX:species=Potato])S)D)D)D;	49	39	542	Sopen07g005210.2,Sopen07g005210.1,PGSC0003DMP400016452,Solyc07g063720.1.1,Solyc07g063730.3.1,Capang00g000836,Solyc04g077320.2.1,Sopen02g009620.2,Sopen02g009620.1,Capang09g000392,Solyc04g077340.3.1,SLYcer02g03563.1,Capang08g001005,Capana07g001585,Capana07g002253,PGSC0003DMP400037772,Capana04g000730,Capana07g002254,Solyc04g077300.3.1,SPI04g04833.1,Capang10g000041,Capana00g001988,Sopen02g024450.1,SPI02g02887.1,PGSC0003DMP400014939,Capana02g002113,SLYcer04g04320.1,Capana07g000281,PGSC0003DMP400033420,Solyc09g015230.1.1,Sopen04g003540.1
OG27637	(((PGSC0003DMP400027728[&&NHX:species=Potato],SPI09g03371.1[&&NHX:species=S. pimp],SLYcer09g03472.1[&&NHX:species=Tomato Cherry],Solyc09g061930.4.1[&&NHX:species=Tomato],Capana03g003382[&&NHX:species=Dom. pepper],Sopen09g025010.1[&&NHX:species=S. Pennelli],Capang03g003313[&&NHX:species=Wild pepper])S,(Capang09g000815[&&NHX:species=Wild pepper],Capana09g001108[&&NHX:species=Dom. pepper])S)D,((SPI03g05012.1[&&NHX:species=S. pimp],SLYcer03g04956.1[&&NHX:species=Tomato Cherry],Capana03g000553[&&NHX:species=Dom. pepper],Capang00g001228[&&NHX:species=Wild pepper],Sopen03g036550.1[&&NHX:species=S. Pennelli],Solyc03g117640.1.1[&&NHX:species=Tomato],PGSC0003DMP400025003[&&NHX:species=Potato])S,((SLYcer06g04317.1[&&NHX:species=Tomato Cherry],Solyc06g066130.1.1[&&NHX:species=Tomato],SPI06g04175.1[&&NHX:species=S. pimp])S,(((SLYcer06g04274.1[&&NHX:species=Tomato Cherry],Solyc06g065750.1.1[&&NHX:species=Tomato],SPI06g04136.1[&&NHX:species=S. pimp],PGSC0003DMP400035535[&&NHX:species=Potato])S,((PGSC0003DMP400063696[&&NHX:species=Potato],SPI06g04177.1[&&NHX:species=S. pimp])S,((SPI06g04139.1[&&NHX:species=S. pimp],Solyc06g065790.1.1[&&NHX:species=Tomato],Sopen06g024620.1[&&NHX:species=S. Pennelli])S,((PGSC0003DMP400045281[&&NHX:species=Potato],SPI12g01138.1[&&NHX:species=S. pimp])S,PGSC0003DMP400035533[&&NHX:species=Potato])D)D)D)D,((PGSC0003DMP400035555[&&NHX:species=Potato],PGSC0003DMP400035528[&&NHX:species=Potato])D,Sopen06g021830.1[&&NHX:species=S. Pennelli])S)D)D,(((Solyc02g064930.1.1[&&NHX:species=Tomato],Sopen02g015040.1[&&NHX:species=S. Pennelli],PGSC0003DMP400062250[&&NHX:species=Potato],SLYcer02g03340.1[&&NHX:species=Tomato Cherry],SPI02g02225.1[&&NHX:species=S. pimp])S,(PGSC0003DMP400063479[&&NHX:species=Potato],Capana06g001043[&&NHX:species=Dom. pepper])S)D,(((Solyc02g064920.1.1[&&NHX:species=Tomato],(Solyc02g064870.1.1[&&NHX:species=Tomato],Sopen02g014990.1[&&NHX:species=S. Pennelli])S)D,SLYcer02g03332.1[&&NHX:species=Tomato Cherry])S,(PGSC0003DMP400062328[&&NHX:species=Potato],SLYcer02g03337.1[&&NHX:species=Tomato Cherry],Solyc02g064880.1.1[&&NHX:species=Tomato],SPI02g02222.1[&&NHX:species=S. pimp])S)D)D,(((Capang02g002796[&&NHX:species=Wild pepper],SLYcer02g05496.1[&&NHX:species=Tomato Cherry],Solyc02g090970.1.1[&&NHX:species=Tomato],Sopen02g035620.1[&&NHX:species=S. Pennelli],SPI02g04421.1[&&NHX:species=S. pimp],Capana02g003087[&&NHX:species=Dom. pepper],PGSC0003DMP400007207[&&NHX:species=Potato])S,((Capana02g003086[&&NHX:species=Dom. pepper],Capang02g002795[&&NHX:species=Wild pepper])S,(Capana02g003085[&&NHX:species=Dom. pepper],Capang02g002794[&&NHX:species=Wild pepper])S)D)D,((SPI02g04422.1[&&NHX:species=S. pimp],Solyc02g090980.1.1[&&NHX:species=Tomato],Sopen02g035630.1[&&NHX:species=S. Pennelli],PGSC0003DMP400007206[&&NHX:species=Potato])S,(SLYcer02g05497.1[&&NHX:species=Tomato Cherry],PGSC0003DMP400007205[&&NHX:species=Potato],Solyc02g090990.1.1[&&NHX:species=Tomato],Sopen02g035640.1[&&NHX:species=S. Pennelli])S)D)D,((Sopen12g008540.1[&&NHX:species=S. Pennelli],PGSC0003DMP400062157[&&NHX:species=Potato],SPI12g01135.1[&&NHX:species=S. pimp],Solyc12g017740.1.1[&&NHX:species=Tomato],SLYcer12g01080.1[&&NHX:species=Tomato Cherry])S,(Solyc12g017760.2.1[&&NHX:species=Tomato],SLYcer12g01083.1[&&NHX:species=Tomato Cherry],PGSC0003DMP400067876[&&NHX:species=Potato])S)D,((((PGSC0003DMP400029865[&&NHX:species=Potato],PGSC0003DMP400029864[&&NHX:species=Potato])D,Sopen06g012000.1[&&NHX:species=S. Pennelli])S,(((Sopen06g024180.2[&&NHX:species=S. Pennelli],Sopen06g024000.1[&&NHX:species=S. Pennelli])D,SPI06g04128.1[&&NHX:species=S. pimp],Solyc06g065660.1.1[&&NHX:species=Tomato],PGSC0003DMP400045331[&&NHX:species=Potato],SLYcer06g04265.1[&&NHX:species=Tomato Cherry])S,PGSC0003DMP400045271[&&NHX:species=Potato])D,PGSC0003DMP400015471[&&NHX:species=Potato])D,Capana01g003922[&&NHX:species=Dom. pepper])S,(SPI02g02233.1[&&NHX:species=S. pimp],Capang02g000603[&&NHX:species=Wild pepper],Sopen02g015110.1[&&NHX:species=S. Pennelli],PGSC0003DMP400044175[&&NHX:species=Potato],Solyc02g064980.1.1[&&NHX:species=Tomato],Capana02g000687[&&NHX:species=Dom. pepper],SLYcer02g03348.1[&&NHX:species=Tomato Cherry])S,((Capana06g001186[&&NHX:species=Dom. pepper],PGSC0003DMP400052146[&&NHX:species=Potato],SLYcer11g03610.1[&&NHX:species=Tomato Cherry])S,((Solyc12g017770.1.1[&&NHX:species=Tomato],PGSC0003DMP400065292[&&NHX:species=Potato],SLYcer12g01084.1[&&NHX:species=Tomato Cherry])S,(SPI12g01128.1[&&NHX:species=S. pimp],PGSC0003DMP400005852[&&NHX:species=Potato],SLYcer12g01074.1[&&NHX:species=Tomato Cherry])S)D)D)D,((((((Capang07g001435[&&NHX:species=Wild pepper],Capana07g001392[&&NHX:species=Dom. pepper])S,(Capana07g001402[&&NHX:species=Dom. pepper],Capang07g001433[&&NHX:species=Wild pepper])S)D,Solyc07g051930.3.1[&&NHX:species=Tomato],SLYcer07g04687.1[&&NHX:species=Tomato Cherry],SPI07g05402.1[&&NHX:species=S. pimp],Sopen07g025520.1[&&NHX:species=S. Pennelli])S,((Sopen07g025510.1[&&NHX:species=S. Pennelli],(Sopen07g025460.1[&&NHX:species=S. Pennelli],(Sopen07g025490.1[&&NHX:species=S. Pennelli],Sopen07g025470.1[&&NHX:species=S. Pennelli])D)D)D,(((PGSC0003DMP400026414[&&NHX:species=Potato],PGSC0003DMP400026412[&&NHX:species=Potato])D,PGSC0003DMP400026415[&&NHX:species=Potato])D,PGSC0003DMP400062651[&&NHX:species=Potato])D,(((Capang07g001412[&&NHX:species=Wild pepper],Capang07g001422[&&NHX:species=Wild pepper])D,(Capana00g002533[&&NHX:species=Dom. pepper],Capana00g002532[&&NHX:species=Dom. pepper])D)S,((Capang07g001423[&&NHX:species=Wild pepper],Capang07g001424[&&NHX:species=Wild pepper])D,Capana00g002534[&&NHX:species=Dom. pepper])S)D,((Solyc07g051890.1.1[&&NHX:species=Tomato],Solyc07g051870.1.1[&&NHX:species=Tomato])D,((Solyc07g051860.1.1[&&NHX:species=Tomato],Solyc07g051880.1.1[&&NHX:species=Tomato])D,Solyc07g051920.1.1[&&NHX:species=Tomato])D)D,(SLYcer07g04685.1[&&NHX:species=Tomato Cherry],SLYcer07g04681.1[&&NHX:species=Tomato Cherry])D)S)D,((((Capang05g000623[&&NHX:species=Wild pepper],Capang00g000805[&&NHX:species=Wild pepper])D,PGSC0003DMP400056168[&&NHX:species=Potato],Capana00g001376[&&NHX:species=Dom. pepper])S,PGSC0003DMP400068568[&&NHX:species=Potato])D,(Capang00g004923[&&NHX:species=Wild pepper],((Capana02g000768[&&NHX:species=Dom. pepper],Capang00g001692[&&NHX:species=Wild pepper])S[&&NHX:length=-2.90204],Capang02g000688[&&NHX:species=Wild pepper])D)D)D)D,(Sopen01g045660.1[&&NHX:species=S. Pennelli],Solyc01g103240.4.1[&&NHX:species=Tomato],PGSC0003DMP400043252[&&NHX:species=Potato],(SPI07g05401.1[&&NHX:species=S. pimp],SPI07g05397.1[&&NHX:species=S. pimp])D,Capana08g001798[&&NHX:species=Dom. pepper],Capang01g004372[&&NHX:species=Wild pepper],SLYcer01g07325.1[&&NHX:species=Tomato Cherry])S)D,(((Capang12g001300[&&NHX:species=Wild pepper],Capana12g001561[&&NHX:species=Dom. pepper])S,Capang02g000698[&&NHX:species=Wild pepper])D,((((Capana04g002461[&&NHX:species=Dom. pepper],Capana00g001524[&&NHX:species=Dom. pepper],Capana04g002315[&&NHX:species=Dom. pepper],Capana09g000844[&&NHX:species=Dom. pepper])D,SLYcer06g00374.1[&&NHX:species=Tomato Cherry],SPI06g00160.1[&&NHX:species=S. pimp])S,((Capana04g002466[&&NHX:species=Dom. pepper],Capana00g002680[&&NHX:species=Dom. pepper],Capana04g002790[&&NHX:species=Dom. pepper],Capana04g002451[&&NHX:species=Dom. pepper],Capana04g002672[&&NHX:species=Dom. pepper],(((Capana00g001259[&&NHX:species=Dom. pepper],Capana04g002430[&&NHX:species=Dom. pepper])D,Capana04g002660[&&NHX:species=Dom. pepper])D,(Capang04g002160[&&NHX:species=Wild pepper],Capang04g002315[&&NHX:species=Wild pepper])D)S)D,Solyc10g045610.1.1[&&NHX:species=Tomato])S)D,(((PGSC0003DMP400064231[&&NHX:species=Potato],Capana00g001161[&&NHX:species=Dom. pepper])S,(((Capana00g002144[&&NHX:species=Dom. pepper],PGSC0003DMP400044423[&&NHX:species=Potato])S,((Capana04g002729[&&NHX:species=Dom. pepper],Capana00g000564[&&NHX:species=Dom. pepper])D,SLYcer07g00701.1[&&NHX:species=Tomato Cherry],SPI07g00732.1[&&NHX:species=S. pimp])S[&&NHX:length=-1.54486])D,(Capang02g002927[&&NHX:species=Wild pepper],Capana04g002420[&&NHX:species=Dom. pepper])S)D)D,((Capana04g002720[&&NHX:species=Dom. pepper],Capana04g002796[&&NHX:species=Dom. pepper])D,Capang04g002340[&&NHX:species=Wild pepper])S)D)D,((((PGSC0003DMP400058878[&&NHX:species=Potato],Capana03g001863[&&NHX:species=Dom. pepper])S,(Capana03g001878[&&NHX:species=Dom. pepper],PGSC0003DMP400040768[&&NHX:species=Potato])S)D,(SLYcer04g01186.1[&&NHX:species=Tomato Cherry],PGSC0003DMP400024592[&&NHX:species=Potato],Capang05g000597[&&NHX:species=Wild pepper],Capana05g000274[&&NHX:species=Dom. pepper])S)D,(Capana02g000536[&&NHX:species=Dom. pepper],PGSC0003DMP400034405[&&NHX:species=Potato])S)D,(Capana00g002679[&&NHX:species=Dom. pepper],Sopen02g014260.1[&&NHX:species=S. Pennelli])S,((Capana10g001021[&&NHX:species=Dom. pepper],Capang10g000855[&&NHX:species=Wild pepper])S,(((Capana04g002453[&&NHX:species=Dom. pepper],Capana04g002662[&&NHX:species=Dom. pepper])D,Capang04g002203[&&NHX:species=Wild pepper])S,(Capana04g002447[&&NHX:species=Dom. pepper],PGSC0003DMP400027985[&&NHX:species=Potato])S)D,(SPI09g03546.1[&&NHX:species=S. pimp],SLYcer09g03649.1[&&NHX:species=Tomato Cherry],(Capana04g002775[&&NHX:species=Dom. pepper],Capana04g002489[&&NHX:species=Dom. pepper])D)S,(PGSC0003DMP400019323[&&NHX:species=Potato],SPI01g05838.1[&&NHX:species=S. pimp],SLYcer01g05664.1[&&NHX:species=Tomato Cherry])S,(PGSC0003DMP400068564[&&NHX:species=Potato],Capana05g000258[&&NHX:species=Dom. pepper],SPI04g00974.1[&&NHX:species=S. pimp],Capang00g004764[&&NHX:species=Wild pepper],SLYcer04g01251.1[&&NHX:species=Tomato Cherry],Sopen03g038110.1[&&NHX:species=S. Pennelli])S)D,((((Capana04g002456[&&NHX:species=Dom. pepper],SPI04g00861.1[&&NHX:species=S. pimp],SLYcer04g01124.1[&&NHX:species=Tomato Cherry])S,(SPI04g00794.1[&&NHX:species=S. pimp],SLYcer04g00985.1[&&NHX:species=Tomato Cherry],PGSC0003DMP400024594[&&NHX:species=Potato],Capana05g000254[&&NHX:species=Dom. pepper])S)D,(PGSC0003DMP400000598[&&NHX:species=Potato],Capang04g002397[&&NHX:species=Wild pepper])S)D,((Capang04g002197[&&NHX:species=Wild pepper],Capana04g002633[&&NHX:species=Dom. pepper],Sopen10g034580.1[&&NHX:species=S. Pennelli])S,(PGSC0003DMP400023870[&&NHX:species=Potato],Sopen10g006190.1[&&NHX:species=S. Pennelli])S)D)D,((Capana04g002741[&&NHX:species=Dom. pepper],(Capana00g002168[&&NHX:species=Dom. pepper],PGSC0003DMP400013465[&&NHX:species=Potato])S)D,(((SLYcer10g04775.1[&&NHX:species=Tomato Cherry],SPI10g03272.1[&&NHX:species=S. pimp])S,(PGSC0003DMP400038071[&&NHX:species=Potato],Capana02g001700[&&NHX:species=Dom. pepper],SPI02g02931.1[&&NHX:species=S. pimp])S)D,((Capana01g001038[&&NHX:species=Dom. pepper],Capana04g002463[&&NHX:species=Dom. pepper])D,Sopen09g026710.1[&&NHX:species=S. Pennelli])S)D)D,(Capang07g001901[&&NHX:species=Wild pepper],((PGSC0003DMP400034252[&&NHX:species=Potato],PGSC0003DMP400034253[&&NHX:species=Potato])D,Capang01g001389[&&NHX:species=Wild pepper])S,(SLYcer02g03674.1[&&NHX:species=Tomato Cherry],Capang00g003546[&&NHX:species=Wild pepper],Capana00g001899[&&NHX:species=Dom. pepper])S)D)D,((((Capang02g001077[&&NHX:species=Wild pepper],(Capana02g001244[&&NHX:species=Dom. pepper],Capana02g001229[&&NHX:species=Dom. pepper])D,SLYcer06g00372.1[&&NHX:species=Tomato Cherry],PGSC0003DMP400036233[&&NHX:species=Potato])S,(SLYcer06g00383.1[&&NHX:species=Tomato Cherry],SPI04g00976.1[&&NHX:species=S. pimp],Sopen06g014980.1[&&NHX:species=S. Pennelli])S)D,SLYcer04g01259.1[&&NHX:species=Tomato Cherry])D,(((((Capang00g000327[&&NHX:species=Wild pepper],Capang04g002153[&&NHX:species=Wild pepper])D,Capana04g002455[&&NHX:species=Dom. pepper])S,((Capana04g002449[&&NHX:species=Dom. pepper],Capana04g002715[&&NHX:species=Dom. pepper])D,PGSC0003DMP400048397[&&NHX:species=Potato],(Capang00g002239[&&NHX:species=Wild pepper],Capang04g002310[&&NHX:species=Wild pepper])D)S)D,(((Capana04g002747[&&NHX:species=Dom. pepper],Capana04g002779[&&NHX:species=Dom. pepper])D,PGSC0003DMP400031433[&&NHX:species=Potato],Capang00g004184[&&NHX:species=Wild pepper])S,((PGSC0003DMP400019347[&&NHX:species=Potato],Capang00g000766[&&NHX:species=Wild pepper])S,(Capang04g002293[&&NHX:species=Wild pepper],PGSC0003DMP400019345[&&NHX:species=Potato])S)D)D)D,((SPI02g02942.1[&&NHX:species=S. pimp],Sopen02g021400.1[&&NHX:species=S. Pennelli],Capang04g002199[&&NHX:species=Wild pepper])S,(Capana01g004419[&&NHX:species=Dom. pepper],Capang03g002185[&&NHX:species=Wild pepper])S)D)D)D,(((SLYcer12g00965.1[&&NHX:species=Tomato Cherry],SPI12g01018.1[&&NHX:species=S. pimp])S,((Solyc12g009370.3.1[&&NHX:species=Tomato],SPI12g00528.1[&&NHX:species=S. pimp],SLYcer12g00497.1[&&NHX:species=Tomato Cherry],Sopen12g004360.1[&&NHX:species=S. Pennelli])S,SLYcer06g00415.1[&&NHX:species=Tomato Cherry])D)D,((SPI12g01013.1[&&NHX:species=S. pimp],SLYcer12g00960.1[&&NHX:species=Tomato Cherry])S,(((SPI06g00193.1[&&NHX:species=S. pimp],(SLYcer12g00974.1[&&NHX:species=Tomato Cherry],SPI12g01022.1[&&NHX:species=S. pimp])S)D,Solyc12g016120.3.1[&&NHX:species=Tomato])S,SLYcer12g00970.1[&&NHX:species=Tomato Cherry])D)D)D,(((((((((Capana04g002724[&&NHX:species=Dom. pepper],Capana04g002484[&&NHX:species=Dom. pepper])D,Solyc10g012140.2.1[&&NHX:species=Tomato])S,((Capana04g002780[&&NHX:species=Dom. pepper],Capang00g004119[&&NHX:species=Wild pepper])S,Capana04g002454[&&NHX:species=Dom. pepper])D)D,((Capang00g004986[&&NHX:species=Wild pepper],PGSC0003DMP400023871[&&NHX:species=Potato],Capana04g002467[&&NHX:species=Dom. pepper])S,Capana04g002681[&&NHX:species=Dom. pepper])D)D,(((Capana06g002935[&&NHX:species=Dom. pepper],Capana00g002146[&&NHX:species=Dom. pepper])D,Capang00g003945[&&NHX:species=Wild pepper])S,(Capana04g002661[&&NHX:species=Dom. pepper],Capang04g002200[&&NHX:species=Wild pepper],PGSC0003DMP400046471[&&NHX:species=Potato])S)D)D,((((Capana04g002721[&&NHX:species=Dom. pepper],Capang02g001103[&&NHX:species=Wild pepper])S,Capana04g002786[&&NHX:species=Dom. pepper])D,((Capana04g002634[&&NHX:species=Dom. pepper],Capana04g002789[&&NHX:species=Dom. pepper])D,Capang04g002198[&&NHX:species=Wild pepper])S)D,((Capang00g000375[&&NHX:species=Wild pepper],Capana04g002774[&&NHX:species=Dom. pepper])S,(Capang00g004799[&&NHX:species=Wild pepper],SLYcer03g00183.1[&&NHX:species=Tomato Cherry],PGSC0003DMP400027987[&&NHX:species=Potato])S,((PGSC0003DMP400065902[&&NHX:species=Potato],PGSC0003DMP400060295[&&NHX:species=Potato])D,Capana04g002670[&&NHX:species=Dom. pepper],Capang00g004170[&&NHX:species=Wild pepper])S)D)D)D,(((Capang04g002091[&&NHX:species=Wild pepper],Capang04g002333[&&NHX:species=Wild pepper])D,Capana04g002364[&&NHX:species=Dom. pepper])S,(((((Capang09g000862[&&NHX:species=Wild pepper],Capang04g002154[&&NHX:species=Wild pepper])D,Capana04g002486[&&NHX:species=Dom. pepper])S,((Capana04g002432[&&NHX:species=Dom. pepper],Capana04g002477[&&NHX:species=Dom. pepper])D,Capang04g002395[&&NHX:species=Wild pepper])S)D,Capana02g001224[&&NHX:species=Dom. pepper])D,(SPI04g00981.1[&&NHX:species=S. pimp],SPI04g00992.1[&&NHX:species=S. pimp])D)S,Capana06g002526[&&NHX:species=Dom. pepper])D)D,((SPI02g02940.1[&&NHX:species=S. pimp],Capana02g001712[&&NHX:species=Dom. pepper],PGSC0003DMP400049469[&&NHX:species=Potato])S,Capana04g002728[&&NHX:species=Dom. pepper])D)D,(((((Solyc06g005880.4.1[&&NHX:species=Tomato],(Capana04g002703[&&NHX:species=Dom. pepper],Capana04g002705[&&NHX:species=Dom. pepper])D,PGSC0003DMP400068815[&&NHX:species=Potato])S,(Solyc08g075620.3.1[&&NHX:species=Tomato],SLYcer08g05780.1[&&NHX:species=Tomato Cherry],Capana04g002465[&&NHX:species=Dom. pepper])S)D,((((SLYcer06g00375.1[&&NHX:species=Tomato Cherry],SPI02g01466.1[&&NHX:species=S. pimp],Capana06g002655[&&NHX:species=Dom. pepper],Solyc06g006017.1.1[&&NHX:species=Tomato])S,((((Capana04g002458[&&NHX:species=Dom. pepper],Capang04g002155[&&NHX:species=Wild pepper])S,Capana04g002538[&&NHX:species=Dom. pepper])D,Capang02g001538[&&NHX:species=Wild pepper])D,(PGSC0003DMP400012847[&&NHX:species=Potato],PGSC0003DMP400012848[&&NHX:species=Potato],PGSC0003DMP400012846[&&NHX:species=Potato])D)S)D,((((Capana04g002488[&&NHX:species=Dom. pepper],SLYcer04g00976.1[&&NHX:species=Tomato Cherry],Capang04g002343[&&NHX:species=Wild pepper])S,Capana04g002727[&&NHX:species=Dom. pepper],Capana00g002172[&&NHX:species=Dom. pepper])D,((Capang00g004407[&&NHX:species=Wild pepper],Capana04g002667[&&NHX:species=Dom. pepper])S,(PGSC0003DMP400000608[&&NHX:species=Potato],Capana09g000288[&&NHX:species=Dom. pepper])S)D)D,((PGSC0003DMP400033107[&&NHX:species=Potato],Capana00g001092[&&NHX:species=Dom. pepper])S,Capana04g002776[&&NHX:species=Dom. pepper],Capana04g002707[&&NHX:species=Dom. pepper],Capana04g002745[&&NHX:species=Dom. pepper],Capana04g002366[&&NHX:species=Dom. pepper],Capana02g001243[&&NHX:species=Dom. pepper])D)D)D,PGSC0003DMP400001889[&&NHX:species=Potato])D)D,(((((Capana04g002636[&&NHX:species=Dom. pepper],Capang04g002202[&&NHX:species=Wild pepper],Sopen11g010560.1[&&NHX:species=S. Pennelli])S,Capana04g002802[&&NHX:species=Dom. pepper])D,((Capana04g002435[&&NHX:species=Dom. pepper],((Capang04g002168[&&NHX:species=Wild pepper],Capana04g002638[&&NHX:species=Dom. pepper])S,(Capang00g000797[&&NHX:species=Wild pepper],Capana04g002637[&&NHX:species=Dom. pepper])S)D)D,Capana04g002539[&&NHX:species=Dom. pepper])D)D,((((Capana06g002934[&&NHX:species=Dom. pepper],(Capana04g002704[&&NHX:species=Dom. pepper],(Capana04g002792[&&NHX:species=Dom. pepper],PGSC0003DMP400027986[&&NHX:species=Potato])S)D)D,Capana04g002685[&&NHX:species=Dom. pepper])D,Solyc03g118330.3.1[&&NHX:species=Tomato])D,(Capana04g002418[&&NHX:species=Dom. pepper],Capana04g002635[&&NHX:species=Dom. pepper])D)D)D,(PGSC0003DMP400048390[&&NHX:species=Potato],(Capana04g002478[&&NHX:species=Dom. pepper],(SLYcer03g05025.1[&&NHX:species=Tomato Cherry],Capana00g001564[&&NHX:species=Dom. pepper],PGSC0003DMP400049476[&&NHX:species=Potato],Sopen03g002110.1[&&NHX:species=S. Pennelli])S)D)D)D)D,(((((Capana07g000850[&&NHX:species=Dom. pepper],Capana00g001098[&&NHX:species=Dom. pepper])D,PGSC0003DMP400001925[&&NHX:species=Potato])S,((Capana04g002630[&&NHX:species=Dom. pepper],Capana04g002743[&&NHX:species=Dom. pepper],Capana00g001762[&&NHX:species=Dom. pepper],Capana04g002718[&&NHX:species=Dom. pepper],Capana00g002676[&&NHX:species=Dom. pepper],Capana06g002933[&&NHX:species=Dom. pepper],Capana04g002471[&&NHX:species=Dom. pepper],Capana04g002781[&&NHX:species=Dom. pepper],Capana00g001756[&&NHX:species=Dom. pepper],Capana00g000721[&&NHX:species=Dom. pepper],Capana04g002427[&&NHX:species=Dom. pepper],Capana00g002167[&&NHX:species=Dom. pepper],(Capana00g002285[&&NHX:species=Dom. pepper],Capana04g002795[&&NHX:species=Dom. pepper])D)D,Capang00g002005[&&NHX:species=Wild pepper],Sopen03g002100.1[&&NHX:species=S. Pennelli],PGSC0003DMP400026483[&&NHX:species=Potato])S)D,((SPI06g03120.1[&&NHX:species=S. pimp],PGSC0003DMP400036215[&&NHX:species=Potato],Capana06g002633[&&NHX:species=Dom. pepper],SLYcer06g03218.1[&&NHX:species=Tomato Cherry])S,Capana06g002637[&&NHX:species=Dom. pepper])D)D,((Capana02g001233[&&NHX:species=Dom. pepper],PGSC0003DMP400018243[&&NHX:species=Potato],SLYcer02g03677.1[&&NHX:species=Tomato Cherry],SPI02g02575.1[&&NHX:species=S. pimp],Solyc02g068880.2.1[&&NHX:species=Tomato])S,SPI07g01171.1[&&NHX:species=S. pimp],(Capang02g000478[&&NHX:species=Wild pepper],PGSC0003DMP400018385[&&NHX:species=Potato])S,PGSC0003DMP400033728[&&NHX:species=Potato])D)D)D)D,(((SPI06g03094.1[&&NHX:species=S. pimp],Solyc06g048560.2.1[&&NHX:species=Tomato],(Sopen06g014730.2[&&NHX:species=S. Pennelli],Sopen06g014730.1[&&NHX:species=S. Pennelli])D,SLYcer06g03191.1[&&NHX:species=Tomato Cherry],PGSC0003DMP400047972[&&NHX:species=Potato],Capang06g002211[&&NHX:species=Wild pepper],Capana06g002392[&&NHX:species=Dom. pepper])S,(PGSC0003DMP400009335[&&NHX:species=Potato],(Capang03g002564[&&NHX:species=Wild pepper],Capana03g002664[&&NHX:species=Dom. pepper],SPI03g03770.1[&&NHX:species=S. pimp],Solyc03g095490.3.1[&&NHX:species=Tomato],Sopen03g025480.1[&&NHX:species=S. Pennelli],PGSC0003DMP400009334[&&NHX:species=Potato],SLYcer03g03696.1[&&NHX:species=Tomato Cherry])S)D)D,(((Solyc03g007485.1.1[&&NHX:species=Tomato],Sopen03g003440.1[&&NHX:species=S. Pennelli],SLYcer03g00342.1[&&NHX:species=Tomato Cherry],PGSC0003DMP400015966[&&NHX:species=Potato],Capana03g002099[&&NHX:species=Dom. pepper],SPI03g00562.1[&&NHX:species=S. pimp],Capang03g001981[&&NHX:species=Wild pepper])S,PGSC0003DMP400015965[&&NHX:species=Potato])D,((Capang05g001612[&&NHX:species=Wild pepper],(Sopen08g030230.1[&&NHX:species=S. Pennelli],PGSC0003DMP400021777[&&NHX:species=Potato],Capang04g001518[&&NHX:species=Wild pepper],SPI08g06319.1[&&NHX:species=S. pimp],Solyc08g081940.3.1[&&NHX:species=Tomato],SLYcer08g06406.1[&&NHX:species=Tomato Cherry],Capana00g003436[&&NHX:species=Dom. pepper])S)D,PGSC0003DMP400023341[&&NHX:species=Potato])D)D)D,(((Capang04g001488[&&NHX:species=Wild pepper],PGSC0003DMP400010693[&&NHX:species=Potato],Capana04g001586[&&NHX:species=Dom. pepper])S,(PGSC0003DMP400041196[&&NHX:species=Potato],Capang01g004473[&&NHX:species=Wild pepper],Solyc01g104050.4.1[&&NHX:species=Tomato],Sopen01g046460.1[&&NHX:species=S. Pennelli],SPI01g08019.1[&&NHX:species=S. pimp],SLYcer01g07243.1[&&NHX:species=Tomato Cherry])S)D,SPI10g03591.1[&&NHX:species=S. pimp])D,((((Capang00g004538[&&NHX:species=Wild pepper],PGSC0003DMP400021386[&&NHX:species=Potato],SLYcer04g01249.1[&&NHX:species=Tomato Cherry],SPI04g00973.1[&&NHX:species=S. pimp])S,SPI04g00993.1[&&NHX:species=S. pimp])D,(((Capana05g000278[&&NHX:species=Dom. pepper],(Capang09g000586[&&NHX:species=Wild pepper],Capang12g000433[&&NHX:species=Wild pepper])D,PGSC0003DMP400024590[&&NHX:species=Potato])S,PGSC0003DMP400056635[&&NHX:species=Potato])D,(Capang04g001970[&&NHX:species=Wild pepper],Capana00g001166[&&NHX:species=Dom. pepper],PGSC0003DMP400042151[&&NHX:species=Potato])S)D)D,(Capang05g000652[&&NHX:species=Wild pepper],Capana05g000765[&&NHX:species=Dom. pepper])S,((PGSC0003DMP400044425[&&NHX:species=Potato],Capang03g001470[&&NHX:species=Wild pepper])S,PGSC0003DMP400018025[&&NHX:species=Potato])D,(((PGSC0003DMP400040291[&&NHX:species=Potato],Capang07g000698[&&NHX:species=Wild pepper],Capana07g000959[&&NHX:species=Dom. pepper])S,(SPI11g01391.1[&&NHX:species=S. pimp],Solyc11g020270.1.1[&&NHX:species=Tomato],PGSC0003DMP400034724[&&NHX:species=Potato],SLYcer11g01264.1[&&NHX:species=Tomato Cherry])S)D,(((SLYcer07g01152.1[&&NHX:species=Tomato Cherry],PGSC0003DMP400044424[&&NHX:species=Potato])S,SLYcer10g05821.1[&&NHX:species=Tomato Cherry])D,Capang01g001505[&&NHX:species=Wild pepper])S)D,((Capana01g001036[&&NHX:species=Dom. pepper],Solyc09g064950.1.1[&&NHX:species=Tomato],SPI09g03543.1[&&NHX:species=S. pimp],SLYcer09g03646.1[&&NHX:species=Tomato Cherry])S,((Solyc10g055280.1.1[&&NHX:species=Tomato],Solyc10g055310.1.1[&&NHX:species=Tomato])D,SPI10g03274.1[&&NHX:species=S. pimp],SLYcer10g04777.1[&&NHX:species=Tomato Cherry])S)D)D,(((((Capana03g003990[&&NHX:species=Dom. pepper],Capana06g002638[&&NHX:species=Dom. pepper])D,PGSC0003DMP400030205[&&NHX:species=Potato],Capang00g004747[&&NHX:species=Wild pepper])S,(Capang00g004674[&&NHX:species=Wild pepper],Solyc07g063760.1.1[&&NHX:species=Tomato])S)D,((SPI10g01778.1[&&NHX:species=S. pimp],PGSC0003DMP400016455[&&NHX:species=Potato],Capang00g003220[&&NHX:species=Wild pepper])S,(PGSC0003DMP400024472[&&NHX:species=Potato],SLYcer02g02071.1[&&NHX:species=Tomato Cherry],Capana00g000002[&&NHX:species=Dom. pepper],Solyc02g079670.1.1[&&NHX:species=Tomato],Capang00g005179[&&NHX:species=Wild pepper])S)D)D,((((Solyc12g016040.3.1[&&NHX:species=Tomato],SLYcer12g00963.1[&&NHX:species=Tomato Cherry],SPI12g01016.1[&&NHX:species=S. pimp])S,(SPI12g00526.1[&&NHX:species=S. pimp],Solyc12g016020.3.1[&&NHX:species=Tomato])S)D,Capang12g001329[&&NHX:species=Wild pepper])S,(Capang09g000382[&&NHX:species=Wild pepper],Capana00g002015[&&NHX:species=Dom. pepper])S)D,((((Capang00g001287[&&NHX:species=Wild pepper],Capana07g002268[&&NHX:species=Dom. pepper])S,Capana06g002907[&&NHX:species=Dom. pepper])D,(((Capang07g002291[&&NHX:species=Wild pepper],Capang06g002679[&&NHX:species=Wild pepper])D,Capang02g000933[&&NHX:species=Wild pepper])D,(Capana00g004233[&&NHX:species=Dom. pepper],(Capang03g002020[&&NHX:species=Wild pepper],Capana03g002137[&&NHX:species=Dom. pepper])S)D)D)D,((PGSC0003DMP400047096[&&NHX:species=Potato],Capang00g004756[&&NHX:species=Wild pepper])S,Capang00g000690[&&NHX:species=Wild pepper])D)D,(Capana12g000093[&&NHX:species=Dom. pepper],(Capang03g002635[&&NHX:species=Wild pepper],Solyc03g093460.3.1[&&NHX:species=Tomato],Capana03g002733[&&NHX:species=Dom. pepper],SLYcer03g03516.1[&&NHX:species=Tomato Cherry],SPI03g03591.1[&&NHX:species=S. pimp],Sopen03g024290.1[&&NHX:species=S. Pennelli],PGSC0003DMP400032842[&&NHX:species=Potato])S)D,((Capang07g000601[&&NHX:species=Wild pepper],Capana07g000577[&&NHX:species=Dom. pepper])S,Capang07g000578[&&NHX:species=Wild pepper])D,(((Capana12g000972[&&NHX:species=Dom. pepper],Solyc02g021670.2.1[&&NHX:species=Tomato],PGSC0003DMP400037359[&&NHX:species=Potato])S,(SPI01g05988.1[&&NHX:species=S. pimp],Solyc01g067320.1.1[&&NHX:species=Tomato],SLYcer01g05806.1[&&NHX:species=Tomato Cherry],Sopen12g004310.1[&&NHX:species=S. Pennelli])S)D,Capana01g000852[&&NHX:species=Dom. pepper])D,(((((Capana07g000273[&&NHX:species=Dom. pepper],Capana03g001983[&&NHX:species=Dom. pepper])D,SPI04g05266.1[&&NHX:species=S. pimp],Sopen04g031750.1[&&NHX:species=S. Pennelli],Capang00g002579[&&NHX:species=Wild pepper])S,Capang01g001548[&&NHX:species=Wild pepper])D,(((Capang00g005376[&&NHX:species=Wild pepper],Capang10g001738[&&NHX:species=Wild pepper])D,SLYcer10g04590.1[&&NHX:species=Tomato Cherry])S,(Capang09g001472[&&NHX:species=Wild pepper],((Capana00g002598[&&NHX:species=Dom. pepper],Capang08g000980[&&NHX:species=Wild pepper])S,Capana07g002293[&&NHX:species=Dom. pepper])D)D)D)D,(Capang00g003222[&&NHX:species=Wild pepper],Capang11g001544[&&NHX:species=Wild pepper])D)D)D,((SPI04g04026.1[&&NHX:species=S. pimp],SLYcer04g04398.1[&&NHX:species=Tomato Cherry],(Sopen04g026530.2[&&NHX:species=S. Pennelli],Sopen04g026530.1[&&NHX:species=S. Pennelli])D,((Capana04g001474[&&NHX:species=Dom. pepper],Capana06g002035[&&NHX:species=Dom. pepper])D,Capang04g001378[&&NHX:species=Wild pepper])S)S,(((PGSC0003DMP400045362[&&NHX:species=Potato],PGSC0003DMP400045363[&&NHX:species=Potato])D,PGSC0003DMP400045369[&&NHX:species=Potato])D,PGSC0003DMP400041077[&&NHX:species=Potato])D)D,((Capana00g003454[&&NHX:species=Dom. pepper],((SPI12g00168.1[&&NHX:species=S. pimp],SLYcer12g00122.1[&&NHX:species=Tomato Cherry],PGSC0003DMP400037781[&&NHX:species=Potato],Solyc12g005360.3.1[&&NHX:species=Tomato])S,PGSC0003DMP400056502[&&NHX:species=Potato])D,Capang01g001086[&&NHX:species=Wild pepper])S,((((PGSC0003DMP400051511[&&NHX:species=Potato],(SPI08g05230.1[&&NHX:species=S. pimp],Solyc08g069090.1.1[&&NHX:species=Tomato],PGSC0003DMP400051445[&&NHX:species=Potato],SLYcer08g05341.1[&&NHX:species=Tomato Cherry],Sopen08g022740.1[&&NHX:species=S. Pennelli])S)D,(((PGSC0003DMP400064081[&&NHX:species=Potato],Sopen08g022720.1[&&NHX:species=S. Pennelli])S,PGSC0003DMP400060362[&&NHX:species=Potato])D,SLYcer08g05338.1[&&NHX:species=Tomato Cherry])S)D,(Solyc07g047910.2.1[&&NHX:species=Tomato],SPI07g04923.1[&&NHX:species=S. pimp],PGSC0003DMP400048685[&&NHX:species=Potato],Capang01g001081[&&NHX:species=Wild pepper],SLYcer07g04249.1[&&NHX:species=Tomato Cherry],Sopen07g024340.1[&&NHX:species=S. Pennelli])S)D,(((PGSC0003DMP400016390[&&NHX:species=Potato],((Capana00g002698[&&NHX:species=Dom. pepper],Capana00g002697[&&NHX:species=Dom. pepper])D,PGSC0003DMP400026063[&&NHX:species=Potato])S)D,(((Capana00g002244[&&NHX:species=Dom. pepper],Capana00g002418[&&NHX:species=Dom. pepper])D,SLYcer08g05866.1[&&NHX:species=Tomato Cherry],SPI08g05753.1[&&NHX:species=S. pimp],Solyc08g076490.2.1[&&NHX:species=Tomato],Sopen08g025080.1[&&NHX:species=S. Pennelli])S,(Capang00g000029[&&NHX:species=Wild pepper],Capana00g002554[&&NHX:species=Dom. pepper])S)D)D,((((PGSC0003DMP400045272[&&NHX:species=Potato],PGSC0003DMP400045282[&&NHX:species=Potato])D,Capana00g002706[&&NHX:species=Dom. pepper],Capang07g001963[&&NHX:species=Wild pepper])S,(Capang01g000968[&&NHX:species=Wild pepper],Capana00g002416[&&NHX:species=Dom. pepper],PGSC0003DMP400016391[&&NHX:species=Potato])S)D,(SLYcer02g03338.1[&&NHX:species=Tomato Cherry],PGSC0003DMP400046363[&&NHX:species=Potato],SPI02g02223.1[&&NHX:species=S. pimp],Capang03g003944[&&NHX:species=Wild pepper])S,(Solyc12g017710.1.1[&&NHX:species=Tomato],SPI12g01127.1[&&NHX:species=S. pimp])S)D)D)D)D,(((Solyc02g064890.1.1[&&NHX:species=Tomato],((SLYcer02g03336.1[&&NHX:species=Tomato Cherry],SLYcer02g03333.1[&&NHX:species=Tomato Cherry])D,(SPI02g02221.1[&&NHX:species=S. pimp],SPI02g02218.1[&&NHX:species=S. pimp])D)S)S,(SPI02g02224.1[&&NHX:species=S. pimp],SLYcer02g03339.1[&&NHX:species=Tomato Cherry])S)D,PGSC0003DMP400064862[&&NHX:species=Potato])D,(((Capana02g002841[&&NHX:species=Dom. pepper],Capang02g002567[&&NHX:species=Wild pepper],Sopen02g035800.1[&&NHX:species=S. Pennelli],PGSC0003DMP400053278[&&NHX:species=Potato],SPI02g04435.1[&&NHX:species=S. pimp])S,(SLYcer02g05515.1[&&NHX:species=Tomato Cherry],Sopen02g035800.2[&&NHX:species=S. Pennelli],Solyc02g091160.4.1[&&NHX:species=Tomato],PGSC0003DMP400053277[&&NHX:species=Potato])S)D,(PGSC0003DMP400053279[&&NHX:species=Potato],Solyc02g091170.4.1[&&NHX:species=Tomato])S)D,((((Capana00g002578[&&NHX:species=Dom. pepper],SLYcer04g02099.1[&&NHX:species=Tomato Cherry])S,((Capang00g000875[&&NHX:species=Wild pepper],(Capana00g002569[&&NHX:species=Dom. pepper],Capang12g002344[&&NHX:species=Wild pepper])S)D,(SLYcer04g02093.1[&&NHX:species=Tomato Cherry],PGSC0003DMP400034579[&&NHX:species=Potato],Capana12g002705[&&NHX:species=Dom. pepper],Sopen04g014290.1[&&NHX:species=S. Pennelli])S)D)D,Capana06g002766[&&NHX:species=Dom. pepper])D,((SPI03g05437.1[&&NHX:species=S. pimp],PGSC0003DMP400053977[&&NHX:species=Potato],Sopen03g040590.1[&&NHX:species=S. Pennelli],SLYcer03g05399.1[&&NHX:species=Tomato Cherry],Solyc03g121780.1.1[&&NHX:species=Tomato])S,((((Sopen12g019820.1[&&NHX:species=S. Pennelli],Sopen12g019830.1[&&NHX:species=S. Pennelli],Sopen12g019910.1[&&NHX:species=S. Pennelli])D,Solyc12g040365.1.1[&&NHX:species=Tomato])S,Solyc12g040395.1.1[&&NHX:species=Tomato])D,SPI12g03701.1[&&NHX:species=S. pimp])S)D)D,(((SPI04g00994.1[&&NHX:species=S. pimp],(Sopen04g006300.2[&&NHX:species=S. Pennelli],Sopen04g006300.1[&&NHX:species=S. Pennelli])D,Capana05g000272[&&NHX:species=Dom. pepper])S,((PGSC0003DMP400058554[&&NHX:species=Potato],Solyc04g014645.1.1[&&NHX:species=Tomato])S,(SLYcer04g01260.1[&&NHX:species=Tomato Cherry],Capana04g002452[&&NHX:species=Dom. pepper],PGSC0003DMP400033117[&&NHX:species=Potato])S)D)D,(((Solyc04g012185.1.1[&&NHX:species=Tomato],PGSC0003DMP400040765[&&NHX:species=Potato])S,PGSC0003DMP400040767[&&NHX:species=Potato])D,Capana05g000263[&&NHX:species=Dom. pepper])S,((Capang03g001789[&&NHX:species=Wild pepper],Capana03g001866[&&NHX:species=Dom. pepper])S,((((PGSC0003DMP400040898[&&NHX:species=Potato],Solyc04g015000.2.1[&&NHX:species=Tomato])S,PGSC0003DMP400040900[&&NHX:species=Potato])D,Capana05g000253[&&NHX:species=Dom. pepper])S,(Capana05g000251[&&NHX:species=Dom. pepper],Solyc04g014883.1.1[&&NHX:species=Tomato],SLYcer04g01252.1[&&NHX:species=Tomato Cherry],PGSC0003DMP400040817[&&NHX:species=Potato])S)D)D,((PGSC0003DMP400024593[&&NHX:species=Potato],(SLYcer04g00979.1[&&NHX:species=Tomato Cherry],PGSC0003DMP400064733[&&NHX:species=Potato])S)D,Capana05g000248[&&NHX:species=Dom. pepper])S,((Capana05g000270[&&NHX:species=Dom. pepper],PGSC0003DMP400040899[&&NHX:species=Potato])S,Capana03g001864[&&NHX:species=Dom. pepper])D,(((SLYcer04g00978.1[&&NHX:species=Tomato Cherry],(PGSC0003DMP400036470[&&NHX:species=Potato],SLYcer07g00855.1[&&NHX:species=Tomato Cherry],SPI07g00883.1[&&NHX:species=S. pimp])S)D,((Capana07g000049[&&NHX:species=Dom. pepper],(PGSC0003DMP400042232[&&NHX:species=Potato],PGSC0003DMP400040856[&&NHX:species=Potato])D)S,(PGSC0003DMP400033119[&&NHX:species=Potato],Capana05g000252[&&NHX:species=Dom. pepper])S)D)D,((SPI04g00975.1[&&NHX:species=S. pimp],Capana05g000273[&&NHX:species=Dom. pepper],PGSC0003DMP400052731[&&NHX:species=Potato])S,PGSC0003DMP400024589[&&NHX:species=Potato])D)D)D,((Sopen01g030990.2[&&NHX:species=S. Pennelli],Sopen01g030990.1[&&NHX:species=S. Pennelli])D,Capang01g002482[&&NHX:species=Wild pepper],PGSC0003DMP400015940[&&NHX:species=Potato],SLYcer01g06045.1[&&NHX:species=Tomato Cherry],Capana01g002810[&&NHX:species=Dom. pepper],Solyc01g079210.3.1[&&NHX:species=Tomato],SPI01g06341.1[&&NHX:species=S. pimp])S,(((Solyc06g068980.4.1[&&NHX:species=Tomato],PGSC0003DMP400050129[&&NHX:species=Potato],SLYcer06g04535.1[&&NHX:species=Tomato Cherry],(Sopen06g026270.2[&&NHX:species=S. Pennelli],Sopen06g026270.1[&&NHX:species=S. Pennelli])D,Capana00g004660[&&NHX:species=Dom. pepper],Capang06g000990[&&NHX:species=Wild pepper],SPI06g04394.1[&&NHX:species=S. pimp])S,PGSC0003DMP400050133[&&NHX:species=Potato])D,(((Sopen03g038030.1[&&NHX:species=S. Pennelli],SPI03g05169.1[&&NHX:species=S. pimp])S,(SLYcer03g05109.1[&&NHX:species=Tomato Cherry],(Sopen03g038030.3[&&NHX:species=S. Pennelli],Sopen03g038030.2[&&NHX:species=S. Pennelli])D,Solyc03g119140.4.1[&&NHX:species=Tomato])S)D,Capang00g002639[&&NHX:species=Wild pepper])S,(((Sopen04g030230.1[&&NHX:species=S. Pennelli],PGSC0003DMP400026864[&&NHX:species=Potato],Solyc08g080457.1.1[&&NHX:species=Tomato],Capang02g001571[&&NHX:species=Wild pepper])S,((PGSC0003DMP400051585[&&NHX:species=Potato],Capana02g001764[&&NHX:species=Dom. pepper])S,Capana10g000305[&&NHX:species=Dom. pepper])D)D,(SLYcer02g04074.1[&&NHX:species=Tomato Cherry],Sopen02g021680.1[&&NHX:species=S. Pennelli],SPI02g02968.1[&&NHX:species=S. pimp],Solyc02g076780.3.1[&&NHX:species=Tomato])S)D,(SLYcer01g07759.1[&&NHX:species=Tomato Cherry],Capang01g003917[&&NHX:species=Wild pepper],Capana03g004629[&&NHX:species=Dom. pepper],SPI01g07511.1[&&NHX:species=S. pimp],Solyc01g097980.3.1[&&NHX:species=Tomato],Sopen01g041560.1[&&NHX:species=S. Pennelli])S,(((Solyc12g013970.3.1[&&NHX:species=Tomato],Sopen12g005730.1[&&NHX:species=S. Pennelli],Capang10g000212[&&NHX:species=Wild pepper],Capana10g000302[&&NHX:species=Dom. pepper])S,(Capang07g001828[&&NHX:species=Wild pepper],(Sopen07g027100.3[&&NHX:species=S. Pennelli],Sopen07g027100.1[&&NHX:species=S. Pennelli])D,Solyc07g055130.4.1[&&NHX:species=Tomato],Capana07g001827[&&NHX:species=Dom. pepper])S)D,(Sopen07g027100.2[&&NHX:species=S. Pennelli],Capang02g001570[&&NHX:species=Wild pepper],Capana02g001763[&&NHX:species=Dom. pepper],PGSC0003DMP400050128[&&NHX:species=Potato])S)D,(SPI08g04780.1[&&NHX:species=S. pimp],SLYcer08g04881.1[&&NHX:species=Tomato Cherry],Capana08g000322[&&NHX:species=Dom. pepper],Sopen08g018850.1[&&NHX:species=S. Pennelli],Capang01g002935[&&NHX:species=Wild pepper])S,(SPI10g04195.1[&&NHX:species=S. pimp],Capang10g001715[&&NHX:species=Wild pepper],SLYcer10g05666.1[&&NHX:species=Tomato Cherry],PGSC0003DMP400014715[&&NHX:species=Potato],Sopen10g033090.1[&&NHX:species=S. Pennelli],Solyc10g083610.2.1[&&NHX:species=Tomato],Capana10g001950[&&NHX:species=Dom. pepper])S)D,((((Capang10g000183[&&NHX:species=Wild pepper],(Capana10g000291[&&NHX:species=Dom. pepper],Capang10g000200[&&NHX:species=Wild pepper])S)D,(PGSC0003DMP400024363[&&NHX:species=Potato],PGSC0003DMP400021054[&&NHX:species=Potato])D)S,(PGSC0003DMP400045913[&&NHX:species=Potato],Capang03g003921[&&NHX:species=Wild pepper])S)D,(((((((Capang06g001555[&&NHX:species=Wild pepper],PGSC0003DMP400050917[&&NHX:species=Potato])S,(PGSC0003DMP400021042[&&NHX:species=Potato],(PGSC0003DMP400041759[&&NHX:species=Potato],Capang06g001553[&&NHX:species=Wild pepper],Capana06g001641[&&NHX:species=Dom. pepper])S)D)D,(Solyc06g060690.3.1[&&NHX:species=Tomato],PGSC0003DMP400050918[&&NHX:species=Potato],SLYcer06g03947.1[&&NHX:species=Tomato Cherry],SPI06g03820.1[&&NHX:species=S. pimp])S)D,((PGSC0003DMP400024361[&&NHX:species=Potato],(PGSC0003DMP400034747[&&NHX:species=Potato],Capana10g000277[&&NHX:species=Dom. pepper])S)D,(Capang06g001537[&&NHX:species=Wild pepper],Capana06g001625[&&NHX:species=Dom. pepper])S)D)D,PGSC0003DMP400024360[&&NHX:species=Potato])D,((((PGSC0003DMP400041758[&&NHX:species=Potato],PGSC0003DMP400024364[&&NHX:species=Potato],PGSC0003DMP400021055[&&NHX:species=Potato],PGSC0003DMP400024362[&&NHX:species=Potato])D,Capana06g001636[&&NHX:species=Dom. pepper],Capang06g001549[&&NHX:species=Wild pepper])S,((PGSC0003DMP400024358[&&NHX:species=Potato],PGSC0003DMP400021051[&&NHX:species=Potato])D,Sopen06g020810.1[&&NHX:species=S. Pennelli])S)D,(Capana00g002193[&&NHX:species=Dom. pepper],PGSC0003DMP400021052[&&NHX:species=Potato])S)D)D,((Capana06g001638[&&NHX:species=Dom. pepper],(PGSC0003DMP400041757[&&NHX:species=Potato],PGSC0003DMP400041756[&&NHX:species=Potato])D)S,(PGSC0003DMP400024357[&&NHX:species=Potato],Sopen06g020910.1[&&NHX:species=S. Pennelli],Capang06g001550[&&NHX:species=Wild pepper],Capana06g001643[&&NHX:species=Dom. pepper],Solyc06g060680.2.1[&&NHX:species=Tomato])S)D)D)D)D;	66	44	596	SPI07g05396.1,PGSC0003DMP400030206,SPI06g00149.1,SPI06g00157.1,Sopen06g001850.1,Sopen00g012910.1,PGSC0003DMP400023237,Capang06g002696,PGSC0003DMP400036232,PGSC0003DMP400026413,Solyc04g064590.3.1,SLYcer06g04319.1,SLYcer06g04277.1,SLYcer04g01258.1,Solyc04g014887.1.1,Sopen02g015020.1,PGSC0003DMP400043019,PGSC0003DMP400043020,SLYcer06g03051.1,Capang00g005391,PGSC0003DMP400026494,PGSC0003DMP400060608,Solyc05g013290.2.1,PGSC0003DMP400025091,Capana03g000745,SPI08g05227.1,Solyc01g014690.2.1,Capang04g002162,SPI03g05083.1,SLYcer12g03746.1,Sopen10g025090.1,Capana04g002744,Capana00g000173,SPI02g02217.1,SPI10g04354.1,Solyc08g069070.3.1,Capana07g002296,Solyc10g085110.3.1
OG27638	((((((Sopen02g022680.1[&&NHX:species=S. Pennelli],Solyc02g077810.1.1[&&NHX:species=Tomato],SLYcer02g04179.1[&&NHX:species=Tomato Cherry],PGSC0003DMP400042225[&&NHX:species=Potato],SPI02g03072.1[&&NHX:species=S. pimp])S,PGSC0003DMP400029930[&&NHX:species=Potato])D,Capana02g001900[&&NHX:species=Dom. pepper],Capang02g001674[&&NHX:species=Wild pepper])S,((Solyc02g077820.1.1[&&NHX:species=Tomato],PGSC0003DMP400063555[&&NHX:species=Potato],Sopen02g022690.1[&&NHX:species=S. Pennelli],SLYcer02g04180.1[&&NHX:species=Tomato Cherry],SPI02g03073.1[&&NHX:species=S. pimp])S,PGSC0003DMP400060482[&&NHX:species=Potato])D)D,PGSC0003DMP400058804[&&NHX:species=Potato])D,(((SPI06g04235.1[&&NHX:species=S. pimp],SLYcer06g04373.1[&&NHX:species=Tomato Cherry],PGSC0003DMP400028905[&&NHX:species=Potato],Solyc06g066540.1.1[&&NHX:species=Tomato],Sopen06g024810.1[&&NHX:species=S. Pennelli],Capana06g001264[&&NHX:species=Dom. pepper],Capang06g001231[&&NHX:species=Wild pepper])S,PGSC0003DMP400012481[&&NHX:species=Potato])D,(PGSC0003DMP400032373[&&NHX:species=Potato],Capang00g000134[&&NHX:species=Wild pepper],Capana05g001791[&&NHX:species=Dom. pepper])S,(Solyc12g008350.3.1[&&NHX:species=Tomato],SLYcer12g00377.1[&&NHX:species=Tomato Cherry],PGSC0003DMP400000728[&&NHX:species=Potato],Sopen12g003310.1[&&NHX:species=S. Pennelli],Capana09g000250[&&NHX:species=Dom. pepper],SPI12g00408.1[&&NHX:species=S. pimp],Capang09g000245[&&NHX:species=Wild pepper])S,(Sopen12g022660.1[&&NHX:species=S. Pennelli],Solyc12g044390.3.1[&&NHX:species=Tomato],PGSC0003DMP400045958[&&NHX:species=Potato],Capana03g002392[&&NHX:species=Dom. pepper],Capang08g001270[&&NHX:species=Wild pepper],SPI12g04102.1[&&NHX:species=S. pimp])S,(SPI08g04963.1[&&NHX:species=S. pimp],Solyc08g066660.1.1[&&NHX:species=Tomato],PGSC0003DMP400003986[&&NHX:species=Potato],Capang01g003188[&&NHX:species=Wild pepper],Sopen08g020590.1[&&NHX:species=S. Pennelli],SLYcer08g05072.1[&&NHX:species=Tomato Cherry],Capana08g000576[&&NHX:species=Dom. pepper])S)D,((((((PGSC0003DMP400011493[&&NHX:species=Potato],PGSC0003DMP400011492[&&NHX:species=Potato])D,SPI02g02229.1[&&NHX:species=S. pimp])S,PGSC0003DMP400011664[&&NHX:species=Potato])D,Capana10g001776[&&NHX:species=Dom. pepper])S,((PGSC0003DMP400011494[&&NHX:species=Potato],Capana04g002188[&&NHX:species=Dom. pepper],(Sopen03g008400.3[&&NHX:species=S. Pennelli],Sopen03g008400.2[&&NHX:species=S. Pennelli])D,Capang04g001922[&&NHX:species=Wild pepper])S,(SLYcer03g01138.1[&&NHX:species=Tomato Cherry],Sopen03g008400.1[&&NHX:species=S. Pennelli],Solyc03g044300.3.1[&&NHX:species=Tomato])S)D)D,(((PGSC0003DMP400007140[&&NHX:species=Potato],Solyc02g093150.3.1[&&NHX:species=Tomato],SLYcer02g05711.1[&&NHX:species=Tomato Cherry],Capang02g002774[&&NHX:species=Wild pepper],Capana02g003062[&&NHX:species=Dom. pepper],SPI02g04631.1[&&NHX:species=S. pimp],Sopen02g037720.1[&&NHX:species=S. Pennelli])S,PGSC0003DMP400007138[&&NHX:species=Potato])D,(SLYcer02g03345.1[&&NHX:species=Tomato Cherry],(PGSC0003DMP400044183[&&NHX:species=Potato],PGSC0003DMP400044184[&&NHX:species=Potato])D,Sopen02g015090.1[&&NHX:species=S. Pennelli],Capana02g000700[&&NHX:species=Dom. pepper],Capang02g000611[&&NHX:species=Wild pepper],Solyc02g064960.3.1[&&NHX:species=Tomato])S)D)D,(((SLYcer05g00570.1[&&NHX:species=Tomato Cherry],PGSC0003DMP400025666[&&NHX:species=Potato],Solyc05g009250.1.1[&&NHX:species=Tomato],Capang11g002186[&&NHX:species=Wild pepper],SPI05g00601.1[&&NHX:species=S. pimp],Sopen05g004980.1[&&NHX:species=S. Pennelli])S,(Capana01g000160[&&NHX:species=Dom. pepper],PGSC0003DMP400021526[&&NHX:species=Potato])S)D,((SLYcer01g02833.1[&&NHX:species=Tomato Cherry],Capang00g002333[&&NHX:species=Wild pepper],SPI01g02928.1[&&NHX:species=S. pimp])S,((SPI01g02912.1[&&NHX:species=S. pimp],Capang00g000634[&&NHX:species=Wild pepper])S,SPI05g00604.1[&&NHX:species=S. pimp])D)D,((SLYcer01g02894.1[&&NHX:species=Tomato Cherry],PGSC0003DMP400065905[&&NHX:species=Potato],SPI01g02986.1[&&NHX:species=S. pimp])S,(SPI01g02914.1[&&NHX:species=S. pimp],SLYcer01g02867.1[&&NHX:species=Tomato Cherry])S)D,(PGSC0003DMP400025665[&&NHX:species=Potato],(Capang00g002208[&&NHX:species=Wild pepper],SPI05g00605.1[&&NHX:species=S. pimp],PGSC0003DMP400058489[&&NHX:species=Potato])S)D)D,((SPI01g01894.1[&&NHX:species=S. pimp],SLYcer01g01814.1[&&NHX:species=Tomato Cherry])S,((SPI01g01884.1[&&NHX:species=S. pimp],SLYcer01g01802.1[&&NHX:species=Tomato Cherry])S,SLYcer01g01806.1[&&NHX:species=Tomato Cherry])D,(SPI01g01919.1[&&NHX:species=S. pimp],SLYcer01g01837.1[&&NHX:species=Tomato Cherry])S,(SLYcer01g01818.1[&&NHX:species=Tomato Cherry],SPI01g01897.1[&&NHX:species=S. pimp])S,(SPI01g01882.1[&&NHX:species=S. pimp],SLYcer01g01800.1[&&NHX:species=Tomato Cherry])S,((Capang01g001478[&&NHX:species=Wild pepper],Capana00g001546[&&NHX:species=Dom. pepper])S,((Capana01g001776[&&NHX:species=Dom. pepper],Capang01g001497[&&NHX:species=Wild pepper])S,Capang00g003307[&&NHX:species=Wild pepper])D,((PGSC0003DMP400056687[&&NHX:species=Potato],PGSC0003DMP400062960[&&NHX:species=Potato])D,SPI01g01885.1[&&NHX:species=S. pimp],Capana01g001775[&&NHX:species=Dom. pepper],SLYcer01g01804.1[&&NHX:species=Tomato Cherry])S)D,(((Solyc01g014720.3.1[&&NHX:species=Tomato],SPI01g01923.1[&&NHX:species=S. pimp],SLYcer01g01841.1[&&NHX:species=Tomato Cherry],Sopen01g009430.1[&&NHX:species=S. Pennelli])S,(PGSC0003DMP400058665[&&NHX:species=Potato],Capang00g004843[&&NHX:species=Wild pepper],Sopen01g009300.1[&&NHX:species=S. Pennelli])S)D,PGSC0003DMP400069253[&&NHX:species=Potato],PGSC0003DMP400061036[&&NHX:species=Potato])D,(((SPI01g01918.1[&&NHX:species=S. pimp],SLYcer01g01839.1[&&NHX:species=Tomato Cherry])S,(Capang00g002939[&&NHX:species=Wild pepper],((SLYcer01g01823.1[&&NHX:species=Tomato Cherry],SPI01g01904.1[&&NHX:species=S. pimp])S,SPI01g01887.1[&&NHX:species=S. pimp])D)S)D,(SPI01g01917.1[&&NHX:species=S. pimp],SLYcer01g01836.1[&&NHX:species=Tomato Cherry])S,SPI09g03767.1[&&NHX:species=S. pimp])D,(((SPI01g00585.1[&&NHX:species=S. pimp],SLYcer01g00550.1[&&NHX:species=Tomato Cherry])S,(SPI01g00586.1[&&NHX:species=S. pimp],SLYcer01g00551.1[&&NHX:species=Tomato Cherry])S)D,Solyc01g008880.3.1[&&NHX:species=Tomato])S)D,((SPI05g04502.1[&&NHX:species=S. pimp],SLYcer10g02467.1[&&NHX:species=Tomato Cherry],Capana05g001948[&&NHX:species=Dom. pepper],PGSC0003DMP400028010[&&NHX:species=Potato],Solyc05g052050.1.1[&&NHX:species=Tomato],Sopen05g030600.1[&&NHX:species=S. Pennelli],Capang05g001526[&&NHX:species=Wild pepper])S,(Solyc03g093610.1.1[&&NHX:species=Tomato],PGSC0003DMP400019030[&&NHX:species=Potato],SLYcer03g03534.1[&&NHX:species=Tomato Cherry],Capang03g002597[&&NHX:species=Wild pepper],Sopen03g024430.1[&&NHX:species=S. Pennelli],SPI03g03609.1[&&NHX:species=S. pimp])S)D,((((SLYcer08g06067.1[&&NHX:species=Tomato Cherry],SLYcer08g06068.1[&&NHX:species=Tomato Cherry])D,((Capana01g000589[&&NHX:species=Dom. pepper],Capang01g000529[&&NHX:species=Wild pepper])S,(Capang01g000530[&&NHX:species=Wild pepper],Capana01g000591[&&NHX:species=Dom. pepper])S)D,((Sopen08g026900.1[&&NHX:species=S. Pennelli],PGSC0003DMP400008564[&&NHX:species=Potato])S,(PGSC0003DMP400008562[&&NHX:species=Potato],Sopen08g026910.1[&&NHX:species=S. Pennelli])S)D)S,PGSC0003DMP400008563[&&NHX:species=Potato])D,((PGSC0003DMP400012445[&&NHX:species=Potato],SPI05g04319.1[&&NHX:species=S. pimp],Capang05g001305[&&NHX:species=Wild pepper],Capana05g001616[&&NHX:species=Dom. pepper],SLYcer10g02653.1[&&NHX:species=Tomato Cherry],Solyc05g050830.3.1[&&NHX:species=Tomato],Sopen05g029310.1[&&NHX:species=S. Pennelli])S,((SPI10g01127.1[&&NHX:species=S. pimp],PGSC0003DMP400021367[&&NHX:species=Potato],Sopen10g008890.1[&&NHX:species=S. Pennelli])S,(SPI01g06979.1[&&NHX:species=S. pimp],SLYcer01g06724.1[&&NHX:species=Tomato Cherry],Capang08g000414[&&NHX:species=Wild pepper],Capana01g003464[&&NHX:species=Dom. pepper],Sopen01g036330.1[&&NHX:species=S. Pennelli],PGSC0003DMP400045166[&&NHX:species=Potato],Solyc01g090560.4.1[&&NHX:species=Tomato])S)D)D)D,((Sopen10g033030.1[&&NHX:species=S. Pennelli],SPI10g04189.1[&&NHX:species=S. pimp],Capana10g001958[&&NHX:species=Dom. pepper],PGSC0003DMP400067146[&&NHX:species=Potato],SLYcer10g05660.1[&&NHX:species=Tomato Cherry],Capang10g001722[&&NHX:species=Wild pepper],Solyc10g083560.1.1[&&NHX:species=Tomato])S,((Capang09g001866[&&NHX:species=Wild pepper],Capana09g002352[&&NHX:species=Dom. pepper],Solyc09g009240.1.1[&&NHX:species=Tomato])S,(SPI09g00454.1[&&NHX:species=S. pimp],Sopen09g003970.1[&&NHX:species=S. Pennelli],PGSC0003DMP400004788[&&NHX:species=Potato],Capang09g001867[&&NHX:species=Wild pepper])S)D)D,(((Capang08g000448[&&NHX:species=Wild pepper],Capang08g000447[&&NHX:species=Wild pepper])D,(Capana01g003496[&&NHX:species=Dom. pepper],Capana01g003495[&&NHX:species=Dom. pepper])D,Solyc01g090370.3.1[&&NHX:species=Tomato],PGSC0003DMP400045198[&&NHX:species=Potato],SLYcer01g06701.1[&&NHX:species=Tomato Cherry])S,(Capang08g000461[&&NHX:species=Wild pepper],SPI01g06951.1[&&NHX:species=S. pimp],Solyc01g090310.3.1[&&NHX:species=Tomato],PGSC0003DMP400063149[&&NHX:species=Potato],Capana01g003506[&&NHX:species=Dom. pepper],SLYcer01g06694.1[&&NHX:species=Tomato Cherry],Sopen01g036100.1[&&NHX:species=S. Pennelli])S,(Sopen01g036090.1[&&NHX:species=S. Pennelli],Capana01g003507[&&NHX:species=Dom. pepper],Capang08g000462[&&NHX:species=Wild pepper],PGSC0003DMP400045201[&&NHX:species=Potato],SLYcer01g06693.1[&&NHX:species=Tomato Cherry],Solyc01g090300.2.1[&&NHX:species=Tomato],SPI01g06950.1[&&NHX:species=S. pimp])S,(SLYcer10g02469.1[&&NHX:species=Tomato Cherry],Solyc05g052030.1.1[&&NHX:species=Tomato],Sopen05g030580.1[&&NHX:species=S. Pennelli],Capana05g001951[&&NHX:species=Dom. pepper],Capang05g001528[&&NHX:species=Wild pepper],PGSC0003DMP400028008[&&NHX:species=Potato],SPI05g04500.1[&&NHX:species=S. pimp])S,(Solyc01g090340.3.1[&&NHX:species=Tomato],SPI01g06953.1[&&NHX:species=S. pimp],Sopen01g036120.1[&&NHX:species=S. Pennelli],Capana01g003503[&&NHX:species=Dom. pepper],SLYcer01g06697.1[&&NHX:species=Tomato Cherry],Capang08g000458[&&NHX:species=Wild pepper],PGSC0003DMP400045082[&&NHX:species=Potato])S,((Capang05g001322[&&NHX:species=Wild pepper],Capana05g001638[&&NHX:species=Dom. pepper],Solyc05g050790.3.1[&&NHX:species=Tomato],PGSC0003DMP400012451[&&NHX:species=Potato])S,(Capang08g000444[&&NHX:species=Wild pepper],PGSC0003DMP400062677[&&NHX:species=Potato],Capana01g003492[&&NHX:species=Dom. pepper])S)D,((SLYcer01g06698.1[&&NHX:species=Tomato Cherry],Capang08g000457[&&NHX:species=Wild pepper],SPI01g06954.1[&&NHX:species=S. pimp],PGSC0003DMP400045200[&&NHX:species=Potato],Capana01g003502[&&NHX:species=Dom. pepper],Solyc01g090345.1.1[&&NHX:species=Tomato])S,(((Capana01g003504[&&NHX:species=Dom. pepper],Capang08g000459[&&NHX:species=Wild pepper])S,(Capang08g000460[&&NHX:species=Wild pepper],Capana01g003505[&&NHX:species=Dom. pepper])S)D,(PGSC0003DMP400068776[&&NHX:species=Potato],PGSC0003DMP400045084[&&NHX:species=Potato])D)S)D,(PGSC0003DMP400019034[&&NHX:species=Potato],SPI03g03600.1[&&NHX:species=S. pimp],SLYcer03g03526.1[&&NHX:species=Tomato Cherry],Sopen03g024350.1[&&NHX:species=S. Pennelli])S)D,((((Capana06g001094[&&NHX:species=Dom. pepper],SLYcer06g04490.1[&&NHX:species=Tomato Cherry],PGSC0003DMP400050388[&&NHX:species=Potato],SPI06g04350.1[&&NHX:species=S. pimp],Capang06g001038[&&NHX:species=Wild pepper],Solyc06g068570.4.1[&&NHX:species=Tomato],Sopen06g025830.1[&&NHX:species=S. Pennelli])S,PGSC0003DMP400050389[&&NHX:species=Potato])D,(Capang03g000513[&&NHX:species=Wild pepper],Capana03g000560[&&NHX:species=Dom. pepper],Solyc03g117720.3.1[&&NHX:species=Tomato],Sopen03g036630.1[&&NHX:species=S. Pennelli],PGSC0003DMP400024894[&&NHX:species=Potato],SPI03g05021.1[&&NHX:species=S. pimp],SLYcer03g04966.1[&&NHX:species=Tomato Cherry])S)D,(Capang09g000106[&&NHX:species=Wild pepper],SLYcer12g00626.1[&&NHX:species=Tomato Cherry],PGSC0003DMP400059420[&&NHX:species=Potato],Capana09g000106[&&NHX:species=Dom. pepper],Sopen12g005500.1[&&NHX:species=S. Pennelli],Solyc12g010490.3.1[&&NHX:species=Tomato])S)D,(((SLYcer03g05013.1[&&NHX:species=Tomato Cherry],Capang03g000568[&&NHX:species=Wild pepper],Capana03g000629[&&NHX:species=Dom. pepper],Sopen03g037110.1[&&NHX:species=S. Pennelli],PGSC0003DMP400025076[&&NHX:species=Potato],Solyc03g118190.4.1[&&NHX:species=Tomato],SPI03g05072.1[&&NHX:species=S. pimp])S,PGSC0003DMP400025075[&&NHX:species=Potato])D,(Capana02g000496[&&NHX:species=Dom. pepper],Capang02g000453[&&NHX:species=Wild pepper])S,(Solyc12g042210.2.1[&&NHX:species=Tomato],Sopen12g021250.1[&&NHX:species=S. Pennelli],Capana12g001343[&&NHX:species=Dom. pepper],Capang12g001138[&&NHX:species=Wild pepper],SPI12g03915.1[&&NHX:species=S. pimp],SLYcer12g03966.1[&&NHX:species=Tomato Cherry])S)D,((SPI02g03076.1[&&NHX:species=S. pimp],Capang02g001684[&&NHX:species=Wild pepper],Capana02g001907[&&NHX:species=Dom. pepper],Sopen02g022700.1[&&NHX:species=S. Pennelli],PGSC0003DMP400051760[&&NHX:species=Potato],SLYcer02g04183.1[&&NHX:species=Tomato Cherry])S,(Capana10g000161[&&NHX:species=Dom. pepper],Solyc10g006130.1.1[&&NHX:species=Tomato],Sopen10g002080.1[&&NHX:species=S. Pennelli],Capang00g000461[&&NHX:species=Wild pepper],PGSC0003DMP400025392[&&NHX:species=Potato],SPI10g00213.1[&&NHX:species=S. pimp])S,(SLYcer07g05529.1[&&NHX:species=Tomato Cherry],Solyc07g064890.1.1[&&NHX:species=Tomato],Capang07g002308[&&NHX:species=Wild pepper],PGSC0003DMP400038647[&&NHX:species=Potato],Capana07g002313[&&NHX:species=Dom. pepper],Sopen07g033090.1[&&NHX:species=S. Pennelli],SPI07g06247.1[&&NHX:species=S. pimp])S,(Capana07g001365[&&NHX:species=Dom. pepper],PGSC0003DMP400001342[&&NHX:species=Potato],SLYcer07g04355.1[&&NHX:species=Tomato Cherry],Capang07g001391[&&NHX:species=Wild pepper],Sopen07g024840.1[&&NHX:species=S. Pennelli],SPI07g05062.1[&&NHX:species=S. pimp],Solyc07g049490.3.1[&&NHX:species=Tomato])S,(Sopen12g001920.1[&&NHX:species=S. Pennelli],(PGSC0003DMP400024503[&&NHX:species=Potato],PGSC0003DMP400024505[&&NHX:species=Potato],PGSC0003DMP400024506[&&NHX:species=Potato])D,Solyc12g005960.3.1[&&NHX:species=Tomato])S)D,(((Solyc03g007460.3.1[&&NHX:species=Tomato],Capana03g002059[&&NHX:species=Dom. pepper],SLYcer03g00339.1[&&NHX:species=Tomato Cherry],SPI03g00559.1[&&NHX:species=S. pimp],Capang03g001984[&&NHX:species=Wild pepper],PGSC0003DMP400058597[&&NHX:species=Potato],Sopen03g003410.1[&&NHX:species=S. Pennelli])S,(Solyc06g051840.1.1[&&NHX:species=Tomato],PGSC0003DMP400004193[&&NHX:species=Potato],Sopen06g017870.1[&&NHX:species=S. Pennelli],Capana06g002553[&&NHX:species=Dom. pepper],Capang06g002383[&&NHX:species=Wild pepper],SLYcer06g03557.1[&&NHX:species=Tomato Cherry])S)D,((SLYcer01g07028.1[&&NHX:species=Tomato Cherry],PGSC0003DMP400000207[&&NHX:species=Potato],SPI01g07277.1[&&NHX:species=S. pimp],Solyc01g095500.3.1[&&NHX:species=Tomato],Sopen01g039250.1[&&NHX:species=S. Pennelli],Capang01g003595[&&NHX:species=Wild pepper])S,(SLYcer06g05316.1[&&NHX:species=Tomato Cherry],SPI06g05207.1[&&NHX:species=S. pimp],PGSC0003DMP400053030[&&NHX:species=Potato],Capana06g000269[&&NHX:species=Dom. pepper],Capang06g000257[&&NHX:species=Wild pepper],Sopen06g033990.1[&&NHX:species=S. Pennelli],Solyc06g082590.1.1[&&NHX:species=Tomato])S)D)D,(SLYcer09g04919.1[&&NHX:species=Tomato Cherry],SPI09g04578.1[&&NHX:species=S. pimp],Capang03g004322[&&NHX:species=Wild pepper],Sopen09g032860.1[&&NHX:species=S. Pennelli],PGSC0003DMP400030111[&&NHX:species=Potato],Solyc09g089930.3.1[&&NHX:species=Tomato],Capana03g004524[&&NHX:species=Dom. pepper])S,(Sopen03g039660.1[&&NHX:species=S. Pennelli],SPI03g05345.1[&&NHX:species=S. pimp],Capang03g000256[&&NHX:species=Wild pepper],Solyc03g120840.3.1[&&NHX:species=Tomato],SLYcer03g05303.1[&&NHX:species=Tomato Cherry],Capana03g000268[&&NHX:species=Dom. pepper],PGSC0003DMP400004686[&&NHX:species=Potato])S,((PGSC0003DMP400060470[&&NHX:species=Potato],SLYcer01g00719.1[&&NHX:species=Tomato Cherry],Sopen01g004960.1[&&NHX:species=S. Pennelli],Capana00g004363[&&NHX:species=Dom. pepper],Solyc01g009440.3.1[&&NHX:species=Tomato],Capang00g000100[&&NHX:species=Wild pepper],SPI01g00769.1[&&NHX:species=S. pimp])S,(Solyc12g056430.1.1[&&NHX:species=Tomato],Capang12g000969[&&NHX:species=Wild pepper],PGSC0003DMP400007575[&&NHX:species=Potato],SPI12g04440.1[&&NHX:species=S. pimp],Capana12g001159[&&NHX:species=Dom. pepper],Sopen12g029020.1[&&NHX:species=S. Pennelli],SLYcer12g04486.1[&&NHX:species=Tomato Cherry])S,((((Sopen03g005140.1[&&NHX:species=S. Pennelli],PGSC0003DMP400025210[&&NHX:species=Potato],Solyc03g026270.3.1[&&NHX:species=Tomato],Capang03g002309[&&NHX:species=Wild pepper],Capana03g002388[&&NHX:species=Dom. pepper])S,Capang03g002314[&&NHX:species=Wild pepper])D,(PGSC0003DMP400025208[&&NHX:species=Potato],Capang03g002310[&&NHX:species=Wild pepper],Solyc03g124110.2.1[&&NHX:species=Tomato])S)D,(PGSC0003DMP400025209[&&NHX:species=Potato],Solyc03g026280.3.1[&&NHX:species=Tomato],Sopen03g005150.1[&&NHX:species=S. Pennelli])S)D,(SPI03g00743.1[&&NHX:species=S. pimp],Capana11g000561[&&NHX:species=Dom. pepper],SLYcer03g00521.1[&&NHX:species=Tomato Cherry],PGSC0003DMP400062326[&&NHX:species=Potato],Capang11g000517[&&NHX:species=Wild pepper])S,((PGSC0003DMP400025206[&&NHX:species=Potato],PGSC0003DMP400025207[&&NHX:species=Potato])D,Capana03g002389[&&NHX:species=Dom. pepper],Sopen03g005160.1[&&NHX:species=S. Pennelli])S)D,(((SPI06g02848.1[&&NHX:species=S. pimp],PGSC0003DMP400043872[&&NHX:species=Potato],Solyc06g035700.1.1[&&NHX:species=Tomato],Sopen06g011450.1[&&NHX:species=S. Pennelli],SLYcer06g02840.1[&&NHX:species=Tomato Cherry])S,(Capang01g000308[&&NHX:species=Wild pepper],PGSC0003DMP400039459[&&NHX:species=Potato],Solyc08g080290.4.1[&&NHX:species=Tomato],Capana01g000331[&&NHX:species=Dom. pepper],Sopen08g028640.1[&&NHX:species=S. Pennelli],SPI08g06155.1[&&NHX:species=S. pimp],SLYcer08g06249.1[&&NHX:species=Tomato Cherry])S)D,((Solyc08g007835.1.1[&&NHX:species=Tomato],Capana01g004449[&&NHX:species=Dom. pepper],PGSC0003DMP400022163[&&NHX:species=Potato],SLYcer08g00504.1[&&NHX:species=Tomato Cherry],SPI08g00476.1[&&NHX:species=S. pimp])S,((Sopen08g003760.1[&&NHX:species=S. Pennelli],(Solyc08g007840.3.1[&&NHX:species=Tomato],Capang08g001273[&&NHX:species=Wild pepper],PGSC0003DMP400022109[&&NHX:species=Potato],Sopen08g003770.1[&&NHX:species=S. Pennelli])S)D,(Capang08g001272[&&NHX:species=Wild pepper],Capana01g004448[&&NHX:species=Dom. pepper])S)D)D)D,((((Capang03g004323[&&NHX:species=Wild pepper],Capana03g004500[&&NHX:species=Dom. pepper],SLYcer09g04918.1[&&NHX:species=Tomato Cherry],Solyc09g089920.1.1[&&NHX:species=Tomato],SPI09g04577.1[&&NHX:species=S. pimp],PGSC0003DMP400068750[&&NHX:species=Potato])S,(Capang04g002441[&&NHX:species=Wild pepper],SLYcer03g00126.1[&&NHX:species=Tomato Cherry],SPI03g00270.1[&&NHX:species=S. pimp],Capana04g002841[&&NHX:species=Dom. pepper],Solyc03g005510.2.1[&&NHX:species=Tomato],PGSC0003DMP400023799[&&NHX:species=Potato],Sopen03g001530.1[&&NHX:species=S. Pennelli])S)D,(((SLYcer03g00125.1[&&NHX:species=Tomato Cherry],Sopen03g001520.1[&&NHX:species=S. Pennelli],Capana04g002842[&&NHX:species=Dom. pepper],Solyc03g005500.1.1[&&NHX:species=Tomato],PGSC0003DMP400023722[&&NHX:species=Potato],SPI03g00269.1[&&NHX:species=S. pimp],Capang04g002442[&&NHX:species=Wild pepper])S,(Sopen09g032850.1[&&NHX:species=S. Pennelli],SPI09g04576.1[&&NHX:species=S. pimp],SLYcer09g04917.1[&&NHX:species=Tomato Cherry],Capang03g004324[&&NHX:species=Wild pepper],Capana03g004499[&&NHX:species=Dom. pepper],PGSC0003DMP400030113[&&NHX:species=Potato],Solyc09g089910.1.1[&&NHX:species=Tomato])S)D,(Sopen09g028040.1[&&NHX:species=S. Pennelli],Capang03g003241[&&NHX:species=Wild pepper],Capana03g003313[&&NHX:species=Dom. pepper],Solyc09g066340.1.1[&&NHX:species=Tomato],PGSC0003DMP400063022[&&NHX:species=Potato],SLYcer09g03847.1[&&NHX:species=Tomato Cherry])S)D)D,(Solyc09g066350.1.1[&&NHX:species=Tomato],PGSC0003DMP400018208[&&NHX:species=Potato],Capang03g003238[&&NHX:species=Wild pepper],SPI09g03770.1[&&NHX:species=S. pimp],SLYcer09g03848.1[&&NHX:species=Tomato Cherry],Sopen09g028060.1[&&NHX:species=S. Pennelli])S)D,((((PGSC0003DMP400018171[&&NHX:species=Potato],Sopen09g028070.1[&&NHX:species=S. Pennelli],Solyc09g066360.1.1[&&NHX:species=Tomato])S,PGSC0003DMP400024075[&&NHX:species=Potato])D,SPI09g03771.1[&&NHX:species=S. pimp],SLYcer09g03849.1[&&NHX:species=Tomato Cherry])S,(Solyc04g014530.1.1[&&NHX:species=Tomato],SPI04g00900.1[&&NHX:species=S. pimp],SLYcer04g01171.1[&&NHX:species=Tomato Cherry],PGSC0003DMP400040865[&&NHX:species=Potato],Capang05g000195[&&NHX:species=Wild pepper],Capana05g000206[&&NHX:species=Dom. pepper],Sopen04g006680.1[&&NHX:species=S. Pennelli])S,(Sopen03g033540.1[&&NHX:species=S. Pennelli],Capang03g000897[&&NHX:species=Wild pepper],Capana00g001366[&&NHX:species=Dom. pepper],PGSC0003DMP400042590[&&NHX:species=Potato],Solyc03g114440.1.1[&&NHX:species=Tomato])S,(Sopen05g029570.1[&&NHX:species=S. Pennelli],SLYcer10g02596.1[&&NHX:species=Tomato Cherry],SPI05g04366.1[&&NHX:species=S. pimp],Solyc05g051200.1.1[&&NHX:species=Tomato],Capana05g001701[&&NHX:species=Dom. pepper],Capang05g001381[&&NHX:species=Wild pepper],PGSC0003DMP400025705[&&NHX:species=Potato])S,((PGSC0003DMP400023446[&&NHX:species=Potato],Sopen11g006570.1[&&NHX:species=S. Pennelli],Capang11g001679[&&NHX:species=Wild pepper],Solyc11g011740.1.1[&&NHX:species=Tomato])S,(Capang11g001680[&&NHX:species=Wild pepper],Capana00g002530[&&NHX:species=Dom. pepper])S)D,((SLYcer11g00696.1[&&NHX:species=Tomato Cherry],Sopen11g006580.1[&&NHX:species=S. Pennelli],PGSC0003DMP400023447[&&NHX:species=Potato],Capang11g001678[&&NHX:species=Wild pepper],SPI11g00847.1[&&NHX:species=S. pimp])S,(((Sopen11g006590.1[&&NHX:species=S. Pennelli],SLYcer11g00697.1[&&NHX:species=Tomato Cherry],PGSC0003DMP400023448[&&NHX:species=Potato],SPI11g00848.1[&&NHX:species=S. pimp],Capana00g002529[&&NHX:species=Dom. pepper],(Capang11g001677[&&NHX:species=Wild pepper],Capang00g002256[&&NHX:species=Wild pepper])D,Solyc11g011750.1.1[&&NHX:species=Tomato])S,PGSC0003DMP400063967[&&NHX:species=Potato])D,(Capana00g002230[&&NHX:species=Dom. pepper],Capang00g003737[&&NHX:species=Wild pepper])S)D)D)D,((Capang08g000631[&&NHX:species=Wild pepper],Sopen06g018310.1[&&NHX:species=S. Pennelli],SPI06g03516.1[&&NHX:species=S. pimp],SLYcer06g03605.1[&&NHX:species=Tomato Cherry],PGSC0003DMP400052622[&&NHX:species=Potato],Capana01g003705[&&NHX:species=Dom. pepper])S,((Capana03g000438[&&NHX:species=Dom. pepper],PGSC0003DMP400001263[&&NHX:species=Potato],SPI03g04913.1[&&NHX:species=S. pimp],Sopen03g035520.1[&&NHX:species=S. Pennelli],SLYcer03g04857.1[&&NHX:species=Tomato Cherry],Solyc03g116610.3.1[&&NHX:species=Tomato],Capang03g000397[&&NHX:species=Wild pepper])S,(Capang09g000015[&&NHX:species=Wild pepper],Sopen12g004490.1[&&NHX:species=S. Pennelli],SLYcer12g00517.1[&&NHX:species=Tomato Cherry],Solyc12g009490.3.1[&&NHX:species=Tomato],Capana09g000023[&&NHX:species=Dom. pepper],PGSC0003DMP400005210[&&NHX:species=Potato],SPI12g00544.1[&&NHX:species=S. pimp])S)D)D,((SPI05g04501.1[&&NHX:species=S. pimp],PGSC0003DMP400028007[&&NHX:species=Potato],Solyc05g052040.1.1[&&NHX:species=Tomato],SLYcer10g02468.1[&&NHX:species=Tomato Cherry],Sopen05g030590.1[&&NHX:species=S. Pennelli],Capang00g004492[&&NHX:species=Wild pepper],Capana05g001949[&&NHX:species=Dom. pepper])S,(PGSC0003DMP400044186[&&NHX:species=Potato],(SPI03g01348.1[&&NHX:species=S. pimp],(PGSC0003DMP400007139[&&NHX:species=Potato],PGSC0003DMP400019511[&&NHX:species=Potato],PGSC0003DMP400019510[&&NHX:species=Potato])D)S)D,(SLYcer03g03529.1[&&NHX:species=Tomato Cherry],PGSC0003DMP400019035[&&NHX:species=Potato],Solyc03g093560.1.1[&&NHX:species=Tomato],Sopen03g024410.1[&&NHX:species=S. Pennelli],SPI03g03603.1[&&NHX:species=S. pimp])S,((Capana12g002081[&&NHX:species=Dom. pepper],Sopen03g024400.1[&&NHX:species=S. Pennelli],Solyc03g093550.1.1[&&NHX:species=Tomato],Capang12g001777[&&NHX:species=Wild pepper])S,(Sopen03g024370.1[&&NHX:species=S. Pennelli],Solyc03g093540.1.1[&&NHX:species=Tomato],SPI03g03601.1[&&NHX:species=S. pimp])S)D)D,(((SPI11g02973.1[&&NHX:species=S. pimp],SLYcer11g02906.1[&&NHX:species=Tomato Cherry],PGSC0003DMP400031469[&&NHX:species=Potato],Solyc11g042560.1.1[&&NHX:species=Tomato],Sopen11g018670.1[&&NHX:species=S. Pennelli])S,(Capang04g001681[&&NHX:species=Wild pepper],PGSC0003DMP400031126[&&NHX:species=Potato],Solyc11g042580.1.1[&&NHX:species=Tomato],Capana04g001803[&&NHX:species=Dom. pepper],SPI11g02967.1[&&NHX:species=S. pimp],Sopen11g018710.1[&&NHX:species=S. Pennelli],SLYcer11g02902.1[&&NHX:species=Tomato Cherry])S)D,(PGSC0003DMP400040280[&&NHX:species=Potato],SPI07g04429.1[&&NHX:species=S. pimp],SLYcer07g03709.1[&&NHX:species=Tomato Cherry],Capana02g001903[&&NHX:species=Dom. pepper],Solyc07g042230.1.1[&&NHX:species=Tomato],Sopen07g021830.1[&&NHX:species=S. Pennelli])S)D,((Capana04g001206[&&NHX:species=Dom. pepper],SPI04g04401.1[&&NHX:species=S. pimp],Capang04g001147[&&NHX:species=Wild pepper],Sopen04g028490.1[&&NHX:species=S. Pennelli],SLYcer04g04922.1[&&NHX:species=Tomato Cherry],Solyc04g072300.1.1[&&NHX:species=Tomato],PGSC0003DMP400038028[&&NHX:species=Potato])S,(PGSC0003DMP400006612[&&NHX:species=Potato],SLYcer04g05692.1[&&NHX:species=Tomato Cherry],Solyc04g080910.1.1[&&NHX:species=Tomato],SPI04g05194.1[&&NHX:species=S. pimp],Capana04g000283[&&NHX:species=Dom. pepper],Sopen04g034520.1[&&NHX:species=S. Pennelli],Capang04g000256[&&NHX:species=Wild pepper])S)D,((Solyc02g077790.1.1[&&NHX:species=Tomato],SPI02g03068.1[&&NHX:species=S. pimp],SLYcer02g04175.1[&&NHX:species=Tomato Cherry])S,(PGSC0003DMP400018957[&&NHX:species=Potato],Capana02g001850[&&NHX:species=Dom. pepper],Sopen02g022260.1[&&NHX:species=S. Pennelli],SLYcer02g04130.1[&&NHX:species=Tomato Cherry],Solyc02g077360.1.1[&&NHX:species=Tomato],Capang02g001604[&&NHX:species=Wild pepper],SPI02g03025.1[&&NHX:species=S. pimp])S,((((((Capang02g001658[&&NHX:species=Wild pepper],Capang02g001659[&&NHX:species=Wild pepper])D,Capang06g002412[&&NHX:species=Wild pepper])D,Sopen12g018690.1[&&NHX:species=S. Pennelli])S,(Solyc12g038440.1.1[&&NHX:species=Tomato],SLYcer12g03528.1[&&NHX:species=Tomato Cherry],SPI12g03511.1[&&NHX:species=S. pimp],PGSC0003DMP400067023[&&NHX:species=Potato])S)D,((PGSC0003DMP400056561[&&NHX:species=Potato],(PGSC0003DMP400058856[&&NHX:species=Potato],PGSC0003DMP400059547[&&NHX:species=Potato])D)D,Solyc12g038450.1.1[&&NHX:species=Tomato],Capang02g001677[&&NHX:species=Wild pepper],SPI12g03518.1[&&NHX:species=S. pimp],SLYcer12g03533.1[&&NHX:species=Tomato Cherry])S)D,PGSC0003DMP400062358[&&NHX:species=Potato])D,(((Capana04g002650[&&NHX:species=Dom. pepper],Solyc02g077840.2.1[&&NHX:species=Tomato],Capang04g002302[&&NHX:species=Wild pepper])S,((Capang06g002702[&&NHX:species=Wild pepper],Capana04g002719[&&NHX:species=Dom. pepper])S,Capang04g002336[&&NHX:species=Wild pepper])D,(PGSC0003DMP400060119[&&NHX:species=Potato],Capang02g002805[&&NHX:species=Wild pepper])S,(((Capana04g002651[&&NHX:species=Dom. pepper],Capang04g002303[&&NHX:species=Wild pepper])S,Capang04g002301[&&NHX:species=Wild pepper])D,PGSC0003DMP400023385[&&NHX:species=Potato])S)D,PGSC0003DMP400061732[&&NHX:species=Potato])D,((Solyc10g080310.3.1[&&NHX:species=Tomato],Capang02g000908[&&NHX:species=Wild pepper],PGSC0003DMP400026844[&&NHX:species=Potato])S,(Solyc10g076380.2.1[&&NHX:species=Tomato],SLYcer10g04674.1[&&NHX:species=Tomato Cherry],PGSC0003DMP400027846[&&NHX:species=Potato],Sopen10g028030.1[&&NHX:species=S. Pennelli])S)D)D,(((Capang03g002200[&&NHX:species=Wild pepper],Capana01g004445[&&NHX:species=Dom. pepper])S,(((Capang03g002199[&&NHX:species=Wild pepper],Capana01g004444[&&NHX:species=Dom. pepper])S,Capang00g005167[&&NHX:species=Wild pepper])D,((Capana01g004447[&&NHX:species=Dom. pepper],Capang08g001271[&&NHX:species=Wild pepper])S,Capana01g004446[&&NHX:species=Dom. pepper])D)D)D,(SPI08g00474.1[&&NHX:species=S. pimp],SPI08g00475.1[&&NHX:species=S. pimp])D,((PGSC0003DMP400022161[&&NHX:species=Potato],PGSC0003DMP400022160[&&NHX:species=Potato])D,PGSC0003DMP400022162[&&NHX:species=Potato])D,(Solyc08g007830.1.1[&&NHX:species=Tomato],Solyc08g007820.1.1[&&NHX:species=Tomato])D)S,((Sopen01g021420.1[&&NHX:species=S. Pennelli],SLYcer01g04683.1[&&NHX:species=Tomato Cherry],Capang02g001462[&&NHX:species=Wild pepper],Solyc01g057080.1.1[&&NHX:species=Tomato],PGSC0003DMP400015357[&&NHX:species=Potato],SPI01g04822.1[&&NHX:species=S. pimp])S,(((Capang02g002772[&&NHX:species=Wild pepper],Capana02g003060[&&NHX:species=Dom. pepper],PGSC0003DMP400007137[&&NHX:species=Potato],Sopen02g037700.1[&&NHX:species=S. Pennelli],SLYcer02g05709.1[&&NHX:species=Tomato Cherry],Solyc02g093130.3.1[&&NHX:species=Tomato])S,PGSC0003DMP400056374[&&NHX:species=Potato])D,(PGSC0003DMP400013982[&&NHX:species=Potato],Capang04g000521[&&NHX:species=Wild pepper],Capana04g000577[&&NHX:species=Dom. pepper],SLYcer04g05473.1[&&NHX:species=Tomato Cherry],Sopen04g032240.1[&&NHX:species=S. Pennelli],Solyc04g078640.3.1[&&NHX:species=Tomato],SPI04g04969.1[&&NHX:species=S. pimp])S)D)D,(((Capana10g001022[&&NHX:species=Dom. pepper],Sopen10g022600.1[&&NHX:species=S. Pennelli],PGSC0003DMP400014496[&&NHX:species=Potato],Capang10g000856[&&NHX:species=Wild pepper])S,(PGSC0003DMP400014495[&&NHX:species=Potato],(PGSC0003DMP400014476[&&NHX:species=Potato],Solyc10g050970.1.1[&&NHX:species=Tomato],SLYcer10g04270.1[&&NHX:species=Tomato Cherry],SPI10g02772.1[&&NHX:species=S. pimp])S)D)D,(SLYcer04g03709.1[&&NHX:species=Tomato Cherry],SPI04g03429.1[&&NHX:species=S. pimp],Solyc04g051360.3.1[&&NHX:species=Tomato],Capang12g001544[&&NHX:species=Wild pepper],PGSC0003DMP400034226[&&NHX:species=Potato],Capana12g001883[&&NHX:species=Dom. pepper])S)D,((SLYcer09g05136.1[&&NHX:species=Tomato Cherry],Sopen09g034850.1[&&NHX:species=S. Pennelli],Capana00g001882[&&NHX:species=Dom. pepper],SPI09g04813.1[&&NHX:species=S. pimp],Solyc09g091950.1.1[&&NHX:species=Tomato],PGSC0003DMP400054524[&&NHX:species=Potato],Capang03g004158[&&NHX:species=Wild pepper])S,((Capang03g000460[&&NHX:species=Wild pepper],SPI03g04964.1[&&NHX:species=S. pimp],Solyc03g117130.3.1[&&NHX:species=Tomato],SLYcer03g04909.1[&&NHX:species=Tomato Cherry],(PGSC0003DMP400024835[&&NHX:species=Potato],PGSC0003DMP400024969[&&NHX:species=Potato])D,Sopen03g036040.1[&&NHX:species=S. Pennelli],Capana03g000500[&&NHX:species=Dom. pepper])S,PGSC0003DMP400058211[&&NHX:species=Potato])D)D,(((Capana09g000596[&&NHX:species=Dom. pepper],Capana09g000595[&&NHX:species=Dom. pepper])D,Capang09g000523[&&NHX:species=Wild pepper],PGSC0003DMP400024296[&&NHX:species=Potato])S,((PGSC0003DMP400022715[&&NHX:species=Potato],SPI03g00347.1[&&NHX:species=S. pimp],Solyc03g006320.1.1[&&NHX:species=Tomato],SLYcer03g00208.1[&&NHX:species=Tomato Cherry],Capang04g002299[&&NHX:species=Wild pepper],Sopen03g002330.1[&&NHX:species=S. Pennelli])S,PGSC0003DMP400022714[&&NHX:species=Potato])D,(Capang06g001784[&&NHX:species=Wild pepper],Capana00g004506[&&NHX:species=Dom. pepper])S,(((Capana02g001899[&&NHX:species=Dom. pepper],Capang02g001673[&&NHX:species=Wild pepper])S,(Capana02g001897[&&NHX:species=Dom. pepper],Capana02g001898[&&NHX:species=Dom. pepper])D)D,((Sopen10g004900.1[&&NHX:species=S. Pennelli],(Sopen10g004890.1[&&NHX:species=S. Pennelli],Capang04g002339[&&NHX:species=Wild pepper])S)D,(SPI10g00530.1[&&NHX:species=S. pimp],Solyc10g009110.1.1[&&NHX:species=Tomato],Capana10g000499[&&NHX:species=Dom. pepper],SLYcer10g00670.1[&&NHX:species=Tomato Cherry],Capang10g000386[&&NHX:species=Wild pepper],PGSC0003DMP400039575[&&NHX:species=Potato])S)D)D,(PGSC0003DMP400046571[&&NHX:species=Potato],SLYcer07g04893.1[&&NHX:species=Tomato Cherry],Capang07g001708[&&NHX:species=Wild pepper],Sopen07g027720.1[&&NHX:species=S. Pennelli],Capana07g001714[&&NHX:species=Dom. pepper],SPI07g05618.1[&&NHX:species=S. pimp],Solyc07g053740.1.1[&&NHX:species=Tomato])S)D,((((PGSC0003DMP400024338[&&NHX:species=Potato],Sopen07g007440.1[&&NHX:species=S. Pennelli],SPI07g01207.1[&&NHX:species=S. pimp])S,PGSC0003DMP400024337[&&NHX:species=Potato])D,(SLYcer07g01183.1[&&NHX:species=Tomato Cherry],Sopen07g007440.2[&&NHX:species=S. Pennelli],Solyc07g018290.4.1[&&NHX:species=Tomato])S)D,(((SPI11g00738.1[&&NHX:species=S. pimp],Sopen11g005520.1[&&NHX:species=S. Pennelli],PGSC0003DMP400028292[&&NHX:species=Potato])S,PGSC0003DMP400037141[&&NHX:species=Potato],PGSC0003DMP400025710[&&NHX:species=Potato])D,Capana08g001183[&&NHX:species=Dom. pepper])S,(Solyc04g077490.3.1[&&NHX:species=Tomato],Capana04g000712[&&NHX:species=Dom. pepper],Capang04g000688[&&NHX:species=Wild pepper],PGSC0003DMP400008747[&&NHX:species=Potato],Sopen04g031090.1[&&NHX:species=S. Pennelli],SLYcer04g05361.1[&&NHX:species=Tomato Cherry],SPI04g04858.1[&&NHX:species=S. pimp])S,((Capana12g002726[&&NHX:species=Dom. pepper],Capang12g002364[&&NHX:species=Wild pepper])S,(SLYcer10g02570.1[&&NHX:species=Tomato Cherry],Capang05g001408[&&NHX:species=Wild pepper],Solyc05g051380.4.1[&&NHX:species=Tomato],Sopen05g029780.1[&&NHX:species=S. Pennelli],SPI05g04391.1[&&NHX:species=S. pimp],PGSC0003DMP400025709[&&NHX:species=Potato],Capana05g001729[&&NHX:species=Dom. pepper])S)D,(SPI03g05501.1[&&NHX:species=S. pimp],Sopen03g041210.1[&&NHX:species=S. Pennelli],SLYcer03g05470.1[&&NHX:species=Tomato Cherry],PGSC0003DMP400016172[&&NHX:species=Potato],Solyc03g123430.4.1[&&NHX:species=Tomato])S,((PGSC0003DMP400028293[&&NHX:species=Potato],SPI11g00737.1[&&NHX:species=S. pimp])S,(Sopen11g005510.1[&&NHX:species=S. Pennelli],Solyc11g010710.2.1[&&NHX:species=Tomato],PGSC0003DMP400028294[&&NHX:species=Potato],SLYcer11g00597.1[&&NHX:species=Tomato Cherry])S)D)D,((((((Capang10g001567[&&NHX:species=Wild pepper],Capang10g001530[&&NHX:species=Wild pepper])D,Sopen10g033790.1[&&NHX:species=S. Pennelli],SPI10g04275.1[&&NHX:species=S. pimp],SLYcer10g05741.1[&&NHX:species=Tomato Cherry],Solyc10g084340.2.1[&&NHX:species=Tomato],PGSC0003DMP400019514[&&NHX:species=Potato])S,(Capana10g001789[&&NHX:species=Dom. pepper],PGSC0003DMP400019512[&&NHX:species=Potato],Capang10g001532[&&NHX:species=Wild pepper])S)D,((PGSC0003DMP400048524[&&NHX:species=Potato],PGSC0003DMP400048525[&&NHX:species=Potato])D,Capang09g001439[&&NHX:species=Wild pepper],(Sopen09g002130.2[&&NHX:species=S. Pennelli],(Sopen09g002150.1[&&NHX:species=S. Pennelli],Sopen09g002130.1[&&NHX:length=-0.2735:species=S. Pennelli])D)D,Capana09g001880[&&NHX:species=Dom. pepper],SPI09g00214.1[&&NHX:species=S. pimp],SLYcer09g00314.1[&&NHX:species=Tomato Cherry],Solyc09g007260.4.1[&&NHX:species=Tomato])S)D,((((Sopen06g031890.2[&&NHX:species=S. Pennelli],Sopen06g031890.1[&&NHX:species=S. Pennelli])D,(PGSC0003DMP400011666[&&NHX:species=Potato],PGSC0003DMP400011665[&&NHX:species=Potato])D)S,SLYcer06g05111.1[&&NHX:species=Tomato Cherry],SPI06g04981.1[&&NHX:species=S. pimp])S,((Sopen11g030250.2[&&NHX:species=S. Pennelli],Sopen11g030250.1[&&NHX:species=S. Pennelli])D,(PGSC0003DMP400044038[&&NHX:species=Potato],PGSC0003DMP400044037[&&NHX:species=Potato])D,Capang11g000581[&&NHX:species=Wild pepper],Capana11g000645[&&NHX:species=Dom. pepper],Solyc11g072600.3.1[&&NHX:species=Tomato],SLYcer11g04162.1[&&NHX:species=Tomato Cherry],SPI11g04232.1[&&NHX:species=S. pimp])S)D)D,(((PGSC0003DMP400021292[&&NHX:species=Potato],PGSC0003DMP400021293[&&NHX:species=Potato])D,SPI04g02961.1[&&NHX:species=S. pimp],Solyc04g049800.3.1[&&NHX:species=Tomato],SLYcer04g03224.1[&&NHX:species=Tomato Cherry],Sopen04g020090.1[&&NHX:species=S. Pennelli])S,PGSC0003DMP400021291[&&NHX:species=Potato],PGSC0003DMP400021290[&&NHX:species=Potato],PGSC0003DMP400021294[&&NHX:species=Potato])D)D,((SPI01g08442.1[&&NHX:species=S. pimp],Capang01g004932[&&NHX:species=Wild pepper],Capana08g002389[&&NHX:species=Dom. pepper],Sopen01g050460.1[&&NHX:species=S. Pennelli],Solyc01g108240.3.1[&&NHX:species=Tomato],SLYcer01g08219.1[&&NHX:species=Tomato Cherry],PGSC0003DMP400044718[&&NHX:species=Potato])S,(Sopen02g035400.1[&&NHX:species=S. Pennelli],SPI02g04405.1[&&NHX:species=S. pimp],PGSC0003DMP400008014[&&NHX:species=Potato],Solyc02g090770.1.1[&&NHX:species=Tomato],SLYcer02g05481.1[&&NHX:species=Tomato Cherry])S,((PGSC0003DMP400007179[&&NHX:species=Potato],Solyc02g090800.1.1[&&NHX:species=Tomato],SPI02g04407.1[&&NHX:species=S. pimp],SLYcer02g05483.1[&&NHX:species=Tomato Cherry],Sopen02g035430.1[&&NHX:species=S. Pennelli])S,(Solyc02g090790.1.1[&&NHX:species=Tomato],PGSC0003DMP400007178[&&NHX:species=Potato],Sopen02g035420.1[&&NHX:species=S. Pennelli],Capana02g003097[&&NHX:species=Dom. pepper])S)D,((Solyc02g077370.1.1[&&NHX:species=Tomato],Sopen02g022270.1[&&NHX:species=S. Pennelli],SPI02g03026.1[&&NHX:species=S. pimp],Capang02g001603[&&NHX:species=Wild pepper],PGSC0003DMP400018962[&&NHX:species=Potato],SLYcer02g04131.1[&&NHX:species=Tomato Cherry],Capana02g001851[&&NHX:species=Dom. pepper])S,PGSC0003DMP400000881[&&NHX:species=Potato])D,(Solyc04g050750.2.1[&&NHX:species=Tomato],SLYcer04g03508.1[&&NHX:species=Tomato Cherry],SPI04g03238.1[&&NHX:species=S. pimp],Sopen04g021690.1[&&NHX:species=S. Pennelli],Capang05g001935[&&NHX:species=Wild pepper],Capana05g002386[&&NHX:species=Dom. pepper],PGSC0003DMP400049990[&&NHX:species=Potato])S)D,(((Sopen01g004380.1[&&NHX:species=S. Pennelli],SLYcer01g00552.1[&&NHX:species=Tomato Cherry],Solyc01g008890.4.1[&&NHX:species=Tomato],Capana01g001795[&&NHX:species=Dom. pepper],(PGSC0003DMP400039350[&&NHX:species=Potato],(PGSC0003DMP400039351[&&NHX:species=Potato],PGSC0003DMP400039349[&&NHX:species=Potato])D)D,SPI01g00587.1[&&NHX:species=S. pimp])S,SPI08g05964.1[&&NHX:species=S. pimp])D,PGSC0003DMP400061053[&&NHX:species=Potato])D,((((SLYcer10g05439.1[&&NHX:species=Tomato Cherry],Capana11g002196[&&NHX:species=Dom. pepper],Solyc10g080650.3.1[&&NHX:species=Tomato],SPI10g03925.1[&&NHX:species=S. pimp],Sopen10g031190.1[&&NHX:species=S. Pennelli],PGSC0003DMP400041013[&&NHX:species=Potato],Capang10g002196[&&NHX:species=Wild pepper])S,(PGSC0003DMP400006122[&&NHX:species=Potato],PGSC0003DMP400007988[&&NHX:length=-0.0:species=Potato])D)D,(Capana10g002437[&&NHX:species=Dom. pepper],SLYcer10g05224.1[&&NHX:species=Tomato Cherry],PGSC0003DMP400014652[&&NHX:species=Potato],SPI10g03709.1[&&NHX:species=S. pimp],Capang10g002282[&&NHX:species=Wild pepper],Sopen10g029240.1[&&NHX:species=S. Pennelli],Solyc10g078610.1.1[&&NHX:species=Tomato])S)D,(Solyc01g005630.3.1[&&NHX:species=Tomato],Capana08g000001[&&NHX:species=Dom. pepper],Sopen01g001650.1[&&NHX:species=S. Pennelli],Capang08g000001[&&NHX:species=Wild pepper],SPI01g00238.1[&&NHX:species=S. pimp],SLYcer01g00216.1[&&NHX:species=Tomato Cherry])S)D)D;	43	21	445	SLYcer08g00502.1,SLYcer08g00503.1,Sopen08g003740.1,Sopen08g003750.1,SLYcer05g02384.1,Capana06g000481,Capang06g000450,SLYcer09g00560.1,PGSC0003DMP400058670,PGSC0003DMP400062150,SPI02g04629.1,Sopen01g036130.1,SLYcer01g06695.1,Sopen10g022610.1,Capana03g003309,Capang03g003235,Capang01g001496,SLYcer05g00574.1,Solyc06g075510.4.1,Capang00g002463,Solyc08g078410.2.1,Solyc08g078420.2.1,Sopen05g004990.1
OG27639	(((SPI12g04900.1[&&NHX:species=S. pimp],SLYcer07g00278.1[&&NHX:species=Tomato Cherry],Solyc12g096710.2.1[&&NHX:species=Tomato],Capana12g000389[&&NHX:species=Dom. pepper],Capang12g000319[&&NHX:species=Wild pepper])S,((((SLYcer12g04942.1[&&NHX:species=Tomato Cherry],Sopen12g032550.1[&&NHX:species=S. Pennelli])S,Sopen12g032540.1[&&NHX:species=S. Pennelli])D,(Capang12g000318[&&NHX:species=Wild pepper],Capana12g000388[&&NHX:species=Dom. pepper])S)D,(PGSC0003DMP400051124[&&NHX:species=Potato],(PGSC0003DMP400051125[&&NHX:species=Potato],Capana01g001021[&&NHX:species=Dom. pepper])S)D)D)D,((((PGSC0003DMP400032008[&&NHX:species=Potato],Solyc07g054500.4.1[&&NHX:species=Tomato],SPI07g05703.1[&&NHX:species=S. pimp],SLYcer07g04975.1[&&NHX:species=Tomato Cherry],Sopen07g028440.1[&&NHX:species=S. Pennelli])S,PGSC0003DMP400032007[&&NHX:species=Potato])D,Capana07g001669[&&NHX:species=Dom. pepper])S,(Sopen10g001290.1[&&NHX:species=S. Pennelli],Solyc10g005300.3.1[&&NHX:species=Tomato],SLYcer10g00253.1[&&NHX:species=Tomato Cherry],Capana10g000593[&&NHX:species=Dom. pepper],PGSC0003DMP400019984[&&NHX:species=Potato],Capang10g000445[&&NHX:species=Wild pepper],SPI10g00128.1[&&NHX:species=S. pimp])S)D,((Capana00g001099[&&NHX:species=Dom. pepper],SLYcer11g03643.1[&&NHX:species=Tomato Cherry],Sopen11g025690.1[&&NHX:species=S. Pennelli],Capang11g000710[&&NHX:species=Wild pepper],SPI11g03706.1[&&NHX:species=S. pimp],Solyc11g065950.3.1[&&NHX:species=Tomato])S,((SLYcer01g06941.1[&&NHX:species=Tomato Cherry],PGSC0003DMP400000107[&&NHX:species=Potato],(Sopen01g038470.2[&&NHX:species=S. Pennelli],Sopen01g038470.1[&&NHX:species=S. Pennelli])D,Capana08g000932[&&NHX:species=Dom. pepper],Capang01g003515[&&NHX:species=Wild pepper],Solyc01g094660.3.1[&&NHX:species=Tomato],SPI01g07187.1[&&NHX:species=S. pimp])S,(PGSC0003DMP400000109[&&NHX:species=Potato],PGSC0003DMP400000108[&&NHX:species=Potato])D)D)D,((Sopen11g030330.2[&&NHX:species=S. Pennelli],(PGSC0003DMP400044002[&&NHX:species=Potato],Capang11g000565[&&NHX:species=Wild pepper],Sopen11g030330.1[&&NHX:species=S. Pennelli],Capana11g000622[&&NHX:species=Dom. pepper],SPI11g04244.1[&&NHX:species=S. pimp],Solyc11g072660.2.1[&&NHX:species=Tomato])S)D,(PGSC0003DMP400011678[&&NHX:species=Potato],(PGSC0003DMP400011679[&&NHX:species=Potato],(PGSC0003DMP400011680[&&NHX:species=Potato],SPI06g04986.1[&&NHX:species=S. pimp],Capana06g000478[&&NHX:species=Dom. pepper],Solyc06g075550.3.1[&&NHX:species=Tomato],Sopen06g031930.1[&&NHX:species=S. Pennelli],SLYcer06g05116.1[&&NHX:species=Tomato Cherry],Capang06g000446[&&NHX:species=Wild pepper])S)D)D)D,((Solyc03g064010.4.1[&&NHX:species=Tomato],Capana03g003119[&&NHX:species=Dom. pepper],Sopen03g017660.1[&&NHX:species=S. Pennelli],SPI03g02841.1[&&NHX:species=S. pimp],PGSC0003DMP400022894[&&NHX:species=Potato],SLYcer03g02697.1[&&NHX:species=Tomato Cherry],Capang03g003004[&&NHX:species=Wild pepper])S,(PGSC0003DMP400026250[&&NHX:species=Potato],Sopen05g010360.1[&&NHX:species=S. Pennelli],SLYcer05g01224.1[&&NHX:species=Tomato Cherry],Capang11g001110[&&NHX:species=Wild pepper],Solyc05g015150.3.1[&&NHX:species=Tomato],SPI05g01680.1[&&NHX:species=S. pimp])S)D,(((PGSC0003DMP400020231[&&NHX:species=Potato],SPI10g03747.1[&&NHX:species=S. pimp],Capana10g002429[&&NHX:species=Dom. pepper],SLYcer10g05260.1[&&NHX:species=Tomato Cherry],Solyc10g078940.2.1[&&NHX:species=Tomato],Sopen10g029570.1[&&NHX:species=S. Pennelli],Capang10g002186[&&NHX:species=Wild pepper])S,((SLYcer03g02259.1[&&NHX:species=Tomato Cherry],PGSC0003DMP400045699[&&NHX:species=Potato],Solyc03g059080.3.1[&&NHX:species=Tomato],(Sopen03g013240.3[&&NHX:species=S. Pennelli],(Sopen03g013240.2[&&NHX:species=S. Pennelli],Sopen03g013240.1[&&NHX:species=S. Pennelli])D)D,SPI03g02387.1[&&NHX:species=S. pimp])S,(PGSC0003DMP400041017[&&NHX:species=Potato],Capang10g001940[&&NHX:species=Wild pepper],SLYcer10g05432.1[&&NHX:species=Tomato Cherry],SPI10g03917.1[&&NHX:species=S. pimp],Solyc10g080580.1.1[&&NHX:species=Tomato],Sopen10g031120.1[&&NHX:species=S. Pennelli],Capana10g002184[&&NHX:species=Dom. pepper])S)D)D,((PGSC0003DMP400029980[&&NHX:species=Potato],Capana03g003844[&&NHX:species=Dom. pepper],SLYcer09g04944.1[&&NHX:species=Tomato Cherry],Capang03g003735[&&NHX:species=Wild pepper],SPI09g04608.1[&&NHX:species=S. pimp],Solyc09g090210.3.1[&&NHX:species=Tomato],Sopen09g033120.1[&&NHX:species=S. Pennelli])S,PGSC0003DMP400032460[&&NHX:species=Potato],PGSC0003DMP400019321[&&NHX:species=Potato])D)D,(((Capang06g002794[&&NHX:species=Wild pepper],PGSC0003DMP400038060[&&NHX:species=Potato],Solyc06g008890.4.1[&&NHX:species=Tomato],Sopen06g003640.1[&&NHX:species=S. Pennelli],SLYcer06g00584.1[&&NHX:species=Tomato Cherry],Capana06g003045[&&NHX:species=Dom. pepper],SPI06g00368.1[&&NHX:species=S. pimp])S,PGSC0003DMP400047326[&&NHX:species=Potato],PGSC0003DMP400025758[&&NHX:species=Potato])D,((((PGSC0003DMP400041966[&&NHX:species=Potato],Capang07g001593[&&NHX:species=Wild pepper])S,((PGSC0003DMP400022704[&&NHX:species=Potato],Capang00g005415[&&NHX:species=Wild pepper],SLYcer03g00224.1[&&NHX:species=Tomato Cherry],Sopen03g002500.1[&&NHX:species=S. Pennelli],Solyc03g006500.3.1[&&NHX:species=Tomato],Capana04g002611[&&NHX:species=Dom. pepper],SPI03g00364.1[&&NHX:species=S. pimp])S,PGSC0003DMP400032462[&&NHX:species=Potato])D)D,(SLYcer02g04247.1[&&NHX:species=Tomato Cherry],Capang02g001766[&&NHX:species=Wild pepper],Capana02g001983[&&NHX:species=Dom. pepper],SPI02g03147.1[&&NHX:species=S. pimp],PGSC0003DMP400038906[&&NHX:species=Potato],Solyc02g078530.3.1[&&NHX:species=Tomato],Sopen02g023380.1[&&NHX:species=S. Pennelli])S)D,(SLYcer04g04854.1[&&NHX:species=Tomato Cherry],SPI04g04338.1[&&NHX:species=S. pimp],Sopen04g027840.1[&&NHX:species=S. Pennelli],(PGSC0003DMP400043526[&&NHX:species=Potato],PGSC0003DMP400043527[&&NHX:species=Potato])D,Solyc04g071870.1.1[&&NHX:species=Tomato],Capana04g001249[&&NHX:species=Dom. pepper])S)D)D,(SLYcer05g00295.1[&&NHX:species=Tomato Cherry],Sopen05g002710.1[&&NHX:species=S. Pennelli],Capana11g001539[&&NHX:species=Dom. pepper],SPI05g00324.1[&&NHX:species=S. pimp],Solyc05g006770.4.1[&&NHX:species=Tomato],PGSC0003DMP400039155[&&NHX:species=Potato])S,(((Capana00g003828[&&NHX:species=Dom. pepper],PGSC0003DMP400004417[&&NHX:species=Potato])S,PGSC0003DMP400017195[&&NHX:species=Potato])D,((SPI10g01777.1[&&NHX:species=S. pimp],Capana02g000994[&&NHX:species=Dom. pepper],PGSC0003DMP400049735[&&NHX:species=Potato],Capang02g000910[&&NHX:species=Wild pepper],SLYcer10g03454.1[&&NHX:species=Tomato Cherry])S,(Capana08g002695[&&NHX:species=Dom. pepper],PGSC0003DMP400007044[&&NHX:species=Potato],SPI07g05900.1[&&NHX:species=S. pimp])S,(PGSC0003DMP400048619[&&NHX:species=Potato],Sopen11g023400.1[&&NHX:species=S. Pennelli])S)D,((PGSC0003DMP400029695[&&NHX:species=Potato],PGSC0003DMP400023925[&&NHX:species=Potato])D,Capang00g000558[&&NHX:species=Wild pepper])S,(PGSC0003DMP400019438[&&NHX:species=Potato],(SPI04g05364.1[&&NHX:species=S. pimp],((Sopen06g001480.3[&&NHX:species=S. Pennelli],PGSC0003DMP400007825[&&NHX:species=Potato])S,PGSC0003DMP400048245[&&NHX:species=Potato])D)S,PGSC0003DMP400023977[&&NHX:species=Potato])D,(((PGSC0003DMP400024474[&&NHX:species=Potato],Solyc02g079660.1.1[&&NHX:species=Tomato])S,(PGSC0003DMP400033499[&&NHX:species=Potato],SLYcer04g05345.1[&&NHX:species=Tomato Cherry],SPI04g04841.1[&&NHX:species=S. pimp])S)D,((SPI07g00081.1[&&NHX:species=S. pimp],SPI07g00137.1[&&NHX:species=S. pimp])D,Capana07g000256[&&NHX:species=Dom. pepper],Solyc07g150100.1.1[&&NHX:species=Tomato],SLYcer07g00069.1[&&NHX:species=Tomato Cherry],PGSC0003DMP400051645[&&NHX:species=Potato])S)D,(((PGSC0003DMP400032856[&&NHX:species=Potato],SLYcer06g03516.1[&&NHX:species=Tomato Cherry])S,(PGSC0003DMP400052377[&&NHX:species=Potato],SPI04g04975.1[&&NHX:species=S. pimp],Solyc04g150137.1.1[&&NHX:species=Tomato],Capana10g001678[&&NHX:species=Dom. pepper],Capang10g001426[&&NHX:species=Wild pepper])S)D,(Solyc07g055430.1.1[&&NHX:species=Tomato],PGSC0003DMP400030279[&&NHX:species=Potato],Capang12g001456[&&NHX:species=Wild pepper],Capana12g001800[&&NHX:species=Dom. pepper])S)D,((((Solyc02g080020.1.1[&&NHX:species=Tomato],Capana00g004818[&&NHX:species=Dom. pepper],SLYcer02g04392.1[&&NHX:species=Tomato Cherry],PGSC0003DMP400051281[&&NHX:species=Potato])S,(PGSC0003DMP400051280[&&NHX:species=Potato],Solyc04g008390.3.1[&&NHX:species=Tomato])S)D,(PGSC0003DMP400044451[&&NHX:species=Potato],(Capana07g001581[&&NHX:species=Dom. pepper],PGSC0003DMP400045386[&&NHX:species=Potato])S)D)D,(PGSC0003DMP400010158[&&NHX:species=Potato],PGSC0003DMP400010156[&&NHX:species=Potato])D)D,(Sopen04g003020.3[&&NHX:species=S. Pennelli],(PGSC0003DMP400051418[&&NHX:species=Potato],Sopen04g003020.4[&&NHX:species=S. Pennelli])S)D,((Capana00g002122[&&NHX:species=Dom. pepper],Capang04g002242[&&NHX:species=Wild pepper],PGSC0003DMP400008988[&&NHX:species=Potato],SPI02g01121.1[&&NHX:species=S. pimp])S,(Solyc02g079560.1.1[&&NHX:species=Tomato],PGSC0003DMP400024493[&&NHX:species=Potato])S,PGSC0003DMP400008804[&&NHX:species=Potato])D,(((Solyc02g079700.1.1[&&NHX:species=Tomato],PGSC0003DMP400031304[&&NHX:species=Potato],Capang04g000700[&&NHX:species=Wild pepper])S,(PGSC0003DMP400033431[&&NHX:species=Potato],(Capana10g000566[&&NHX:species=Dom. pepper],Capang10g000427[&&NHX:species=Wild pepper],PGSC0003DMP400024487[&&NHX:species=Potato])S)D)D,((SLYcer03g05230.1[&&NHX:species=Tomato Cherry],(PGSC0003DMP400037775[&&NHX:species=Potato],PGSC0003DMP400026813[&&NHX:species=Potato])D)S,((PGSC0003DMP400045384[&&NHX:species=Potato],PGSC0003DMP400045439[&&NHX:species=Potato])D,SLYcer07g00683.1[&&NHX:species=Tomato Cherry])S)D)D,(((PGSC0003DMP400028170[&&NHX:species=Potato],Sopen01g042000.1[&&NHX:species=S. Pennelli])S,PGSC0003DMP400049526[&&NHX:species=Potato])D,SLYcer02g03991.1[&&NHX:species=Tomato Cherry])S,((PGSC0003DMP400038905[&&NHX:species=Potato],PGSC0003DMP400022703[&&NHX:species=Potato])D,Solyc09g014460.1.1[&&NHX:species=Tomato],Capana10g001365[&&NHX:species=Dom. pepper])S,(((PGSC0003DMP400044669[&&NHX:species=Potato],Capang01g004905[&&NHX:species=Wild pepper])S,((PGSC0003DMP400038885[&&NHX:species=Potato],PGSC0003DMP400037360[&&NHX:species=Potato],PGSC0003DMP400042969[&&NHX:species=Potato],PGSC0003DMP400048902[&&NHX:species=Potato])D,Capana00g000395[&&NHX:species=Dom. pepper])S,((PGSC0003DMP400023397[&&NHX:species=Potato],PGSC0003DMP400023398[&&NHX:species=Potato])D,Solyc02g089760.3.1[&&NHX:species=Tomato])S,(PGSC0003DMP400031671[&&NHX:species=Potato],Capana12g000092[&&NHX:species=Dom. pepper])S)D,Capana05g001266[&&NHX:species=Dom. pepper])D)D,(((Solyc04g082510.3.1[&&NHX:species=Tomato],(PGSC0003DMP400017641[&&NHX:species=Potato],PGSC0003DMP400017642[&&NHX:species=Potato])D,Capang04g000065[&&NHX:species=Wild pepper],Capana04g000075[&&NHX:species=Dom. pepper],SLYcer04g05853.1[&&NHX:species=Tomato Cherry],Sopen04g036130.1[&&NHX:species=S. Pennelli])S,(SLYcer02g04621.1[&&NHX:species=Tomato Cherry],Solyc02g082310.2.1[&&NHX:species=Tomato],Sopen02g026970.1[&&NHX:species=S. Pennelli])S)D,(Capang12g000450[&&NHX:species=Wild pepper],SLYcer12g04822.1[&&NHX:species=Tomato Cherry],Sopen12g031580.1[&&NHX:species=S. Pennelli],Capana12g000546[&&NHX:species=Dom. pepper],Solyc12g094680.3.1[&&NHX:species=Tomato],SPI12g04782.1[&&NHX:species=S. pimp])S)D,(Solyc03g121050.3.1[&&NHX:species=Tomato],Capana03g000243[&&NHX:species=Dom. pepper],Sopen03g039880.1[&&NHX:species=S. Pennelli],SLYcer03g05327.1[&&NHX:species=Tomato Cherry],Capang03g000232[&&NHX:species=Wild pepper],PGSC0003DMP400004478[&&NHX:species=Potato],SPI03g05368.1[&&NHX:species=S. pimp])S,((Sopen02g034800.1[&&NHX:species=S. Pennelli],SPI02g04343.1[&&NHX:species=S. pimp],(PGSC0003DMP400017740[&&NHX:species=Potato],PGSC0003DMP400017741[&&NHX:species=Potato])D,Solyc02g090110.3.1[&&NHX:species=Tomato],Capana02g003168[&&NHX:species=Dom. pepper])S,((PGSC0003DMP400005988[&&NHX:species=Potato],Sopen04g033290.1[&&NHX:species=S. Pennelli],SLYcer04g05568.1[&&NHX:species=Tomato Cherry],Capang04g000424[&&NHX:species=Wild pepper],Solyc04g079710.4.1[&&NHX:species=Tomato],Capana04g000455[&&NHX:species=Dom. pepper],SPI04g05064.1[&&NHX:species=S. pimp])S,((((Capang05g000446[&&NHX:species=Wild pepper],Capang00g000441[&&NHX:species=Wild pepper])D,Capana05g000537[&&NHX:species=Dom. pepper])S,Capana03g002265[&&NHX:species=Dom. pepper])D,PGSC0003DMP400005987[&&NHX:species=Potato])S)D)D,(((Capang04g002359[&&NHX:species=Wild pepper],PGSC0003DMP400048366[&&NHX:species=Potato])S,PGSC0003DMP400048365[&&NHX:species=Potato])D,(Solyc10g076760.3.1[&&NHX:species=Tomato],Capang10g001159[&&NHX:species=Wild pepper],SPI10g03616.1[&&NHX:species=S. pimp],Sopen10g028400.1[&&NHX:species=S. Pennelli],SLYcer10g05135.1[&&NHX:species=Tomato Cherry],PGSC0003DMP400033228[&&NHX:species=Potato])S,(((PGSC0003DMP400014907[&&NHX:species=Potato],Sopen09g007270.1[&&NHX:species=S. Pennelli])S,PGSC0003DMP400014906[&&NHX:species=Potato])D,SLYcer09g01201.1[&&NHX:species=Tomato Cherry],SPI09g01082.1[&&NHX:species=S. pimp])S,(((Capang03g001268[&&NHX:species=Wild pepper],Capang10g002023[&&NHX:species=Wild pepper])D,PGSC0003DMP400048364[&&NHX:species=Potato])S,Capang00g000324[&&NHX:species=Wild pepper])D)D,((Capana11g000536[&&NHX:species=Dom. pepper],Sopen09g001170.1[&&NHX:species=S. Pennelli])S,(((SLYcer09g01362.1[&&NHX:species=Tomato Cherry],SPI09g01215.1[&&NHX:species=S. pimp],Solyc09g015220.3.1[&&NHX:species=Tomato])S,SLYcer05g01626.1[&&NHX:species=Tomato Cherry])D,Capana00g000449[&&NHX:species=Dom. pepper])S,((Solyc09g005190.3.1[&&NHX:species=Tomato],(Solyc10g076560.1.1[&&NHX:species=Tomato],Capana10g001348[&&NHX:species=Dom. pepper],SLYcer10g05109.1[&&NHX:species=Tomato Cherry],Capang00g005310[&&NHX:species=Wild pepper])S)D,(PGSC0003DMP400019377[&&NHX:species=Potato],Capana07g000275[&&NHX:species=Dom. pepper])S)D,((Sopen01g004370.1[&&NHX:species=S. Pennelli],Capana09g000822[&&NHX:species=Dom. pepper],PGSC0003DMP400011602[&&NHX:species=Potato])S,(PGSC0003DMP400000866[&&NHX:species=Potato],SPI11g02113.1[&&NHX:species=S. pimp])S)D)D,((PGSC0003DMP400048141[&&NHX:species=Potato],Capana06g000234[&&NHX:species=Dom. pepper],Sopen06g034280.1[&&NHX:species=S. Pennelli],Capang06g000221[&&NHX:species=Wild pepper],Solyc06g082920.3.1[&&NHX:species=Tomato],(SPI06g05240.1[&&NHX:species=S. pimp],SPI06g05423.1[&&NHX:species=S. pimp])D)S,((Capang11g001433[&&NHX:species=Wild pepper],SPI05g00273.1[&&NHX:species=S. pimp],Sopen05g002520.1[&&NHX:species=S. Pennelli],PGSC0003DMP400039234[&&NHX:species=Potato],Capana11g001496[&&NHX:species=Dom. pepper],SLYcer05g00256.1[&&NHX:species=Tomato Cherry],Solyc05g006570.1.1[&&NHX:species=Tomato])S,((Capang02g003156[&&NHX:species=Wild pepper],Solyc02g087460.1.1[&&NHX:species=Tomato],Capana02g003427[&&NHX:species=Dom. pepper],PGSC0003DMP400002331[&&NHX:species=Potato],SPI02g04089.1[&&NHX:species=S. pimp],Sopen02g032210.1[&&NHX:species=S. Pennelli],SLYcer02g05157.1[&&NHX:species=Tomato Cherry])S,(PGSC0003DMP400012295[&&NHX:species=Potato],Capana02g000943[&&NHX:species=Dom. pepper],Capang02g000863[&&NHX:species=Wild pepper],SLYcer02g03542.1[&&NHX:species=Tomato Cherry],SPI02g02436.1[&&NHX:species=S. pimp],Solyc02g067560.1.1[&&NHX:species=Tomato],Sopen02g016690.1[&&NHX:species=S. Pennelli])S)D)D)D,(((Sopen01g045090.1[&&NHX:species=S. Pennelli],Capang01g004295[&&NHX:species=Wild pepper],Capana08g001720[&&NHX:species=Dom. pepper],Solyc01g102680.4.1[&&NHX:species=Tomato],SPI01g07881.1[&&NHX:species=S. pimp])S,(Capana08g001724[&&NHX:species=Dom. pepper],Capang01g004299[&&NHX:species=Wild pepper],SPI01g07884.1[&&NHX:species=S. pimp],Sopen01g045130.1[&&NHX:species=S. Pennelli],Solyc01g102710.2.1[&&NHX:species=Tomato],PGSC0003DMP400031817[&&NHX:species=Potato])S)D,((Capang01g004297[&&NHX:species=Wild pepper],PGSC0003DMP400031818[&&NHX:species=Potato],Capana08g001722[&&NHX:species=Dom. pepper])S,(SLYcer01g07383.1[&&NHX:species=Tomato Cherry],Sopen01g045110.1[&&NHX:species=S. Pennelli],Solyc01g102700.4.1[&&NHX:species=Tomato],Capang01g004296[&&NHX:species=Wild pepper],SPI01g07882.1[&&NHX:species=S. pimp],Capana08g001721[&&NHX:species=Dom. pepper])S)D)D,((Capana10g002194[&&NHX:species=Dom. pepper],((Capang10g001948[&&NHX:species=Wild pepper],Capana10g002193[&&NHX:species=Dom. pepper])S,(SPI10g03910.1[&&NHX:species=S. pimp],Solyc10g080510.1.1[&&NHX:species=Tomato],Capana10g002195[&&NHX:species=Dom. pepper],PGSC0003DMP400040948[&&NHX:species=Potato],SLYcer10g05425.1[&&NHX:species=Tomato Cherry])S)D)D,(((SLYcer10g03758.1[&&NHX:species=Tomato Cherry],SPI10g02104.1[&&NHX:species=S. pimp])S,SLYcer01g08006.1[&&NHX:species=Tomato Cherry])D,PGSC0003DMP400007798[&&NHX:species=Potato],Sopen12g018640.1[&&NHX:species=S. Pennelli],Capana00g000485[&&NHX:species=Dom. pepper])S)D,(((((PGSC0003DMP400029700[&&NHX:species=Potato],Solyc05g013310.1.1[&&NHX:species=Tomato],Capang05g000490[&&NHX:species=Wild pepper],SLYcer05g00954.1[&&NHX:species=Tomato Cherry])S,(Capana02g003524[&&NHX:species=Dom. pepper],Capang02g003248[&&NHX:species=Wild pepper],PGSC0003DMP400002468[&&NHX:species=Potato])S)D,((PGSC0003DMP400014752[&&NHX:species=Potato],((PGSC0003DMP400029705[&&NHX:species=Potato],PGSC0003DMP400029706[&&NHX:species=Potato],PGSC0003DMP400029707[&&NHX:species=Potato])D,SPI05g01017.1[&&NHX:species=S. pimp],Capana02g003523[&&NHX:species=Dom. pepper])S)D,(Solyc02g021780.3.1[&&NHX:species=Tomato],SLYcer02g02153.1[&&NHX:species=Tomato Cherry],SPI02g01203.1[&&NHX:species=S. pimp])S,((Capana02g002512[&&NHX:species=Dom. pepper],SPI02g03646.1[&&NHX:species=S. pimp],Sopen02g028200.1[&&NHX:species=S. Pennelli],Capang02g002243[&&NHX:species=Wild pepper],SLYcer02g04735.1[&&NHX:species=Tomato Cherry])S,(Capana10g000898[&&NHX:species=Dom. pepper],Solyc07g063480.3.1[&&NHX:species=Tomato])S)D)D)D,((SPI02g00384.1[&&NHX:species=S. pimp],PGSC0003DMP400062833[&&NHX:species=Potato])S,((PGSC0003DMP400023869[&&NHX:species=Potato],PGSC0003DMP400029698[&&NHX:species=Potato])D,Capana00g004762[&&NHX:species=Dom. pepper])S,((Sopen05g008050.1[&&NHX:species=S. Pennelli],SLYcer05g00953.1[&&NHX:species=Tomato Cherry],SPI05g01013.1[&&NHX:species=S. pimp])S,(Solyc05g013300.1.1[&&NHX:species=Tomato],PGSC0003DMP400029697[&&NHX:species=Potato],Sopen05g008080.1[&&NHX:species=S. Pennelli])S)D,((Capana03g000819[&&NHX:species=Dom. pepper],((SPI05g01016.1[&&NHX:species=S. pimp],Sopen05g008090.1[&&NHX:species=S. Pennelli])S,Sopen05g008100.1[&&NHX:species=S. Pennelli])D)S,((PGSC0003DMP400016875[&&NHX:species=Potato],PGSC0003DMP400059564[&&NHX:species=Potato])D,Sopen04g027660.1[&&NHX:species=S. Pennelli],SPI05g01014.1[&&NHX:species=S. pimp],Solyc05g013320.1.1[&&NHX:species=Tomato],SLYcer05g00955.1[&&NHX:species=Tomato Cherry])S)D)D)D,(((Capana02g001678[&&NHX:species=Dom. pepper],PGSC0003DMP400049532[&&NHX:species=Potato],Solyc09g091990.3.1[&&NHX:species=Tomato],Capang02g001508[&&NHX:species=Wild pepper])S,((SPI05g01154.1[&&NHX:species=S. pimp],(PGSC0003DMP400003111[&&NHX:species=Potato],PGSC0003DMP400003109[&&NHX:species=Potato])D,Capana03g000221[&&NHX:species=Dom. pepper])S,(SLYcer10g02161.1[&&NHX:species=Tomato Cherry],SPI05g04819.1[&&NHX:species=S. pimp])S)D)D,(((Capana02g003627[&&NHX:species=Dom. pepper],((PGSC0003DMP400023865[&&NHX:species=Potato],PGSC0003DMP400023866[&&NHX:species=Potato])D,PGSC0003DMP400029701[&&NHX:species=Potato])D,SPI02g00389.1[&&NHX:species=S. pimp],Solyc06g005230.3.1[&&NHX:species=Tomato])S,(SPI07g06106.1[&&NHX:species=S. pimp],PGSC0003DMP400029699[&&NHX:species=Potato],SLYcer07g05387.1[&&NHX:species=Tomato Cherry],Capana11g001236[&&NHX:species=Dom. pepper])S)D,((SLYcer05g00951.1[&&NHX:species=Tomato Cherry],(Sopen05g008030.1[&&NHX:species=S. Pennelli],Sopen05g008030.2[&&NHX:species=S. Pennelli])D,PGSC0003DMP400046649[&&NHX:species=Potato],SPI05g01011.1[&&NHX:species=S. pimp],Solyc05g013270.2.1[&&NHX:species=Tomato])S,((Solyc04g050933.1.1[&&NHX:species=Tomato],Solyc02g014060.1.1[&&NHX:species=Tomato])D,Sopen05g008020.1[&&NHX:species=S. Pennelli],(PGSC0003DMP400029688[&&NHX:species=Potato],PGSC0003DMP400029689[&&NHX:species=Potato],PGSC0003DMP400029687[&&NHX:species=Potato])D,Capana12g000671[&&NHX:species=Dom. pepper],Capang05g001251[&&NHX:species=Wild pepper])S)D)D)D)D,((PGSC0003DMP400014779[&&NHX:species=Potato],(PGSC0003DMP400014778[&&NHX:species=Potato],SLYcer11g02722.1[&&NHX:species=Tomato Cherry],SPI11g02781.1[&&NHX:species=S. pimp],Solyc11g044370.1.1[&&NHX:species=Tomato])S)D,((PGSC0003DMP400028169[&&NHX:species=Potato],Capang12g002363[&&NHX:species=Wild pepper],Solyc11g010730.3.1[&&NHX:species=Tomato],Sopen11g005540.1[&&NHX:species=S. Pennelli],SLYcer11g00599.1[&&NHX:species=Tomato Cherry])S,(Capana12g002723[&&NHX:species=Dom. pepper],PGSC0003DMP400028168[&&NHX:species=Potato])S)D,((Capang05g000208[&&NHX:species=Wild pepper],Capana00g002030[&&NHX:species=Dom. pepper],Solyc04g014410.4.1[&&NHX:species=Tomato],SLYcer04g01158.1[&&NHX:species=Tomato Cherry],SPI04g00887.1[&&NHX:species=S. pimp],Sopen04g006550.1[&&NHX:species=S. Pennelli],PGSC0003DMP400040797[&&NHX:species=Potato])S,PGSC0003DMP400040796[&&NHX:species=Potato])D)D,(PGSC0003DMP400007821[&&NHX:species=Potato],((Sopen06g001490.1[&&NHX:species=S. Pennelli],Capang06g002512[&&NHX:species=Wild pepper],PGSC0003DMP400007820[&&NHX:species=Potato],Solyc06g005520.4.1[&&NHX:species=Tomato],SPI06g00083.1[&&NHX:species=S. pimp],Capana06g002720[&&NHX:species=Dom. pepper])S,PGSC0003DMP400007819[&&NHX:species=Potato])D)D,(((Capang10g000486[&&NHX:species=Wild pepper],Capana10g000638[&&NHX:species=Dom. pepper],(Sopen10g005930.2[&&NHX:species=S. Pennelli],Sopen10g005930.1[&&NHX:species=S. Pennelli])D,SPI10g00675.1[&&NHX:species=S. pimp],Solyc10g012170.3.1[&&NHX:species=Tomato],PGSC0003DMP400033737[&&NHX:species=Potato])S,(((PGSC0003DMP400033736[&&NHX:species=Potato],SLYcer10g00801.1[&&NHX:species=Tomato Cherry],Capana07g000364[&&NHX:species=Dom. pepper],Capang07g000402[&&NHX:species=Wild pepper])S,PGSC0003DMP400033735[&&NHX:species=Potato])D,Capana01g001165[&&NHX:species=Dom. pepper])D)D,((Sopen03g021350.1[&&NHX:species=S. Pennelli],SPI03g03175.1[&&NHX:species=S. pimp],PGSC0003DMP400032134[&&NHX:species=Potato],SLYcer03g03075.1[&&NHX:species=Tomato Cherry])S,PGSC0003DMP400032132[&&NHX:species=Potato])D)D,((SLYcer01g08040.1[&&NHX:species=Tomato Cherry],Capang01g004685[&&NHX:species=Wild pepper],Capana08g002140[&&NHX:species=Dom. pepper],SPI01g08272.1[&&NHX:species=S. pimp],Solyc01g106500.4.1[&&NHX:species=Tomato],Sopen01g048860.1[&&NHX:species=S. Pennelli],PGSC0003DMP400009071[&&NHX:species=Potato])S,(Sopen11g021050.1[&&NHX:species=S. Pennelli],Capang04g000750[&&NHX:species=Wild pepper],PGSC0003DMP400008852[&&NHX:species=Potato],SLYcer04g05308.1[&&NHX:species=Tomato Cherry],Capana04g000788[&&NHX:species=Dom. pepper])S,((PGSC0003DMP400020567[&&NHX:species=Potato],PGSC0003DMP400020566[&&NHX:species=Potato])D,Sopen09g034230.1[&&NHX:species=S. Pennelli],Capang03g004204[&&NHX:species=Wild pepper],SPI09g04724.1[&&NHX:species=S. pimp],Solyc09g091260.3.1[&&NHX:species=Tomato],SLYcer09g05056.1[&&NHX:species=Tomato Cherry])S,(((Sopen08g020100.1[&&NHX:species=S. Pennelli],PGSC0003DMP400052453[&&NHX:species=Potato],Solyc08g066310.3.1[&&NHX:species=Tomato],SPI08g04919.1[&&NHX:species=S. pimp],SLYcer08g05028.1[&&NHX:species=Tomato Cherry])S,(Solyc04g076990.3.1[&&NHX:species=Tomato],PGSC0003DMP400027736[&&NHX:species=Potato],SPI04g04799.1[&&NHX:species=S. pimp])S)D,Capana00g002804[&&NHX:species=Dom. pepper],(Solyc05g007230.4.1[&&NHX:species=Tomato],Capana11g001678[&&NHX:species=Dom. pepper])S)D)D,((PGSC0003DMP400030950[&&NHX:species=Potato],SLYcer04g05017.1[&&NHX:species=Tomato Cherry])S,(((SPI02g00392.1[&&NHX:species=S. pimp],Capang00g005394[&&NHX:species=Wild pepper])S,(PGSC0003DMP400063175[&&NHX:species=Potato],SLYcer02g01420.1[&&NHX:species=Tomato Cherry],Capana12g002664[&&NHX:species=Dom. pepper],Capang12g002307[&&NHX:species=Wild pepper],Sopen02g003740.1[&&NHX:species=S. Pennelli],Solyc02g014030.3.1[&&NHX:species=Tomato])S)D,(Capana02g000114[&&NHX:species=Dom. pepper],PGSC0003DMP400018703[&&NHX:species=Potato],SLYcer02g01422.1[&&NHX:species=Tomato Cherry],Sopen02g003690.1[&&NHX:species=S. Pennelli],Solyc02g014070.2.1[&&NHX:species=Tomato])S)D)D,(Solyc08g075330.3.1[&&NHX:species=Tomato],Sopen08g023930.1[&&NHX:species=S. Pennelli],Capang00g004215[&&NHX:species=Wild pepper],SLYcer08g05747.1[&&NHX:species=Tomato Cherry],PGSC0003DMP400065003[&&NHX:species=Potato],Capana01g000980[&&NHX:species=Dom. pepper],SPI08g05630.1[&&NHX:species=S. pimp])S,((((Sopen09g005820.1[&&NHX:species=S. Pennelli],Capana09g001784[&&NHX:species=Dom. pepper],Solyc09g011070.1.1[&&NHX:species=Tomato],Capang09g001357[&&NHX:species=Wild pepper],SPI09g00887.1[&&NHX:species=S. pimp],SLYcer09g00976.1[&&NHX:species=Tomato Cherry])S,(SPI10g04327.1[&&NHX:species=S. pimp],Sopen10g034300.1[&&NHX:species=S. Pennelli],Solyc10g084860.1.1[&&NHX:species=Tomato],Capana10g001693[&&NHX:species=Dom. pepper],Capang10g001437[&&NHX:species=Wild pepper],PGSC0003DMP400019557[&&NHX:species=Potato],SLYcer10g05793.1[&&NHX:species=Tomato Cherry])S)D,((SLYcer10g02364.1[&&NHX:species=Tomato Cherry],Solyc05g053010.1.1[&&NHX:species=Tomato],PGSC0003DMP400047157[&&NHX:species=Potato],Sopen05g031530.1[&&NHX:species=S. Pennelli],Capang05g001751[&&NHX:species=Wild pepper],SPI05g04608.1[&&NHX:species=S. pimp],Capana05g002196[&&NHX:species=Dom. pepper])S,PGSC0003DMP400047156[&&NHX:species=Potato])D)D,((((Capang09g001209[&&NHX:species=Wild pepper],Capana09g001623[&&NHX:species=Dom. pepper],Sopen09g006780.1[&&NHX:species=S. Pennelli],PGSC0003DMP400035301[&&NHX:species=Potato])S,PGSC0003DMP400015651[&&NHX:species=Potato])D,(Capang09g001215[&&NHX:species=Wild pepper],Capana09g001631[&&NHX:species=Dom. pepper])S)D,((((Sopen09g006810.1[&&NHX:species=S. Pennelli],PGSC0003DMP400035299[&&NHX:species=Potato])S,(Solyc09g012000.1.1[&&NHX:species=Tomato],PGSC0003DMP400035298[&&NHX:species=Potato])S)D,(Capang09g001219[&&NHX:species=Wild pepper],Capang10g000143[&&NHX:species=Wild pepper])D)S,((Capang09g001356[&&NHX:species=Wild pepper],Capang09g001220[&&NHX:species=Wild pepper])D,(((Solyc09g011990.1.1[&&NHX:species=Tomato],PGSC0003DMP400035300[&&NHX:species=Potato])S,Solyc09g011060.2.1[&&NHX:species=Tomato])D,(PGSC0003DMP400015493[&&NHX:species=Potato],Sopen09g005810.1[&&NHX:species=S. Pennelli])S)D,(Capana09g001638[&&NHX:species=Dom. pepper],Capana09g001782[&&NHX:species=Dom. pepper])D)S)D)D)D,((PGSC0003DMP400041519[&&NHX:species=Potato],PGSC0003DMP400041518[&&NHX:species=Potato])D,Sopen01g016890.1[&&NHX:species=S. Pennelli],SPI01g04271.1[&&NHX:species=S. pimp],SLYcer01g04242.1[&&NHX:species=Tomato Cherry],Capang01g001739[&&NHX:species=Wild pepper],Solyc01g028830.3.1[&&NHX:species=Tomato],Capana01g002031[&&NHX:species=Dom. pepper])S,(((Solyc12g009190.2.1[&&NHX:species=Tomato],Capang09g000142[&&NHX:species=Wild pepper],Capana09g000147[&&NHX:species=Dom. pepper],SPI12g00505.1[&&NHX:species=S. pimp],PGSC0003DMP400005230[&&NHX:species=Potato],SLYcer12g00477.1[&&NHX:species=Tomato Cherry],Sopen12g004140.1[&&NHX:species=S. Pennelli])S,(Sopen05g020750.1[&&NHX:species=S. Pennelli],SPI05g03052.1[&&NHX:species=S. pimp],Capana00g004480[&&NHX:species=Dom. pepper],Solyc05g025780.4.1[&&NHX:species=Tomato],SLYcer05g02479.1[&&NHX:species=Tomato Cherry],PGSC0003DMP400005885[&&NHX:species=Potato],Capang00g003578[&&NHX:species=Wild pepper])S)D,(SLYcer03g05445.1[&&NHX:species=Tomato Cherry],Solyc03g122230.2.1[&&NHX:species=Tomato],Capang03g000112[&&NHX:species=Wild pepper],SPI03g05479.1[&&NHX:species=S. pimp],Sopen03g040970.1[&&NHX:species=S. Pennelli],PGSC0003DMP400039714[&&NHX:species=Potato])S)D,((Capang10g001009[&&NHX:species=Wild pepper],Sopen10g027390.1[&&NHX:species=S. Pennelli],SLYcer10g04993.1[&&NHX:species=Tomato Cherry],Capana10g001193[&&NHX:species=Dom. pepper],SPI10g03487.1[&&NHX:species=S. pimp],PGSC0003DMP400054421[&&NHX:species=Potato],Solyc10g074900.2.1[&&NHX:species=Tomato])S,Sopen10g024210.1[&&NHX:species=S. Pennelli])D,((Sopen01g047490.1[&&NHX:species=S. Pennelli],Capang01g004565[&&NHX:species=Wild pepper],Capana08g002002[&&NHX:species=Dom. pepper],SLYcer01g07139.1[&&NHX:species=Tomato Cherry],PGSC0003DMP400022307[&&NHX:species=Potato],Solyc01g104970.3.1[&&NHX:species=Tomato],SPI01g08122.1[&&NHX:species=S. pimp])S,(Sopen10g017310.1[&&NHX:species=S. Pennelli],Solyc10g047140.2.1[&&NHX:species=Tomato],SPI10g01988.1[&&NHX:species=S. pimp],SLYcer10g03648.1[&&NHX:species=Tomato Cherry],PGSC0003DMP400030908[&&NHX:species=Potato])S)D,(((SPI09g04049.1[&&NHX:species=S. pimp],Solyc09g074240.1.1[&&NHX:species=Tomato],SLYcer09g04254.1[&&NHX:species=Tomato Cherry],Capana03g003473[&&NHX:species=Dom. pepper],Sopen09g029060.1[&&NHX:species=S. Pennelli],Capang03g003413[&&NHX:species=Wild pepper])S,(Capana06g000053[&&NHX:species=Dom. pepper],Capang06g000037[&&NHX:species=Wild pepper])S)D,(((Capang09g001669[&&NHX:species=Wild pepper],(Sopen09g002590.2[&&NHX:species=S. Pennelli],Sopen09g002590.1[&&NHX:species=S. Pennelli])D,Capana09g002159[&&NHX:species=Dom. pepper],Solyc09g007730.4.1[&&NHX:species=Tomato],PGSC0003DMP400036314[&&NHX:species=Potato],SLYcer09g00367.1[&&NHX:species=Tomato Cherry],SPI09g00274.1[&&NHX:species=S. pimp])S,PGSC0003DMP400036315[&&NHX:species=Potato])D,(Capang05g000943[&&NHX:species=Wild pepper],Solyc04g007880.4.1[&&NHX:species=Tomato],Capana05g001109[&&NHX:species=Dom. pepper],PGSC0003DMP400051419[&&NHX:species=Potato])S)D)D,((((((Sopen05g033330.1[&&NHX:species=S. Pennelli],PGSC0003DMP400040693[&&NHX:species=Potato],Solyc05g054860.1.1[&&NHX:species=Tomato])S,PGSC0003DMP400040692[&&NHX:species=Potato])D,Capang05g001961[&&NHX:species=Wild pepper])S,((Capang12g000559[&&NHX:species=Wild pepper],Capana00g000664[&&NHX:species=Dom. pepper],SPI11g04273.1[&&NHX:species=S. pimp],Sopen11g030570.1[&&NHX:species=S. Pennelli],Solyc11g072910.1.1[&&NHX:species=Tomato],PGSC0003DMP400027254[&&NHX:species=Potato],SLYcer11g04199.1[&&NHX:species=Tomato Cherry])S,(Sopen06g001210.1[&&NHX:species=S. Pennelli],SPI06g00046.1[&&NHX:species=S. pimp],SLYcer06g00276.1[&&NHX:species=Tomato Cherry],PGSC0003DMP400017117[&&NHX:species=Potato],Capang07g000851[&&NHX:species=Wild pepper],Capana06g002808[&&NHX:species=Dom. pepper])S)D)D,(((PGSC0003DMP400043439[&&NHX:species=Potato],SLYcer10g00417.1[&&NHX:species=Tomato Cherry],Solyc10g006870.1.1[&&NHX:species=Tomato],Sopen10g002780.1[&&NHX:species=S. Pennelli])S,(Capana10g000061[&&NHX:species=Dom. pepper],Capang10g000059[&&NHX:species=Wild pepper],SPI10g00286.1[&&NHX:species=S. pimp],PGSC0003DMP400043438[&&NHX:species=Potato],SLYcer10g02176.1[&&NHX:species=Tomato Cherry])S)D,(Capang07g002247[&&NHX:species=Wild pepper],Capana07g002225[&&NHX:species=Dom. pepper],(PGSC0003DMP400033454[&&NHX:species=Potato],PGSC0003DMP400062170[&&NHX:species=Potato])D,Sopen07g031660.1[&&NHX:species=S. Pennelli])S)D)D,((Capana12g001591[&&NHX:species=Dom. pepper],PGSC0003DMP400057920[&&NHX:species=Potato],SPI02g00383.1[&&NHX:species=S. pimp],Capang12g001331[&&NHX:species=Wild pepper],Solyc02g150103.1.1[&&NHX:species=Tomato])S,(Solyc02g021660.2.1[&&NHX:species=Tomato],SLYcer02g02143.1[&&NHX:species=Tomato Cherry],SPI02g01182.1[&&NHX:species=S. pimp])S)D)D,((Capang04g002177[&&NHX:species=Wild pepper],Solyc03g031980.4.1[&&NHX:species=Tomato],PGSC0003DMP400032555[&&NHX:species=Potato],SLYcer03g00696.1[&&NHX:species=Tomato Cherry],Sopen03g005830.1[&&NHX:species=S. Pennelli],SPI03g00853.1[&&NHX:species=S. pimp])S,((Solyc10g047740.1.1[&&NHX:species=Tomato],SLYcer10g03775.1[&&NHX:species=Tomato Cherry],SPI10g02123.1[&&NHX:species=S. pimp])S,((Capana00g000484[&&NHX:species=Dom. pepper],SLYcer10g03806.1[&&NHX:species=Tomato Cherry],Capang00g002067[&&NHX:species=Wild pepper],SPI10g02166.1[&&NHX:species=S. pimp])S,((PGSC0003DMP400032554[&&NHX:species=Potato],Capana04g002495[&&NHX:species=Dom. pepper])S,PGSC0003DMP400016644[&&NHX:species=Potato])D)D)D,(Capang07g000060[&&NHX:species=Wild pepper],SPI07g00401.1[&&NHX:species=S. pimp],Capana07g000022[&&NHX:species=Dom. pepper],PGSC0003DMP400060501[&&NHX:species=Potato],Solyc07g006940.3.1[&&NHX:species=Tomato],SLYcer07g00333.1[&&NHX:species=Tomato Cherry])S,((SLYcer02g03615.1[&&NHX:species=Tomato Cherry],PGSC0003DMP400016642[&&NHX:species=Potato],SPI02g02512.1[&&NHX:species=S. pimp],Capang02g001001[&&NHX:species=Wild pepper],Solyc02g068300.3.1[&&NHX:species=Tomato],Sopen02g017400.1[&&NHX:species=S. Pennelli],Capana02g001100[&&NHX:species=Dom. pepper])S,PGSC0003DMP400016643[&&NHX:species=Potato])D,(Capana01g003696[&&NHX:species=Dom. pepper],Sopen08g016100.1[&&NHX:species=S. Pennelli],SLYcer08g04352.1[&&NHX:species=Tomato Cherry],SPI08g04252.1[&&NHX:species=S. pimp],Solyc08g060950.3.1[&&NHX:species=Tomato],Capang00g001200[&&NHX:species=Wild pepper],PGSC0003DMP400058481[&&NHX:species=Potato])S,((Solyc05g018910.2.1[&&NHX:species=Tomato],Capang00g005250[&&NHX:species=Wild pepper],SPI05g02493.1[&&NHX:species=S. pimp],Sopen05g016410.1[&&NHX:species=S. Pennelli],SLYcer05g01927.1[&&NHX:species=Tomato Cherry])S,(Solyc05g005060.3.1[&&NHX:species=Tomato],Capang00g001572[&&NHX:species=Wild pepper])S)D)D,((Capang11g000709[&&NHX:species=Wild pepper],PGSC0003DMP400053305[&&NHX:species=Potato])S,(Sopen11g009170.1[&&NHX:species=S. Pennelli],Capana04g001610[&&NHX:species=Dom. pepper])S,(PGSC0003DMP400037015[&&NHX:species=Potato],Capana01g003640[&&NHX:species=Dom. pepper])S,((Capana04g002675[&&NHX:species=Dom. pepper],SLYcer07g05043.1[&&NHX:species=Tomato Cherry],Capang07g001819[&&NHX:species=Wild pepper],Solyc07g055180.3.1[&&NHX:species=Tomato],SPI07g05777.1[&&NHX:species=S. pimp])S,(PGSC0003DMP400035500[&&NHX:species=Potato],Sopen07g027050.1[&&NHX:species=S. Pennelli],Capang06g002602[&&NHX:species=Wild pepper],Capana07g001819[&&NHX:species=Dom. pepper])S)D,(((PGSC0003DMP400007367[&&NHX:species=Potato],(SPI05g00192.1[&&NHX:species=S. pimp],PGSC0003DMP400007369[&&NHX:species=Potato],Sopen05g001910.2[&&NHX:species=S. Pennelli])S)D,(Capang00g002711[&&NHX:species=Wild pepper],SLYcer05g00174.1[&&NHX:species=Tomato Cherry],Capana00g003978[&&NHX:species=Dom. pepper],Sopen05g001910.1[&&NHX:species=S. Pennelli],PGSC0003DMP400007368[&&NHX:species=Potato])S)D,PGSC0003DMP400027703[&&NHX:species=Potato])D)D,(Capang03g002033[&&NHX:species=Wild pepper],Sopen03g003860.1[&&NHX:species=S. Pennelli],SPI03g00605.1[&&NHX:species=S. pimp],Solyc03g007910.3.1[&&NHX:species=Tomato],SLYcer03g00386.1[&&NHX:species=Tomato Cherry],Capana03g002147[&&NHX:species=Dom. pepper],PGSC0003DMP400016804[&&NHX:species=Potato])S,((((SPI02g04242.1[&&NHX:species=S. pimp],SLYcer02g05319.1[&&NHX:species=Tomato Cherry],Solyc02g089090.3.1[&&NHX:species=Tomato],PGSC0003DMP400002464[&&NHX:species=Potato],Sopen02g033870.1[&&NHX:species=S. Pennelli])S,PGSC0003DMP400002465[&&NHX:species=Potato])D,((Capana02g003265[&&NHX:species=Dom. pepper],((Capana02g003263[&&NHX:species=Dom. pepper],Capang02g003008[&&NHX:species=Wild pepper])S,Capana02g003264[&&NHX:species=Dom. pepper])D)D,SPI02g04243.1[&&NHX:species=S. pimp],SLYcer02g05320.1[&&NHX:species=Tomato Cherry],PGSC0003DMP400002467[&&NHX:species=Potato])S)D,(Capang02g003009[&&NHX:species=Wild pepper],Capana02g003266[&&NHX:species=Dom. pepper],SPI06g00524.1[&&NHX:species=S. pimp],SLYcer06g00684.1[&&NHX:species=Tomato Cherry])S)D,(((Capang01g002573[&&NHX:species=Wild pepper],Capana00g002160[&&NHX:species=Dom. pepper],PGSC0003DMP400015668[&&NHX:species=Potato])S,((Sopen09g005590.1[&&NHX:species=S. Pennelli],SLYcer09g00951.1[&&NHX:species=Tomato Cherry],PGSC0003DMP400015669[&&NHX:species=Potato],Solyc09g010850.4.1[&&NHX:species=Tomato],SPI09g00855.1[&&NHX:species=S. pimp],Capana09g001828[&&NHX:species=Dom. pepper],Capang09g001395[&&NHX:species=Wild pepper])S,PGSC0003DMP400015666[&&NHX:species=Potato])D)D,PGSC0003DMP400015667[&&NHX:species=Potato])D,(SLYcer06g05411.1[&&NHX:species=Tomato Cherry],Sopen09g024090.1[&&NHX:species=S. Pennelli],SPI09g03242.1[&&NHX:species=S. pimp],Capang07g001760[&&NHX:species=Wild pepper],Solyc09g061330.3.1[&&NHX:species=Tomato],Capana09g001158[&&NHX:species=Dom. pepper],PGSC0003DMP400030833[&&NHX:species=Potato])S,((((PGSC0003DMP400013612[&&NHX:species=Potato],Capang06g002313[&&NHX:species=Wild pepper],Capana06g002500[&&NHX:species=Dom. pepper],Solyc05g005140.4.1[&&NHX:species=Tomato])S,(((PGSC0003DMP400008145[&&NHX:species=Potato],Solyc01g101100.4.1[&&NHX:species=Tomato])S,PGSC0003DMP400013610[&&NHX:species=Potato])D,SPI04g04244.1[&&NHX:species=S. pimp],SLYcer04g04757.1[&&NHX:species=Tomato Cherry])S)D,PGSC0003DMP400031289[&&NHX:species=Potato],PGSC0003DMP400052463[&&NHX:species=Potato])D,((((((((Sopen10g033830.2[&&NHX:species=S. Pennelli],Sopen10g033830.1[&&NHX:species=S. Pennelli])D,Solyc10g084390.2.1[&&NHX:species=Tomato],SPI10g04280.1[&&NHX:species=S. pimp],SLYcer10g05745.1[&&NHX:species=Tomato Cherry])S,(((Solyc10g085990.3.1[&&NHX:species=Tomato],PGSC0003DMP400030729[&&NHX:species=Potato],Sopen10g035360.1[&&NHX:species=S. Pennelli],SPI10g04437.1[&&NHX:species=S. pimp])S,PGSC0003DMP400030730[&&NHX:species=Potato])D,Capana10g001495[&&NHX:species=Dom. pepper])S)D,(Capang09g001426[&&NHX:species=Wild pepper],Sopen09g002040.1[&&NHX:species=S. Pennelli],SLYcer09g00305.1[&&NHX:species=Tomato Cherry],Solyc09g007170.4.1[&&NHX:species=Tomato],PGSC0003DMP400048528[&&NHX:species=Potato],Capana09g001867[&&NHX:species=Dom. pepper],SPI09g00204.1[&&NHX:species=S. pimp])S)D,(((Capang11g000889[&&NHX:species=Wild pepper],Sopen05g019190.1[&&NHX:species=S. Pennelli],SPI05g02866.1[&&NHX:species=S. pimp],PGSC0003DMP400014933[&&NHX:species=Potato],Solyc05g024290.3.1[&&NHX:species=Tomato])S,(PGSC0003DMP400014935[&&NHX:species=Potato],Capana11g000963[&&NHX:species=Dom. pepper])S,PGSC0003DMP400035177[&&NHX:species=Potato],PGSC0003DMP400014936[&&NHX:species=Potato])D,(Capana01g003141[&&NHX:species=Dom. pepper],Capang11g000819[&&NHX:species=Wild pepper],Sopen01g029290.1[&&NHX:species=S. Pennelli],SLYcer01g05818.1[&&NHX:species=Tomato Cherry],PGSC0003DMP400014934[&&NHX:species=Potato],Solyc01g067400.3.1[&&NHX:species=Tomato],SPI01g05998.1[&&NHX:species=S. pimp])S)D)D,((PGSC0003DMP400016647[&&NHX:species=Potato],Capana02g001107[&&NHX:species=Dom. pepper],Capang02g001007[&&NHX:species=Wild pepper])S,((((PGSC0003DMP400041912[&&NHX:species=Potato],PGSC0003DMP400001625[&&NHX:species=Potato])D,SPI04g02926.1[&&NHX:species=S. pimp],Capang12g001073[&&NHX:species=Wild pepper],Capana12g001270[&&NHX:species=Dom. pepper],Sopen04g019830.1[&&NHX:species=S. Pennelli])S,Sopen07g007110.1[&&NHX:species=S. Pennelli])D,((((PGSC0003DMP400041909[&&NHX:species=Potato],PGSC0003DMP400054433[&&NHX:species=Potato])D,Capang03g001940[&&NHX:species=Wild pepper])S,((Capang03g002113[&&NHX:species=Wild pepper],Capang02g002785[&&NHX:species=Wild pepper])D,PGSC0003DMP400016923[&&NHX:species=Potato],Capana03g002048[&&NHX:species=Dom. pepper],SPI08g05140.1[&&NHX:species=S. pimp])S)D,Capang00g000443[&&NHX:species=Wild pepper])D)D)D)D,((Capana12g001471[&&NHX:species=Dom. pepper],PGSC0003DMP400050519[&&NHX:species=Potato])S,(Capana02g001706[&&NHX:species=Dom. pepper],Capang12g001210[&&NHX:species=Wild pepper],PGSC0003DMP400014932[&&NHX:species=Potato])S)D)D,(((Capana07g001547[&&NHX:species=Dom. pepper],Capang07g001531[&&NHX:species=Wild pepper],PGSC0003DMP400026601[&&NHX:species=Potato])S,((PGSC0003DMP400046489[&&NHX:species=Potato],(PGSC0003DMP400025679[&&NHX:species=Potato],SPI02g02709.1[&&NHX:species=S. pimp])S,PGSC0003DMP400052318[&&NHX:species=Potato],PGSC0003DMP400034201[&&NHX:species=Potato],PGSC0003DMP400021776[&&NHX:species=Potato])D,Capana01g003181[&&NHX:species=Dom. pepper])S)D,((Capana09g001109[&&NHX:species=Dom. pepper],PGSC0003DMP400030892[&&NHX:species=Potato],SLYcer07g03671.1[&&NHX:species=Tomato Cherry])S,(Capang09g001422[&&NHX:species=Wild pepper],Capana02g001209[&&NHX:species=Dom. pepper],SLYcer02g01428.1[&&NHX:species=Tomato Cherry])S)D)D)D)D,(((PGSC0003DMP400063831[&&NHX:species=Potato],SLYcer03g00273.1[&&NHX:species=Tomato Cherry],SPI03g00484.1[&&NHX:species=S. pimp],Capana03g002433[&&NHX:species=Dom. pepper],Solyc03g006890.3.1[&&NHX:species=Tomato],Sopen03g002890.1[&&NHX:species=S. Pennelli],Capang03g002355[&&NHX:species=Wild pepper])S,PGSC0003DMP400066849[&&NHX:species=Potato],PGSC0003DMP400019343[&&NHX:species=Potato])D,((Capang07g001420[&&NHX:species=Wild pepper],Capana08g000142[&&NHX:species=Dom. pepper])S,(PGSC0003DMP400021465[&&NHX:species=Potato],SLYcer08g06464.1[&&NHX:species=Tomato Cherry],Capana00g003375[&&NHX:species=Dom. pepper],Solyc08g082460.4.1[&&NHX:species=Tomato],Capang00g003705[&&NHX:species=Wild pepper],Sopen08g030710.1[&&NHX:species=S. Pennelli],SPI08g06372.1[&&NHX:species=S. pimp])S)D,(((SLYcer08g06430.1[&&NHX:species=Tomato Cherry],SPI08g06342.1[&&NHX:species=S. pimp],PGSC0003DMP400021482[&&NHX:species=Potato])S,(PGSC0003DMP400005229[&&NHX:species=Potato],Capana03g000116[&&NHX:species=Dom. pepper])S)D,(Capang00g001821[&&NHX:species=Wild pepper],Capana00g003409[&&NHX:species=Dom. pepper],Solyc08g150147.1.1[&&NHX:species=Tomato])S,(((Capang11g002222[&&NHX:species=Wild pepper],Capana05g001817[&&NHX:species=Dom. pepper])S,Capana06g002393[&&NHX:species=Dom. pepper],Capana11g001588[&&NHX:species=Dom. pepper])D,PGSC0003DMP400024950[&&NHX:species=Potato])S)D,((PGSC0003DMP400047758[&&NHX:species=Potato],Solyc07g006610.3.1[&&NHX:species=Tomato],SPI07g00364.1[&&NHX:species=S. pimp],Capang07g000017[&&NHX:species=Wild pepper],Capana07g000066[&&NHX:species=Dom. pepper],Sopen07g002720.1[&&NHX:species=S. Pennelli])S,Capana09g002176[&&NHX:species=Dom. pepper])D)D,((Capana12g001029[&&NHX:species=Dom. pepper],SLYcer12g04400.1[&&NHX:species=Tomato Cherry],Solyc12g055720.2.1[&&NHX:species=Tomato],Capang12g000881[&&NHX:species=Wild pepper],Sopen12g024190.1[&&NHX:species=S. Pennelli],SPI12g04353.1[&&NHX:species=S. pimp])S,((Solyc06g063360.4.1[&&NHX:species=Tomato],Sopen06g022830.2[&&NHX:species=S. Pennelli],Capang00g002698[&&NHX:species=Wild pepper],SLYcer06g04122.1[&&NHX:species=Tomato Cherry],SPI06g03989.1[&&NHX:species=S. pimp],Capana00g004901[&&NHX:species=Dom. pepper])S,Sopen06g022830.1[&&NHX:species=S. Pennelli])D)D)D;	51	24	739	SPI09g00992.1,SPI09g00991.1,SLYcer10g04963.1,PGSC0003DMP400016186,PGSC0003DMP400050258,PGSC0003DMP400050259,Sopen10g031060.1,PGSC0003DMP400023927,SLYcer03g04872.1,SLYcer06g00317.1,Sopen02g033880.1,Sopen04g017530.1,Capana03g004390,Capang09g001115,Capana09g001538,Capana10g000142,Capana09g001637,SLYcer11g02073.1,Capana09g001866,Capang07g001663,Solyc10g047780.1.1,Capang10g001270,Capana05g002410,Capana12g002725,Capana05g000344,SLYcer01g08005.1,SLYcer01g07382.1,Solyc09g014470.2.1,Capana03g001316
OG27645	((((Capang00g002464[&&NHX:species=Wild pepper],Capana01g003839[&&NHX:species=Dom. pepper],Sopen08g020060.1[&&NHX:species=S. Pennelli],PGSC0003DMP400052466[&&NHX:species=Potato],SPI08g04921.1[&&NHX:species=S. pimp])S,Capana12g001123[&&NHX:species=Dom. pepper])D,(((SPI03g04571.1[&&NHX:species=S. pimp],Capana03g001061[&&NHX:species=Dom. pepper],Capang03g001016[&&NHX:species=Wild pepper],Solyc03g113450.4.1[&&NHX:species=Tomato],PGSC0003DMP400043942[&&NHX:species=Potato],SLYcer03g04522.1[&&NHX:species=Tomato Cherry],Sopen03g032500.1[&&NHX:species=S. Pennelli])S,PGSC0003DMP400029128[&&NHX:species=Potato])D,((Capang08g001043[&&NHX:species=Wild pepper],Capana01g004184[&&NHX:species=Dom. pepper])S,(Sopen08g023360.1[&&NHX:species=S. Pennelli],Capana01g001151[&&NHX:species=Dom. pepper],Capang01g001004[&&NHX:species=Wild pepper],Solyc08g074760.3.1[&&NHX:species=Tomato],SLYcer08g05667.1[&&NHX:species=Tomato Cherry])S)D)D,(((Sopen04g029230.1[&&NHX:species=S. Pennelli],(PGSC0003DMP400038138[&&NHX:species=Potato],PGSC0003DMP400030957[&&NHX:species=Potato])D)S,((PGSC0003DMP400030956[&&NHX:species=Potato],Sopen04g029220.1[&&NHX:species=S. Pennelli])S,PGSC0003DMP400048615[&&NHX:species=Potato])D)D,(((Capana07g000690[&&NHX:species=Dom. pepper],SPI08g05544.1[&&NHX:species=S. pimp])S,(Capana07g002049[&&NHX:species=Dom. pepper],PGSC0003DMP400012560[&&NHX:species=Potato],SLYcer07g05239.1[&&NHX:species=Tomato Cherry],Sopen07g030300.1[&&NHX:species=S. Pennelli],SPI07g05963.1[&&NHX:species=S. pimp],Solyc07g062040.3.1[&&NHX:species=Tomato],Capang07g002084[&&NHX:species=Wild pepper])S)D,(Capang00g000344[&&NHX:species=Wild pepper],PGSC0003DMP400024727[&&NHX:species=Potato])S)D)D,(Capana04g001433[&&NHX:species=Dom. pepper],(((PGSC0003DMP400052462[&&NHX:species=Potato],SLYcer08g05021.1[&&NHX:species=Tomato Cherry],SPI08g04911.1[&&NHX:species=S. pimp],Solyc08g066270.3.1[&&NHX:species=Tomato])S,(Sopen08g020090.1[&&NHX:species=S. Pennelli],(Solyc08g066320.4.1[&&NHX:species=Tomato],Sopen08g020110.1[&&NHX:species=S. Pennelli],(PGSC0003DMP400052449[&&NHX:species=Potato],PGSC0003DMP400052450[&&NHX:species=Potato])D,SLYcer08g05029.1[&&NHX:species=Tomato Cherry])S)D)D,(((SLYcer08g05026.1[&&NHX:species=Tomato Cherry],SPI08g04915.1[&&NHX:species=S. pimp])S,SPI08g04920.1[&&NHX:species=S. pimp])D,PGSC0003DMP400052448[&&NHX:species=Potato])S)D)S)D,(((Capana11g000725[&&NHX:species=Dom. pepper],Capang04g001370[&&NHX:species=Wild pepper],PGSC0003DMP400053073[&&NHX:species=Potato])S,((Capang00g005073[&&NHX:species=Wild pepper],PGSC0003DMP400058020[&&NHX:species=Potato])S,(Capang11g002249[&&NHX:species=Wild pepper],Solyc05g010540.2.1[&&NHX:species=Tomato],PGSC0003DMP400040845[&&NHX:species=Potato],Sopen05g006300.1[&&NHX:species=S. Pennelli],SPI05g00774.1[&&NHX:species=S. pimp])S)D)D,(((((((Sopen04g025070.1[&&NHX:species=S. Pennelli],SPI04g03779.1[&&NHX:species=S. pimp],SLYcer04g04137.1[&&NHX:species=Tomato Cherry],Solyc04g055220.2.1[&&NHX:species=Tomato])S,(SPI04g03780.1[&&NHX:species=S. pimp],PGSC0003DMP400061075[&&NHX:species=Potato],SLYcer04g04134.1[&&NHX:species=Tomato Cherry])S)D,Capana04g000991[&&NHX:species=Dom. pepper])S,((((PGSC0003DMP400021472[&&NHX:species=Potato],(PGSC0003DMP400021471[&&NHX:species=Potato],PGSC0003DMP400021470[&&NHX:species=Potato])D)D,Capang00g001805[&&NHX:species=Wild pepper])S,(Sopen08g030590.1[&&NHX:species=S. Pennelli],Capang04g000944[&&NHX:species=Wild pepper],SPI08g06357.1[&&NHX:species=S. pimp],SLYcer08g06447.1[&&NHX:species=Tomato Cherry],PGSC0003DMP400021744[&&NHX:species=Potato])S)D,(SLYcer08g06451.1[&&NHX:species=Tomato Cherry],SPI08g06361.1[&&NHX:species=S. pimp],Solyc08g082350.4.1[&&NHX:species=Tomato],PGSC0003DMP400021741[&&NHX:species=Potato],Sopen08g030610.1[&&NHX:species=S. Pennelli])S)D)D,(((Sopen03g034420.1[&&NHX:species=S. Pennelli],PGSC0003DMP400042668[&&NHX:species=Potato],SPI03g04788.1[&&NHX:species=S. pimp],SLYcer03g04732.1[&&NHX:species=Tomato Cherry],Solyc03g115420.3.1[&&NHX:species=Tomato])S,((Capana03g001112[&&NHX:species=Dom. pepper],PGSC0003DMP400042669[&&NHX:species=Potato])S,((PGSC0003DMP400031514[&&NHX:species=Potato],Capana03g001111[&&NHX:species=Dom. pepper])S,PGSC0003DMP400025260[&&NHX:species=Potato])D)D)D,(((SPI04g01231.1[&&NHX:species=S. pimp],SLYcer04g01498.1[&&NHX:species=Tomato Cherry],Solyc04g016580.1.1[&&NHX:species=Tomato],PGSC0003DMP400031515[&&NHX:species=Potato])S,(((PGSC0003DMP400065510[&&NHX:species=Potato],PGSC0003DMP400064043[&&NHX:species=Potato])D,SLYcer04g01501.1[&&NHX:species=Tomato Cherry],Capana03g001043[&&NHX:species=Dom. pepper])S,((SLYcer04g01502.1[&&NHX:species=Tomato Cherry],SPI04g01234.1[&&NHX:species=S. pimp])S,SPI12g00812.1[&&NHX:species=S. pimp])D)D)D,((Sopen12g006910.1[&&NHX:species=S. Pennelli],PGSC0003DMP400031516[&&NHX:species=Potato],Solyc04g017610.2.1[&&NHX:species=Tomato],SLYcer04g01505.1[&&NHX:species=Tomato Cherry],SPI04g01238.1[&&NHX:species=S. pimp])S,Sopen04g008640.1[&&NHX:species=S. Pennelli])D)D)D)D,(((Sopen03g031860.1[&&NHX:species=S. Pennelli],PGSC0003DMP400031642[&&NHX:species=Potato])S,PGSC0003DMP400031544[&&NHX:species=Potato])D,Capang03g001174[&&NHX:species=Wild pepper],Capana03g001226[&&NHX:species=Dom. pepper])S)D,((((SPI03g04512.1[&&NHX:species=S. pimp],Capana03g001170[&&NHX:species=Dom. pepper],SLYcer03g04461.1[&&NHX:species=Tomato Cherry],Capang03g001122[&&NHX:species=Wild pepper])S,Capana03g001144[&&NHX:species=Dom. pepper])D,(PGSC0003DMP400017377[&&NHX:species=Potato],(SLYcer06g03714.1[&&NHX:species=Tomato Cherry],SLYcer06g03709.1[&&NHX:species=Tomato Cherry])D,Capang03g001050[&&NHX:species=Wild pepper],SPI06g03619.1[&&NHX:species=S. pimp])S)D,(PGSC0003DMP400017378[&&NHX:species=Potato],((Solyc03g113160.1.1[&&NHX:species=Tomato],(PGSC0003DMP400031494[&&NHX:species=Potato],PGSC0003DMP400031495[&&NHX:species=Potato])D,SLYcer03g04496.1[&&NHX:species=Tomato Cherry])S,(PGSC0003DMP400031493[&&NHX:species=Potato],Sopen03g032220.1[&&NHX:species=S. Pennelli])S)D)D)D)D)D,(SPI03g04930.1[&&NHX:species=S. pimp],Sopen03g035680.1[&&NHX:species=S. Pennelli],Solyc03g116760.3.1[&&NHX:species=Tomato],PGSC0003DMP400001272[&&NHX:species=Potato],Capang03g000413[&&NHX:species=Wild pepper],Capana03g000456[&&NHX:species=Dom. pepper])S,((((SPI03g03180.1[&&NHX:species=S. pimp],PGSC0003DMP400037749[&&NHX:species=Potato],Sopen03g021400.1[&&NHX:species=S. Pennelli],Solyc03g078520.4.1[&&NHX:species=Tomato],SLYcer03g03080.1[&&NHX:species=Tomato Cherry],Capang03g002721[&&NHX:species=Wild pepper])S,PGSC0003DMP400037750[&&NHX:species=Potato])D,((SPI11g00658.1[&&NHX:species=S. pimp],Sopen11g004740.1[&&NHX:species=S. Pennelli],Capana12g002635[&&NHX:species=Dom. pepper],SLYcer11g00514.1[&&NHX:species=Tomato Cherry],Solyc11g008960.3.1[&&NHX:species=Tomato],Capang12g002278[&&NHX:species=Wild pepper])S,((Capana00g003739[&&NHX:species=Dom. pepper],PGSC0003DMP400028238[&&NHX:species=Potato])S,PGSC0003DMP400028239[&&NHX:species=Potato])D)D)D,((PGSC0003DMP400030909[&&NHX:species=Potato],PGSC0003DMP400013312[&&NHX:species=Potato])D,(Capana02g001722[&&NHX:species=Dom. pepper],SLYcer02g04034.1[&&NHX:species=Tomato Cherry],Capang02g001536[&&NHX:species=Wild pepper],(PGSC0003DMP400049464[&&NHX:species=Potato],PGSC0003DMP400049463[&&NHX:species=Potato])D,SPI02g02928.1[&&NHX:species=S. pimp],Sopen02g021300.1[&&NHX:species=S. Pennelli],Solyc02g072310.3.1[&&NHX:species=Tomato])S)D)D,((Capang07g002152[&&NHX:species=Wild pepper],PGSC0003DMP400021906[&&NHX:species=Potato],Sopen07g030850.1[&&NHX:species=S. Pennelli],Capana07g002134[&&NHX:species=Dom. pepper],Solyc07g062620.3.1[&&NHX:species=Tomato])S,(Capang00g003030[&&NHX:species=Wild pepper],Solyc10g005630.3.1[&&NHX:species=Tomato],SPI10g00163.1[&&NHX:species=S. pimp],Sopen10g001600.1[&&NHX:species=S. Pennelli],PGSC0003DMP400019968[&&NHX:species=Potato],Capana10g000211[&&NHX:species=Dom. pepper],SLYcer10g00297.1[&&NHX:species=Tomato Cherry])S)D,((((((((PGSC0003DMP400053242[&&NHX:species=Potato],(PGSC0003DMP400025682[&&NHX:species=Potato],PGSC0003DMP400024750[&&NHX:length=-0.04564:species=Potato])D)D,PGSC0003DMP400024752[&&NHX:species=Potato])D,SLYcer12g03749.1[&&NHX:species=Tomato Cherry],Solyc12g040370.1.1[&&NHX:species=Tomato],SPI12g03695.1[&&NHX:species=S. pimp])S,PGSC0003DMP400053241[&&NHX:species=Potato])D,((PGSC0003DMP400010663[&&NHX:species=Potato],Solyc04g007380.3.1[&&NHX:species=Tomato],Sopen04g002440.1[&&NHX:species=S. Pennelli])S,PGSC0003DMP400024756[&&NHX:species=Potato])D)D,(Capana00g002622[&&NHX:species=Dom. pepper],(Capana03g002947[&&NHX:species=Dom. pepper],Capana00g002650[&&NHX:species=Dom. pepper])D)D)S,PGSC0003DMP400044357[&&NHX:species=Potato])D,(Solyc03g007210.3.1[&&NHX:species=Tomato],Capana00g003840[&&NHX:species=Dom. pepper],(PGSC0003DMP400016043[&&NHX:species=Potato],PGSC0003DMP400016044[&&NHX:species=Potato])D,Capang07g001014[&&NHX:species=Wild pepper])S,((PGSC0003DMP400027760[&&NHX:species=Potato],PGSC0003DMP400027761[&&NHX:species=Potato])D,((Capang01g005081[&&NHX:species=Wild pepper],Capana12g001802[&&NHX:species=Dom. pepper])S,Capana01g002982[&&NHX:species=Dom. pepper])D)S,(((((Sopen05g004790.1[&&NHX:species=S. Pennelli],Sopen05g004790.2[&&NHX:species=S. Pennelli])D,SLYcer05g00549.1[&&NHX:species=Tomato Cherry],Solyc05g009050.3.1[&&NHX:species=Tomato],SPI05g00584.1[&&NHX:species=S. pimp],PGSC0003DMP400053243[&&NHX:species=Potato])S,(SLYcer05g00552.1[&&NHX:species=Tomato Cherry],Solyc05g009090.3.1[&&NHX:species=Tomato],PGSC0003DMP400025681[&&NHX:species=Potato],SPI05g00587.1[&&NHX:species=S. pimp])S)D,(((PGSC0003DMP400053240[&&NHX:species=Potato],Capana02g002803[&&NHX:species=Dom. pepper])S,Capana02g002802[&&NHX:species=Dom. pepper])D,(Sopen02g030890.1[&&NHX:species=S. Pennelli],(PGSC0003DMP400045807[&&NHX:species=Potato],PGSC0003DMP400045809[&&NHX:species=Potato])D)S)D)D,(Capang03g000649[&&NHX:species=Wild pepper],Capana03g000718[&&NHX:species=Dom. pepper],PGSC0003DMP400010170[&&NHX:species=Potato])S)D,((((Capang01g002662[&&NHX:species=Wild pepper],Capang12g001462[&&NHX:species=Wild pepper])D,PGSC0003DMP400027762[&&NHX:species=Potato])S,(Capang12g001762[&&NHX:species=Wild pepper],PGSC0003DMP400027759[&&NHX:species=Potato],Capana12g002052[&&NHX:species=Dom. pepper])S)D,Capana08g002548[&&NHX:species=Dom. pepper])D,(((Solyc05g009040.3.1[&&NHX:species=Tomato],Sopen05g004780.1[&&NHX:species=S. Pennelli],SLYcer05g00548.1[&&NHX:species=Tomato Cherry],PGSC0003DMP400053239[&&NHX:species=Potato])S,(PGSC0003DMP400002296[&&NHX:species=Potato],Capana00g002623[&&NHX:species=Dom. pepper])S)D,(Capang01g000812[&&NHX:species=Wild pepper],PGSC0003DMP400021364[&&NHX:species=Potato])S)D,(((PGSC0003DMP400018922[&&NHX:species=Potato],PGSC0003DMP400018561[&&NHX:species=Potato])D,Capana02g002303[&&NHX:species=Dom. pepper])S,((Capang09g001554[&&NHX:species=Wild pepper],Capana09g002020[&&NHX:species=Dom. pepper])S,((Capana00g002619[&&NHX:species=Dom. pepper],Capana11g002328[&&NHX:species=Dom. pepper])D,PGSC0003DMP400024753[&&NHX:species=Potato],Capang03g002748[&&NHX:species=Wild pepper])S)D)D,(Capang02g002524[&&NHX:species=Wild pepper],(PGSC0003DMP400045808[&&NHX:species=Potato],Capang02g002530[&&NHX:species=Wild pepper])S)D)D,((Sopen02g023580.2[&&NHX:species=S. Pennelli],(Sopen02g023580.1[&&NHX:species=S. Pennelli],Solyc02g078750.3.1[&&NHX:species=Tomato],SLYcer02g04269.1[&&NHX:species=Tomato Cherry],Capang02g001769[&&NHX:species=Wild pepper],SPI02g03171.1[&&NHX:species=S. pimp],Capana02g001985[&&NHX:species=Dom. pepper])S)D,(Capana07g001587[&&NHX:species=Dom. pepper],Solyc07g053130.4.1[&&NHX:species=Tomato],SLYcer07g04821.1[&&NHX:species=Tomato Cherry],SPI07g05543.1[&&NHX:species=S. pimp])S,(SLYcer07g04820.1[&&NHX:species=Tomato Cherry],Solyc07g053120.4.1[&&NHX:species=Tomato],Capana07g001586[&&NHX:species=Dom. pepper],SPI07g05542.1[&&NHX:species=S. pimp])S,((Capana00g002502[&&NHX:species=Dom. pepper],SLYcer05g00475.1[&&NHX:species=Tomato Cherry],PGSC0003DMP400053182[&&NHX:species=Potato],Solyc05g008310.4.1[&&NHX:species=Tomato])S,PGSC0003DMP400053181[&&NHX:species=Potato])D)D,((PGSC0003DMP400059584[&&NHX:species=Potato],((Capang07g000260[&&NHX:species=Wild pepper],Capang07g000261[&&NHX:species=Wild pepper])D,Sopen07g001230.1[&&NHX:species=S. Pennelli],Capana07g000257[&&NHX:species=Dom. pepper],PGSC0003DMP400005765[&&NHX:species=Potato])S)D,(SPI07g00077.1[&&NHX:species=S. pimp],SLYcer07g00064.1[&&NHX:species=Tomato Cherry],Solyc07g005110.4.1[&&NHX:species=Tomato],Capang07g000253[&&NHX:species=Wild pepper],PGSC0003DMP400021006[&&NHX:species=Potato],Sopen07g001250.1[&&NHX:species=S. Pennelli])S)D,((Sopen03g038210.1[&&NHX:species=S. Pennelli],SPI03g05191.1[&&NHX:species=S. pimp],PGSC0003DMP400010157[&&NHX:species=Potato],Solyc03g119340.3.1[&&NHX:species=Tomato],SLYcer03g05131.1[&&NHX:species=Tomato Cherry],Capana03g000705[&&NHX:species=Dom. pepper],Capang03g000662[&&NHX:species=Wild pepper])S,((Solyc11g011880.2.1[&&NHX:species=Tomato],Capang12g002476[&&NHX:species=Wild pepper],SLYcer11g00709.1[&&NHX:species=Tomato Cherry],Sopen11g006710.1[&&NHX:species=S. Pennelli],Capana12g002828[&&NHX:species=Dom. pepper],SPI11g00860.1[&&NHX:species=S. pimp])S,Solyc11g011870.3.1[&&NHX:species=Tomato])D)D,((SPI02g00425.1[&&NHX:species=S. pimp],Solyc02g014320.1.1[&&NHX:species=Tomato],SLYcer02g01466.1[&&NHX:species=Tomato Cherry])S,(((SLYcer01g06625.1[&&NHX:species=Tomato Cherry],Sopen01g035530.1[&&NHX:species=S. Pennelli],Solyc01g088690.3.1[&&NHX:species=Tomato],SPI01g06887.1[&&NHX:species=S. pimp],Capana01g003406[&&NHX:species=Dom. pepper],PGSC0003DMP400003094[&&NHX:species=Potato],Capang08g000345[&&NHX:species=Wild pepper])S,Capang01g000764[&&NHX:species=Wild pepper])D,Sopen09g021300.1[&&NHX:species=S. Pennelli])D)D,((PGSC0003DMP400025061[&&NHX:species=Potato],Capana03g001094[&&NHX:species=Dom. pepper])S,Capana01g000126[&&NHX:species=Dom. pepper])D,((Capang02g001483[&&NHX:species=Wild pepper],Capana02g001659[&&NHX:species=Dom. pepper],Solyc02g072070.4.1[&&NHX:species=Tomato],Sopen02g021030.1[&&NHX:species=S. Pennelli],PGSC0003DMP400049549[&&NHX:species=Potato])S,((Solyc12g008330.3.1[&&NHX:species=Tomato],Capana09g000272[&&NHX:species=Dom. pepper],SPI12g00403.1[&&NHX:species=S. pimp])S,(SLYcer01g01829.1[&&NHX:species=Tomato Cherry],SPI01g01910.1[&&NHX:species=S. pimp])S)D,(SLYcer07g05062.1[&&NHX:species=Tomato Cherry],PGSC0003DMP400030258[&&NHX:species=Potato],SPI07g05796.1[&&NHX:species=S. pimp],Sopen07g028840.1[&&NHX:species=S. Pennelli])S,(((PGSC0003DMP400030278[&&NHX:species=Potato],SPI07g05811.1[&&NHX:species=S. pimp],SLYcer07g05074.1[&&NHX:species=Tomato Cherry],Capang07g001880[&&NHX:species=Wild pepper],Sopen07g028970.1[&&NHX:species=S. Pennelli])S,((((PGSC0003DMP400030196[&&NHX:species=Potato],(PGSC0003DMP400030198[&&NHX:species=Potato],PGSC0003DMP400030255[&&NHX:species=Potato])D)D,((Sopen07g029000.1[&&NHX:species=S. Pennelli],Sopen07g029010.1[&&NHX:species=S. Pennelli])D,Sopen07g029010.2[&&NHX:species=S. Pennelli])D)S,(((SLYcer07g05077.1[&&NHX:species=Tomato Cherry],SLYcer07g05076.1[&&NHX:species=Tomato Cherry])D,SLYcer07g05078.1[&&NHX:species=Tomato Cherry])D,((SPI07g05814.1[&&NHX:species=S. pimp],SPI07g05813.1[&&NHX:species=S. pimp])D,SPI07g05816.1[&&NHX:species=S. pimp])D)D)D,(Solyc07g055640.1.1[&&NHX:species=Tomato],(PGSC0003DMP400030187[&&NHX:species=Potato],Sopen07g028990.1[&&NHX:species=S. Pennelli],Solyc07g055630.4.1[&&NHX:species=Tomato])S)D)D)D,((PGSC0003DMP400030193[&&NHX:species=Potato],PGSC0003DMP400068428[&&NHX:species=Potato])D,Capang07g001881[&&NHX:species=Wild pepper])S)D,((((((Sopen07g028850.1[&&NHX:species=S. Pennelli],PGSC0003DMP400030189[&&NHX:species=Potato],SLYcer07g05063.1[&&NHX:species=Tomato Cherry],SPI07g05798.1[&&NHX:species=S. pimp])S,(Capang07g001895[&&NHX:species=Wild pepper],Solyc07g055650.2.1[&&NHX:species=Tomato],PGSC0003DMP400030188[&&NHX:species=Potato])S)D,(Capang02g001488[&&NHX:species=Wild pepper],Capana02g001654[&&NHX:species=Dom. pepper])S)D,((PGSC0003DMP400030324[&&NHX:species=Potato],(Solyc07g055400.2.1[&&NHX:species=Tomato],Capana00g002220[&&NHX:species=Dom. pepper],SLYcer07g05072.1[&&NHX:species=Tomato Cherry],PGSC0003DMP400030195[&&NHX:species=Potato])S)D,(Capang07g001894[&&NHX:species=Wild pepper],(Solyc07g055580.3.1[&&NHX:species=Tomato],Capang03g003824[&&NHX:species=Wild pepper])S)D)D)D,(Capana07g001911[&&NHX:species=Dom. pepper],((Solyc07g055570.1.1[&&NHX:species=Tomato],SLYcer07g05073.1[&&NHX:species=Tomato Cherry],SPI07g05810.1[&&NHX:species=S. pimp])S,SPI07g05818.1[&&NHX:species=S. pimp])D)S)D,((SLYcer07g05080.1[&&NHX:species=Tomato Cherry],Capana07g001908[&&NHX:species=Dom. pepper],(Sopen07g028960.1[&&NHX:species=S. Pennelli],Solyc07g055670.1.1[&&NHX:species=Tomato])S)S,Capana09g001920[&&NHX:species=Dom. pepper])D)D,(SPI01g01915.1[&&NHX:species=S. pimp],(Capang09g000236[&&NHX:species=Wild pepper],Capang09g000247[&&NHX:species=Wild pepper])D,Sopen09g030730.1[&&NHX:species=S. Pennelli],SLYcer01g01834.1[&&NHX:species=Tomato Cherry],Capana01g001621[&&NHX:species=Dom. pepper])S,((PGSC0003DMP400030281[&&NHX:species=Potato],Sopen07g029040.1[&&NHX:species=S. Pennelli],(Capang07g001897[&&NHX:species=Wild pepper],Capang07g001891[&&NHX:species=Wild pepper])D)S,(PGSC0003DMP400030282[&&NHX:species=Potato],Capana07g001904[&&NHX:species=Dom. pepper],Capang07g001893[&&NHX:species=Wild pepper])S)D)D,(((Solyc07g055690.1.1[&&NHX:species=Tomato],SPI02g02903.1[&&NHX:species=S. pimp],Capana07g001902[&&NHX:species=Dom. pepper],PGSC0003DMP400030283[&&NHX:species=Potato],SLYcer02g04008.1[&&NHX:species=Tomato Cherry],Sopen07g029050.1[&&NHX:species=S. Pennelli])S,Capana07g001903[&&NHX:species=Dom. pepper])D,(SPI07g05797.1[&&NHX:species=S. pimp],Capang07g001896[&&NHX:species=Wild pepper],PGSC0003DMP400030280[&&NHX:species=Potato],(Capana00g002221[&&NHX:species=Dom. pepper],Capana00g001239[&&NHX:species=Dom. pepper])D,Solyc07g055415.1.1[&&NHX:species=Tomato])S)D,((SPI02g04778.1[&&NHX:species=S. pimp],PGSC0003DMP400039289[&&NHX:species=Potato],SLYcer10g05901.1[&&NHX:species=Tomato Cherry])S,((PGSC0003DMP400008625[&&NHX:species=Potato],Capana01g002030[&&NHX:species=Dom. pepper])S,(Capang01g000573[&&NHX:species=Wild pepper],Capana06g001032[&&NHX:species=Dom. pepper])S)D,((PGSC0003DMP400053811[&&NHX:species=Potato],PGSC0003DMP400053809[&&NHX:species=Potato])D,SLYcer07g00485.1[&&NHX:species=Tomato Cherry])S,(Capang00g005306[&&NHX:species=Wild pepper],SLYcer09g05307.1[&&NHX:species=Tomato Cherry],PGSC0003DMP400023396[&&NHX:species=Potato],SPI09g04997.1[&&NHX:species=S. pimp])S)D,(SPI05g00769.1[&&NHX:species=S. pimp],PGSC0003DMP400024749[&&NHX:species=Potato],Sopen05g004720.1[&&NHX:species=S. Pennelli],SLYcer05g00740.1[&&NHX:species=Tomato Cherry])S,(((PGSC0003DMP400007758[&&NHX:species=Potato],SPI12g04254.1[&&NHX:species=S. pimp],Sopen12g023840.1[&&NHX:species=S. Pennelli],Capang12g000841[&&NHX:species=Wild pepper],Capana12g000976[&&NHX:species=Dom. pepper],Solyc12g049360.2.1[&&NHX:species=Tomato],SLYcer12g04314.1[&&NHX:species=Tomato Cherry])S,PGSC0003DMP400008627[&&NHX:species=Potato])D,Capana07g000133[&&NHX:species=Dom. pepper])D,((PGSC0003DMP400009103[&&NHX:species=Potato],((PGSC0003DMP400009106[&&NHX:species=Potato],PGSC0003DMP400009105[&&NHX:species=Potato])D,Capana08g000117[&&NHX:species=Dom. pepper])S,(Sopen01g049150.1[&&NHX:species=S. Pennelli],SLYcer01g08073.1[&&NHX:species=Tomato Cherry],Solyc01g106870.4.1[&&NHX:species=Tomato],SPI01g08305.1[&&NHX:species=S. pimp],PGSC0003DMP400009104[&&NHX:species=Potato])S,((PGSC0003DMP400017236[&&NHX:species=Potato],PGSC0003DMP400017240[&&NHX:species=Potato],PGSC0003DMP400017239[&&NHX:species=Potato],PGSC0003DMP400017238[&&NHX:species=Potato],PGSC0003DMP400017237[&&NHX:species=Potato])D,Capang07g000132[&&NHX:species=Wild pepper],Capana07g000123[&&NHX:species=Dom. pepper])S)D,(((Capang06g002510[&&NHX:species=Wild pepper],Capana06g002718[&&NHX:species=Dom. pepper],SLYcer06g00313.1[&&NHX:species=Tomato Cherry],Sopen06g001480.2[&&NHX:species=S. Pennelli],SPI06g00082.1[&&NHX:species=S. pimp],Solyc06g005500.4.1[&&NHX:species=Tomato],PGSC0003DMP400007826[&&NHX:species=Potato])S,Sopen06g001480.1[&&NHX:species=S. Pennelli])D,((Sopen12g004290.1[&&NHX:species=S. Pennelli],SLYcer12g00490.1[&&NHX:species=Tomato Cherry],(PGSC0003DMP400005217[&&NHX:species=Potato],PGSC0003DMP400005218[&&NHX:species=Potato])D,Capang09g000128[&&NHX:species=Wild pepper],SPI12g00518.1[&&NHX:species=S. pimp],Solyc12g009310.2.1[&&NHX:species=Tomato],Capana09g000137[&&NHX:species=Dom. pepper])S,(Capang07g000030[&&NHX:species=Wild pepper],Capana07g000043[&&NHX:species=Dom. pepper])S)D)D)D,(((((Capana08g001436[&&NHX:species=Dom. pepper],Capang01g003998[&&NHX:species=Wild pepper])S,((Capang06g001260[&&NHX:species=Wild pepper],Capana06g001295[&&NHX:species=Dom. pepper])S,Capang06g001087[&&NHX:species=Wild pepper])D)D,(Capang07g002243[&&NHX:species=Wild pepper],(Capang06g001009[&&NHX:species=Wild pepper],Capana06g001057[&&NHX:species=Dom. pepper])S)D)D,(Capang03g001370[&&NHX:species=Wild pepper],Capana03g001435[&&NHX:species=Dom. pepper])S)D,((Capana00g004492[&&NHX:species=Dom. pepper],Capang04g002036[&&NHX:species=Wild pepper],PGSC0003DMP400042589[&&NHX:species=Potato])S,(Capana03g001322[&&NHX:species=Dom. pepper],Capang03g001253[&&NHX:species=Wild pepper])S)D)D,((SLYcer02g04394.1[&&NHX:species=Tomato Cherry],Solyc02g080050.1.1[&&NHX:species=Tomato])S,(SPI03g04380.1[&&NHX:species=S. pimp],PGSC0003DMP400026623[&&NHX:species=Potato],Solyc03g111530.4.1[&&NHX:species=Tomato],Sopen03g030660.1[&&NHX:species=S. Pennelli],SLYcer03g04323.1[&&NHX:species=Tomato Cherry])S,(PGSC0003DMP400026624[&&NHX:species=Potato],((Capang09g000508[&&NHX:species=Wild pepper],Capana09g000572[&&NHX:species=Dom. pepper])S,((Capang01g003307[&&NHX:species=Wild pepper],Capang01g003308[&&NHX:species=Wild pepper])D,Solyc12g005720.1.1[&&NHX:species=Tomato],PGSC0003DMP400023312[&&NHX:species=Potato],Capana08g000700[&&NHX:species=Dom. pepper],SPI12g00203.1[&&NHX:species=S. pimp],SLYcer12g00158.1[&&NHX:species=Tomato Cherry],Sopen12g001650.1[&&NHX:species=S. Pennelli])S)D,PGSC0003DMP400024314[&&NHX:species=Potato],PGSC0003DMP400023311[&&NHX:species=Potato])D)D,(((Capang02g001914[&&NHX:species=Wild pepper],Capana00g004819[&&NHX:species=Dom. pepper],Solyc03g031540.2.1[&&NHX:species=Tomato],SPI03g00808.1[&&NHX:species=S. pimp])S,(((Capang03g000664[&&NHX:species=Wild pepper],PGSC0003DMP400033143[&&NHX:species=Potato],Sopen07g026680.1[&&NHX:species=S. Pennelli],Capana03g000700[&&NHX:species=Dom. pepper])S,((PGSC0003DMP400045378[&&NHX:species=Potato],Capana02g001986[&&NHX:species=Dom. pepper])S,PGSC0003DMP400045379[&&NHX:species=Potato])D)D,((SLYcer07g00675.1[&&NHX:species=Tomato Cherry],Capang07g000271[&&NHX:species=Wild pepper],Sopen07g005190.1[&&NHX:species=S. Pennelli],SPI07g00713.1[&&NHX:species=S. pimp],Solyc07g009420.1.1[&&NHX:species=Tomato])S,Sopen02g023580.3[&&NHX:species=S. Pennelli])D)D)D,(Solyc02g080060.1.1[&&NHX:species=Tomato],PGSC0003DMP400026619[&&NHX:species=Potato],Capana02g002137[&&NHX:species=Dom. pepper],SLYcer02g04396.1[&&NHX:species=Tomato Cherry],Sopen02g024780.1[&&NHX:species=S. Pennelli])S,(((PGSC0003DMP400026620[&&NHX:species=Potato],Sopen03g030670.1[&&NHX:species=S. Pennelli],Capana03g001317[&&NHX:species=Dom. pepper],Capang03g001250[&&NHX:species=Wild pepper],SPI03g04381.1[&&NHX:species=S. pimp],SLYcer03g04324.1[&&NHX:species=Tomato Cherry],Solyc03g111540.2.1[&&NHX:species=Tomato])S,(PGSC0003DMP400026615[&&NHX:species=Potato],Capana03g001319[&&NHX:species=Dom. pepper])S)D,(((PGSC0003DMP400026617[&&NHX:species=Potato],PGSC0003DMP400026616[&&NHX:species=Potato])D,Capana03g001315[&&NHX:species=Dom. pepper])S,Capana02g002143[&&NHX:species=Dom. pepper])D)D,(((((Capana02g002139[&&NHX:species=Dom. pepper],SLYcer02g04397.1[&&NHX:species=Tomato Cherry],SPI02g03295.1[&&NHX:species=S. pimp],Capang02g001933[&&NHX:species=Wild pepper],Solyc02g080070.3.1[&&NHX:species=Tomato])S,(Solyc02g080090.1.1[&&NHX:species=Tomato],SLYcer02g04399.1[&&NHX:species=Tomato Cherry])S)D,(Solyc02g080080.3.1[&&NHX:species=Tomato],SLYcer02g04398.1[&&NHX:species=Tomato Cherry],Capana02g002144[&&NHX:species=Dom. pepper],Sopen02g024800.1[&&NHX:species=S. Pennelli])S)D,((Solyc02g079990.3.1[&&NHX:species=Tomato],(Sopen02g024740.1[&&NHX:species=S. Pennelli],Sopen02g024740.2[&&NHX:species=S. Pennelli])D,SPI02g03292.1[&&NHX:species=S. pimp],Capana02g002146[&&NHX:species=Dom. pepper])S,(Capana02g002142[&&NHX:species=Dom. pepper],Capang02g001935[&&NHX:species=Wild pepper])S)D)D,((Solyc02g080010.2.1[&&NHX:species=Tomato],Capana02g002145[&&NHX:species=Dom. pepper],SLYcer02g04390.1[&&NHX:species=Tomato Cherry])S,Capana02g002140[&&NHX:species=Dom. pepper])D)D,((Capana02g002112[&&NHX:species=Dom. pepper],Sopen01g006600.1[&&NHX:species=S. Pennelli])S,((((SPI12g00159.1[&&NHX:species=S. pimp],PGSC0003DMP400033430[&&NHX:species=Potato])S,((PGSC0003DMP400045436[&&NHX:species=Potato],(SPI03g00470.1[&&NHX:species=S. pimp],PGSC0003DMP400033432[&&NHX:species=Potato])S)D,Capana00g004817[&&NHX:species=Dom. pepper])S)D,(Capang09g000330[&&NHX:species=Wild pepper],(PGSC0003DMP400024489[&&NHX:species=Potato],PGSC0003DMP400008992[&&NHX:species=Potato])D,Capana09g000350[&&NHX:species=Dom. pepper],Solyc02g079580.4.1[&&NHX:species=Tomato])S)D,((Capana02g002141[&&NHX:species=Dom. pepper],(Solyc02g080040.4.1[&&NHX:species=Tomato],SLYcer02g04395.1[&&NHX:species=Tomato Cherry],Capang02g001936[&&NHX:species=Wild pepper],Capana02g002138[&&NHX:species=Dom. pepper],SPI02g03296.1[&&NHX:species=S. pimp])S)D,Capana07g000259[&&NHX:species=Dom. pepper])D)D)D,(((SLYcer12g04613.1[&&NHX:species=Tomato Cherry],SPI12g04567.1[&&NHX:species=S. pimp],Capang12g000562[&&NHX:species=Wild pepper],Sopen12g029950.1[&&NHX:species=S. Pennelli],Solyc12g087920.2.1[&&NHX:species=Tomato],Capana12g000878[&&NHX:species=Dom. pepper],PGSC0003DMP400003658[&&NHX:species=Potato])S,(Capana00g004816[&&NHX:species=Dom. pepper],Capang02g001916[&&NHX:species=Wild pepper])S)D,(((SPI03g00809.1[&&NHX:species=S. pimp],(Capana04g002562[&&NHX:species=Dom. pepper],Capana04g002666[&&NHX:species=Dom. pepper])D)S,(Sopen03g005430.1[&&NHX:species=S. Pennelli],Capang04g002213[&&NHX:species=Wild pepper],Capana04g002561[&&NHX:species=Dom. pepper])S)D,(Capana04g002560[&&NHX:species=Dom. pepper],Capang04g002212[&&NHX:species=Wild pepper])S)D)D,(((((((Solyc04g077330.4.1[&&NHX:species=Tomato],SPI04g04835.1[&&NHX:species=S. pimp],Capang04g000703[&&NHX:species=Wild pepper])S,((((Capana04g000733[&&NHX:species=Dom. pepper],Capana04g000746[&&NHX:species=Dom. pepper])D,Capana04g000726[&&NHX:species=Dom. pepper])D,PGSC0003DMP400037748[&&NHX:species=Potato])S,Capana04g000728[&&NHX:species=Dom. pepper])D)D,(SPI02g01349.1[&&NHX:species=S. pimp],SLYcer02g02453.1[&&NHX:species=Tomato Cherry],((Solyc02g030360.3.1[&&NHX:species=Tomato],PGSC0003DMP400033489[&&NHX:species=Potato])S,PGSC0003DMP400033490[&&NHX:species=Potato])D)S)D,PGSC0003DMP400049531[&&NHX:species=Potato])D,((SLYcer02g02467.1[&&NHX:species=Tomato Cherry],SPI02g01361.1[&&NHX:species=S. pimp])S,(Capana04g000731[&&NHX:species=Dom. pepper],PGSC0003DMP400065507[&&NHX:species=Potato],SPI01g01958.1[&&NHX:species=S. pimp])S,Capana04g001747[&&NHX:species=Dom. pepper])D)D,((((Solyc02g079630.3.1[&&NHX:species=Tomato],PGSC0003DMP400058208[&&NHX:species=Potato])S,PGSC0003DMP400008989[&&NHX:species=Potato])D,(PGSC0003DMP400033436[&&NHX:species=Potato],SPI02g01341.1[&&NHX:species=S. pimp],Solyc07g009437.1.1[&&NHX:species=Tomato])S)D,Capana03g000342[&&NHX:species=Dom. pepper])S)D,(((PGSC0003DMP400024473[&&NHX:species=Potato],SPI02g03261.1[&&NHX:species=S. pimp])S,(SPI02g03260.1[&&NHX:species=S. pimp],Sopen02g024460.1[&&NHX:species=S. Pennelli],SLYcer02g04361.1[&&NHX:species=Tomato Cherry])S)D,Capana03g001318[&&NHX:species=Dom. pepper])S)D)D,((((((SPI01g07555.1[&&NHX:species=S. pimp],Solyc01g098410.4.1[&&NHX:species=Tomato],PGSC0003DMP400049736[&&NHX:species=Potato],Capana08g001381[&&NHX:species=Dom. pepper],SLYcer01g07714.1[&&NHX:species=Tomato Cherry],(Sopen01g041980.2[&&NHX:species=S. Pennelli],(Sopen01g041980.1[&&NHX:species=S. Pennelli],Sopen01g041980.3[&&NHX:species=S. Pennelli])D)D,Capang01g003954[&&NHX:species=Wild pepper])S,Capana08g001382[&&NHX:species=Dom. pepper])D,(SLYcer02g04491.1[&&NHX:species=Tomato Cherry],PGSC0003DMP400001330[&&NHX:species=Potato],Capana02g002251[&&NHX:species=Dom. pepper],SPI02g03386.1[&&NHX:species=S. pimp],Solyc02g081050.4.1[&&NHX:species=Tomato],Sopen02g025720.1[&&NHX:species=S. Pennelli],Capang07g001325[&&NHX:species=Wild pepper])S)D,(SPI07g05022.1[&&NHX:species=S. pimp],Sopen07g025160.1[&&NHX:species=S. Pennelli],Capana07g001312[&&NHX:species=Dom. pepper],PGSC0003DMP400001331[&&NHX:species=Potato],Capang07g001324[&&NHX:species=Wild pepper],Solyc07g049180.3.1[&&NHX:species=Tomato])S)D,(PGSC0003DMP400028741[&&NHX:species=Potato],Sopen02g025710.1[&&NHX:species=S. Pennelli],SLYcer02g04490.1[&&NHX:species=Tomato Cherry],SPI02g03385.1[&&NHX:species=S. pimp],Capana02g002250[&&NHX:species=Dom. pepper],Solyc02g081040.4.1[&&NHX:species=Tomato],Capang02g002019[&&NHX:species=Wild pepper])S)D,((Sopen06g026910.1[&&NHX:species=S. Pennelli],SPI06g04469.1[&&NHX:species=S. pimp],SLYcer06g04610.1[&&NHX:species=Tomato Cherry],Solyc06g069610.1.1[&&NHX:species=Tomato],Capang06g000979[&&NHX:species=Wild pepper],Capana00g004743[&&NHX:species=Dom. pepper])S,((((PGSC0003DMP400049737[&&NHX:species=Potato],SPI01g07556.1[&&NHX:species=S. pimp],Solyc01g098420.3.1[&&NHX:species=Tomato])S,(PGSC0003DMP400001332[&&NHX:species=Potato],PGSC0003DMP400028742[&&NHX:species=Potato])D)D,((Sopen01g048440.1[&&NHX:species=S. Pennelli],SLYcer01g07993.1[&&NHX:species=Tomato Cherry],SPI01g08226.1[&&NHX:species=S. pimp],Solyc01g106055.1.1[&&NHX:species=Tomato])S,Sopen01g048450.1[&&NHX:species=S. Pennelli])D)D,Capana07g001296[&&NHX:species=Dom. pepper])S)D)D,((Capana02g003221[&&NHX:species=Dom. pepper],(Capana02g003220[&&NHX:species=Dom. pepper],Capang02g002966[&&NHX:species=Wild pepper],SPI02g04263.1[&&NHX:species=S. pimp],SLYcer02g05340.1[&&NHX:species=Tomato Cherry],PGSC0003DMP400002669[&&NHX:species=Potato],Solyc02g089290.3.1[&&NHX:species=Tomato],Sopen02g034070.1[&&NHX:species=S. Pennelli])S)D,(PGSC0003DMP400002667[&&NHX:species=Potato],Capang02g002965[&&NHX:species=Wild pepper],Capana02g003219[&&NHX:species=Dom. pepper])S)D,((PGSC0003DMP400034203[&&NHX:species=Potato],Capang00g000747[&&NHX:species=Wild pepper],Solyc11g069960.2.1[&&NHX:species=Tomato],Sopen11g028640.1[&&NHX:species=S. Pennelli],SPI11g04056.1[&&NHX:species=S. pimp],SLYcer11g03990.1[&&NHX:species=Tomato Cherry])S,(((Sopen09g003650.1[&&NHX:species=S. Pennelli],Capana09g002329[&&NHX:species=Dom. pepper],Capang09g001831[&&NHX:species=Wild pepper],SLYcer09g00485.1[&&NHX:species=Tomato Cherry],Solyc09g008860.4.1[&&NHX:species=Tomato],SPI09g00402.1[&&NHX:species=S. pimp],PGSC0003DMP400004821[&&NHX:species=Potato])S,PGSC0003DMP400004820[&&NHX:species=Potato])D,(PGSC0003DMP400025680[&&NHX:species=Potato],SLYcer05g00553.1[&&NHX:species=Tomato Cherry],Solyc05g009100.4.1[&&NHX:species=Tomato],Capana11g002327[&&NHX:species=Dom. pepper],SPI05g00588.1[&&NHX:species=S. pimp],Sopen05g004830.1[&&NHX:species=S. Pennelli])S)D)D,((((Solyc05g008930.3.1[&&NHX:species=Tomato],PGSC0003DMP400053132[&&NHX:species=Potato],Sopen05g004690.1[&&NHX:species=S. Pennelli])S,(PGSC0003DMP400053134[&&NHX:species=Potato],SPI05g00575.1[&&NHX:species=S. pimp])S)D,Capang12g001763[&&NHX:species=Wild pepper])S,(PGSC0003DMP400002295[&&NHX:species=Potato],Sopen05g004730.1[&&NHX:species=S. Pennelli])S,(((Sopen05g004750.1[&&NHX:species=S. Pennelli],SLYcer05g00544.1[&&NHX:species=Tomato Cherry],Capana00g002626[&&NHX:species=Dom. pepper],PGSC0003DMP400053152[&&NHX:species=Potato])S,PGSC0003DMP400053142[&&NHX:species=Potato])D,((Solyc04g007390.4.1[&&NHX:species=Tomato],SLYcer04g00344.1[&&NHX:species=Tomato Cherry],SPI04g00326.1[&&NHX:species=S. pimp],Sopen04g002450.1[&&NHX:species=S. Pennelli])S,((Sopen05g004740.1[&&NHX:species=S. Pennelli],Sopen05g004740.2[&&NHX:species=S. Pennelli])D,Solyc05g008990.3.1[&&NHX:species=Tomato],Capana00g002627[&&NHX:species=Dom. pepper],PGSC0003DMP400053151[&&NHX:species=Potato])S)D)D,((Capana11g002329[&&NHX:species=Dom. pepper],(PGSC0003DMP400025683[&&NHX:species=Potato],PGSC0003DMP400024755[&&NHX:species=Potato])D)S,(PGSC0003DMP400053137[&&NHX:species=Potato],((PGSC0003DMP400053135[&&NHX:species=Potato],Solyc05g008940.3.1[&&NHX:species=Tomato],Capang00g005478[&&NHX:species=Wild pepper],Sopen05g004700.1[&&NHX:species=S. Pennelli])S,(Capana00g002634[&&NHX:species=Dom. pepper],PGSC0003DMP400053136[&&NHX:species=Potato])S)D)D)D,((PGSC0003DMP400002294[&&NHX:species=Potato],Capana00g002633[&&NHX:species=Dom. pepper])S,(((Sopen05g004710.1[&&NHX:species=S. Pennelli],Sopen05g004710.2[&&NHX:species=S. Pennelli])D,PGSC0003DMP400053140[&&NHX:species=Potato])S,((((Capana00g002628[&&NHX:species=Dom. pepper],Solyc05g008980.2.1[&&NHX:species=Tomato],PGSC0003DMP400053143[&&NHX:species=Potato])S,PGSC0003DMP400053146[&&NHX:species=Potato])D,Capana00g002630[&&NHX:species=Dom. pepper])D,((Capana00g002629[&&NHX:species=Dom. pepper],PGSC0003DMP400053147[&&NHX:species=Potato],Solyc05g008960.3.1[&&NHX:species=Tomato],Capang01g000809[&&NHX:species=Wild pepper])S,(PGSC0003DMP400053150[&&NHX:species=Potato],Solyc05g008970.1.1[&&NHX:species=Tomato])S)D)D)D)D,(((((((PGSC0003DMP400053144[&&NHX:species=Potato],((PGSC0003DMP400053139[&&NHX:species=Potato],PGSC0003DMP400053145[&&NHX:species=Potato])D,Solyc05g008950.4.1[&&NHX:species=Tomato])S)D,(PGSC0003DMP400053153[&&NHX:species=Potato],Solyc05g009010.1.1[&&NHX:species=Tomato])S)D,(PGSC0003DMP400010612[&&NHX:species=Potato],PGSC0003DMP400010613[&&NHX:species=Potato])D)D,PGSC0003DMP400053131[&&NHX:species=Potato])D,PGSC0003DMP400053138[&&NHX:species=Potato])D,((SPI05g00770.1[&&NHX:species=S. pimp],SPI05g00773.1[&&NHX:species=S. pimp])D,PGSC0003DMP400053149[&&NHX:species=Potato],Solyc05g010530.3.1[&&NHX:species=Tomato])S)D,((Capang02g002874[&&NHX:species=Wild pepper],Capang11g001484[&&NHX:species=Wild pepper])D,PGSC0003DMP400053148[&&NHX:species=Potato],SLYcer05g00741.1[&&NHX:species=Tomato Cherry],Capana00g002632[&&NHX:species=Dom. pepper])S)D)D,((Solyc05g023760.3.1[&&NHX:species=Tomato],SLYcer05g02132.1[&&NHX:species=Tomato Cherry],PGSC0003DMP400004023[&&NHX:species=Potato],Capana11g000887[&&NHX:species=Dom. pepper],Sopen05g018380.1[&&NHX:species=S. Pennelli])S,((PGSC0003DMP400004024[&&NHX:species=Potato],PGSC0003DMP400004022[&&NHX:species=Potato])D,Capana06g000920[&&NHX:species=Dom. pepper],Capang11g000972[&&NHX:species=Wild pepper],SPI05g02719.1[&&NHX:species=S. pimp])S)D,((((Capang02g002061[&&NHX:species=Wild pepper],Capana02g002304[&&NHX:species=Dom. pepper])S,Capang02g002062[&&NHX:species=Wild pepper])D,(Solyc11g007410.3.1[&&NHX:species=Tomato],Solyc11g007430.3.1[&&NHX:species=Tomato])D,(Sopen02g026130.1[&&NHX:species=S. Pennelli],Sopen11g003290.1[&&NHX:species=S. Pennelli])D)S,(((PGSC0003DMP400033980[&&NHX:species=Potato],PGSC0003DMP400044363[&&NHX:species=Potato])D,(PGSC0003DMP400036299[&&NHX:species=Potato],PGSC0003DMP400036298[&&NHX:species=Potato])D)D,Solyc02g081470.4.1[&&NHX:species=Tomato],Sopen01g006570.1[&&NHX:species=S. Pennelli])S,(((((((PGSC0003DMP400044361[&&NHX:species=Potato],PGSC0003DMP400034273[&&NHX:species=Potato])D,PGSC0003DMP400024484[&&NHX:species=Potato])D,PGSC0003DMP400036302[&&NHX:species=Potato])D,Solyc02g081510.3.1[&&NHX:species=Tomato])S,((PGSC0003DMP400030998[&&NHX:species=Potato],PGSC0003DMP400034275[&&NHX:species=Potato])D,Solyc02g079600.3.1[&&NHX:species=Tomato])S)D,((Sopen02g026110.1[&&NHX:species=S. Pennelli],PGSC0003DMP400008038[&&NHX:species=Potato])S,Sopen02g024420.1[&&NHX:species=S. Pennelli])D)D,(Capana02g002306[&&NHX:species=Dom. pepper],Capana02g002300[&&NHX:species=Dom. pepper])D)S,(Capang04g002485[&&NHX:species=Wild pepper],PGSC0003DMP400023683[&&NHX:species=Potato])S,((Capana00g003846[&&NHX:species=Dom. pepper],(PGSC0003DMP400030972[&&NHX:species=Potato],(SPI03g00536.1[&&NHX:species=S. pimp],PGSC0003DMP400036301[&&NHX:species=Potato])S)D)S,Capana00g003845[&&NHX:species=Dom. pepper])D,((PGSC0003DMP400050726[&&NHX:species=Potato],PGSC0003DMP400050727[&&NHX:species=Potato])D,Capana00g003844[&&NHX:species=Dom. pepper],Capang07g001900[&&NHX:species=Wild pepper])S,(((PGSC0003DMP400052724[&&NHX:species=Potato],PGSC0003DMP400018928[&&NHX:species=Potato])D,Sopen01g004040.1[&&NHX:species=S. Pennelli],SPI01g00542.1[&&NHX:species=S. pimp])S,((Solyc01g008570.1.1[&&NHX:species=Tomato],((PGSC0003DMP400052726[&&NHX:species=Potato],PGSC0003DMP400052725[&&NHX:species=Potato])D,PGSC0003DMP400018541[&&NHX:species=Potato])D)S,((Solyc01g008500.4.1[&&NHX:species=Tomato],(PGSC0003DMP400018542[&&NHX:species=Potato],PGSC0003DMP400018540[&&NHX:species=Potato])D)S,PGSC0003DMP400054807[&&NHX:species=Potato])D)D)D)D,((SLYcer05g00539.1[&&NHX:species=Tomato Cherry],(((SPI09g00990.1[&&NHX:species=S. pimp],SLYcer09g01084.1[&&NHX:species=Tomato Cherry],PGSC0003DMP400030894[&&NHX:species=Potato])S,((PGSC0003DMP400058306[&&NHX:species=Potato],(((PGSC0003DMP400030890[&&NHX:species=Potato],PGSC0003DMP400030891[&&NHX:species=Potato])D,PGSC0003DMP400030893[&&NHX:species=Potato])D,SLYcer04g02837.1[&&NHX:species=Tomato Cherry])S)D,Capang02g002910[&&NHX:species=Wild pepper])S)D,((PGSC0003DMP400021907[&&NHX:species=Potato],SPI07g06019.1[&&NHX:species=S. pimp],SLYcer07g05295.1[&&NHX:species=Tomato Cherry])S,(PGSC0003DMP400031000[&&NHX:species=Potato],PGSC0003DMP400030999[&&NHX:length=-0.76234:species=Potato])D)D)D)D,(((PGSC0003DMP400051417[&&NHX:species=Potato],Sopen04g003020.2[&&NHX:species=S. Pennelli])S,(SLYcer04g00398.1[&&NHX:species=Tomato Cherry],SPI04g00383.1[&&NHX:species=S. pimp],Sopen04g003020.1[&&NHX:species=S. Pennelli])S)D,Capana09g001573[&&NHX:species=Dom. pepper])S,(((Capang07g000087[&&NHX:species=Wild pepper],Capang00g005097[&&NHX:species=Wild pepper])D,Capana07g000091[&&NHX:species=Dom. pepper])S,(PGSC0003DMP400047773[&&NHX:species=Potato],(PGSC0003DMP400047791[&&NHX:species=Potato],Capang00g000635[&&NHX:species=Wild pepper])S)D)D,(((((PGSC0003DMP400002454[&&NHX:species=Potato],PGSC0003DMP400002455[&&NHX:species=Potato])D,PGSC0003DMP400002453[&&NHX:species=Potato])D,Solyc02g150146.1.1[&&NHX:species=Tomato])S,PGSC0003DMP400002456[&&NHX:species=Potato])D,((Capana10g000438[&&NHX:species=Dom. pepper],Capang10g000332[&&NHX:species=Wild pepper])S,Capang09g001158[&&NHX:species=Wild pepper])D,SPI10g02720.1[&&NHX:species=S. pimp],SLYcer10g04212.1[&&NHX:species=Tomato Cherry])S,(((PGSC0003DMP400018584[&&NHX:species=Potato],Solyc07g055420.1.1[&&NHX:species=Tomato])S,(Capang00g001946[&&NHX:species=Wild pepper],PGSC0003DMP400021365[&&NHX:species=Potato])S)D,(Capana09g001596[&&NHX:species=Dom. pepper],PGSC0003DMP400008037[&&NHX:species=Potato],SLYcer08g05825.1[&&NHX:species=Tomato Cherry],Capang09g001184[&&NHX:species=Wild pepper])S)D,(SPI10g02958.1[&&NHX:species=S. pimp],(SPI02g01360.1[&&NHX:species=S. pimp],SLYcer02g02466.1[&&NHX:species=Tomato Cherry])S,(((((SLYcer10g04441.1[&&NHX:species=Tomato Cherry],(SPI10g02709.1[&&NHX:species=S. pimp],SLYcer10g04200.1[&&NHX:species=Tomato Cherry])S)D,(SPI10g02963.1[&&NHX:species=S. pimp],Capang02g001915[&&NHX:species=Wild pepper])S)D,SLYcer10g04464.1[&&NHX:species=Tomato Cherry])D,(SLYcer10g04472.1[&&NHX:species=Tomato Cherry],SPI10g02968.1[&&NHX:species=S. pimp])S)D,((SPI10g02956.1[&&NHX:species=S. pimp],SLYcer10g04456.1[&&NHX:species=Tomato Cherry])S,((SLYcer10g04214.1[&&NHX:species=Tomato Cherry],SPI10g02722.1[&&NHX:species=S. pimp])S,SLYcer10g04417.1[&&NHX:species=Tomato Cherry])D)D)D)D,((Capana00g004645[&&NHX:species=Dom. pepper],Capang00g000697[&&NHX:species=Wild pepper])S,(Capang12g001127[&&NHX:species=Wild pepper],PGSC0003DMP400036316[&&NHX:species=Potato],Capana12g001376[&&NHX:species=Dom. pepper],SLYcer10g04465.1[&&NHX:species=Tomato Cherry],SPI10g02950.1[&&NHX:species=S. pimp])S,((Solyc10g054300.1.1[&&NHX:species=Tomato],SPI10g03095.1[&&NHX:species=S. pimp])S,(Solyc01g014650.1.1[&&NHX:species=Tomato],SPI01g01909.1[&&NHX:species=S. pimp],Capang04g001771[&&NHX:species=Wild pepper],SLYcer01g01828.1[&&NHX:species=Tomato Cherry])S)D,(((Capang01g004904[&&NHX:species=Wild pepper],(Capana00g002292[&&NHX:species=Dom. pepper],Capang09g001097[&&NHX:species=Wild pepper])S,Capang04g001188[&&NHX:species=Wild pepper])D,PGSC0003DMP400002668[&&NHX:species=Potato])S,PGSC0003DMP400024728[&&NHX:species=Potato])D)D,(((PGSC0003DMP400036293[&&NHX:species=Potato],PGSC0003DMP400018560[&&NHX:species=Potato],PGSC0003DMP400034276[&&NHX:species=Potato])D,Capana10g000321[&&NHX:species=Dom. pepper],Solyc07g055410.2.1[&&NHX:species=Tomato],SPI02g03428.1[&&NHX:species=S. pimp])S,((Capang04g002163[&&NHX:species=Wild pepper],Capana04g002460[&&NHX:species=Dom. pepper])S,Capang11g001240[&&NHX:species=Wild pepper])D,(Capana01g003410[&&NHX:species=Dom. pepper],Solyc07g055360.1.1[&&NHX:species=Tomato],SPI05g02494.1[&&NHX:species=S. pimp])S,(PGSC0003DMP400036292[&&NHX:species=Potato],SLYcer01g00520.1[&&NHX:species=Tomato Cherry],SPI01g00551.1[&&NHX:species=S. pimp])S,(Capana01g001567[&&NHX:species=Dom. pepper],Capang01g001336[&&NHX:species=Wild pepper],PGSC0003DMP400031001[&&NHX:species=Potato])S,((PGSC0003DMP400048363[&&NHX:species=Potato],PGSC0003DMP400066103[&&NHX:species=Potato])D,Capana07g001894[&&NHX:species=Dom. pepper],Capang01g000871[&&NHX:species=Wild pepper])S)D,(((((Capang02g001511[&&NHX:species=Wild pepper],PGSC0003DMP400023345[&&NHX:species=Potato],SLYcer03g05221.1[&&NHX:species=Tomato Cherry])S,((SPI12g04565.1[&&NHX:species=S. pimp],SLYcer12g04612.1[&&NHX:species=Tomato Cherry],Solyc12g087910.1.1[&&NHX:species=Tomato],Capana02g002114[&&NHX:species=Dom. pepper])S,Capana07g001838[&&NHX:species=Dom. pepper])D)D,(Solyc03g078470.3.1[&&NHX:species=Tomato],Capana08g000116[&&NHX:species=Dom. pepper],PGSC0003DMP400045437[&&NHX:species=Potato])S)D,(Sopen01g029180.1[&&NHX:species=S. Pennelli],((Sopen01g029160.1[&&NHX:species=S. Pennelli],Capang03g002747[&&NHX:species=Wild pepper],Capana03g002861[&&NHX:species=Dom. pepper])S,Capana03g000542[&&NHX:species=Dom. pepper],(Capang12g001675[&&NHX:species=Wild pepper],PGSC0003DMP400044321[&&NHX:species=Potato])S)D,PGSC0003DMP400041911[&&NHX:species=Potato],PGSC0003DMP400048362[&&NHX:species=Potato])D)D,(((Solyc03g051800.1.1[&&NHX:species=Tomato],SPI03g02147.1[&&NHX:species=S. pimp],SLYcer03g02023.1[&&NHX:species=Tomato Cherry])S,((SPI04g04840.1[&&NHX:species=S. pimp],Capana04g000734[&&NHX:species=Dom. pepper])S,(SPI08g05712.1[&&NHX:species=S. pimp],Sopen08g024720.1[&&NHX:species=S. Pennelli],Solyc08g076070.1.1[&&NHX:species=Tomato])S)D)D,(((Solyc02g021190.1.1[&&NHX:species=Tomato],SPI02g01122.1[&&NHX:species=S. pimp],SLYcer02g02072.1[&&NHX:species=Tomato Cherry])S,(Solyc02g021180.1.1[&&NHX:species=Tomato],SPI02g01120.1[&&NHX:species=S. pimp])S)D,Capana00g002123[&&NHX:species=Dom. pepper])S)D)D,(((Capang04g001184[&&NHX:species=Wild pepper],PGSC0003DMP400052451[&&NHX:species=Potato])S,((SLYcer07g00486.1[&&NHX:species=Tomato Cherry],Capang00g005242[&&NHX:species=Wild pepper],Capana00g000058[&&NHX:species=Dom. pepper])S,((Solyc02g089750.4.1[&&NHX:species=Tomato],Capana04g002175[&&NHX:species=Dom. pepper],SLYcer07g00295.1[&&NHX:species=Tomato Cherry],PGSC0003DMP400030844[&&NHX:species=Potato])S,(PGSC0003DMP400000140[&&NHX:species=Potato],SLYcer04g03193.1[&&NHX:species=Tomato Cherry],Capang04g001985[&&NHX:species=Wild pepper])S)D)D)D,(Capana01g003634[&&NHX:species=Dom. pepper],Capang08g000560[&&NHX:species=Wild pepper])S)D,(SLYcer10g03792.1[&&NHX:species=Tomato Cherry],SPI10g02153.1[&&NHX:species=S. pimp],Solyc10g047770.1.1[&&NHX:species=Tomato])S)D,(((PGSC0003DMP400037353[&&NHX:species=Potato],PGSC0003DMP400037352[&&NHX:species=Potato])D,Capang09g001722[&&NHX:species=Wild pepper],Capana09g002213[&&NHX:species=Dom. pepper])S,((((PGSC0003DMP400037357[&&NHX:species=Potato],PGSC0003DMP400037358[&&NHX:species=Potato])D,PGSC0003DMP400037356[&&NHX:species=Potato])D,PGSC0003DMP400037355[&&NHX:species=Potato])D,Capang09g001721[&&NHX:species=Wild pepper],Capana09g002212[&&NHX:species=Dom. pepper],SPI09g00300.1[&&NHX:species=S. pimp],Solyc09g008010.3.1[&&NHX:species=Tomato],SLYcer09g00392.1[&&NHX:species=Tomato Cherry])S)D)D;	74	52	670	Sopen11g006700.1,Capang03g001065,Capang03g000998,Sopen09g002810.1,Sopen09g002810.2,Capang01g000815,Capang01g000813,Solyc02g080030.2.1,SLYcer02g04393.1,Sopen02g024770.1,Solyc03g006790.3.1,SPI07g05819.1,SLYcer07g05081.1,SPI03g04545.1,Capang02g002020,Capana00g002222,Capana07g001912,Sopen05g004140.1,Capana02g002305,PGSC0003DMP400033429,Solyc02g079680.1.1,Capang00g005251,Capang04g002244,Capana00g002635,Capang02g001905,SLYcer01g00513.1,Capang08g000348,Capang10g000225,Capang03g001049,Capang02g001934,PGSC0003DMP400036300,Solyc08g066300.3.1,Sopen03g003200.1,SLYcer03g00646.1,SPI05g00506.1
