OG	tree	original_polytomies	resolved_polytomies	inconsistent_triples	prunned_leaves
OG0	(Sopen01g005060.1[&&NHX:species=S. Pennelli],Solyc01g009510.2.1[&&NHX:species=Tomato])S;	0	0	0	
OG420	(SLYcer05g02441.1[&&NHX:species=Tomato Cherry],Solyc05g025660.1.1[&&NHX:species=Tomato])S;	0	0	0	
OG10124	(SPI04g04495.1[&&NHX:species=S. pimp],Solyc04g074050.4.1[&&NHX:species=Tomato],SLYcer04g05022.1[&&NHX:species=Tomato Cherry])S;	0	0	0	
OG10565	(SPI05g01982.1[&&NHX:species=S. pimp],SLYcer05g01519.1[&&NHX:species=Tomato Cherry],Solyc08g044610.3.1[&&NHX:species=Tomato])S;	0	0	0	
OG10629	(Solyc05g051540.3.1[&&NHX:species=Tomato],SPI05g04419.1[&&NHX:species=S. pimp],SLYcer10g02544.1[&&NHX:species=Tomato Cherry])S;	0	0	0	
OG11092	(PGSC0003DMP400006625[&&NHX:species=Potato],Solyc04g081080.1.1[&&NHX:species=Tomato],Sopen04g034700.1[&&NHX:species=S. Pennelli])S;	0	0	0	
OG11163	(Solyc12g056730.1.1[&&NHX:species=Tomato],SPI12g04496.1[&&NHX:species=S. pimp],PGSC0003DMP400040148[&&NHX:species=Potato])S;	0	0	0	
OG11177	(Solyc12g098100.3.1[&&NHX:species=Tomato],PGSC0003DMP400029483[&&NHX:species=Potato],SPI12g04938.1[&&NHX:species=S. pimp])S;	0	0	0	
OG12933	((SLYcer08g03933.1[&&NHX:species=Tomato Cherry],Solyc06g006020.3.1[&&NHX:species=Tomato])S,(Solyc06g006028.1.1[&&NHX:species=Tomato],SPI06g00155.1[&&NHX:species=S. pimp])S)D;	0	0	0	
OG12947	((Solyc09g061550.2.1[&&NHX:species=Tomato],Solyc09g061570.1.1[&&NHX:species=Tomato])D,(SLYcer09g03392.1[&&NHX:species=Tomato Cherry],SLYcer09g03381.1[&&NHX:species=Tomato Cherry])D)S;	0	0	0	
OG12988	((Sopen05g015040.1[&&NHX:species=S. Pennelli],Sopen05g015040.2[&&NHX:species=S. Pennelli])D,SPI05g02294.1[&&NHX:species=S. pimp],Solyc05g018300.3.1[&&NHX:species=Tomato])S;	0	0	0	
OG13126	(Sopen03g029640.1[&&NHX:species=S. Pennelli],SLYcer03g04220.1[&&NHX:species=Tomato Cherry],Solyc03g019980.2.1[&&NHX:species=Tomato],SPI03g04279.1[&&NHX:species=S. pimp])S;	0	0	0	
OG13170	(SLYcer10g05247.1[&&NHX:species=Tomato Cherry],(SLYcer10g05246.1[&&NHX:species=Tomato Cherry],SPI10g03729.1[&&NHX:species=S. pimp],Solyc10g078800.3.1[&&NHX:species=Tomato])S)D;	0	0	0	
OG13288	(SLYcer11g02788.1[&&NHX:species=Tomato Cherry],SPI11g02848.1[&&NHX:species=S. pimp],Solyc11g042990.2.1[&&NHX:species=Tomato],Sopen11g019340.1[&&NHX:species=S. Pennelli])S;	0	0	0	
OG13306	(PGSC0003DMP400012600[&&NHX:species=Potato],Sopen07g030190.1[&&NHX:species=S. Pennelli],Solyc07g061910.1.1[&&NHX:species=Tomato],SPI07g05950.1[&&NHX:species=S. pimp])S;	0	0	0	
OG13388	(PGSC0003DMP400054176[&&NHX:species=Potato],Sopen07g029780.1[&&NHX:species=S. Pennelli],Solyc07g056410.3.1[&&NHX:species=Tomato],SLYcer07g05158.1[&&NHX:species=Tomato Cherry])S;	0	0	0	
OG13412	(PGSC0003DMP400046364[&&NHX:species=Potato],Solyc06g036190.1.1[&&NHX:species=Tomato],SLYcer06g02913.1[&&NHX:species=Tomato Cherry],SPI06g02713.1[&&NHX:species=S. pimp])S;	0	0	0	
OG13779	(Solyc01g056690.4.1[&&NHX:species=Tomato],Sopen01g020840.1[&&NHX:species=S. Pennelli],Capana01g002293[&&NHX:species=Dom. pepper],Capang01g001988[&&NHX:species=Wild pepper])S;	0	0	0	
OG14421	(Sopen05g030820.1[&&NHX:species=S. Pennelli],SPI05g04528.1[&&NHX:species=S. pimp],PGSC0003DMP400020641[&&NHX:species=Potato],Solyc05g052270.3.1[&&NHX:species=Tomato],SLYcer10g02440.1[&&NHX:species=Tomato Cherry])S;	0	0	0	
OG14524	(Sopen04g026880.1[&&NHX:species=S. Pennelli],PGSC0003DMP400042968[&&NHX:species=Potato],SLYcer04g04433.1[&&NHX:species=Tomato Cherry],SPI04g04063.1[&&NHX:species=S. pimp],Solyc04g064940.3.1[&&NHX:species=Tomato])S;	0	0	0	
OG14727	((Solyc04g009040.4.1[&&NHX:species=Tomato],SLYcer04g00530.1[&&NHX:species=Tomato Cherry],Sopen04g004220.1[&&NHX:species=S. Pennelli],PGSC0003DMP400020383[&&NHX:species=Potato])S,PGSC0003DMP400011521[&&NHX:species=Potato])D;	0	0	0	
OG14899	(SPI12g03215.1[&&NHX:species=S. pimp],PGSC0003DMP400027752[&&NHX:species=Potato],Sopen12g016660.1[&&NHX:species=S. Pennelli],Solyc12g036330.1.1[&&NHX:species=Tomato],Capana12g002053[&&NHX:species=Dom. pepper])S;	0	0	0	
OG14916	(Capana04g001267[&&NHX:species=Dom. pepper],SLYcer04g04833.1[&&NHX:species=Tomato Cherry],SPI04g04322.1[&&NHX:species=S. pimp],Capang04g001211[&&NHX:species=Wild pepper],Solyc04g071680.2.1[&&NHX:species=Tomato])S;	0	0	0	
OG15069	(Solyc07g008790.3.1[&&NHX:species=Tomato],Capang07g000602[&&NHX:species=Wild pepper],Capana07g000578[&&NHX:species=Dom. pepper],(PGSC0003DMP400048344[&&NHX:species=Potato],PGSC0003DMP400048345[&&NHX:species=Potato])D)S;	0	0	0	
OG15264	((Solyc04g074030.3.1[&&NHX:species=Tomato],PGSC0003DMP400030947[&&NHX:species=Potato],SPI04g04493.1[&&NHX:species=S. pimp])S,((Solyc04g074000.3.1[&&NHX:species=Tomato],Solyc04g074020.2.1[&&NHX:species=Tomato])D,PGSC0003DMP400030945[&&NHX:species=Potato])S)D;	0	0	0	
OG15589	(SLYcer08g00629.1[&&NHX:species=Tomato Cherry],Capana01g003862[&&NHX:species=Dom. pepper],Capang08g000782[&&NHX:species=Wild pepper],SPI08g00600.1[&&NHX:species=S. pimp],Solyc08g013940.3.1[&&NHX:species=Tomato],Sopen08g004800.1[&&NHX:species=S. Pennelli])S;	0	0	0	
OG15624	(PGSC0003DMP400016150[&&NHX:species=Potato],Solyc03g123860.4.1[&&NHX:species=Tomato],SLYcer03g05514.1[&&NHX:species=Tomato Cherry],Sopen03g041600.1[&&NHX:species=S. Pennelli],SPI03g05541.1[&&NHX:species=S. pimp],Capana03g000038[&&NHX:species=Dom. pepper])S;	0	0	0	
OG15648	(SPI09g03467.1[&&NHX:species=S. pimp],Solyc09g064520.3.1[&&NHX:species=Tomato],PGSC0003DMP400015077[&&NHX:species=Potato],Capana09g001097[&&NHX:species=Dom. pepper],Sopen09g025680.1[&&NHX:species=S. Pennelli],SLYcer09g03570.1[&&NHX:species=Tomato Cherry])S;	0	0	0	
OG15658	(SLYcer01g06212.1[&&NHX:species=Tomato Cherry],Capang01g002773[&&NHX:species=Wild pepper],Solyc01g080770.3.1[&&NHX:species=Tomato],PGSC0003DMP400011126[&&NHX:species=Potato],Sopen01g030750.1[&&NHX:species=S. Pennelli],SPI01g06512.1[&&NHX:species=S. pimp])S;	0	0	0	
OG15684	(Capang09g001632[&&NHX:species=Wild pepper],Capana09g002110[&&NHX:species=Dom. pepper],SPI09g00245.1[&&NHX:species=S. pimp],Sopen09g002380.1[&&NHX:species=S. Pennelli],Solyc09g007510.3.1[&&NHX:species=Tomato],SLYcer09g00346.1[&&NHX:species=Tomato Cherry])S;	0	0	0	
OG15775	(Sopen08g020520.1[&&NHX:species=S. Pennelli],SPI08g04959.1[&&NHX:species=S. pimp],Capang01g003184[&&NHX:species=Wild pepper],SLYcer08g05067.1[&&NHX:species=Tomato Cherry],Solyc08g066650.3.1[&&NHX:species=Tomato],Capana08g000570[&&NHX:species=Dom. pepper])S;	0	0	0	
OG15827	(SPI01g07374.1[&&NHX:species=S. pimp],Solyc01g096490.3.1[&&NHX:species=Tomato],Capang00g003831[&&NHX:species=Wild pepper],Capana00g002859[&&NHX:species=Dom. pepper],Sopen01g040220.1[&&NHX:species=S. Pennelli],SLYcer01g07898.1[&&NHX:species=Tomato Cherry])S;	0	0	0	
OG15843	(Sopen03g037390.1[&&NHX:species=S. Pennelli],Capana03g000648[&&NHX:species=Dom. pepper],SPI03g05102.1[&&NHX:species=S. pimp],SLYcer03g05043.1[&&NHX:species=Tomato Cherry],Solyc03g118510.3.1[&&NHX:species=Tomato],Capang03g000674[&&NHX:species=Wild pepper])S;	0	0	0	
OG15918	(Solyc07g062940.4.1[&&NHX:species=Tomato],Capang07g002186[&&NHX:species=Wild pepper],SLYcer07g05330.1[&&NHX:species=Tomato Cherry],Capana07g002166[&&NHX:species=Dom. pepper],SPI07g06049.1[&&NHX:species=S. pimp],Sopen07g031130.1[&&NHX:species=S. Pennelli])S;	0	0	0	
OG15923	(Sopen03g028110.1[&&NHX:species=S. Pennelli],Capana03g001696[&&NHX:species=Dom. pepper],Capang03g001638[&&NHX:species=Wild pepper],SPI03g04048.1[&&NHX:species=S. pimp],Solyc03g097350.4.1[&&NHX:species=Tomato],SLYcer03g03990.1[&&NHX:species=Tomato Cherry])S;	0	0	0	
OG15952	(SLYcer11g04068.1[&&NHX:species=Tomato Cherry],Solyc11g071680.2.1[&&NHX:species=Tomato],Capana11g000453[&&NHX:species=Dom. pepper],SPI11g04135.1[&&NHX:species=S. pimp],PGSC0003DMP400005382[&&NHX:species=Potato],Sopen11g029350.1[&&NHX:species=S. Pennelli])S;	0	0	0	
OG16037	(SPI03g03998.1[&&NHX:species=S. pimp],Capang03g001691[&&NHX:species=Wild pepper],Capana03g001763[&&NHX:species=Dom. pepper],Solyc03g096890.3.1[&&NHX:species=Tomato],SLYcer03g03939.1[&&NHX:species=Tomato Cherry],Sopen03g027640.1[&&NHX:species=S. Pennelli])S;	0	0	0	
OG16122	((PGSC0003DMP400040264[&&NHX:species=Potato],Capang09g001690[&&NHX:species=Wild pepper],Solyc11g020260.3.1[&&NHX:species=Tomato],SLYcer11g01263.1[&&NHX:species=Tomato Cherry],SPI11g01390.1[&&NHX:species=S. pimp])S,PGSC0003DMP400040263[&&NHX:species=Potato])D;	0	0	0	
OG16154	(Capang07g001909[&&NHX:species=Wild pepper],Sopen07g029180.1[&&NHX:species=S. Pennelli],Capana07g001917[&&NHX:species=Dom. pepper],SPI07g05832.1[&&NHX:species=S. pimp],Solyc07g055810.3.1[&&NHX:species=Tomato],PGSC0003DMP400030204[&&NHX:species=Potato])S;	0	0	0	
OG16711	(SLYcer03g00300.1[&&NHX:species=Tomato Cherry],Capang03g002403[&&NHX:species=Wild pepper],Capana03g002487[&&NHX:species=Dom. pepper],Sopen03g003040.1[&&NHX:species=S. Pennelli],SPI03g00518.1[&&NHX:species=S. pimp],PGSC0003DMP400054040[&&NHX:species=Potato],Solyc03g007050.3.1[&&NHX:species=Tomato])S;	0	0	0	
OG16735	(SLYcer08g05050.1[&&NHX:species=Tomato Cherry],(PGSC0003DMP400050749[&&NHX:species=Potato],PGSC0003DMP400050750[&&NHX:species=Potato])D,Sopen08g020310.1[&&NHX:species=S. Pennelli],Solyc08g066490.3.1[&&NHX:species=Tomato],SPI08g04943.1[&&NHX:species=S. pimp])S;	0	0	8	Capana08g000468
OG16775	(Sopen09g004230.1[&&NHX:species=S. Pennelli],SPI09g00488.1[&&NHX:species=S. pimp],SLYcer09g00600.1[&&NHX:species=Tomato Cherry],PGSC0003DMP400004764[&&NHX:species=Potato],Capana00g002267[&&NHX:species=Dom. pepper],Capang09g001901[&&NHX:species=Wild pepper],Solyc09g009490.4.1[&&NHX:species=Tomato])S;	0	0	0	
OG16800	(Sopen01g006720.1[&&NHX:species=S. Pennelli],SLYcer01g00990.1[&&NHX:species=Tomato Cherry],Solyc01g010900.3.1[&&NHX:species=Tomato],PGSC0003DMP400069225[&&NHX:species=Potato],Capana01g002203[&&NHX:species=Dom. pepper],SPI01g01048.1[&&NHX:species=S. pimp],Capang01g001908[&&NHX:species=Wild pepper])S;	0	0	0	
OG16809	(SPI10g00570.1[&&NHX:species=S. pimp],Sopen10g005170.1[&&NHX:species=S. Pennelli],Capana10g000622[&&NHX:species=Dom. pepper],Capang10g000475[&&NHX:species=Wild pepper],SLYcer10g00705.1[&&NHX:species=Tomato Cherry],PGSC0003DMP400032896[&&NHX:species=Potato],Solyc10g009390.3.1[&&NHX:species=Tomato])S;	0	0	0	
OG16850	(Solyc07g006620.4.1[&&NHX:species=Tomato],SPI07g00365.1[&&NHX:species=S. pimp],Sopen07g002730.1[&&NHX:species=S. Pennelli],Capang07g000018[&&NHX:species=Wild pepper],PGSC0003DMP400047759[&&NHX:species=Potato],Capana07g000065[&&NHX:species=Dom. pepper],SLYcer07g00296.1[&&NHX:species=Tomato Cherry])S;	0	0	0	
OG16928	(SPI04g00728.1[&&NHX:species=S. pimp],Sopen04g005700.1[&&NHX:species=S. Pennelli],Solyc04g011520.3.1[&&NHX:species=Tomato],PGSC0003DMP400048246[&&NHX:species=Potato],Capana05g000345[&&NHX:species=Dom. pepper],SLYcer04g00914.1[&&NHX:species=Tomato Cherry],Capang05g000301[&&NHX:species=Wild pepper])S;	0	0	0	
OG16943	(Solyc03g007270.3.1[&&NHX:species=Tomato],Capana03g002043[&&NHX:species=Dom. pepper],Capang03g001936[&&NHX:species=Wild pepper],SPI03g00540.1[&&NHX:species=S. pimp],SLYcer03g00321.1[&&NHX:species=Tomato Cherry],PGSC0003DMP400016037[&&NHX:species=Potato],Sopen03g003240.1[&&NHX:species=S. Pennelli])S;	0	0	0	
OG16947	(Capang09g001668[&&NHX:species=Wild pepper],Capana09g002160[&&NHX:species=Dom. pepper],Sopen09g002600.1[&&NHX:species=S. Pennelli],Solyc09g007750.4.1[&&NHX:species=Tomato],SLYcer09g00368.1[&&NHX:species=Tomato Cherry],PGSC0003DMP400036310[&&NHX:species=Potato],SPI09g00275.1[&&NHX:species=S. pimp])S;	0	0	0	
OG17001	(Capang01g005060[&&NHX:species=Wild pepper],SPI01g08572.1[&&NHX:species=S. pimp],SLYcer01g08350.1[&&NHX:species=Tomato Cherry],Solyc01g109590.3.1[&&NHX:species=Tomato],Sopen01g051780.1[&&NHX:species=S. Pennelli],Capana12g001020[&&NHX:species=Dom. pepper],PGSC0003DMP400001410[&&NHX:species=Potato])S;	0	0	0	
OG17033	(Sopen09g011120.1[&&NHX:species=S. Pennelli],Capana09g000081[&&NHX:species=Dom. pepper],Solyc09g018280.1.1[&&NHX:species=Tomato],SLYcer09g01644.1[&&NHX:species=Tomato Cherry],PGSC0003DMP400038085[&&NHX:species=Potato],Capang09g000078[&&NHX:species=Wild pepper],SPI09g01506.1[&&NHX:species=S. pimp])S;	0	0	0	
OG17051	(SPI09g00901.1[&&NHX:species=S. pimp],PGSC0003DMP400058986[&&NHX:species=Potato],SLYcer09g00991.1[&&NHX:species=Tomato Cherry],Capang09g001270[&&NHX:species=Wild pepper],Sopen09g005940.1[&&NHX:species=S. Pennelli],Capana09g001691[&&NHX:species=Dom. pepper],Solyc09g011200.2.1[&&NHX:species=Tomato])S;	0	0	0	
OG17080	(Capana09g000232[&&NHX:species=Dom. pepper],Capang09g000225[&&NHX:species=Wild pepper],SPI12g00422.1[&&NHX:species=S. pimp],PGSC0003DMP400000707[&&NHX:species=Potato],Solyc12g008500.2.1[&&NHX:species=Tomato],Sopen12g003450.1[&&NHX:species=S. Pennelli],SLYcer12g00391.1[&&NHX:species=Tomato Cherry])S;	0	0	0	
OG17094	(Capana05g002561[&&NHX:species=Dom. pepper],PGSC0003DMP400040590[&&NHX:species=Potato],Sopen05g034590.1[&&NHX:species=S. Pennelli],SPI05g04960.1[&&NHX:species=S. pimp],SLYcer10g02017.1[&&NHX:species=Tomato Cherry],Capang05g002109[&&NHX:species=Wild pepper],Solyc05g056200.1.1[&&NHX:species=Tomato])S;	0	0	0	
OG17100	(Sopen01g002830.1[&&NHX:species=S. Pennelli],PGSC0003DMP400036980[&&NHX:species=Potato],Solyc01g006840.3.1[&&NHX:species=Tomato],Capana01g003597[&&NHX:species=Dom. pepper],SPI01g00388.1[&&NHX:species=S. pimp],SLYcer01g00366.1[&&NHX:species=Tomato Cherry],Capang08g000525[&&NHX:species=Wild pepper])S;	0	0	0	
OG17151	(PGSC0003DMP400004771[&&NHX:species=Potato],Sopen09g004120.1[&&NHX:species=S. Pennelli],Capang09g001878[&&NHX:species=Wild pepper],SPI09g00474.1[&&NHX:species=S. pimp],Solyc09g009380.3.1[&&NHX:species=Tomato],SLYcer09g00586.1[&&NHX:species=Tomato Cherry],Capana00g001767[&&NHX:species=Dom. pepper])S;	0	0	0	
OG17154	(PGSC0003DMP400008609[&&NHX:species=Potato],SPI06g03930.1[&&NHX:species=S. pimp],Sopen06g022240.1[&&NHX:species=S. Pennelli],Solyc06g062790.3.1[&&NHX:species=Tomato],Capana06g001203[&&NHX:species=Dom. pepper],Capang06g001160[&&NHX:species=Wild pepper],SLYcer06g04063.1[&&NHX:species=Tomato Cherry])S;	0	0	0	
OG17159	(Capang03g000002[&&NHX:species=Wild pepper],Capana03g000003[&&NHX:species=Dom. pepper],Sopen03g041780.1[&&NHX:species=S. Pennelli],PGSC0003DMP400016225[&&NHX:species=Potato],Solyc03g124050.3.1[&&NHX:species=Tomato],SLYcer03g05535.1[&&NHX:species=Tomato Cherry],SPI03g05563.1[&&NHX:species=S. pimp])S;	0	0	0	
OG17191	(SLYcer03g00059.1[&&NHX:species=Tomato Cherry],PGSC0003DMP400023695[&&NHX:species=Potato],Sopen03g001370.1[&&NHX:species=S. Pennelli],Capana04g002860[&&NHX:species=Dom. pepper],Solyc03g005330.1.1[&&NHX:species=Tomato],Capang04g002463[&&NHX:species=Wild pepper],SPI03g00222.1[&&NHX:species=S. pimp])S;	0	0	0	
OG17200	(Capang03g000034[&&NHX:species=Wild pepper],Solyc04g072037.1.1[&&NHX:species=Tomato],SLYcer04g04881.1[&&NHX:species=Tomato Cherry],Sopen04g028090.1[&&NHX:species=S. Pennelli],PGSC0003DMP400043506[&&NHX:species=Potato],Capana00g004092[&&NHX:species=Dom. pepper],SPI04g04364.1[&&NHX:species=S. pimp])S;	0	0	0	
OG17213	(Sopen06g002350.1[&&NHX:species=S. Pennelli],SPI06g00203.1[&&NHX:species=S. pimp],Capang06g002628[&&NHX:species=Wild pepper],Solyc06g007430.3.1[&&NHX:species=Tomato],SLYcer06g00425.1[&&NHX:species=Tomato Cherry],PGSC0003DMP400035710[&&NHX:species=Potato],Capana06g002848[&&NHX:species=Dom. pepper])S;	0	0	0	
OG17277	(Solyc01g009300.3.1[&&NHX:species=Tomato],PGSC0003DMP400025949[&&NHX:species=Potato],SPI01g00629.1[&&NHX:species=S. pimp],Capana01g001859[&&NHX:species=Dom. pepper],Sopen01g004790.1[&&NHX:species=S. Pennelli],Capang01g001577[&&NHX:species=Wild pepper],SLYcer01g00596.1[&&NHX:species=Tomato Cherry])S;	0	0	0	
OG17310	(Sopen12g003950.1[&&NHX:species=S. Pennelli],PGSC0003DMP400000549[&&NHX:species=Potato],SLYcer12g00445.1[&&NHX:species=Tomato Cherry],Solyc12g009020.2.1[&&NHX:species=Tomato],SPI12g00474.1[&&NHX:species=S. pimp],Capang09g000169[&&NHX:species=Wild pepper],Capana09g000174[&&NHX:species=Dom. pepper])S;	0	0	0	
OG17372	(Solyc03g123800.3.1[&&NHX:species=Tomato],Capang03g000047[&&NHX:species=Wild pepper],PGSC0003DMP400016192[&&NHX:species=Potato],Capana03g000051[&&NHX:species=Dom. pepper],SLYcer03g05509.1[&&NHX:species=Tomato Cherry],Sopen03g041560.1[&&NHX:species=S. Pennelli],SPI03g05536.1[&&NHX:species=S. pimp])S;	0	0	0	
OG17374	(SLYcer09g00279.1[&&NHX:species=Tomato Cherry],Sopen09g001830.1[&&NHX:species=S. Pennelli],SPI09g00183.1[&&NHX:species=S. pimp],PGSC0003DMP400041348[&&NHX:species=Potato],Capana09g002053[&&NHX:species=Dom. pepper],Solyc09g005970.1.1[&&NHX:species=Tomato],Capang09g001588[&&NHX:species=Wild pepper])S;	0	0	0	
OG17405	(PGSC0003DMP400050167[&&NHX:species=Potato],Capang06g001003[&&NHX:species=Wild pepper],Sopen06g026200.1[&&NHX:species=S. Pennelli],Capana06g001048[&&NHX:species=Dom. pepper],SPI06g04385.1[&&NHX:species=S. pimp],SLYcer06g04527.1[&&NHX:species=Tomato Cherry],Solyc06g068910.3.1[&&NHX:species=Tomato])S;	0	0	0	
OG17407	(Capana07g000727[&&NHX:species=Dom. pepper],SPI07g00916.1[&&NHX:species=S. pimp],Solyc07g017230.3.1[&&NHX:species=Tomato],SLYcer07g00892.1[&&NHX:species=Tomato Cherry],PGSC0003DMP400016897[&&NHX:species=Potato],Capang07g000761[&&NHX:species=Wild pepper],Sopen07g005970.1[&&NHX:species=S. Pennelli])S;	0	0	0	
OG17408	(SLYcer04g03355.1[&&NHX:species=Tomato Cherry],SPI04g03080.1[&&NHX:species=S. pimp],PGSC0003DMP400007415[&&NHX:species=Potato],Capana01g003533[&&NHX:species=Dom. pepper],Solyc04g050170.4.1[&&NHX:species=Tomato],Sopen04g020890.1[&&NHX:species=S. Pennelli],Capang04g002316[&&NHX:species=Wild pepper])S;	0	0	0	
OG17414	(PGSC0003DMP400030704[&&NHX:species=Potato],Sopen06g020610.1[&&NHX:species=S. Pennelli],Capang06g001567[&&NHX:species=Wild pepper],SLYcer06g03913.1[&&NHX:species=Tomato Cherry],Capana06g001669[&&NHX:species=Dom. pepper],SPI06g03790.1[&&NHX:species=S. pimp],Solyc06g060490.3.1[&&NHX:species=Tomato])S;	0	0	0	
OG17435	(Sopen06g031460.1[&&NHX:species=S. Pennelli],SLYcer06g05068.1[&&NHX:species=Tomato Cherry],Capana06g000533[&&NHX:species=Dom. pepper],SPI06g04929.1[&&NHX:species=S. pimp],Capang00g003855[&&NHX:species=Wild pepper],Solyc06g075030.1.1[&&NHX:species=Tomato],PGSC0003DMP400021240[&&NHX:species=Potato])S;	0	0	0	
OG17441	(Capana04g001637[&&NHX:species=Dom. pepper],PGSC0003DMP400014026[&&NHX:species=Potato],SLYcer04g05500.1[&&NHX:species=Tomato Cherry],Sopen04g032500.1[&&NHX:species=S. Pennelli],Capang04g001552[&&NHX:species=Wild pepper],Solyc04g078900.3.1[&&NHX:species=Tomato],SPI04g04996.1[&&NHX:species=S. pimp])S;	0	0	0	
OG17442	(Solyc08g059730.1.1[&&NHX:species=Tomato],Capana01g003710[&&NHX:species=Dom. pepper],SPI08g04206.1[&&NHX:species=S. pimp],PGSC0003DMP400055675[&&NHX:species=Potato],Sopen08g009470.1[&&NHX:species=S. Pennelli],Capang08g000629[&&NHX:species=Wild pepper],SLYcer08g04302.1[&&NHX:species=Tomato Cherry])S;	0	0	0	
OG17471	(Sopen08g020230.1[&&NHX:species=S. Pennelli],Capang04g000286[&&NHX:species=Wild pepper],Capana04g000312[&&NHX:species=Dom. pepper],SLYcer08g05038.1[&&NHX:species=Tomato Cherry],Solyc08g066420.1.1[&&NHX:species=Tomato],PGSC0003DMP400007945[&&NHX:species=Potato],SPI08g04932.1[&&NHX:species=S. pimp])S;	0	0	0	
OG17491	(Capang03g003359[&&NHX:species=Wild pepper],Solyc09g072810.3.1[&&NHX:species=Tomato],PGSC0003DMP400006759[&&NHX:species=Potato],SPI09g03980.1[&&NHX:species=S. pimp],Capana03g003420[&&NHX:species=Dom. pepper],Sopen09g028600.1[&&NHX:species=S. Pennelli],SLYcer09g04190.1[&&NHX:species=Tomato Cherry])S;	0	0	0	
OG17512	(SPI02g04610.1[&&NHX:species=S. pimp],Capana02g003037[&&NHX:species=Dom. pepper],Capang02g002750[&&NHX:species=Wild pepper],Sopen02g037500.1[&&NHX:species=S. Pennelli],PGSC0003DMP400043303[&&NHX:species=Potato],SLYcer02g05689.1[&&NHX:species=Tomato Cherry],Solyc02g092940.3.1[&&NHX:species=Tomato])S;	0	0	0	
OG17525	(Solyc06g083500.4.1[&&NHX:species=Tomato],Capang06g000149[&&NHX:species=Wild pepper],PGSC0003DMP400034849[&&NHX:species=Potato],Capana06g000172[&&NHX:species=Dom. pepper],SPI06g05303.1[&&NHX:species=S. pimp],(Sopen06g034880.1[&&NHX:species=S. Pennelli],Sopen06g034880.2[&&NHX:species=S. Pennelli])D)S;	0	0	0	
OG17560	(Sopen01g037840.1[&&NHX:species=S. Pennelli],SLYcer01g06876.1[&&NHX:species=Tomato Cherry],SPI01g07126.1[&&NHX:species=S. pimp],Capang01g001145[&&NHX:species=Wild pepper],PGSC0003DMP400000304[&&NHX:species=Potato],Capana01g001325[&&NHX:species=Dom. pepper],Solyc01g094020.3.1[&&NHX:species=Tomato])S;	0	0	0	
OG17580	(SPI01g06250.1[&&NHX:species=S. pimp],Sopen01g030210.1[&&NHX:species=S. Pennelli],Solyc01g068270.3.1[&&NHX:species=Tomato],PGSC0003DMP400012073[&&NHX:species=Potato],Capang01g002383[&&NHX:species=Wild pepper],SLYcer01g05957.1[&&NHX:species=Tomato Cherry],Capana01g002720[&&NHX:species=Dom. pepper])S;	0	0	0	
OG17593	(Capana01g002897[&&NHX:species=Dom. pepper],Sopen01g031250.1[&&NHX:species=S. Pennelli],SLYcer01g06074.1[&&NHX:species=Tomato Cherry],Capang01g002600[&&NHX:species=Wild pepper],Solyc01g079480.3.1[&&NHX:species=Tomato],PGSC0003DMP400059841[&&NHX:species=Potato],SPI01g06370.1[&&NHX:species=S. pimp])S;	0	0	0	
OG17604	(Capana08g000962[&&NHX:species=Dom. pepper],Sopen01g038720.1[&&NHX:species=S. Pennelli],SPI01g07220.1[&&NHX:species=S. pimp],SLYcer01g06971.1[&&NHX:species=Tomato Cherry],Solyc01g094940.4.1[&&NHX:species=Tomato],PGSC0003DMP400000138[&&NHX:species=Potato],Capang01g003542[&&NHX:species=Wild pepper])S;	0	0	0	
OG17742	(SLYcer06g05166.1[&&NHX:species=Tomato Cherry],Sopen06g032510.1[&&NHX:species=S. Pennelli],SPI06g05047.1[&&NHX:species=S. pimp],PGSC0003DMP400052927[&&NHX:species=Potato],Solyc06g076100.3.1[&&NHX:species=Tomato],Capang06g000393[&&NHX:species=Wild pepper],Capana06g000421[&&NHX:species=Dom. pepper])S;	0	0	0	
OG17743	(Solyc03g098150.3.1[&&NHX:species=Tomato],PGSC0003DMP400054053[&&NHX:species=Potato],SPI03g04200.1[&&NHX:species=S. pimp],Capana03g001520[&&NHX:species=Dom. pepper],Sopen03g028850.1[&&NHX:species=S. Pennelli],Capang03g001444[&&NHX:species=Wild pepper],SLYcer03g04137.1[&&NHX:species=Tomato Cherry])S;	0	0	0	
OG17828	(Capana02g002330[&&NHX:species=Dom. pepper],Capang02g002082[&&NHX:species=Wild pepper],Solyc02g081690.1.1[&&NHX:species=Tomato],SPI02g03452.1[&&NHX:species=S. pimp],Sopen02g026300.1[&&NHX:species=S. Pennelli],SLYcer02g04556.1[&&NHX:species=Tomato Cherry],PGSC0003DMP400030997[&&NHX:species=Potato])S;	0	0	0	
OG17841	(SPI02g04625.1[&&NHX:species=S. pimp],Capang02g002769[&&NHX:species=Wild pepper],Solyc02g093100.3.1[&&NHX:species=Tomato],Capana02g003057[&&NHX:species=Dom. pepper],PGSC0003DMP400017360[&&NHX:species=Potato],SLYcer02g05705.1[&&NHX:species=Tomato Cherry],Sopen02g037670.1[&&NHX:species=S. Pennelli])S;	0	0	0	
OG17848	(Sopen03g004870.1[&&NHX:species=S. Pennelli],SPI03g00714.1[&&NHX:species=S. pimp],Solyc03g026040.4.1[&&NHX:species=Tomato],Capana03g002352[&&NHX:species=Dom. pepper],Capang03g002257[&&NHX:species=Wild pepper],SLYcer03g00495.1[&&NHX:species=Tomato Cherry],PGSC0003DMP400025168[&&NHX:species=Potato])S;	0	0	0	
OG17849	(SPI04g05224.1[&&NHX:species=S. pimp],SLYcer04g05723.1[&&NHX:species=Tomato Cherry],Capana04g000253[&&NHX:species=Dom. pepper],Sopen04g034800.1[&&NHX:species=S. Pennelli],Capang04g000232[&&NHX:species=Wild pepper],PGSC0003DMP400006634[&&NHX:species=Potato],Solyc04g081190.3.1[&&NHX:species=Tomato])S;	0	0	0	
OG17852	(SPI05g04882.1[&&NHX:species=S. pimp],Capang05g002012[&&NHX:species=Wild pepper],Capana05g002466[&&NHX:species=Dom. pepper],PGSC0003DMP400040433[&&NHX:species=Potato],Sopen05g033840.1[&&NHX:species=S. Pennelli],Solyc05g055400.4.1[&&NHX:species=Tomato],SLYcer10g02093.1[&&NHX:species=Tomato Cherry])S;	0	0	0	
OG17886	(SLYcer06g04191.1[&&NHX:species=Tomato Cherry],PGSC0003DMP400054567[&&NHX:species=Potato],Solyc06g065020.3.1[&&NHX:species=Tomato],SPI06g04058.1[&&NHX:species=S. pimp],Sopen06g023530.1[&&NHX:species=S. Pennelli],Capang06g000588[&&NHX:species=Wild pepper],Capana00g004875[&&NHX:species=Dom. pepper])S;	0	0	0	
OG17903	(PGSC0003DMP400003679[&&NHX:species=Potato],Sopen03g013070.1[&&NHX:species=S. Pennelli],SPI03g02375.1[&&NHX:species=S. pimp],Capana03g003076[&&NHX:species=Dom. pepper],Solyc03g059020.3.1[&&NHX:species=Tomato],SLYcer03g02249.1[&&NHX:species=Tomato Cherry],Capang03g002976[&&NHX:species=Wild pepper])S;	0	0	0	
OG17952	(SLYcer01g05772.1[&&NHX:species=Tomato Cherry],Sopen01g028710.1[&&NHX:species=S. Pennelli],Solyc01g067020.4.1[&&NHX:species=Tomato],PGSC0003DMP400006119[&&NHX:species=Potato],Capana01g003182[&&NHX:species=Dom. pepper],SPI01g05949.1[&&NHX:species=S. pimp],Capang08g000124[&&NHX:species=Wild pepper])S;	0	0	0	
OG17966	(Capang09g000566[&&NHX:species=Wild pepper],Capana09g000631[&&NHX:species=Dom. pepper],PGSC0003DMP400013771[&&NHX:species=Potato],SPI12g00692.1[&&NHX:species=S. pimp],SLYcer12g00673.1[&&NHX:species=Tomato Cherry],Sopen12g006170.1[&&NHX:species=S. Pennelli],Solyc12g010800.2.1[&&NHX:species=Tomato])S;	0	0	0	
OG17982	(SPI03g05211.1[&&NHX:species=S. pimp],Capana03g000681[&&NHX:species=Dom. pepper],Sopen03g038340.1[&&NHX:species=S. Pennelli],Solyc03g119490.4.1[&&NHX:species=Tomato],PGSC0003DMP400010131[&&NHX:species=Potato],Capang03g000623[&&NHX:species=Wild pepper],SLYcer03g05150.1[&&NHX:species=Tomato Cherry])S;	0	0	0	
OG17985	(PGSC0003DMP400048950[&&NHX:species=Potato],Solyc10g083500.2.1[&&NHX:species=Tomato],Capang10g001730[&&NHX:species=Wild pepper],Capana10g001966[&&NHX:species=Dom. pepper],SPI10g04183.1[&&NHX:species=S. pimp],SLYcer10g05654.1[&&NHX:species=Tomato Cherry],Sopen10g032970.1[&&NHX:species=S. Pennelli])S;	0	0	0	
OG18067	(Capang09g000334[&&NHX:species=Wild pepper],Solyc12g006860.2.1[&&NHX:species=Tomato],SPI12g00342.1[&&NHX:species=S. pimp],Sopen12g002830.1[&&NHX:species=S. Pennelli],PGSC0003DMP400001978[&&NHX:species=Potato],Capana09g000355[&&NHX:species=Dom. pepper],SLYcer12g00315.1[&&NHX:species=Tomato Cherry])S;	0	0	0	
OG18069	(Sopen12g002370.1[&&NHX:species=S. Pennelli],Solyc12g006430.3.1[&&NHX:species=Tomato],Capang09g000396[&&NHX:species=Wild pepper],SPI12g00296.1[&&NHX:species=S. pimp],Capana09g000444[&&NHX:species=Dom. pepper],PGSC0003DMP400050174[&&NHX:species=Potato],SLYcer12g00261.1[&&NHX:species=Tomato Cherry])S;	0	0	0	
OG18073	(Solyc08g081280.3.1[&&NHX:species=Tomato],PGSC0003DMP400021833[&&NHX:species=Potato],Capana01g000206[&&NHX:species=Dom. pepper],SPI08g06251.1[&&NHX:species=S. pimp],Sopen08g029590.1[&&NHX:species=S. Pennelli],SLYcer08g06342.1[&&NHX:species=Tomato Cherry],Capang01g000196[&&NHX:species=Wild pepper])S;	0	0	0	
OG18108	(PGSC0003DMP400042691[&&NHX:species=Potato],Capana03g000831[&&NHX:species=Dom. pepper],Solyc03g115610.3.1[&&NHX:species=Tomato],SLYcer03g04752.1[&&NHX:species=Tomato Cherry],Sopen03g034600.1[&&NHX:species=S. Pennelli],SPI03g04808.1[&&NHX:species=S. pimp],Capang03g000761[&&NHX:species=Wild pepper])S;	0	0	0	
OG18154	(Solyc03g111670.3.1[&&NHX:species=Tomato],SLYcer03g04340.1[&&NHX:species=Tomato Cherry],SPI03g04396.1[&&NHX:species=S. pimp],Capang03g001238[&&NHX:species=Wild pepper],Sopen03g030790.1[&&NHX:species=S. Pennelli],PGSC0003DMP400026600[&&NHX:species=Potato],Capana03g001299[&&NHX:species=Dom. pepper])S;	0	0	0	
OG18196	(Solyc07g064820.1.1[&&NHX:species=Tomato],PGSC0003DMP400038451[&&NHX:species=Potato],SPI07g06239.1[&&NHX:species=S. pimp],Sopen07g033010.1[&&NHX:species=S. Pennelli],Capang07g002303[&&NHX:species=Wild pepper],SLYcer07g05521.1[&&NHX:species=Tomato Cherry],Capana07g002306[&&NHX:species=Dom. pepper])S;	0	0	0	
OG18230	(PGSC0003DMP400024881[&&NHX:species=Potato],SLYcer03g04949.1[&&NHX:species=Tomato Cherry],Solyc03g117550.1.1[&&NHX:species=Tomato],Sopen03g036460.1[&&NHX:species=S. Pennelli],SPI03g05006.1[&&NHX:species=S. pimp],Capang03g000497[&&NHX:species=Wild pepper],Capana03g000543[&&NHX:species=Dom. pepper])S;	0	0	0	
OG18252	(SPI02g04728.1[&&NHX:species=S. pimp],Capana02g003640[&&NHX:species=Dom. pepper],Solyc02g094110.1.1[&&NHX:species=Tomato],PGSC0003DMP400035088[&&NHX:species=Potato],Capang02g003358[&&NHX:species=Wild pepper],SLYcer02g05807.1[&&NHX:species=Tomato Cherry],Sopen02g038730.1[&&NHX:species=S. Pennelli])S;	0	0	0	
OG18278	(Sopen09g033180.1[&&NHX:species=S. Pennelli],PGSC0003DMP400029979[&&NHX:species=Potato],Solyc09g090280.3.1[&&NHX:species=Tomato],SPI09g04614.1[&&NHX:species=S. pimp],Capang00g001527[&&NHX:species=Wild pepper],Capana03g004479[&&NHX:species=Dom. pepper],SLYcer09g04950.1[&&NHX:species=Tomato Cherry])S;	0	0	0	
OG18337	(Capang06g000781[&&NHX:species=Wild pepper],Sopen06g028710.1[&&NHX:species=S. Pennelli],PGSC0003DMP400046795[&&NHX:species=Potato],SPI06g04649.1[&&NHX:species=S. pimp],Solyc06g072340.3.1[&&NHX:species=Tomato],Capana06g000830[&&NHX:species=Dom. pepper],SLYcer06g04789.1[&&NHX:species=Tomato Cherry])S;	0	0	0	
OG18362	(Solyc06g073570.4.1[&&NHX:species=Tomato],Capang04g000463[&&NHX:species=Wild pepper],Capana00g000992[&&NHX:species=Dom. pepper],SLYcer06g04912.1[&&NHX:species=Tomato Cherry],Sopen06g029930.1[&&NHX:species=S. Pennelli],SPI06g04769.1[&&NHX:species=S. pimp],PGSC0003DMP400046694[&&NHX:species=Potato])S;	0	0	0	
OG18368	(Capana00g004747[&&NHX:species=Dom. pepper],PGSC0003DMP400055807[&&NHX:species=Potato],Solyc06g069650.4.1[&&NHX:species=Tomato],SLYcer06g04614.1[&&NHX:species=Tomato Cherry],SPI06g04473.1[&&NHX:species=S. pimp],Capang06g000983[&&NHX:species=Wild pepper],Sopen06g026950.1[&&NHX:species=S. Pennelli])S;	0	0	0	
OG18411	(SLYcer01g06787.1[&&NHX:species=Tomato Cherry],Solyc01g091180.4.1[&&NHX:species=Tomato],SPI01g07073.1[&&NHX:species=S. pimp],Sopen01g036930.1[&&NHX:species=S. Pennelli],PGSC0003DMP400045024[&&NHX:species=Potato],Capana01g001377[&&NHX:species=Dom. pepper],Capang01g001199[&&NHX:species=Wild pepper])S;	0	0	0	
OG18439	(Capana08g002016[&&NHX:species=Dom. pepper],Capang01g004579[&&NHX:species=Wild pepper],PGSC0003DMP400022298[&&NHX:species=Potato],Sopen01g047620.1[&&NHX:species=S. Pennelli],Solyc01g105080.2.1[&&NHX:species=Tomato],SPI01g08132.1[&&NHX:species=S. pimp],SLYcer01g07128.1[&&NHX:species=Tomato Cherry])S;	0	0	0	
OG18456	(Capang01g005372[&&NHX:species=Wild pepper],Capana08g002789[&&NHX:species=Dom. pepper],SLYcer01g08573.1[&&NHX:species=Tomato Cherry],SPI01g08802.1[&&NHX:species=S. pimp],Sopen01g054000.1[&&NHX:species=S. Pennelli],Solyc01g111950.4.1[&&NHX:species=Tomato],PGSC0003DMP400032461[&&NHX:species=Potato])S;	0	0	0	
OG18464	(Capang01g005014[&&NHX:species=Wild pepper],SPI01g08525.1[&&NHX:species=S. pimp],Sopen01g051340.1[&&NHX:species=S. Pennelli],Capana08g002492[&&NHX:species=Dom. pepper],SLYcer01g08303.1[&&NHX:species=Tomato Cherry],PGSC0003DMP400043669[&&NHX:species=Potato],Solyc01g109140.3.1[&&NHX:species=Tomato])S;	0	0	0	
OG18525	(Solyc03g113440.3.1[&&NHX:species=Tomato],PGSC0003DMP400043961[&&NHX:species=Potato],SLYcer03g04521.1[&&NHX:species=Tomato Cherry],Sopen03g032490.1[&&NHX:species=S. Pennelli],SPI03g04570.1[&&NHX:species=S. pimp],Capang03g001017[&&NHX:species=Wild pepper],Capana03g001062[&&NHX:species=Dom. pepper])S;	0	0	0	
OG18534	(Capana07g001399[&&NHX:species=Dom. pepper],SLYcer07g03598.1[&&NHX:species=Tomato Cherry],SPI07g04321.1[&&NHX:species=S. pimp],PGSC0003DMP400033981[&&NHX:species=Potato],Sopen07g021030.1[&&NHX:species=S. Pennelli],Capang07g001431[&&NHX:species=Wild pepper],Solyc07g041500.3.1[&&NHX:species=Tomato])S;	0	0	0	
OG18575	(Capang04g001623[&&NHX:species=Wild pepper],PGSC0003DMP400021872[&&NHX:species=Potato],Sopen03g014400.1[&&NHX:species=S. Pennelli],SPI03g02472.1[&&NHX:species=S. pimp],SLYcer03g02344.1[&&NHX:species=Tomato Cherry],Solyc03g059490.1.1[&&NHX:species=Tomato],Capana04g001750[&&NHX:species=Dom. pepper])S;	0	0	0	
OG18636	(Capana00g004627[&&NHX:species=Dom. pepper],Sopen03g013500.1[&&NHX:species=S. Pennelli],SPI03g02544.1[&&NHX:species=S. pimp],Capang07g001835[&&NHX:species=Wild pepper],PGSC0003DMP400022891[&&NHX:species=Potato],SLYcer03g02419.1[&&NHX:species=Tomato Cherry],Solyc03g062660.4.1[&&NHX:species=Tomato])S;	0	0	0	
OG18639	(SPI07g05847.1[&&NHX:species=S. pimp],SLYcer07g05109.1[&&NHX:species=Tomato Cherry],Sopen07g029320.1[&&NHX:species=S. Pennelli],Solyc07g055970.1.1[&&NHX:species=Tomato],Capang07g001942[&&NHX:species=Wild pepper],PGSC0003DMP400030222[&&NHX:species=Potato],Capana07g001945[&&NHX:species=Dom. pepper])S;	0	0	0	
OG18674	(SLYcer04g05467.1[&&NHX:species=Tomato Cherry],PGSC0003DMP400013977[&&NHX:species=Potato],Capang04g000516[&&NHX:species=Wild pepper],Sopen04g032170.1[&&NHX:species=S. Pennelli],SPI04g04964.1[&&NHX:species=S. pimp],Capana04g000571[&&NHX:species=Dom. pepper],Solyc04g078590.3.1[&&NHX:species=Tomato])S;	0	0	0	
OG18735	(Capana07g001768[&&NHX:species=Dom. pepper],PGSC0003DMP400016577[&&NHX:species=Potato],Capang07g001769[&&NHX:species=Wild pepper],SLYcer07g04878.1[&&NHX:species=Tomato Cherry],SPI07g05603.1[&&NHX:species=S. pimp],Sopen07g027550.1[&&NHX:species=S. Pennelli],Solyc07g053600.3.1[&&NHX:species=Tomato])S;	0	0	0	
OG18775	(Sopen02g036090.1[&&NHX:species=S. Pennelli],SLYcer02g05544.1[&&NHX:species=Tomato Cherry],Capana02g002875[&&NHX:species=Dom. pepper],PGSC0003DMP400053304[&&NHX:species=Potato],SPI02g04464.1[&&NHX:species=S. pimp],Solyc02g091470.3.1[&&NHX:species=Tomato],Capang02g002598[&&NHX:species=Wild pepper])S;	0	0	0	
OG18783	(Solyc09g082800.3.1[&&NHX:species=Tomato],SLYcer09g04782.1[&&NHX:species=Tomato Cherry],PGSC0003DMP400052540[&&NHX:species=Potato],Capang03g004433[&&NHX:species=Wild pepper],Capana03g004639[&&NHX:species=Dom. pepper],SPI09g04437.1[&&NHX:species=S. pimp],Sopen09g031650.1[&&NHX:species=S. Pennelli])S;	0	0	0	
OG18810	(PGSC0003DMP400050574[&&NHX:species=Potato],Capana04g001931[&&NHX:species=Dom. pepper],(Sopen11g008260.1[&&NHX:species=S. Pennelli],Sopen11g008260.2[&&NHX:species=S. Pennelli])D,Capang04g001721[&&NHX:species=Wild pepper],Solyc11g013240.3.1[&&NHX:species=Tomato],SPI11g01023.1[&&NHX:species=S. pimp])S;	0	0	0	
OG18837	(SPI01g07951.1[&&NHX:species=S. pimp],Capang01g004383[&&NHX:species=Wild pepper],Solyc01g103430.4.1[&&NHX:species=Tomato],Sopen01g045780.1[&&NHX:species=S. Pennelli],Capana08g001815[&&NHX:species=Dom. pepper],SLYcer01g07313.1[&&NHX:species=Tomato Cherry],PGSC0003DMP400043140[&&NHX:species=Potato])S;	0	0	0	
OG18843	(Capang12g002020[&&NHX:species=Wild pepper],SPI11g00503.1[&&NHX:species=S. pimp],PGSC0003DMP400047538[&&NHX:species=Potato],Capana12g002344[&&NHX:species=Dom. pepper],SLYcer11g00355.1[&&NHX:species=Tomato Cherry],Solyc11g007540.2.1[&&NHX:species=Tomato],Sopen11g003380.1[&&NHX:species=S. Pennelli])S;	0	0	0	
OG18865	(SLYcer12g04701.1[&&NHX:species=Tomato Cherry],Sopen12g030710.1[&&NHX:species=S. Pennelli],Capang12g000597[&&NHX:species=Wild pepper],Solyc12g088820.2.1[&&NHX:species=Tomato],SPI12g04660.1[&&NHX:species=S. pimp],PGSC0003DMP400027009[&&NHX:species=Potato],Capana12g000713[&&NHX:species=Dom. pepper])S;	0	0	0	
OG18931	(Solyc03g097920.1.1[&&NHX:species=Tomato],PGSC0003DMP400056215[&&NHX:species=Potato],SPI03g04179.1[&&NHX:species=S. pimp],Capana03g001606[&&NHX:species=Dom. pepper],SLYcer03g04116.1[&&NHX:species=Tomato Cherry],Capang03g001553[&&NHX:species=Wild pepper],Sopen03g028640.1[&&NHX:species=S. Pennelli])S;	0	0	0	
OG18981	(SLYcer02g03766.1[&&NHX:species=Tomato Cherry],Sopen02g018730.1[&&NHX:species=S. Pennelli],Solyc02g069600.3.1[&&NHX:species=Tomato],PGSC0003DMP400036642[&&NHX:species=Potato],SPI02g02662.1[&&NHX:species=S. pimp],Capana02g001337[&&NHX:species=Dom. pepper],Capang02g001174[&&NHX:species=Wild pepper])S;	0	0	0	
OG18993	(Capang05g001962[&&NHX:species=Wild pepper],SLYcer10g02158.1[&&NHX:species=Tomato Cherry],Capana05g002412[&&NHX:species=Dom. pepper],SPI05g04826.1[&&NHX:species=S. pimp],Solyc05g054890.4.1[&&NHX:species=Tomato],Sopen05g033350.1[&&NHX:species=S. Pennelli],PGSC0003DMP400040689[&&NHX:species=Potato])S;	0	0	0	
OG18997	(Solyc07g065860.3.1[&&NHX:species=Tomato],Capana07g002413[&&NHX:species=Dom. pepper],Capang07g002411[&&NHX:species=Wild pepper],Sopen07g034050.1[&&NHX:species=S. Pennelli],PGSC0003DMP400038574[&&NHX:species=Potato],SLYcer07g05622.1[&&NHX:species=Tomato Cherry],SPI07g06341.1[&&NHX:species=S. pimp])S;	0	0	0	
OG19000	(PGSC0003DMP400030323[&&NHX:species=Potato],SLYcer07g05129.1[&&NHX:species=Tomato Cherry],Solyc07g056160.4.1[&&NHX:species=Tomato],Capana07g001983[&&NHX:species=Dom. pepper],SPI07g05868.1[&&NHX:species=S. pimp],Sopen07g029520.1[&&NHX:species=S. Pennelli],Capang07g001979[&&NHX:species=Wild pepper])S;	0	0	0	
OG19006	(Solyc07g053170.4.1[&&NHX:species=Tomato],PGSC0003DMP400045361[&&NHX:species=Potato],Capana07g001595[&&NHX:species=Dom. pepper],Capang07g001580[&&NHX:species=Wild pepper],SLYcer07g04826.1[&&NHX:species=Tomato Cherry],SPI07g05548.1[&&NHX:species=S. pimp],Sopen07g026720.1[&&NHX:species=S. Pennelli])S;	0	0	0	
OG19065	(Sopen03g025500.1[&&NHX:species=S. Pennelli],PGSC0003DMP400039797[&&NHX:species=Potato],SLYcer03g03698.1[&&NHX:species=Tomato Cherry],Capana03g002662[&&NHX:species=Dom. pepper],SPI03g03772.1[&&NHX:species=S. pimp],Capang03g002562[&&NHX:species=Wild pepper],Solyc03g095510.3.1[&&NHX:species=Tomato])S;	0	0	0	
OG19068	(SLYcer09g05277.1[&&NHX:species=Tomato Cherry],Solyc09g098290.3.1[&&NHX:species=Tomato],Sopen09g036220.1[&&NHX:species=S. Pennelli],SPI09g04966.1[&&NHX:species=S. pimp],Capana03g004216[&&NHX:species=Dom. pepper],PGSC0003DMP400037466[&&NHX:species=Potato],Capang03g004044[&&NHX:species=Wild pepper])S;	0	0	0	
OG19078	(PGSC0003DMP400038406[&&NHX:species=Potato],Sopen07g033450.1[&&NHX:species=S. Pennelli],Capang07g002342[&&NHX:species=Wild pepper],Solyc07g065240.3.1[&&NHX:species=Tomato],SLYcer07g05566.1[&&NHX:species=Tomato Cherry],Capana07g002348[&&NHX:species=Dom. pepper],SPI07g06282.1[&&NHX:species=S. pimp])S;	0	0	0	
OG19095	(Sopen11g028300.1[&&NHX:species=S. Pennelli],SPI11g04017.1[&&NHX:species=S. pimp],Capang11g000063[&&NHX:species=Wild pepper],SLYcer11g03951.1[&&NHX:species=Tomato Cherry],Capana11g000067[&&NHX:species=Dom. pepper],Solyc11g069590.2.1[&&NHX:species=Tomato],PGSC0003DMP400014236[&&NHX:species=Potato])S;	0	0	0	
OG19098	(Capana11g000392[&&NHX:species=Dom. pepper],Capang11g000381[&&NHX:species=Wild pepper],SPI11g04154.1[&&NHX:species=S. pimp],Sopen11g029550.1[&&NHX:species=S. Pennelli],SLYcer11g04088.1[&&NHX:species=Tomato Cherry],PGSC0003DMP400005400[&&NHX:species=Potato],Solyc11g071880.3.1[&&NHX:species=Tomato])S;	0	0	0	
OG19138	(PGSC0003DMP400010976[&&NHX:species=Potato],SLYcer01g08533.1[&&NHX:species=Tomato Cherry],Sopen01g053610.1[&&NHX:species=S. Pennelli],Solyc01g111570.3.1[&&NHX:species=Tomato],SPI01g08759.1[&&NHX:species=S. pimp],Capang01g005321[&&NHX:species=Wild pepper],Capana08g002737[&&NHX:species=Dom. pepper])S;	0	0	0	
OG19166	(Capana08g002311[&&NHX:species=Dom. pepper],SPI01g08387.1[&&NHX:species=S. pimp],SLYcer01g08159.1[&&NHX:species=Tomato Cherry],Sopen01g049840.1[&&NHX:species=S. Pennelli],Solyc01g107650.3.1[&&NHX:species=Tomato],Capang01g004859[&&NHX:species=Wild pepper],PGSC0003DMP400044646[&&NHX:species=Potato])S;	0	0	0	
OG19180	(SPI04g03483.1[&&NHX:species=S. pimp],Capana12g001551[&&NHX:species=Dom. pepper],PGSC0003DMP400028983[&&NHX:species=Potato],Sopen04g023150.1[&&NHX:species=S. Pennelli],SLYcer04g03767.1[&&NHX:species=Tomato Cherry],Capang12g001290[&&NHX:species=Wild pepper],Solyc04g051800.3.1[&&NHX:species=Tomato])S;	0	0	0	
OG19181	(Sopen05g034860.1[&&NHX:species=S. Pennelli],SLYcer10g01992.1[&&NHX:species=Tomato Cherry],SPI05g04985.1[&&NHX:species=S. pimp],Solyc05g056470.1.1[&&NHX:species=Tomato],PGSC0003DMP400040315[&&NHX:species=Potato],Capana12g002916[&&NHX:species=Dom. pepper],Capang12g002560[&&NHX:species=Wild pepper])S;	0	0	0	
OG19199	(Capang12g001365[&&NHX:species=Wild pepper],Solyc04g050970.3.1[&&NHX:species=Tomato],PGSC0003DMP400021220[&&NHX:species=Potato],Sopen04g022260.1[&&NHX:species=S. Pennelli],Capana12g001746[&&NHX:species=Dom. pepper],SPI04g03296.1[&&NHX:species=S. pimp],SLYcer04g03572.1[&&NHX:species=Tomato Cherry])S;	0	0	0	
OG19309	(Capang12g001528[&&NHX:species=Wild pepper],SLYcer04g03730.1[&&NHX:species=Tomato Cherry],Sopen04g022890.1[&&NHX:species=S. Pennelli],SPI04g03449.1[&&NHX:species=S. pimp],Solyc04g051510.1.1[&&NHX:species=Tomato],Capana12g001867[&&NHX:species=Dom. pepper],PGSC0003DMP400034235[&&NHX:species=Potato])S;	0	0	0	
OG19348	(PGSC0003DMP400013529[&&NHX:species=Potato],Capana00g004284[&&NHX:species=Dom. pepper],Capang00g001524[&&NHX:species=Wild pepper],SPI11g02497.1[&&NHX:species=S. pimp],Solyc11g033270.2.1[&&NHX:species=Tomato],Sopen11g015750.1[&&NHX:species=S. Pennelli],SLYcer11g02466.1[&&NHX:species=Tomato Cherry])S;	0	0	0	
OG19446	((Capana01g000696[&&NHX:species=Dom. pepper],Solyc08g077990.3.1[&&NHX:species=Tomato],SPI08g05914.1[&&NHX:species=S. pimp],Capang01g000635[&&NHX:species=Wild pepper],PGSC0003DMP400045563[&&NHX:species=Potato],Sopen08g026500.1[&&NHX:species=S. Pennelli])S,PGSC0003DMP400045562[&&NHX:species=Potato])D;	0	0	0	
OG19474	(Capana02g002957[&&NHX:species=Dom. pepper],Sopen02g036830.1[&&NHX:species=S. Pennelli],SPI02g04541.1[&&NHX:species=S. pimp],Solyc02g092250.3.1[&&NHX:species=Tomato],Capang02g002682[&&NHX:species=Wild pepper],(PGSC0003DMP400037156[&&NHX:species=Potato],PGSC0003DMP400037157[&&NHX:species=Potato])D)S;	0	0	0	
OG19879	(PGSC0003DMP400008693[&&NHX:species=Potato],Solyc06g062820.4.1[&&NHX:species=Tomato],Capang06g001156[&&NHX:species=Wild pepper],Capana06g001197[&&NHX:species=Dom. pepper],(Sopen06g022280.2[&&NHX:species=S. Pennelli],Sopen06g022280.1[&&NHX:species=S. Pennelli])D,SPI06g03934.1[&&NHX:species=S. pimp],SLYcer06g04068.1[&&NHX:species=Tomato Cherry])S;	0	0	0	
OG19913	((Capang03g002843[&&NHX:species=Wild pepper],Capana03g002850[&&NHX:species=Dom. pepper],SPI12g01310.1[&&NHX:species=S. pimp],Sopen12g009980.1[&&NHX:species=S. Pennelli],PGSC0003DMP400058370[&&NHX:species=Potato],Solyc12g019680.1.1[&&NHX:species=Tomato])S,(SPI12g01306.1[&&NHX:species=S. pimp],SLYcer12g01271.1[&&NHX:species=Tomato Cherry])S)D;	0	0	0	
OG20008	(Capang05g000907[&&NHX:species=Wild pepper],(SLYcer04g00135.1[&&NHX:species=Tomato Cherry],PGSC0003DMP400003412[&&NHX:species=Potato],SPI04g00088.1[&&NHX:species=S. pimp],Sopen04g001180.1[&&NHX:species=S. Pennelli],Solyc04g005170.1.1[&&NHX:species=Tomato],Capana05g001071[&&NHX:species=Dom. pepper],Capang05g000906[&&NHX:species=Wild pepper])S)D;	0	0	0	
OG20009	((Capana10g000788[&&NHX:species=Dom. pepper],SLYcer10g00700.1[&&NHX:species=Tomato Cherry],Sopen10g005140.1[&&NHX:species=S. Pennelli],Capang10g000607[&&NHX:species=Wild pepper],Solyc10g009350.4.1[&&NHX:species=Tomato],SPI10g00565.1[&&NHX:species=S. pimp])S,(Capana10g000787[&&NHX:species=Dom. pepper],PGSC0003DMP400032906[&&NHX:species=Potato])S)D;	0	0	0	
OG20015	((SLYcer08g05013.1[&&NHX:species=Tomato Cherry],Solyc08g066210.3.1[&&NHX:species=Tomato],PGSC0003DMP400013510[&&NHX:species=Potato],SPI08g04904.1[&&NHX:species=S. pimp],Capang08g000768[&&NHX:species=Wild pepper],Sopen08g019890.1[&&NHX:species=S. Pennelli])S,PGSC0003DMP400013509[&&NHX:species=Potato],PGSC0003DMP400056175[&&NHX:species=Potato])D;	1	0	0	
OG20020	(SLYcer07g00207.1[&&NHX:species=Tomato Cherry],(PGSC0003DMP400019825[&&NHX:species=Potato],(Solyc07g005920.3.1[&&NHX:species=Tomato],PGSC0003DMP400019826[&&NHX:species=Potato])S)D,Capang07g000121[&&NHX:species=Wild pepper],SPI07g00274.1[&&NHX:species=S. pimp],Capana07g000113[&&NHX:species=Dom. pepper])S;	0	0	2	Sopen07g002050.1
OG20027	(Sopen01g003660.1[&&NHX:species=S. Pennelli],(PGSC0003DMP400028658[&&NHX:species=Potato],PGSC0003DMP400028659[&&NHX:species=Potato])D,Solyc01g008110.4.1[&&NHX:species=Tomato],SLYcer01g00457.1[&&NHX:species=Tomato Cherry],Capang08g000066[&&NHX:species=Wild pepper],SPI01g00482.1[&&NHX:species=S. pimp],Capana08g000068[&&NHX:species=Dom. pepper])S;	0	0	0	
OG20036	(((PGSC0003DMP400010507[&&NHX:species=Potato],SLYcer06g04971.1[&&NHX:species=Tomato Cherry],Sopen06g030600.1[&&NHX:species=S. Pennelli],SPI06g04838.1[&&NHX:species=S. pimp],Solyc06g074180.3.1[&&NHX:species=Tomato])S,PGSC0003DMP400010508[&&NHX:species=Potato])D,Capang06g000572[&&NHX:species=Wild pepper],Capana06g000623[&&NHX:species=Dom. pepper])S;	0	0	0	
OG20049	((Capang05g000601[&&NHX:species=Wild pepper],Solyc04g008650.4.1[&&NHX:species=Tomato],Sopen04g003810.1[&&NHX:species=S. Pennelli],SPI04g00467.1[&&NHX:species=S. pimp],Capana05g000707[&&NHX:species=Dom. pepper],SLYcer04g00494.1[&&NHX:species=Tomato Cherry],PGSC0003DMP400046488[&&NHX:species=Potato])S,PGSC0003DMP400046487[&&NHX:species=Potato])D;	0	0	0	
OG20074	((PGSC0003DMP400026159[&&NHX:species=Potato],Capana01g004107[&&NHX:species=Dom. pepper],Solyc08g006110.4.1[&&NHX:species=Tomato],SPI08g00198.1[&&NHX:species=S. pimp],Sopen08g002080.1[&&NHX:species=S. Pennelli],SLYcer08g00262.1[&&NHX:species=Tomato Cherry],Capang08g000993[&&NHX:species=Wild pepper])S,PGSC0003DMP400026158[&&NHX:species=Potato])D;	0	0	0	
OG20112	(Capang01g000801[&&NHX:species=Wild pepper],SLYcer05g00531.1[&&NHX:species=Tomato Cherry],((Solyc05g008860.4.1[&&NHX:species=Tomato],PGSC0003DMP400053227[&&NHX:species=Potato])S,PGSC0003DMP400053228[&&NHX:species=Potato])D,SPI05g00565.1[&&NHX:species=S. pimp],Capana00g002643[&&NHX:species=Dom. pepper])S;	0	0	2	Sopen05g004620.1
OG20123	((Solyc04g077010.4.1[&&NHX:species=Tomato],Capana04g000785[&&NHX:species=Dom. pepper],SLYcer04g05310.1[&&NHX:species=Tomato Cherry],Capang04g000748[&&NHX:species=Wild pepper],PGSC0003DMP400008844[&&NHX:species=Potato])S,((Sopen04g030680.1[&&NHX:species=S. Pennelli],Sopen00g008200.1[&&NHX:species=S. Pennelli])D,Capana06g001359[&&NHX:species=Dom. pepper])S)D;	0	0	0	
OG20152	(SPI01g00596.1[&&NHX:species=S. pimp],Sopen01g004470.1[&&NHX:species=S. Pennelli],(PGSC0003DMP400039370[&&NHX:species=Potato],PGSC0003DMP400039369[&&NHX:species=Potato])D,Solyc01g008980.3.1[&&NHX:species=Tomato],SLYcer01g00561.1[&&NHX:species=Tomato Cherry],Capang01g001516[&&NHX:species=Wild pepper],Capana01g001808[&&NHX:species=Dom. pepper])S;	0	0	0	
OG20168	((SLYcer01g05750.1[&&NHX:species=Tomato Cherry],PGSC0003DMP400020042[&&NHX:species=Potato],Capang08g000136[&&NHX:species=Wild pepper],SPI01g05924.1[&&NHX:species=S. pimp],Solyc01g066870.3.1[&&NHX:species=Tomato],Sopen01g028470.1[&&NHX:species=S. Pennelli],Capana01g003194[&&NHX:species=Dom. pepper])S,PGSC0003DMP400020043[&&NHX:species=Potato])D;	0	0	0	
OG20213	(Capang06g000255[&&NHX:species=Wild pepper],Capana06g000267[&&NHX:species=Dom. pepper],SPI06g05209.1[&&NHX:species=S. pimp],Solyc06g082610.4.1[&&NHX:species=Tomato],(PGSC0003DMP400053033[&&NHX:species=Potato],PGSC0003DMP400053034[&&NHX:species=Potato])D,Sopen06g034010.1[&&NHX:species=S. Pennelli],SLYcer06g05318.1[&&NHX:species=Tomato Cherry])S;	0	0	0	
OG20219	(((SPI04g04990.1[&&NHX:species=S. pimp],PGSC0003DMP400014086[&&NHX:species=Potato],Sopen04g032440.1[&&NHX:species=S. Pennelli],SLYcer04g05494.1[&&NHX:species=Tomato Cherry],Solyc04g078840.3.1[&&NHX:species=Tomato])S,PGSC0003DMP400014087[&&NHX:species=Potato])D,Capana04g000551[&&NHX:species=Dom. pepper],Capang04g000502[&&NHX:species=Wild pepper])S;	0	0	0	
OG20250	((PGSC0003DMP400013916[&&NHX:species=Potato],PGSC0003DMP400013915[&&NHX:species=Potato])D,SLYcer12g00602.1[&&NHX:species=Tomato Cherry],Capana09g000067[&&NHX:species=Dom. pepper],SPI12g00629.1[&&NHX:species=S. pimp],Capang09g000062[&&NHX:species=Wild pepper],Sopen12g005110.1[&&NHX:species=S. Pennelli],Solyc12g010220.3.1[&&NHX:species=Tomato])S;	0	0	0	
OG20257	((Solyc11g011020.2.1[&&NHX:species=Tomato],Capang00g000308[&&NHX:species=Wild pepper],SLYcer11g00623.1[&&NHX:species=Tomato Cherry],Sopen11g005790.1[&&NHX:species=S. Pennelli],Capana05g000833[&&NHX:species=Dom. pepper],PGSC0003DMP400027450[&&NHX:species=Potato],SPI11g00763.1[&&NHX:species=S. pimp])S,PGSC0003DMP400027449[&&NHX:species=Potato])D;	0	0	0	
OG20263	(SPI01g08076.1[&&NHX:species=S. pimp],Capana08g001958[&&NHX:species=Dom. pepper],SLYcer01g07183.1[&&NHX:species=Tomato Cherry],Capang01g004520[&&NHX:species=Wild pepper],Sopen01g047040.1[&&NHX:species=S. Pennelli],(PGSC0003DMP400041078[&&NHX:species=Potato],PGSC0003DMP400041079[&&NHX:species=Potato])D,Solyc01g104530.3.1[&&NHX:species=Tomato])S;	0	0	0	
OG20280	((PGSC0003DMP400041967[&&NHX:species=Potato],PGSC0003DMP400041968[&&NHX:species=Potato])D,Sopen09g006050.1[&&NHX:species=S. Pennelli],SPI09g00919.1[&&NHX:species=S. pimp],Solyc09g011330.3.1[&&NHX:species=Tomato],Capana09g001727[&&NHX:species=Dom. pepper],Capang09g001293[&&NHX:species=Wild pepper],SLYcer09g01009.1[&&NHX:species=Tomato Cherry])S;	0	0	0	
OG20286	((PGSC0003DMP400030825[&&NHX:species=Potato],Solyc05g007120.4.1[&&NHX:species=Tomato],Capang11g001588[&&NHX:species=Wild pepper],Sopen05g003080.1[&&NHX:species=S. Pennelli],SLYcer05g00347.1[&&NHX:species=Tomato Cherry],Capana11g001632[&&NHX:species=Dom. pepper],SPI05g00382.1[&&NHX:species=S. pimp])S,PGSC0003DMP400030824[&&NHX:species=Potato])D;	0	0	0	
OG20298	(((Solyc08g082980.2.1[&&NHX:species=Tomato],Sopen08g031200.1[&&NHX:species=S. Pennelli],SPI08g06422.1[&&NHX:species=S. pimp],PGSC0003DMP400021668[&&NHX:species=Potato],SLYcer08g06517.1[&&NHX:species=Tomato Cherry])S,PGSC0003DMP400021667[&&NHX:species=Potato])D,Capana01g000062[&&NHX:species=Dom. pepper],Capang01g000055[&&NHX:species=Wild pepper])S;	0	0	0	
OG20329	(PGSC0003DMP400003722[&&NHX:species=Potato],(Capang04g002022[&&NHX:species=Wild pepper],Sopen02g025030.1[&&NHX:species=S. Pennelli],Capana02g002169[&&NHX:species=Dom. pepper],SLYcer02g04421.1[&&NHX:species=Tomato Cherry],Solyc02g080330.4.1[&&NHX:species=Tomato],SPI02g03321.1[&&NHX:species=S. pimp],PGSC0003DMP400003721[&&NHX:species=Potato])S)D;	0	0	0	
OG20349	((PGSC0003DMP400025120[&&NHX:species=Potato],PGSC0003DMP400025119[&&NHX:species=Potato])D,SPI03g00747.1[&&NHX:species=S. pimp],Capana03g002403[&&NHX:species=Dom. pepper],SLYcer03g00525.1[&&NHX:species=Tomato Cherry],Capang03g002325[&&NHX:species=Wild pepper],Solyc03g026340.4.1[&&NHX:species=Tomato],Sopen03g005230.1[&&NHX:species=S. Pennelli])S;	0	0	0	
OG20354	((SPI06g00533.1[&&NHX:species=S. pimp],Solyc06g009640.2.1[&&NHX:species=Tomato],Sopen06g004280.1[&&NHX:species=S. Pennelli],Capang00g000656[&&NHX:species=Wild pepper],SLYcer06g00694.1[&&NHX:species=Tomato Cherry],PGSC0003DMP400012930[&&NHX:species=Potato],Capana00g003283[&&NHX:species=Dom. pepper])S,Capang11g000762[&&NHX:species=Wild pepper])D;	0	0	0	
OG20489	(((Solyc08g066870.4.1[&&NHX:species=Tomato],Sopen08g020850.1[&&NHX:species=S. Pennelli],PGSC0003DMP400016973[&&NHX:species=Potato])S,PGSC0003DMP400016972[&&NHX:species=Potato])D,SLYcer08g05101.1[&&NHX:species=Tomato Cherry],Capana08g000596[&&NHX:species=Dom. pepper],SPI08g04992.1[&&NHX:species=S. pimp],Capang09g000268[&&NHX:species=Wild pepper])S;	0	0	0	
OG20510	((PGSC0003DMP400052792[&&NHX:species=Potato],Capana06g000398[&&NHX:species=Dom. pepper],Solyc06g076400.3.1[&&NHX:species=Tomato],SPI06g05085.1[&&NHX:species=S. pimp],Sopen06g032810.1[&&NHX:species=S. Pennelli],Capang06g000371[&&NHX:species=Wild pepper],SLYcer06g05199.1[&&NHX:species=Tomato Cherry])S,PGSC0003DMP400052793[&&NHX:species=Potato])D;	0	0	0	
OG20520	(SLYcer03g00443.1[&&NHX:species=Tomato Cherry],Capang03g002156[&&NHX:species=Wild pepper],(PGSC0003DMP400058640[&&NHX:species=Potato],PGSC0003DMP400025195[&&NHX:species=Potato])D,Solyc03g025640.2.1[&&NHX:species=Tomato],Capana03g002264[&&NHX:species=Dom. pepper],Sopen03g004460.1[&&NHX:species=S. Pennelli],SPI03g00663.1[&&NHX:species=S. pimp])S;	0	0	0	
OG20686	((Capana02g000866[&&NHX:species=Dom. pepper],SPI02g02370.1[&&NHX:species=S. pimp],Solyc02g066960.3.1[&&NHX:species=Tomato],Sopen02g016150.1[&&NHX:species=S. Pennelli],SLYcer02g03480.1[&&NHX:species=Tomato Cherry],PGSC0003DMP400043656[&&NHX:species=Potato],Capang02g000804[&&NHX:species=Wild pepper])S,Capana02g000858[&&NHX:species=Dom. pepper])D;	0	0	0	
OG20724	((Capang12g000109[&&NHX:species=Wild pepper],Solyc12g099600.2.1[&&NHX:species=Tomato],PGSC0003DMP400008204[&&NHX:species=Potato],SPI12g05113.1[&&NHX:species=S. pimp],Sopen12g034270.1[&&NHX:species=S. Pennelli],SLYcer12g05163.1[&&NHX:species=Tomato Cherry],Capana12g000136[&&NHX:species=Dom. pepper])S,PGSC0003DMP400008203[&&NHX:species=Potato])D;	0	0	0	
OG20735	((PGSC0003DMP400002985[&&NHX:species=Potato],(Sopen01g052610.1[&&NHX:species=S. Pennelli],SPI01g08661.1[&&NHX:species=S. pimp],SLYcer01g08436.1[&&NHX:species=Tomato Cherry],Solyc01g110480.4.1[&&NHX:species=Tomato],PGSC0003DMP400002986[&&NHX:species=Potato])S)D,Capana08g002639[&&NHX:species=Dom. pepper],Capang01g005214[&&NHX:species=Wild pepper])S;	0	0	0	
OG20773	((Sopen04g027100.1[&&NHX:species=S. Pennelli],SLYcer04g04778.1[&&NHX:species=Tomato Cherry],Capang04g001316[&&NHX:species=Wild pepper],Solyc04g071150.3.1[&&NHX:species=Tomato],PGSC0003DMP400001525[&&NHX:species=Potato],Capana04g001382[&&NHX:species=Dom. pepper],SPI04g04259.1[&&NHX:species=S. pimp])S,PGSC0003DMP400063373[&&NHX:species=Potato])D;	0	0	0	
OG20823	((Solyc03g082960.2.1[&&NHX:species=Tomato],SPI03g03387.1[&&NHX:species=S. pimp],SLYcer03g03300.1[&&NHX:species=Tomato Cherry],Sopen03g022770.1[&&NHX:species=S. Pennelli],Capana03g001979[&&NHX:species=Dom. pepper],Capang03g001879[&&NHX:species=Wild pepper],PGSC0003DMP400032318[&&NHX:species=Potato])S,PGSC0003DMP400032317[&&NHX:species=Potato])D;	0	0	0	
OG20873	((Solyc10g084110.2.1[&&NHX:species=Tomato],Sopen10g033570.1[&&NHX:species=S. Pennelli],SPI10g04251.1[&&NHX:species=S. pimp],Capang10g001606[&&NHX:species=Wild pepper],SLYcer10g05718.1[&&NHX:species=Tomato Cherry],Capana10g001837[&&NHX:species=Dom. pepper],PGSC0003DMP400018498[&&NHX:species=Potato])S,PGSC0003DMP400018497[&&NHX:species=Potato])D;	0	0	0	
OG21003	((Capang11g000362[&&NHX:species=Wild pepper],Capana11g000375[&&NHX:species=Dom. pepper],Sopen11g029640.1[&&NHX:species=S. Pennelli],PGSC0003DMP400005350[&&NHX:species=Potato],SLYcer11g04096.1[&&NHX:species=Tomato Cherry],Solyc11g071970.2.1[&&NHX:species=Tomato],SPI11g04163.1[&&NHX:species=S. pimp])S,PGSC0003DMP400005351[&&NHX:species=Potato])D;	0	0	0	
OG21047	(Sopen04g028770.1[&&NHX:species=S. Pennelli],Capana04g001193[&&NHX:species=Dom. pepper],Solyc04g072570.3.1[&&NHX:species=Tomato],(PGSC0003DMP400047882[&&NHX:species=Potato],PGSC0003DMP400047883[&&NHX:species=Potato])D,SPI04g04434.1[&&NHX:species=S. pimp],Capang04g001139[&&NHX:species=Wild pepper],SLYcer04g04956.1[&&NHX:species=Tomato Cherry])S;	0	0	0	
OG21049	((PGSC0003DMP400053628[&&NHX:species=Potato],Capana06g001846[&&NHX:species=Dom. pepper],Capang06g001733[&&NHX:species=Wild pepper],SPI06g03659.1[&&NHX:species=S. pimp])S,(Solyc06g054480.3.1[&&NHX:species=Tomato],PGSC0003DMP400053629[&&NHX:species=Potato],Sopen06g019550.1[&&NHX:species=S. Pennelli],SLYcer06g03751.1[&&NHX:species=Tomato Cherry])S)D;	0	0	0	
OG21069	((Sopen11g027990.1[&&NHX:species=S. Pennelli],PGSC0003DMP400014188[&&NHX:species=Potato],Capana11g000098[&&NHX:species=Dom. pepper],Capang11g000092[&&NHX:species=Wild pepper],SPI11g03980.1[&&NHX:species=S. pimp],Solyc11g069260.2.1[&&NHX:species=Tomato],SLYcer11g03918.1[&&NHX:species=Tomato Cherry])S,PGSC0003DMP400014189[&&NHX:species=Potato])D;	0	0	0	
OG21162	(((Capang11g002189[&&NHX:species=Wild pepper],Capana11g002296[&&NHX:species=Dom. pepper])S,Capang07g001129[&&NHX:species=Wild pepper])D,Sopen02g027580.1[&&NHX:species=S. Pennelli],SPI07g04544.1[&&NHX:species=S. pimp],SLYcer07g03828.1[&&NHX:species=Tomato Cherry],PGSC0003DMP400021194[&&NHX:species=Potato],Solyc07g043120.1.1[&&NHX:species=Tomato])S;	0	0	0	
OG21225	((Capang01g001268[&&NHX:species=Wild pepper],Capana01g001446[&&NHX:species=Dom. pepper])S,(PGSC0003DMP400036683[&&NHX:species=Potato],SLYcer02g03859.1[&&NHX:species=Tomato Cherry],Capana02g001513[&&NHX:species=Dom. pepper],Solyc02g070580.1.1[&&NHX:species=Tomato],Capang02g001330[&&NHX:species=Wild pepper],Sopen02g019670.1[&&NHX:species=S. Pennelli])S)D;	0	0	0	
OG21382	((Capang02g002666[&&NHX:species=Wild pepper],Sopen02g036670.1[&&NHX:species=S. Pennelli],PGSC0003DMP400037144[&&NHX:species=Potato],Solyc02g092090.3.1[&&NHX:species=Tomato],Capana02g002941[&&NHX:species=Dom. pepper])S,(Solyc03g043895.1.1[&&NHX:species=Tomato],SLYcer03g01057.1[&&NHX:species=Tomato Cherry],SPI03g01257.1[&&NHX:species=S. pimp],PGSC0003DMP400009657[&&NHX:species=Potato])S)D;	0	0	0	
OG21426	(SLYcer08g04572.1[&&NHX:species=Tomato Cherry],(PGSC0003DMP400032803[&&NHX:species=Potato],PGSC0003DMP400032802[&&NHX:species=Potato])D,Capana08g000433[&&NHX:species=Dom. pepper],SPI08g04470.1[&&NHX:species=S. pimp],Capang01g003044[&&NHX:species=Wild pepper],(Sopen08g017000.2[&&NHX:species=S. Pennelli],Sopen08g017000.1[&&NHX:species=S. Pennelli])D,Solyc08g061560.3.1[&&NHX:species=Tomato])S;	0	0	0	
OG21433	(SLYcer04g00983.1[&&NHX:species=Tomato Cherry],(PGSC0003DMP400040821[&&NHX:species=Potato],PGSC0003DMP400040822[&&NHX:species=Potato])D,Capana05g000286[&&NHX:species=Dom. pepper],Capang05g000243[&&NHX:species=Wild pepper],SPI04g00793.1[&&NHX:species=S. pimp],(Sopen04g006260.1[&&NHX:species=S. Pennelli],Sopen04g006260.2[&&NHX:species=S. Pennelli])D,Solyc04g012170.4.1[&&NHX:species=Tomato])S;	0	0	0	
OG21447	((Capana01g003825[&&NHX:species=Dom. pepper],Capang08g000760[&&NHX:species=Wild pepper],((Sopen08g020260.1[&&NHX:species=S. Pennelli],SPI08g04935.1[&&NHX:species=S. pimp],Solyc08g066430.1.1[&&NHX:species=Tomato],SLYcer08g05043.1[&&NHX:species=Tomato Cherry])S,Sopen08g020250.1[&&NHX:species=S. Pennelli])D)S,PGSC0003DMP400007947[&&NHX:species=Potato])D;	0	0	6	PGSC0003DMP400007946
OG21510	((((Sopen01g050440.1[&&NHX:species=S. Pennelli],Sopen01g050440.2[&&NHX:species=S. Pennelli])D,SLYcer01g08215.1[&&NHX:species=Tomato Cherry],PGSC0003DMP400044715[&&NHX:species=Potato],Solyc01g108210.4.1[&&NHX:species=Tomato],SPI01g08440.1[&&NHX:species=S. pimp])S,PGSC0003DMP400044714[&&NHX:species=Potato])D,Capana08g002392[&&NHX:species=Dom. pepper])S;	0	0	7	Capang01g004936
OG21547	((Sopen12g031900.2[&&NHX:species=S. Pennelli],(Sopen12g031900.1[&&NHX:species=S. Pennelli],Solyc12g096010.3.1[&&NHX:species=Tomato])S)D,Capang12g000404[&&NHX:species=Wild pepper],SLYcer12g04862.1[&&NHX:species=Tomato Cherry],(PGSC0003DMP400051013[&&NHX:species=Potato],PGSC0003DMP400051012[&&NHX:species=Potato])D,Capana12g000484[&&NHX:species=Dom. pepper],SPI12g04821.1[&&NHX:species=S. pimp])S;	0	0	0	
OG21654	((PGSC0003DMP400018402[&&NHX:species=Potato],Capana02g000592[&&NHX:species=Dom. pepper],SLYcer02g03260.1[&&NHX:species=Tomato Cherry],Solyc02g063330.3.1[&&NHX:species=Tomato],SPI02g02141.1[&&NHX:species=S. pimp],Sopen02g014400.1[&&NHX:species=S. Pennelli],Capang02g000515[&&NHX:species=Wild pepper])S,(PGSC0003DMP400018403[&&NHX:species=Potato],PGSC0003DMP400018401[&&NHX:species=Potato])D)D;	1	1	0	
OG21665	((Capang02g003175[&&NHX:species=Wild pepper],PGSC0003DMP400002522[&&NHX:species=Potato],Solyc02g087280.3.1[&&NHX:species=Tomato],SPI02g04070.1[&&NHX:species=S. pimp],SLYcer02g05135.1[&&NHX:species=Tomato Cherry],Sopen02g032040.1[&&NHX:species=S. Pennelli],Capana02g003451[&&NHX:species=Dom. pepper])S,(PGSC0003DMP400002521[&&NHX:species=Potato],PGSC0003DMP400002520[&&NHX:species=Potato])D)D;	1	1	0	
OG21672	((Capana02g002810[&&NHX:species=Dom. pepper],Sopen02g030950.1[&&NHX:species=S. Pennelli],SLYcer02g05034.1[&&NHX:species=Tomato Cherry],SPI02g03960.1[&&NHX:species=S. pimp],Capang02g002537[&&NHX:species=Wild pepper],PGSC0003DMP400045801[&&NHX:species=Potato],Solyc02g086270.4.1[&&NHX:species=Tomato])S,(PGSC0003DMP400045800[&&NHX:species=Potato],PGSC0003DMP400045799[&&NHX:species=Potato])D)D;	1	1	0	
OG21693	((((PGSC0003DMP400014018[&&NHX:species=Potato],PGSC0003DMP400014019[&&NHX:species=Potato])D,SPI04g04993.1[&&NHX:species=S. pimp],Solyc04g078870.4.1[&&NHX:species=Tomato],Sopen04g032470.1[&&NHX:species=S. Pennelli],SLYcer04g05497.1[&&NHX:species=Tomato Cherry])S,PGSC0003DMP400014020[&&NHX:species=Potato])D,Capana04g000541[&&NHX:species=Dom. pepper])S;	0	0	7	Capang04g000498
OG21758	((SPI04g03937.1[&&NHX:species=S. pimp],Capang07g000815[&&NHX:species=Wild pepper],SLYcer04g04300.1[&&NHX:species=Tomato Cherry],(PGSC0003DMP400043919[&&NHX:species=Potato],PGSC0003DMP400043920[&&NHX:species=Potato])D,Solyc04g057930.4.1[&&NHX:species=Tomato],Capana00g004993[&&NHX:species=Dom. pepper],Sopen04g025790.1[&&NHX:species=S. Pennelli])S,PGSC0003DMP400043918[&&NHX:species=Potato])D;	0	0	0	
OG21797	((((PGSC0003DMP400036125[&&NHX:species=Potato],SPI08g04293.1[&&NHX:species=S. pimp],Sopen08g016230.1[&&NHX:species=S. Pennelli],SLYcer08g04393.1[&&NHX:species=Tomato Cherry],Solyc08g061130.3.1[&&NHX:species=Tomato])S,PGSC0003DMP400036123[&&NHX:species=Potato])D,Capang00g000806[&&NHX:species=Wild pepper],Capana08g000273[&&NHX:species=Dom. pepper])S,PGSC0003DMP400036126[&&NHX:species=Potato])D;	0	0	0	
OG21798	((SLYcer07g03874.1[&&NHX:species=Tomato Cherry],Capana07g001116[&&NHX:species=Dom. pepper],PGSC0003DMP400020833[&&NHX:species=Potato],SPI07g04586.1[&&NHX:species=S. pimp],Solyc07g043460.3.1[&&NHX:species=Tomato],Sopen07g023040.1[&&NHX:species=S. Pennelli],Capang07g001156[&&NHX:species=Wild pepper])S,(PGSC0003DMP400020832[&&NHX:species=Potato],PGSC0003DMP400020831[&&NHX:species=Potato])D)D;	1	1	0	
OG21806	((((PGSC0003DMP400020169[&&NHX:species=Potato],Sopen09g029670.1[&&NHX:species=S. Pennelli],Solyc09g074830.3.1[&&NHX:species=Tomato])S,PGSC0003DMP400020170[&&NHX:species=Potato])D,SLYcer09g04318.1[&&NHX:species=Tomato Cherry],SPI09g04125.1[&&NHX:species=S. pimp])S,PGSC0003DMP400020168[&&NHX:species=Potato])D;	0	0	16	Capana03g003597,Capang03g003497
OG22010	((PGSC0003DMP400026683[&&NHX:species=Potato],PGSC0003DMP400026684[&&NHX:species=Potato])D,(Capana03g001444[&&NHX:species=Dom. pepper],Solyc03g019850.3.1[&&NHX:species=Tomato],PGSC0003DMP400026685[&&NHX:species=Potato],SLYcer03g04232.1[&&NHX:species=Tomato Cherry],Sopen03g029770.1[&&NHX:species=S. Pennelli],SPI03g04291.1[&&NHX:species=S. pimp],Capang03g001376[&&NHX:species=Wild pepper])S)D;	1	1	0	
OG22065	(((Capang04g001017[&&NHX:species=Wild pepper],(Capang04g001016[&&NHX:species=Wild pepper],Capana04g001088[&&NHX:species=Dom. pepper])S)D,Capana04g002070[&&NHX:species=Dom. pepper])D,Solyc11g020230.1.1[&&NHX:species=Tomato],SPI11g01383.1[&&NHX:species=S. pimp],Sopen11g010490.1[&&NHX:species=S. Pennelli])S;	0	0	27	SLYcer11g01253.1,PGSC0003DMP400024562
OG22086	((Capang02g003037[&&NHX:species=Wild pepper],SLYcer02g05289.1[&&NHX:species=Tomato Cherry],Capana02g003293[&&NHX:species=Dom. pepper],Sopen02g033460.1[&&NHX:species=S. Pennelli])S,(Capang02g003036[&&NHX:species=Wild pepper],PGSC0003DMP400002624[&&NHX:species=Potato],Capana02g003295[&&NHX:species=Dom. pepper],Solyc02g088750.2.1[&&NHX:species=Tomato],SPI02g04214.1[&&NHX:species=S. pimp])S)D;	0	0	0	
OG22223	((Solyc02g070890.3.1[&&NHX:species=Tomato],SPI02g02793.1[&&NHX:species=S. pimp],PGSC0003DMP400014552[&&NHX:species=Potato],SLYcer02g03893.1[&&NHX:species=Tomato Cherry],Sopen02g019970.1[&&NHX:species=S. Pennelli],Capana00g002807[&&NHX:species=Dom. pepper])S,(SLYcer02g03895.1[&&NHX:species=Tomato Cherry],Solyc02g070910.3.1[&&NHX:species=Tomato],Sopen02g019990.1[&&NHX:species=S. Pennelli],SPI02g02795.1[&&NHX:species=S. pimp])S)D;	0	0	0	
OG22420	((SLYcer07g05151.1[&&NHX:species=Tomato Cherry],(PGSC0003DMP400030311[&&NHX:species=Potato],PGSC0003DMP400030310[&&NHX:species=Potato])D,(Sopen07g029730.2[&&NHX:species=S. Pennelli],Sopen07g029730.1[&&NHX:species=S. Pennelli])D,Capana07g001954[&&NHX:species=Dom. pepper],SPI07g05893.1[&&NHX:species=S. pimp],Capang07g001948[&&NHX:species=Wild pepper],Solyc07g056350.3.1[&&NHX:species=Tomato])S,PGSC0003DMP400030312[&&NHX:species=Potato])D;	0	0	0	
OG22508	((Capana06g000211[&&NHX:species=Dom. pepper],SPI06g05268.1[&&NHX:species=S. pimp],Capang06g000191[&&NHX:species=Wild pepper],PGSC0003DMP400035016[&&NHX:species=Potato],Sopen06g034600.1[&&NHX:species=S. Pennelli],Solyc06g083210.3.1[&&NHX:species=Tomato],SLYcer06g05377.1[&&NHX:species=Tomato Cherry])S,((PGSC0003DMP400035014[&&NHX:species=Potato],PGSC0003DMP400035015[&&NHX:species=Potato])D,PGSC0003DMP400035013[&&NHX:species=Potato])D)D;	1	1	0	
OG22527	(((PGSC0003DMP400044665[&&NHX:species=Potato],(PGSC0003DMP400044666[&&NHX:species=Potato],PGSC0003DMP400044668[&&NHX:species=Potato])D)D,SLYcer01g08194.1[&&NHX:species=Tomato Cherry])S,(PGSC0003DMP400044667[&&NHX:species=Potato],Capana08g002359[&&NHX:species=Dom. pepper],Solyc01g108000.3.1[&&NHX:species=Tomato],Sopen01g050200.1[&&NHX:species=S. Pennelli],SPI01g08420.1[&&NHX:species=S. pimp],Capang01g004903[&&NHX:species=Wild pepper])S)D;	1	1	0	
OG22614	(((Capana04g002387[&&NHX:species=Dom. pepper],Capang04g002109[&&NHX:species=Wild pepper])S,(Capana04g002340[&&NHX:species=Dom. pepper],Capang04g002068[&&NHX:species=Wild pepper])S)D,Solyc09g075720.4.1[&&NHX:species=Tomato],(PGSC0003DMP400009480[&&NHX:species=Potato],PGSC0003DMP400009481[&&NHX:species=Potato])D,SLYcer09g04417.1[&&NHX:species=Tomato Cherry],SPI09g04209.1[&&NHX:species=S. pimp],Sopen09g030530.1[&&NHX:species=S. Pennelli])S;	0	0	0	
OG22647	(Capang06g001046[&&NHX:species=Wild pepper],(((PGSC0003DMP400049582[&&NHX:species=Potato],PGSC0003DMP400049581[&&NHX:species=Potato])D,PGSC0003DMP400049583[&&NHX:species=Potato])D,Solyc06g068510.1.1[&&NHX:species=Tomato],Capana06g001102[&&NHX:species=Dom. pepper],Sopen06g025770.1[&&NHX:species=S. Pennelli],Capang00g002518[&&NHX:species=Wild pepper])S)D;	1	1	30	SPI06g04341.1,SLYcer06g04482.1
OG22658	(((SLYcer10g05479.1[&&NHX:species=Tomato Cherry],PGSC0003DMP400048809[&&NHX:species=Potato],Solyc10g080870.3.1[&&NHX:species=Tomato],Sopen10g031380.1[&&NHX:species=S. Pennelli],SPI10g03979.1[&&NHX:species=S. pimp],Capang10g001910[&&NHX:species=Wild pepper])S,PGSC0003DMP400048808[&&NHX:species=Potato])D,((Capang10g001909[&&NHX:species=Wild pepper],Capana10g002153[&&NHX:species=Dom. pepper])S,Capana10g002154[&&NHX:species=Dom. pepper])D)D;	0	0	0	
OG22774	(((Solyc06g048890.4.1[&&NHX:species=Tomato],(Sopen06g015200.3[&&NHX:species=S. Pennelli],Sopen06g015200.2[&&NHX:species=S. Pennelli])D)S,(SLYcer06g03246.1[&&NHX:species=Tomato Cherry],Sopen06g015200.1[&&NHX:species=S. Pennelli])S)D,(SPI05g04516.1[&&NHX:species=S. pimp],Solyc05g052200.4.1[&&NHX:species=Tomato],Capang05g001684[&&NHX:species=Wild pepper],Sopen05g030740.1[&&NHX:species=S. Pennelli],SLYcer10g02450.1[&&NHX:species=Tomato Cherry],Capana05g002115[&&NHX:species=Dom. pepper])S)D;	1	1	0	
OG22828	((Capang02g002957[&&NHX:species=Wild pepper],Sopen02g034180.1[&&NHX:species=S. Pennelli],Solyc02g089420.1.1[&&NHX:species=Tomato],Capana02g003210[&&NHX:species=Dom. pepper],SPI02g04277.1[&&NHX:species=S. pimp],SLYcer02g05356.1[&&NHX:species=Tomato Cherry],PGSC0003DMP400002507[&&NHX:species=Potato])S,(SLYcer03g01393.1[&&NHX:species=Tomato Cherry],Sopen03g010660.1[&&NHX:species=S. Pennelli],SPI03g01597.1[&&NHX:species=S. pimp],Solyc03g046440.3.1[&&NHX:species=Tomato])S)D;	0	0	0	
OG22837	((SPI09g04483.1[&&NHX:species=S. pimp],SPI09g04482.1[&&NHX:species=S. pimp])D,(Sopen09g031980.1[&&NHX:species=S. Pennelli],Sopen09g031970.1[&&NHX:species=S. Pennelli])D,(SLYcer09g04823.1[&&NHX:species=Tomato Cherry],SLYcer09g04824.1[&&NHX:species=Tomato Cherry])D,(Solyc09g083090.4.1[&&NHX:species=Tomato],Solyc09g083100.1.1[&&NHX:species=Tomato])D)S;	0	0	40	Capang03g004392,Capana03g004588,PGSC0003DMP400010793
OG22990	(((Sopen03g040700.1[&&NHX:species=S. Pennelli],PGSC0003DMP400004587[&&NHX:species=Potato])S,((Sopen03g040700.2[&&NHX:species=S. Pennelli],SLYcer03g05411.1[&&NHX:species=Tomato Cherry],SPI03g05448.1[&&NHX:species=S. pimp],PGSC0003DMP400004588[&&NHX:species=Potato])S,PGSC0003DMP400004589[&&NHX:species=Potato])D)D,(Solyc03g121880.4.1[&&NHX:species=Tomato],PGSC0003DMP400004586[&&NHX:species=Potato],Capana03g000145[&&NHX:species=Dom. pepper],Capang03g000139[&&NHX:species=Wild pepper])S)D;	0	0	0	
OG23014	(((Capang03g000651[&&NHX:species=Wild pepper],Sopen03g038120.3[&&NHX:species=S. Pennelli],Solyc03g119240.3.1[&&NHX:species=Tomato],SPI03g05179.1[&&NHX:species=S. pimp],Capana03g000716[&&NHX:species=Dom. pepper],PGSC0003DMP400010168[&&NHX:species=Potato])S,(PGSC0003DMP400010169[&&NHX:species=Potato],Sopen03g038120.2[&&NHX:species=S. Pennelli])S)D,(PGSC0003DMP400010166[&&NHX:species=Potato],PGSC0003DMP400010167[&&NHX:species=Potato])D)D;	1	1	23	SLYcer12g03235.1
OG23134	(((Sopen05g032360.1[&&NHX:species=S. Pennelli],PGSC0003DMP400023155[&&NHX:species=Potato],Solyc05g053890.3.1[&&NHX:species=Tomato],SLYcer10g02250.1[&&NHX:species=Tomato Cherry],SPI05g04709.1[&&NHX:species=S. pimp])S,(PGSC0003DMP400029856[&&NHX:species=Potato],PGSC0003DMP400029857[&&NHX:species=Potato])D)D,(Capang05g001876[&&NHX:species=Wild pepper],Capang05g001882[&&NHX:species=Wild pepper])D)S;	0	0	28	Capana05g002332,Capana05g002339
OG23201	(((SLYcer04g00660.1[&&NHX:species=Tomato Cherry],PGSC0003DMP400020301[&&NHX:species=Potato],Sopen04g005390.1[&&NHX:species=S. Pennelli],Solyc04g010210.1.1[&&NHX:species=Tomato])S,(Sopen04g005380.1[&&NHX:species=S. Pennelli],SLYcer04g00659.1[&&NHX:species=Tomato Cherry],PGSC0003DMP400020324[&&NHX:species=Potato],Solyc04g010200.1.1[&&NHX:species=Tomato])S)D,(Capang05g000338[&&NHX:species=Wild pepper],Capana05g000419[&&NHX:species=Dom. pepper])S)S;	0	0	56	SPI04g00635.1,SPI04g00634.1
OG23231	((Solyc03g006300.3.1[&&NHX:species=Tomato],PGSC0003DMP400022697[&&NHX:species=Potato],SPI03g00345.1[&&NHX:species=S. pimp],Sopen03g002310.1[&&NHX:species=S. Pennelli],SLYcer03g00206.1[&&NHX:species=Tomato Cherry])S,(Solyc02g077630.3.1[&&NHX:species=Tomato],Capang03g002577[&&NHX:species=Wild pepper],SPI02g03054.1[&&NHX:species=S. pimp],SLYcer02g04160.1[&&NHX:species=Tomato Cherry],Capana03g002679[&&NHX:species=Dom. pepper],Sopen02g022530.1[&&NHX:species=S. Pennelli],PGSC0003DMP400054963[&&NHX:species=Potato])S)D;	0	0	0	
OG23239	((((SLYcer07g00526.1[&&NHX:species=Tomato Cherry],SPI07g00576.1[&&NHX:species=S. pimp])S,SPI08g05636.1[&&NHX:species=S. pimp])D,SLYcer08g05751.1[&&NHX:species=Tomato Cherry])D,(PGSC0003DMP400034529[&&NHX:species=Potato],PGSC0003DMP400034528[&&NHX:species=Potato])D,(Solyc08g075360.3.1[&&NHX:species=Tomato],Solyc07g008340.4.1[&&NHX:species=Tomato])D)S;	0	0	80	Sopen07g004230.1,Sopen08g023990.1,Capana01g000961,Capang00g004220
OG23254	(((Solyc03g043770.4.1[&&NHX:species=Tomato],(PGSC0003DMP400053337[&&NHX:species=Potato],Solyc02g091840.3.1[&&NHX:species=Tomato])S)D,(SPI02g04496.1[&&NHX:species=S. pimp],Capana02g002914[&&NHX:species=Dom. pepper],PGSC0003DMP400053338[&&NHX:species=Potato],SLYcer02g05580.1[&&NHX:species=Tomato Cherry],Sopen02g036420.1[&&NHX:species=S. Pennelli])S)D,(SLYcer03g01038.1[&&NHX:species=Tomato Cherry],SPI03g01237.1[&&NHX:species=S. pimp],Sopen03g007630.1[&&NHX:species=S. Pennelli],PGSC0003DMP400029173[&&NHX:species=Potato])S)D;	1	1	0	
OG23266	((PGSC0003DMP400045211[&&NHX:species=Potato],Capana01g003516[&&NHX:species=Dom. pepper],SPI01g06943.1[&&NHX:species=S. pimp],Sopen01g036040.1[&&NHX:species=S. Pennelli],SLYcer01g06687.1[&&NHX:species=Tomato Cherry],Solyc01g090240.3.1[&&NHX:species=Tomato],Capang08g000471[&&NHX:species=Wild pepper])S,(Sopen10g012040.1[&&NHX:species=S. Pennelli],Solyc10g038190.2.1[&&NHX:species=Tomato],PGSC0003DMP400046274[&&NHX:species=Potato],SPI05g01276.1[&&NHX:species=S. pimp],SLYcer10g01845.1[&&NHX:species=Tomato Cherry])S)D;	0	0	0	
OG23368	((Sopen01g041100.1[&&NHX:species=S. Pennelli],Capang01g003838[&&NHX:species=Wild pepper],PGSC0003DMP400033759[&&NHX:species=Potato],Solyc01g097430.4.1[&&NHX:species=Tomato],SPI01g07461.1[&&NHX:species=S. pimp],Capana08g001255[&&NHX:species=Dom. pepper])S,(Sopen09g036340.1[&&NHX:species=S. Pennelli],PGSC0003DMP400056551[&&NHX:species=Potato],SPI09g04978.1[&&NHX:species=S. pimp],SLYcer09g05287.1[&&NHX:species=Tomato Cherry],Solyc09g098410.3.1[&&NHX:species=Tomato],Capana03g004208[&&NHX:species=Dom. pepper])S)D;	0	0	0	
OG23383	(((SLYcer11g01049.1[&&NHX:species=Tomato Cherry],SPI11g01178.1[&&NHX:species=S. pimp],Sopen11g009160.1[&&NHX:species=S. Pennelli],Solyc11g017270.2.1[&&NHX:species=Tomato],PGSC0003DMP400016299[&&NHX:species=Potato])S,(PGSC0003DMP400016298[&&NHX:species=Potato],Capana04g001611[&&NHX:species=Dom. pepper])S)D,((SLYcer11g01050.1[&&NHX:species=Tomato Cherry],SPI11g01179.1[&&NHX:species=S. pimp],Capang04g001477[&&NHX:species=Wild pepper],Solyc11g017280.2.1[&&NHX:species=Tomato])S,Capang04g001475[&&NHX:species=Wild pepper])D)D;	0	0	0	
OG23394	((PGSC0003DMP400003319[&&NHX:species=Potato],Capang01g000717[&&NHX:species=Wild pepper],Capana01g000795[&&NHX:species=Dom. pepper],Sopen08g026130.1[&&NHX:species=S. Pennelli],Solyc08g077560.4.1[&&NHX:species=Tomato],SPI08g05866.1[&&NHX:species=S. pimp],SLYcer08g05977.1[&&NHX:species=Tomato Cherry])S,(SPI08g05875.1[&&NHX:species=S. pimp],(PGSC0003DMP400003318[&&NHX:species=Potato],PGSC0003DMP400003316[&&NHX:species=Potato])D,Capang01g000718[&&NHX:species=Wild pepper],Solyc08g077630.3.1[&&NHX:species=Tomato])S)D;	0	0	0	
OG23405	((Solyc03g033610.1.1[&&NHX:species=Tomato],SLYcer03g00865.1[&&NHX:species=Tomato Cherry],PGSC0003DMP400039127[&&NHX:species=Potato],SPI03g01035.1[&&NHX:species=S. pimp],Capang04g002056[&&NHX:species=Wild pepper],Sopen03g006390.1[&&NHX:species=S. Pennelli],Capana04g002323[&&NHX:species=Dom. pepper])S,(Capana02g002614[&&NHX:species=Dom. pepper],Sopen02g029080.1[&&NHX:species=S. Pennelli],Capang02g002349[&&NHX:species=Wild pepper],PGSC0003DMP400006338[&&NHX:species=Potato],Solyc02g084370.2.1[&&NHX:species=Tomato])S)D;	0	0	0	
OG23421	(((Solyc01g112220.4.1[&&NHX:species=Tomato],Capana08g002836[&&NHX:species=Dom. pepper],PGSC0003DMP400025861[&&NHX:species=Potato],Sopen01g054270.1[&&NHX:species=S. Pennelli],SLYcer01g08597.1[&&NHX:species=Tomato Cherry],Capang01g005430[&&NHX:species=Wild pepper],SPI01g08828.1[&&NHX:species=S. pimp])S,Capana08g002299[&&NHX:species=Dom. pepper])D,(Solyc02g014040.1.1[&&NHX:species=Tomato],SPI02g00388.1[&&NHX:species=S. pimp])S,(Capana08g002837[&&NHX:species=Dom. pepper],PGSC0003DMP400025860[&&NHX:species=Potato])S)D;	1	0	0	
OG23425	((SPI01g07614.1[&&NHX:species=S. pimp],Capana08g001459[&&NHX:species=Dom. pepper],Capang01g004022[&&NHX:species=Wild pepper],SLYcer01g07655.1[&&NHX:species=Tomato Cherry],Sopen01g042540.1[&&NHX:species=S. Pennelli])S,(Sopen01g031510.1[&&NHX:species=S. Pennelli],Solyc01g079750.3.1[&&NHX:species=Tomato],Capang01g002639[&&NHX:species=Wild pepper],Capana01g002936[&&NHX:species=Dom. pepper],SPI01g06396.1[&&NHX:species=S. pimp],PGSC0003DMP400015822[&&NHX:species=Potato],SLYcer01g06101.1[&&NHX:species=Tomato Cherry])S)D;	0	0	0	
OG23480	(((Capana07g000357[&&NHX:species=Dom. pepper],Capang07g000396[&&NHX:species=Wild pepper])S,(Solyc06g035760.4.1[&&NHX:species=Tomato],Sopen06g011550.1[&&NHX:species=S. Pennelli],Capang04g000909[&&NHX:species=Wild pepper],PGSC0003DMP400043859[&&NHX:species=Potato],Capana04g000956[&&NHX:species=Dom. pepper],SPI06g02836.1[&&NHX:species=S. pimp],SLYcer06g02851.1[&&NHX:species=Tomato Cherry])S)D,((Sopen06g011560.1[&&NHX:species=S. Pennelli],PGSC0003DMP400043860[&&NHX:species=Potato])S,PGSC0003DMP400043861[&&NHX:species=Potato])D)D;	1	1	0	
OG23509	(((((PGSC0003DMP400011239[&&NHX:species=Potato],PGSC0003DMP400011238[&&NHX:species=Potato])D,PGSC0003DMP400011235[&&NHX:species=Potato])D,PGSC0003DMP400011236[&&NHX:species=Potato])D,PGSC0003DMP400011234[&&NHX:species=Potato])D,(Capang01g002574[&&NHX:species=Wild pepper],Capana00g002159[&&NHX:species=Dom. pepper],Sopen01g033570.1[&&NHX:species=S. Pennelli],SLYcer01g06389.1[&&NHX:species=Tomato Cherry],PGSC0003DMP400011237[&&NHX:species=Potato],SPI01g06657.1[&&NHX:species=S. pimp],Solyc01g074010.4.1[&&NHX:species=Tomato])S)D;	1	1	0	
OG23628	((PGSC0003DMP400048901[&&NHX:species=Potato],SLYcer10g05579.1[&&NHX:species=Tomato Cherry],Solyc10g081910.2.1[&&NHX:species=Tomato],Capang10g001832[&&NHX:species=Wild pepper],SPI10g04083.1[&&NHX:species=S. pimp],Sopen10g032420.1[&&NHX:species=S. Pennelli],Capana10g002073[&&NHX:species=Dom. pepper])S,(Sopen01g003110.1[&&NHX:species=S. Pennelli],Capang08g000568[&&NHX:species=Wild pepper],Solyc01g007130.3.1[&&NHX:species=Tomato],SPI01g00420.1[&&NHX:species=S. pimp],PGSC0003DMP400037016[&&NHX:species=Potato],SLYcer01g00395.1[&&NHX:species=Tomato Cherry])S)D;	0	0	0	
OG23655	(((SLYcer06g04218.1[&&NHX:species=Tomato Cherry],Capang06g001294[&&NHX:species=Wild pepper],Solyc06g065260.3.1[&&NHX:species=Tomato],SPI06g04084.1[&&NHX:species=S. pimp],PGSC0003DMP400045238[&&NHX:species=Potato],Sopen06g023760.1[&&NHX:species=S. Pennelli])S,PGSC0003DMP400045239[&&NHX:species=Potato])D,((Sopen11g010570.1[&&NHX:species=S. Pennelli],SPI11g01392.1[&&NHX:species=S. pimp],SLYcer11g01265.1[&&NHX:species=Tomato Cherry],PGSC0003DMP400040261[&&NHX:species=Potato],Solyc11g020280.2.1[&&NHX:species=Tomato])S,PGSC0003DMP400040262[&&NHX:species=Potato])D)D;	0	0	0	
OG23681	((Capang05g001748[&&NHX:species=Wild pepper],PGSC0003DMP400047272[&&NHX:species=Potato],SPI05g04605.1[&&NHX:species=S. pimp],Sopen05g031500.1[&&NHX:species=S. Pennelli],SLYcer10g02367.1[&&NHX:species=Tomato Cherry],Solyc05g052980.4.1[&&NHX:species=Tomato],Capana05g002193[&&NHX:species=Dom. pepper])S,((PGSC0003DMP400029272[&&NHX:species=Potato],Solyc03g096670.3.1[&&NHX:species=Tomato],SLYcer03g03908.1[&&NHX:species=Tomato Cherry],SPI03g03968.1[&&NHX:species=S. pimp],Sopen03g026890.1[&&NHX:species=S. Pennelli])S,PGSC0003DMP400029271[&&NHX:species=Potato])D)D;	0	0	0	
OG23718	((SPI03g03457.1[&&NHX:species=S. pimp],Sopen03g023400.1[&&NHX:species=S. Pennelli],Solyc03g083590.3.1[&&NHX:species=Tomato],SLYcer03g03371.1[&&NHX:species=Tomato Cherry],Capang03g002429[&&NHX:species=Wild pepper],Capana03g002510[&&NHX:species=Dom. pepper])S,(Sopen04g033760.1[&&NHX:species=S. Pennelli],Solyc04g080170.3.1[&&NHX:species=Tomato],PGSC0003DMP400009132[&&NHX:species=Potato],Capana04g000385[&&NHX:species=Dom. pepper],Capang04g000358[&&NHX:species=Wild pepper],SLYcer04g05615.1[&&NHX:species=Tomato Cherry],SPI04g05111.1[&&NHX:species=S. pimp])S)D;	0	0	0	
OG23724	((SPI02g03817.1[&&NHX:species=S. pimp],Solyc02g084930.3.1[&&NHX:species=Tomato],Capana02g002731[&&NHX:species=Dom. pepper],Capang02g002454[&&NHX:species=Wild pepper],SLYcer02g04892.1[&&NHX:species=Tomato Cherry],PGSC0003DMP400006450[&&NHX:species=Potato],Sopen02g029600.1[&&NHX:species=S. Pennelli])S,(Capang04g000294[&&NHX:species=Wild pepper],SPI04g05167.1[&&NHX:species=S. pimp],SLYcer04g05667.1[&&NHX:species=Tomato Cherry],Capana04g000322[&&NHX:species=Dom. pepper],Solyc04g080650.4.1[&&NHX:species=Tomato],Sopen04g034240.1[&&NHX:species=S. Pennelli])S)D;	0	0	0	
OG23772	((Solyc01g097770.4.1[&&NHX:species=Tomato],SPI01g07492.1[&&NHX:species=S. pimp],Capang01g003894[&&NHX:species=Wild pepper],Capana08g001309[&&NHX:species=Dom. pepper],Sopen01g041370.1[&&NHX:species=S. Pennelli],SLYcer01g07781.1[&&NHX:species=Tomato Cherry])S,(PGSC0003DMP400043995[&&NHX:species=Potato],SPI11g04249.1[&&NHX:species=S. pimp],Capang11g000617[&&NHX:species=Wild pepper],SLYcer11g04177.1[&&NHX:species=Tomato Cherry],Sopen11g030380.1[&&NHX:species=S. Pennelli],Capana11g000681[&&NHX:species=Dom. pepper],Solyc11g072710.3.1[&&NHX:species=Tomato])S)D;	0	0	0	
OG23838	((Sopen06g030940.1[&&NHX:species=S. Pennelli],Solyc06g074480.3.1[&&NHX:species=Tomato],SLYcer06g05005.1[&&NHX:species=Tomato Cherry],PGSC0003DMP400012617[&&NHX:species=Potato],Capang06g000538[&&NHX:species=Wild pepper])S,(Solyc11g067070.1.1[&&NHX:species=Tomato],Capang00g003524[&&NHX:species=Wild pepper],(PGSC0003DMP400046134[&&NHX:species=Potato],PGSC0003DMP400046135[&&NHX:species=Potato])D,Sopen11g026780.1[&&NHX:species=S. Pennelli],SPI11g03836.1[&&NHX:species=S. pimp],Capana11g000241[&&NHX:species=Dom. pepper],SLYcer11g03771.1[&&NHX:species=Tomato Cherry])S)D;	0	0	0	
OG23844	((Capang03g002610[&&NHX:species=Wild pepper],Capana03g002699[&&NHX:species=Dom. pepper],PGSC0003DMP400032855[&&NHX:species=Potato],SLYcer03g03492.1[&&NHX:species=Tomato Cherry],Solyc03g093330.4.1[&&NHX:species=Tomato],Sopen03g024120.1[&&NHX:species=S. Pennelli])S,(SLYcer10g02530.1[&&NHX:species=Tomato Cherry],Capang05g001505[&&NHX:species=Wild pepper],PGSC0003DMP400012829[&&NHX:species=Potato],SPI05g04432.1[&&NHX:species=S. pimp],Solyc05g051640.4.1[&&NHX:species=Tomato],Sopen05g030100.1[&&NHX:species=S. Pennelli],Capana05g001926[&&NHX:species=Dom. pepper])S)D;	0	0	0	
OG23855	((PGSC0003DMP400013993[&&NHX:species=Potato],Capana04g000591[&&NHX:species=Dom. pepper],Solyc04g078700.3.1[&&NHX:species=Tomato],Capang04g000534[&&NHX:species=Wild pepper],SLYcer04g05479.1[&&NHX:species=Tomato Cherry],Sopen04g032300.1[&&NHX:species=S. Pennelli])S,(Sopen12g030660.1[&&NHX:species=S. Pennelli],Solyc12g088750.2.1[&&NHX:species=Tomato],PGSC0003DMP400027004[&&NHX:species=Potato],SLYcer12g04696.1[&&NHX:species=Tomato Cherry],SPI12g04655.1[&&NHX:species=S. pimp],Capang12g000611[&&NHX:species=Wild pepper],Capana12g000730[&&NHX:species=Dom. pepper])S)D;	0	0	0	
OG23862	((Capang01g000232[&&NHX:species=Wild pepper],SPI08g06245.1[&&NHX:species=S. pimp],Solyc08g081220.1.1[&&NHX:species=Tomato],Sopen08g029530.1[&&NHX:species=S. Pennelli],SLYcer08g06335.1[&&NHX:species=Tomato Cherry],Capana01g000248[&&NHX:species=Dom. pepper],PGSC0003DMP400021569[&&NHX:species=Potato])S,(Capana08g000938[&&NHX:species=Dom. pepper],Capang01g003521[&&NHX:species=Wild pepper],Solyc01g094750.4.1[&&NHX:species=Tomato],PGSC0003DMP400068917[&&NHX:species=Potato],SPI01g07198.1[&&NHX:species=S. pimp],Sopen01g038530.1[&&NHX:species=S. Pennelli])S)D;	0	0	0	
OG23873	((Solyc11g006040.2.1[&&NHX:species=Tomato],SPI11g00354.1[&&NHX:species=S. pimp],Capana12g002105[&&NHX:species=Dom. pepper],Sopen11g001980.1[&&NHX:species=S. Pennelli],Capang12g001795[&&NHX:species=Wild pepper],PGSC0003DMP400049978[&&NHX:species=Potato],SLYcer11g00198.1[&&NHX:species=Tomato Cherry])S,(PGSC0003DMP400044974[&&NHX:species=Potato],SLYcer01g08278.1[&&NHX:species=Tomato Cherry],Solyc01g108840.3.1[&&NHX:species=Tomato],Capana08g002466[&&NHX:species=Dom. pepper],Capang01g004992[&&NHX:species=Wild pepper],Sopen01g051030.1[&&NHX:species=S. Pennelli])S)D;	0	0	0	
OG23893	((Capang02g002171[&&NHX:species=Wild pepper],Capana02g002430[&&NHX:species=Dom. pepper],PGSC0003DMP400002717[&&NHX:species=Potato],SPI02g03556.1[&&NHX:species=S. pimp],Solyc02g082490.4.1[&&NHX:species=Tomato],Sopen02g027180.1[&&NHX:species=S. Pennelli],SLYcer02g04639.1[&&NHX:species=Tomato Cherry])S,(PGSC0003DMP400040114[&&NHX:species=Potato],(Capana02g000353[&&NHX:species=Dom. pepper],Solyc02g038807.1.1[&&NHX:species=Tomato],Sopen02g012510.1[&&NHX:species=S. Pennelli],Capang02g000298[&&NHX:species=Wild pepper],PGSC0003DMP400040115[&&NHX:species=Potato])S)D)D;	0	0	0	
OG23900	((PGSC0003DMP400001732[&&NHX:species=Potato],Capang04g001715[&&NHX:species=Wild pepper],SPI11g01004.1[&&NHX:species=S. pimp],SLYcer11g00858.1[&&NHX:species=Tomato Cherry],Sopen11g007810.1[&&NHX:species=S. Pennelli],Capana04g001920[&&NHX:species=Dom. pepper])S,(Solyc04g015460.4.1[&&NHX:species=Tomato],PGSC0003DMP400047327[&&NHX:species=Potato],SLYcer04g01315.1[&&NHX:species=Tomato Cherry],Capana05g000102[&&NHX:species=Dom. pepper],SPI04g01046.1[&&NHX:species=S. pimp],Sopen04g007510.1[&&NHX:species=S. Pennelli],Capang05g000105[&&NHX:species=Wild pepper])S)D;	0	0	0	
OG23928	((((Sopen07g020120.2[&&NHX:species=S. Pennelli],(Sopen07g020120.3[&&NHX:species=S. Pennelli],Sopen07g020120.1[&&NHX:species=S. Pennelli:length=-0.27987])D)D,(PGSC0003DMP400031390[&&NHX:species=Potato],(PGSC0003DMP400031391[&&NHX:species=Potato],PGSC0003DMP400031387[&&NHX:species=Potato])D)D)S,Capang07g000992[&&NHX:species=Wild pepper],Capana07g000875[&&NHX:species=Dom. pepper])S,(PGSC0003DMP400031388[&&NHX:species=Potato],PGSC0003DMP400031389[&&NHX:species=Potato])D)D;	2	2	39	Solyc07g040990.4.1,SPI07g04217.1,SLYcer07g03497.1
OG23941	(((PGSC0003DMP400023557[&&NHX:species=Potato],((PGSC0003DMP400030484[&&NHX:species=Potato],PGSC0003DMP400030485[&&NHX:species=Potato])D,PGSC0003DMP400030486[&&NHX:species=Potato])D)D,Solyc05g014760.3.1[&&NHX:species=Tomato],Sopen05g009940.2[&&NHX:species=S. Pennelli],SPI05g01610.1[&&NHX:species=S. pimp])S,((PGSC0003DMP400023558[&&NHX:species=Potato],(Sopen05g009940.1[&&NHX:species=S. Pennelli],PGSC0003DMP400030487[&&NHX:species=Potato])S)D,Capana00g000807[&&NHX:species=Dom. pepper],Capang00g001339[&&NHX:species=Wild pepper])S)D;	1	1	12	SLYcer05g01159.1
OG24053	((PGSC0003DMP400055690[&&NHX:species=Potato],Sopen07g019460.1[&&NHX:species=S. Pennelli],SLYcer07g03395.1[&&NHX:species=Tomato Cherry],Capang07g000726[&&NHX:species=Wild pepper],Solyc07g040720.3.1[&&NHX:species=Tomato],Capana07g000698[&&NHX:species=Dom. pepper],SPI07g04109.1[&&NHX:species=S. pimp])S,((Capana05g001225[&&NHX:species=Dom. pepper],SPI05g01981.1[&&NHX:species=S. pimp],Capang05g001042[&&NHX:species=Wild pepper],Solyc05g016410.3.1[&&NHX:species=Tomato],Sopen05g013680.2[&&NHX:species=S. Pennelli])S,Sopen05g013680.3[&&NHX:species=S. Pennelli])D)D;	0	0	11	SLYcer05g01518.1
OG24137	(((Capana10g001888[&&NHX:species=Dom. pepper],SLYcer07g00576.1[&&NHX:species=Tomato Cherry],Sopen07g004550.1[&&NHX:species=S. Pennelli],SPI07g00624.1[&&NHX:species=S. pimp],Solyc07g008610.3.1[&&NHX:species=Tomato],Capang10g001667[&&NHX:species=Wild pepper])S,Sopen10g005950.1[&&NHX:species=S. Pennelli])D,(SPI10g00682.1[&&NHX:species=S. pimp],Capang01g000575[&&NHX:species=Wild pepper],Capana01g000634[&&NHX:species=Dom. pepper],SLYcer10g00807.1[&&NHX:species=Tomato Cherry],Solyc10g012190.3.1[&&NHX:species=Tomato])S)D;	0	0	96	PGSC0003DMP400033687,PGSC0003DMP400039854
OG24150	(((((PGSC0003DMP400022444[&&NHX:species=Potato],PGSC0003DMP400022441[&&NHX:species=Potato:length=-0.09438])D,PGSC0003DMP400022442[&&NHX:species=Potato:length=-0.58009])D,PGSC0003DMP400022443[&&NHX:species=Potato])D,(SLYcer02g04987.1[&&NHX:species=Tomato Cherry],SLYcer02g04988.1[&&NHX:species=Tomato Cherry])D,((Sopen02g030560.1[&&NHX:species=S. Pennelli],Sopen02g030570.1[&&NHX:species=S. Pennelli])D,(Solyc02g085880.3.1[&&NHX:species=Tomato],Solyc02g094860.3.1[&&NHX:species=Tomato])D)S,(SPI02g03914.1[&&NHX:species=S. pimp],SPI02g03913.1[&&NHX:species=S. pimp])D)S,Capana02g002776[&&NHX:species=Dom. pepper])S;	1	1	48	Capang02g002500
OG24183	((Sopen03g030900.1[&&NHX:species=S. Pennelli],PGSC0003DMP400026591[&&NHX:species=Potato],Capana03g001258[&&NHX:species=Dom. pepper],Capang03g001205[&&NHX:species=Wild pepper],Solyc03g111800.2.1[&&NHX:species=Tomato],SLYcer03g04353.1[&&NHX:species=Tomato Cherry],SPI03g04410.1[&&NHX:species=S. pimp])S,(PGSC0003DMP400047018[&&NHX:species=Potato],Solyc06g071810.1.1[&&NHX:species=Tomato],Sopen06g028100.1[&&NHX:species=S. Pennelli],Capana06g000921[&&NHX:species=Dom. pepper],Capang06g000863[&&NHX:species=Wild pepper],SPI06g04592.1[&&NHX:species=S. pimp],SLYcer06g04731.1[&&NHX:species=Tomato Cherry])S)D;	0	0	0	
OG24218	((Capang02g003000[&&NHX:species=Wild pepper],Capana02g003254[&&NHX:species=Dom. pepper],PGSC0003DMP400002478[&&NHX:species=Potato],Sopen02g033950.1[&&NHX:species=S. Pennelli],SLYcer02g05327.1[&&NHX:species=Tomato Cherry],Solyc02g089160.3.1[&&NHX:species=Tomato],SPI02g04250.1[&&NHX:species=S. pimp])S,(Capana02g000811[&&NHX:species=Dom. pepper],Capang02g000746[&&NHX:species=Wild pepper],Solyc02g065750.3.1[&&NHX:species=Tomato],PGSC0003DMP400059682[&&NHX:species=Potato],SPI02g02324.1[&&NHX:species=S. pimp],SLYcer02g03431.1[&&NHX:species=Tomato Cherry],Sopen02g015970.1[&&NHX:species=S. Pennelli])S)D;	0	0	0	
OG24236	((SLYcer06g03992.1[&&NHX:species=Tomato Cherry],Sopen06g021380.1[&&NHX:species=S. Pennelli],Capana06g001547[&&NHX:species=Dom. pepper],PGSC0003DMP400003768[&&NHX:species=Potato],SPI06g03866.1[&&NHX:species=S. pimp],Solyc06g061180.2.1[&&NHX:species=Tomato],Capang00g005212[&&NHX:species=Wild pepper])S,(SLYcer08g05912.1[&&NHX:species=Tomato Cherry],Solyc08g076960.1.1[&&NHX:species=Tomato],Capana01g001047[&&NHX:species=Dom. pepper],SPI08g05803.1[&&NHX:species=S. pimp],PGSC0003DMP400030588[&&NHX:species=Potato],Sopen08g025540.1[&&NHX:species=S. Pennelli],Capang01g000897[&&NHX:species=Wild pepper])S)D;	0	0	0	
OG24269	(((Capang12g000403[&&NHX:species=Wild pepper],SPI12g04822.1[&&NHX:species=S. pimp],PGSC0003DMP400051011[&&NHX:species=Potato],Capana12g000483[&&NHX:species=Dom. pepper],Sopen12g031910.1[&&NHX:species=S. Pennelli],SLYcer12g04863.1[&&NHX:species=Tomato Cherry],Solyc12g096020.3.1[&&NHX:species=Tomato])S,PGSC0003DMP400051010[&&NHX:species=Potato])D,(SPI08g04665.1[&&NHX:species=S. pimp],SLYcer08g04761.1[&&NHX:species=Tomato Cherry],Sopen08g018160.1[&&NHX:species=S. Pennelli],Capana08g000504[&&NHX:species=Dom. pepper],Capang01g003099[&&NHX:species=Wild pepper],Solyc08g062650.2.1[&&NHX:species=Tomato])S)D;	0	0	0	
OG24281	((((Capana02g000357[&&NHX:species=Dom. pepper],SLYcer02g02974.1[&&NHX:species=Tomato Cherry])S,Capana02g002436[&&NHX:species=Dom. pepper])D,(Sopen02g012570.1[&&NHX:species=S. Pennelli],SPI02g01887.1[&&NHX:species=S. pimp],Solyc02g038813.1.1[&&NHX:species=Tomato],Capang02g000301[&&NHX:species=Wild pepper],PGSC0003DMP400030528[&&NHX:species=Potato])S)D,(PGSC0003DMP400002723[&&NHX:species=Potato],Solyc02g082550.3.1[&&NHX:species=Tomato],SPI02g03561.1[&&NHX:species=S. pimp],SLYcer02g04644.1[&&NHX:species=Tomato Cherry],Capang02g002177[&&NHX:species=Wild pepper],Sopen02g027230.1[&&NHX:species=S. Pennelli])S)D;	1	1	0	
OG24289	((Capana06g001417[&&NHX:species=Dom. pepper],Capang06g001350[&&NHX:species=Wild pepper],SLYcer06g03517.1[&&NHX:species=Tomato Cherry],Solyc06g051540.4.1[&&NHX:species=Tomato],SPI06g03431.1[&&NHX:species=S. pimp],Sopen06g017520.1[&&NHX:species=S. Pennelli],PGSC0003DMP400048769[&&NHX:species=Potato])S,(PGSC0003DMP400047116[&&NHX:species=Potato],SLYcer10g02407.1[&&NHX:species=Tomato Cherry],Solyc05g052590.1.1[&&NHX:species=Tomato],SPI05g04564.1[&&NHX:species=S. pimp],Capana05g002038[&&NHX:species=Dom. pepper],Sopen05g031120.1[&&NHX:species=S. Pennelli],Capang05g001619[&&NHX:species=Wild pepper])S)D;	0	0	0	
OG24303	((Solyc01g097500.4.1[&&NHX:species=Tomato],Capang01g003846[&&NHX:species=Wild pepper],SPI01g07466.1[&&NHX:species=S. pimp],SLYcer01g07808.1[&&NHX:species=Tomato Cherry],Sopen01g041160.1[&&NHX:species=S. Pennelli],Capana08g001263[&&NHX:species=Dom. pepper])S,((Capang03g003139[&&NHX:species=Wild pepper],SPI09g03675.1[&&NHX:species=S. pimp],Sopen09g027320.1[&&NHX:species=S. Pennelli],SLYcer09g03752.1[&&NHX:species=Tomato Cherry],Capana03g003227[&&NHX:species=Dom. pepper],Solyc09g065570.4.1[&&NHX:species=Tomato],PGSC0003DMP400033626[&&NHX:species=Potato])S,PGSC0003DMP400033625[&&NHX:species=Potato])D)D;	0	0	0	
OG24313	((Capana04g001243[&&NHX:species=Dom. pepper],PGSC0003DMP400043496[&&NHX:species=Potato],Capang04g001178[&&NHX:species=Wild pepper],SPI04g04343.1[&&NHX:species=S. pimp],SLYcer04g04858.1[&&NHX:species=Tomato Cherry],Solyc04g071920.2.1[&&NHX:species=Tomato],Sopen04g027900.1[&&NHX:species=S. Pennelli])S,(PGSC0003DMP400034231[&&NHX:species=Potato],Sopen04g022840.1[&&NHX:species=S. Pennelli],Capang12g001517[&&NHX:species=Wild pepper],SPI04g03441.1[&&NHX:species=S. pimp],Capana12g001870[&&NHX:species=Dom. pepper],SLYcer04g03720.1[&&NHX:species=Tomato Cherry],Solyc04g051460.4.1[&&NHX:species=Tomato])S)D;	0	0	0	
OG24354	((Sopen01g044350.1[&&NHX:species=S. Pennelli],SPI01g07802.1[&&NHX:species=S. pimp],SLYcer01g07467.1[&&NHX:species=Tomato Cherry],Capang01g004225[&&NHX:species=Wild pepper],PGSC0003DMP400005014[&&NHX:species=Potato],Solyc01g100850.3.1[&&NHX:species=Tomato],Capana05g002156[&&NHX:species=Dom. pepper])S,((Capana00g002485[&&NHX:species=Dom. pepper],Capang03g003251[&&NHX:species=Wild pepper],Solyc09g066470.4.1[&&NHX:species=Tomato],Sopen09g028200.1[&&NHX:species=S. Pennelli],SPI09g03787.1[&&NHX:species=S. pimp],PGSC0003DMP400018220[&&NHX:species=Potato])S,PGSC0003DMP400018221[&&NHX:species=Potato])D)D;	0	0	0	
OG24359	((SPI03g03332.1[&&NHX:species=S. pimp],Solyc03g082450.3.1[&&NHX:species=Tomato],SLYcer03g03243.1[&&NHX:species=Tomato Cherry],Sopen03g022170.1[&&NHX:species=S. Pennelli],Capana03g001911[&&NHX:species=Dom. pepper],PGSC0003DMP400005799[&&NHX:species=Potato])S,(((PGSC0003DMP400005800[&&NHX:species=Potato],Sopen03g022190.1[&&NHX:species=S. Pennelli],Capana03g001913[&&NHX:species=Dom. pepper],SPI03g03334.1[&&NHX:species=S. pimp],Solyc03g082470.4.1[&&NHX:species=Tomato])S,PGSC0003DMP400005801[&&NHX:species=Potato])D,(Capana03g001912[&&NHX:species=Dom. pepper],Capang03g001823[&&NHX:species=Wild pepper])S)D)D;	0	0	0	
OG24382	((Capang05g001311[&&NHX:species=Wild pepper],SLYcer10g02855.1[&&NHX:species=Tomato Cherry],SPI05g04111.1[&&NHX:species=S. pimp],Sopen05g027880.1[&&NHX:species=S. Pennelli],Capana05g001622[&&NHX:species=Dom. pepper],PGSC0003DMP400024199[&&NHX:species=Potato],Solyc05g047570.2.1[&&NHX:species=Tomato])S,(PGSC0003DMP400051459[&&NHX:species=Potato],(SPI08g05238.1[&&NHX:species=S. pimp],Solyc08g069170.3.1[&&NHX:species=Tomato],SLYcer08g05352.1[&&NHX:species=Tomato Cherry],Capang01g001074[&&NHX:species=Wild pepper],PGSC0003DMP400051460[&&NHX:species=Potato],Capana01g001237[&&NHX:species=Dom. pepper])S)D)D;	0	0	0	
OG24399	(((PGSC0003DMP400003192[&&NHX:species=Potato],PGSC0003DMP400003193[&&NHX:species=Potato])D,Sopen01g032870.1[&&NHX:species=S. Pennelli],Capang08g000217[&&NHX:species=Wild pepper],SPI01g06580.1[&&NHX:species=S. pimp])S,(Solyc01g105670.3.1[&&NHX:species=Tomato],(PGSC0003DMP400056035[&&NHX:species=Potato],PGSC0003DMP400056036[&&NHX:species=Potato])D,Capang01g004640[&&NHX:species=Wild pepper],Sopen01g048120.1[&&NHX:species=S. Pennelli],Capana08g002084[&&NHX:species=Dom. pepper],SPI01g08191.1[&&NHX:species=S. pimp],SLYcer01g07952.1[&&NHX:species=Tomato Cherry])S)D;	0	0	4	SLYcer01g06304.1
OG24416	(((Sopen01g032210.2[&&NHX:species=S. Pennelli],Sopen01g032210.3[&&NHX:species=S. Pennelli])D,Capang00g002610[&&NHX:species=Wild pepper],SPI05g02295.1[&&NHX:species=S. pimp],Capana05g001327[&&NHX:species=Dom. pepper])S,((SPI01g06473.1[&&NHX:species=S. pimp],Sopen01g032210.1[&&NHX:species=S. Pennelli],PGSC0003DMP400055216[&&NHX:species=Potato],Capang01g002735[&&NHX:species=Wild pepper],Capana00g002121[&&NHX:species=Dom. pepper],SLYcer01g06173.1[&&NHX:species=Tomato Cherry],Solyc01g080400.3.1[&&NHX:species=Tomato])S,(PGSC0003DMP400055215[&&NHX:species=Potato],PGSC0003DMP400055217[&&NHX:species=Potato])D)D)D;	1	1	0	
OG24546	(((Capana07g002396[&&NHX:species=Dom. pepper],Sopen09g008450.2[&&NHX:species=S. Pennelli],PGSC0003DMP400023342[&&NHX:species=Potato],SLYcer09g01355.1[&&NHX:species=Tomato Cherry],Solyc09g015170.4.1[&&NHX:species=Tomato],SPI09g01209.1[&&NHX:species=S. pimp])S,Sopen09g008450.1[&&NHX:species=S. Pennelli])D,((Sopen09g013590.1[&&NHX:species=S. Pennelli],Capang00g001324[&&NHX:species=Wild pepper],Capana09g001041[&&NHX:species=Dom. pepper],Solyc09g030450.3.1[&&NHX:species=Tomato],SPI09g02076.1[&&NHX:species=S. pimp],SLYcer09g02168.1[&&NHX:species=Tomato Cherry],PGSC0003DMP400031290[&&NHX:species=Potato])S,Capang07g002394[&&NHX:species=Wild pepper])D)D;	0	0	0	
OG24559	((Capang03g000675[&&NHX:species=Wild pepper],SLYcer03g05047.1[&&NHX:species=Tomato Cherry],Sopen03g037470.1[&&NHX:species=S. Pennelli],SPI03g05107.1[&&NHX:species=S. pimp],Capana03g000647[&&NHX:species=Dom. pepper],Solyc03g118530.3.1[&&NHX:species=Tomato])S,((((Sopen06g026210.2[&&NHX:species=S. Pennelli],SPI06g04386.1[&&NHX:species=S. pimp],Solyc06g068920.3.1[&&NHX:species=Tomato])S,(SLYcer06g04529.1[&&NHX:species=Tomato Cherry],Sopen06g026210.3[&&NHX:species=S. Pennelli])S)D,Capang06g001002[&&NHX:species=Wild pepper])S,Capana06g001044[&&NHX:species=Dom. pepper])D)D;	0	0	26	PGSC0003DMP400050138,Capana06g001046
OG24586	(((SLYcer07g04954.1[&&NHX:species=Tomato Cherry],Capang04g002009[&&NHX:species=Wild pepper],Capana00g004572[&&NHX:species=Dom. pepper],Sopen07g028250.1[&&NHX:species=S. Pennelli],SPI07g05681.1[&&NHX:species=S. pimp],Solyc07g054300.3.1[&&NHX:species=Tomato],PGSC0003DMP400031913[&&NHX:species=Potato])S,PGSC0003DMP400031912[&&NHX:species=Potato])D,(Capana10g000402[&&NHX:species=Dom. pepper],SPI10g00455.1[&&NHX:species=S. pimp],Sopen10g004310.1[&&NHX:species=S. Pennelli],Capang10g000300[&&NHX:species=Wild pepper],PGSC0003DMP400037589[&&NHX:species=Potato],SLYcer10g00593.1[&&NHX:species=Tomato Cherry],Solyc10g008490.3.1[&&NHX:species=Tomato])S)D;	0	0	0	
OG24614	(((Capang09g001532[&&NHX:species=Wild pepper],Sopen09g005500.1[&&NHX:species=S. Pennelli],SLYcer09g00943.1[&&NHX:species=Tomato Cherry],Solyc09g010780.3.1[&&NHX:species=Tomato],SPI09g00847.1[&&NHX:species=S. pimp],Capana09g001992[&&NHX:species=Dom. pepper],PGSC0003DMP400015520[&&NHX:species=Potato])S,PGSC0003DMP400015519[&&NHX:species=Potato])D,(SLYcer10g05951.1[&&NHX:species=Tomato Cherry],Solyc10g086490.2.1[&&NHX:species=Tomato],SPI10g04504.1[&&NHX:species=S. pimp],PGSC0003DMP400033280[&&NHX:species=Potato],Capana07g000852[&&NHX:species=Dom. pepper],Sopen10g035870.1[&&NHX:species=S. Pennelli],Capang07g000967[&&NHX:species=Wild pepper])S)D;	0	0	0	
OG24641	(((Capana06g000284[&&NHX:species=Dom. pepper],SPI06g05193.1[&&NHX:species=S. pimp],SLYcer06g05302.1[&&NHX:species=Tomato Cherry],Solyc06g082440.1.1[&&NHX:species=Tomato],Sopen06g033820.1[&&NHX:species=S. Pennelli],PGSC0003DMP400053003[&&NHX:species=Potato])S,(Capang06g000274[&&NHX:species=Wild pepper],(Capang09g001057[&&NHX:species=Wild pepper],Capana09g001339[&&NHX:species=Dom. pepper])S)D)D,(PGSC0003DMP400035735[&&NHX:species=Potato],SLYcer06g00426.1[&&NHX:species=Tomato Cherry],Sopen06g002360.1[&&NHX:species=S. Pennelli],SPI06g00204.1[&&NHX:species=S. pimp],Solyc06g007440.4.1[&&NHX:species=Tomato],Capana06g002849[&&NHX:species=Dom. pepper])S)D;	1	1	0	
OG24665	((Capana00g004754[&&NHX:species=Dom. pepper],(Capang00g004069[&&NHX:species=Wild pepper],Capang00g005463[&&NHX:species=Wild pepper])D,((SLYcer10g05525.1[&&NHX:species=Tomato Cherry],PGSC0003DMP400048856[&&NHX:species=Potato],Solyc10g081350.2.1[&&NHX:species=Tomato],SPI10g04030.1[&&NHX:species=S. pimp],Sopen10g031850.1[&&NHX:species=S. Pennelli])S,PGSC0003DMP400048857[&&NHX:species=Potato])D)S,(PGSC0003DMP400012782[&&NHX:species=Potato],Capana10g002513[&&NHX:species=Dom. pepper],SPI10g03637.1[&&NHX:species=S. pimp],SLYcer10g05154.1[&&NHX:species=Tomato Cherry],Sopen10g028610.1[&&NHX:species=S. Pennelli],Solyc10g076920.3.1[&&NHX:species=Tomato])S)D;	0	0	0	
OG24678	(((Sopen04g006250.1[&&NHX:species=S. Pennelli],Solyc04g012160.4.1[&&NHX:species=Tomato],PGSC0003DMP400040892[&&NHX:species=Potato],Capang05g000242[&&NHX:species=Wild pepper],SPI04g00792.1[&&NHX:species=S. pimp],SLYcer04g00982.1[&&NHX:species=Tomato Cherry])S,(PGSC0003DMP400040891[&&NHX:species=Potato],Capana05g000287[&&NHX:species=Dom. pepper])S)D,(Sopen11g004930.1[&&NHX:species=S. Pennelli],Capang12g002297[&&NHX:species=Wild pepper],SLYcer11g00536.1[&&NHX:species=Tomato Cherry],Capana12g002655[&&NHX:species=Dom. pepper],PGSC0003DMP400028221[&&NHX:species=Potato],SPI11g00677.1[&&NHX:species=S. pimp],Solyc11g010130.3.1[&&NHX:species=Tomato])S)D;	0	0	0	
OG24679	(((PGSC0003DMP400029551[&&NHX:species=Potato],(Solyc03g071750.3.1[&&NHX:species=Tomato],Sopen03g020030.1[&&NHX:species=S. Pennelli],PGSC0003DMP400029552[&&NHX:species=Potato])S)D,(PGSC0003DMP400047568[&&NHX:species=Potato],Sopen11g003620.1[&&NHX:species=S. Pennelli],Solyc11g007760.2.1[&&NHX:species=Tomato])S)D,(SPI11g00526.1[&&NHX:species=S. pimp],SPI03g02071.1[&&NHX:species=S. pimp])D,(Capana03g003116[&&NHX:species=Dom. pepper],Capana12g002308[&&NHX:species=Dom. pepper])D)S;	0	0	100	Capang03g003002,Capang12g002048,SLYcer11g00382.1,SLYcer03g01946.1
OG24705	(((PGSC0003DMP400021996[&&NHX:species=Potato],PGSC0003DMP400021997[&&NHX:species=Potato])D,Capana07g002145[&&NHX:species=Dom. pepper],Solyc07g062710.4.1[&&NHX:species=Tomato],Capang07g002167[&&NHX:species=Wild pepper],Sopen07g030940.1[&&NHX:species=S. Pennelli],SPI07g06028.1[&&NHX:species=S. pimp])S,(Capang07g001786[&&NHX:species=Wild pepper],Solyc07g053450.4.1[&&NHX:species=Tomato],Sopen07g027410.1[&&NHX:species=S. Pennelli],PGSC0003DMP400016592[&&NHX:species=Potato],SPI07g05586.1[&&NHX:species=S. pimp],Capana07g001787[&&NHX:species=Dom. pepper],SLYcer07g04863.1[&&NHX:species=Tomato Cherry])S)D;	0	0	6	SLYcer07g05305.1
OG24715	((SPI10g03448.1[&&NHX:species=S. pimp],SLYcer10g04946.1[&&NHX:species=Tomato Cherry],Sopen10g027060.1[&&NHX:species=S. Pennelli],Capang00g003951[&&NHX:species=Wild pepper],Capana03g003498[&&NHX:species=Dom. pepper],Solyc10g074570.2.1[&&NHX:species=Tomato])S,(SPI01g08833.1[&&NHX:species=S. pimp],Capang01g005424[&&NHX:species=Wild pepper],Capana08g002854[&&NHX:species=Dom. pepper],Solyc01g112250.4.1[&&NHX:species=Tomato],Sopen01g054340.1[&&NHX:species=S. Pennelli],SLYcer01g08603.1[&&NHX:species=Tomato Cherry])S)D;	1	1	144	PGSC0003DMP400029382,PGSC0003DMP400029383,PGSC0003DMP400029384
OG24719	((Capana11g000187[&&NHX:species=Dom. pepper],SPI11g03792.1[&&NHX:species=S. pimp],Capang11g000186[&&NHX:species=Wild pepper],Solyc11g066650.3.1[&&NHX:species=Tomato],Sopen11g026380.1[&&NHX:species=S. Pennelli],SLYcer11g03728.1[&&NHX:species=Tomato Cherry])S,((SPI06g04893.1[&&NHX:species=S. pimp],PGSC0003DMP400012691[&&NHX:species=Potato],Sopen06g031110.1[&&NHX:species=S. Pennelli],Capang06g000524[&&NHX:species=Wild pepper],SLYcer06g05032.1[&&NHX:species=Tomato Cherry],Solyc06g074700.4.1[&&NHX:species=Tomato],Capana06g000575[&&NHX:species=Dom. pepper])S,(PGSC0003DMP400012690[&&NHX:species=Potato],PGSC0003DMP400012692[&&NHX:species=Potato])D)D)D;	1	1	0	
OG24720	((((Sopen12g030480.1[&&NHX:species=S. Pennelli],PGSC0003DMP400026994[&&NHX:species=Potato])S,PGSC0003DMP400020527[&&NHX:species=Potato])D,((SPI12g04626.1[&&NHX:species=S. pimp],Solyc12g088460.3.1[&&NHX:species=Tomato],Sopen12g030440.1[&&NHX:species=S. Pennelli],SLYcer12g04670.1[&&NHX:species=Tomato Cherry])S,(SLYcer12g04676.1[&&NHX:species=Tomato Cherry],Solyc12g088510.1.1[&&NHX:species=Tomato],SPI12g04632.1[&&NHX:species=S. pimp])S)D)D,(Capang12g000665[&&NHX:species=Wild pepper],Capang12g000639[&&NHX:species=Wild pepper])D)S;	0	0	48	Capana12g000760,PGSC0003DMP400020526,PGSC0003DMP400026993
OG24789	(((PGSC0003DMP400013611[&&NHX:species=Potato],Capana05g001388[&&NHX:species=Dom. pepper],Sopen04g016110.1[&&NHX:species=S. Pennelli],Capang05g000917[&&NHX:species=Wild pepper],SPI04g01719.1[&&NHX:species=S. pimp],Solyc04g039730.3.1[&&NHX:species=Tomato],SLYcer04g01943.1[&&NHX:species=Tomato Cherry])S,PGSC0003DMP400013609[&&NHX:species=Potato])D,((Sopen05g001150.1[&&NHX:species=S. Pennelli],PGSC0003DMP400023854[&&NHX:species=Potato],SLYcer05g00101.1[&&NHX:species=Tomato Cherry],Capang11g001248[&&NHX:species=Wild pepper],SPI05g00112.1[&&NHX:species=S. pimp],Capana11g001270[&&NHX:species=Dom. pepper])S,PGSC0003DMP400023855[&&NHX:species=Potato])D)D;	0	0	0	
OG24793	((PGSC0003DMP400062021[&&NHX:species=Potato],SLYcer02g05268.1[&&NHX:species=Tomato Cherry],SPI02g04193.1[&&NHX:species=S. pimp],((Capana02g003323[&&NHX:species=Dom. pepper],Capang02g003060[&&NHX:species=Wild pepper])S,Capana02g003324[&&NHX:species=Dom. pepper])D,Sopen02g033250.1[&&NHX:species=S. Pennelli])S,((PGSC0003DMP400002603[&&NHX:species=Potato],(SLYcer02g05266.1[&&NHX:species=Tomato Cherry],Solyc02g088500.1.1[&&NHX:species=Tomato],Sopen02g033210.1[&&NHX:species=S. Pennelli],PGSC0003DMP400061093[&&NHX:species=Potato],SPI02g04191.1[&&NHX:species=S. pimp])S)D,Capang02g003063[&&NHX:species=Wild pepper])S)D;	0	0	6	Capana02g003327
OG24903	((((Sopen06g033950.1[&&NHX:species=S. Pennelli],Sopen06g033940.1[&&NHX:species=S. Pennelli])D,SLYcer06g05312.1[&&NHX:species=Tomato Cherry],Solyc06g150137.1.1[&&NHX:species=Tomato],SPI06g05203.1[&&NHX:species=S. pimp],PGSC0003DMP400053026[&&NHX:species=Potato])S,(PGSC0003DMP400053024[&&NHX:species=Potato],(SLYcer10g02859.1[&&NHX:species=Tomato Cherry],Solyc05g047530.3.1[&&NHX:species=Tomato],Sopen05g027840.1[&&NHX:species=S. Pennelli],PGSC0003DMP400024202[&&NHX:species=Potato],SPI05g04107.1[&&NHX:species=S. pimp])S)D)D,(Capana06g000273[&&NHX:species=Dom. pepper],Capana06g000272[&&NHX:species=Dom. pepper])D,(Capang06g000261[&&NHX:species=Wild pepper],Capang06g000260[&&NHX:species=Wild pepper])D)S;	0	0	0	
OG24905	(((Sopen11g002270.2[&&NHX:species=S. Pennelli],Sopen11g002270.1[&&NHX:species=S. Pennelli])D,Capana12g002139[&&NHX:species=Dom. pepper],SLYcer11g00235.1[&&NHX:species=Tomato Cherry],SPI11g00384.1[&&NHX:species=S. pimp],Solyc11g006370.2.1[&&NHX:species=Tomato],Capang12g001828[&&NHX:species=Wild pepper],PGSC0003DMP400001885[&&NHX:species=Potato])S,((SPI04g00579.1[&&NHX:species=S. pimp],PGSC0003DMP400044117[&&NHX:species=Potato],Sopen04g004930.1[&&NHX:species=S. Pennelli],SLYcer04g00604.1[&&NHX:species=Tomato Cherry],Capana05g000502[&&NHX:species=Dom. pepper],Capang05g000414[&&NHX:species=Wild pepper],Solyc04g009800.3.1[&&NHX:species=Tomato])S,PGSC0003DMP400044118[&&NHX:species=Potato])D)D;	0	0	0	
OG24938	((Capang02g000793[&&NHX:species=Wild pepper],Capana02g000880[&&NHX:species=Dom. pepper],SLYcer02g03486.1[&&NHX:species=Tomato Cherry],Sopen02g016220.1[&&NHX:species=S. Pennelli],Solyc02g067030.4.1[&&NHX:species=Tomato],SPI02g02379.1[&&NHX:species=S. pimp])S,(((PGSC0003DMP400042508[&&NHX:species=Potato],PGSC0003DMP400042509[&&NHX:species=Potato])D,Capang03g000750[&&NHX:species=Wild pepper],Sopen03g034680.1[&&NHX:species=S. Pennelli],Capana03g000820[&&NHX:species=Dom. pepper],Solyc03g115700.3.1[&&NHX:species=Tomato],SPI03g04816.1[&&NHX:species=S. pimp],SLYcer03g04760.1[&&NHX:species=Tomato Cherry])S,(PGSC0003DMP400042507[&&NHX:species=Potato],PGSC0003DMP400042510[&&NHX:species=Potato])D)D)D;	1	1	0	
OG24942	((((PGSC0003DMP400050412[&&NHX:species=Potato],SLYcer06g04493.1[&&NHX:species=Tomato Cherry],Sopen06g025860.1[&&NHX:species=S. Pennelli],Capana06g001078[&&NHX:species=Dom. pepper],SPI06g04353.1[&&NHX:species=S. pimp],Capang06g001031[&&NHX:species=Wild pepper])S,PGSC0003DMP400050410[&&NHX:species=Potato])D,PGSC0003DMP400050411[&&NHX:species=Potato])D,(SPI03g05030.1[&&NHX:species=S. pimp],Sopen03g036720.1[&&NHX:species=S. Pennelli],Capang03g000524[&&NHX:species=Wild pepper],SLYcer03g04975.1[&&NHX:species=Tomato Cherry],Capana03g000573[&&NHX:species=Dom. pepper],PGSC0003DMP400025020[&&NHX:species=Potato])S)D;	1	1	144	Solyc03g117810.4.1,Solyc06g068600.3.1
OG24950	(((SPI08g00137.1[&&NHX:species=S. pimp],Sopen08g001650.1[&&NHX:species=S. Pennelli],Capang08g001094[&&NHX:species=Wild pepper],SLYcer08g00213.1[&&NHX:species=Tomato Cherry],Capana01g004230[&&NHX:species=Dom. pepper],Solyc08g005610.3.1[&&NHX:species=Tomato],PGSC0003DMP400032188[&&NHX:species=Potato])S,PGSC0003DMP400032189[&&NHX:species=Potato])D,(PGSC0003DMP400003521[&&NHX:species=Potato],(Sopen08g023920.1[&&NHX:species=S. Pennelli],SPI08g05626.1[&&NHX:species=S. pimp],Solyc08g075320.4.1[&&NHX:species=Tomato],Capana01g000984[&&NHX:species=Dom. pepper],Capang01g000970[&&NHX:species=Wild pepper],PGSC0003DMP400003519[&&NHX:species=Potato],SLYcer08g05744.1[&&NHX:species=Tomato Cherry])S)D)D;	0	0	0	
OG24965	((Sopen01g042010.1[&&NHX:species=S. Pennelli],Solyc01g098440.3.1[&&NHX:species=Tomato],PGSC0003DMP400006788[&&NHX:species=Potato],Capana08g001384[&&NHX:species=Dom. pepper],SLYcer01g07711.1[&&NHX:species=Tomato Cherry],SPI01g07559.1[&&NHX:species=S. pimp])S,((Capana06g000052[&&NHX:species=Dom. pepper],Capang06g000036[&&NHX:species=Wild pepper])S,((Sopen09g029070.1[&&NHX:species=S. Pennelli],Capang03g003415[&&NHX:species=Wild pepper],SPI09g04050.1[&&NHX:species=S. pimp],Solyc09g074250.3.1[&&NHX:species=Tomato],SLYcer09g04255.1[&&NHX:species=Tomato Cherry],PGSC0003DMP400006789[&&NHX:species=Potato],Capana03g003475[&&NHX:species=Dom. pepper])S,PGSC0003DMP400006790[&&NHX:species=Potato])D)D)D;	1	1	0	
OG24967	((((SLYcer08g00365.1[&&NHX:species=Tomato Cherry],PGSC0003DMP400035656[&&NHX:species=Potato])S,(Solyc08g007000.3.1[&&NHX:species=Tomato],SPI08g00301.1[&&NHX:species=S. pimp],PGSC0003DMP400035657[&&NHX:species=Potato],Sopen08g002970.1[&&NHX:species=S. Pennelli])S)D,Capang08g001234[&&NHX:species=Wild pepper],Capana01g004367[&&NHX:species=Dom. pepper])S,((Sopen08g025710.1[&&NHX:species=S. Pennelli],Capana06g002439[&&NHX:species=Dom. pepper],Capang06g002267[&&NHX:species=Wild pepper],SPI08g05818.1[&&NHX:species=S. pimp],Solyc08g077150.3.1[&&NHX:species=Tomato],SLYcer08g05927.1[&&NHX:species=Tomato Cherry],PGSC0003DMP400030567[&&NHX:species=Potato])S,PGSC0003DMP400030566[&&NHX:species=Potato])D)D;	0	0	0	
OG24973	(((Solyc03g033540.3.1[&&NHX:species=Tomato],PGSC0003DMP400039123[&&NHX:species=Potato],SPI03g01025.1[&&NHX:species=S. pimp],Sopen03g006320.1[&&NHX:species=S. Pennelli],SLYcer03g00856.1[&&NHX:species=Tomato Cherry],Capang04g002071[&&NHX:species=Wild pepper],Capana04g002342[&&NHX:species=Dom. pepper])S,PGSC0003DMP400039124[&&NHX:species=Potato])D,(PGSC0003DMP400006362[&&NHX:species=Potato],(SPI02g03692.1[&&NHX:species=S. pimp],SLYcer02g04780.1[&&NHX:species=Tomato Cherry],Capana02g002584[&&NHX:species=Dom. pepper],PGSC0003DMP400006361[&&NHX:species=Potato],Sopen02g028640.1[&&NHX:species=S. Pennelli],Solyc02g083850.3.1[&&NHX:species=Tomato],Capang02g002320[&&NHX:species=Wild pepper])S)D)D;	0	0	0	
OG24983	((Solyc01g091620.3.1[&&NHX:species=Tomato],SLYcer01g06831.1[&&NHX:species=Tomato Cherry],PGSC0003DMP400048283[&&NHX:species=Potato],Capang01g001262[&&NHX:species=Wild pepper],SPI01g07029.1[&&NHX:species=S. pimp],Sopen01g037390.1[&&NHX:species=S. Pennelli],Capana01g001441[&&NHX:species=Dom. pepper])S,((SPI05g04343.1[&&NHX:species=S. pimp],Capang05g000825[&&NHX:species=Wild pepper],Solyc05g051050.3.1[&&NHX:species=Tomato],SLYcer10g02630.1[&&NHX:species=Tomato Cherry],Sopen05g029500.1[&&NHX:species=S. Pennelli],PGSC0003DMP400012380[&&NHX:species=Potato],Capana05g001555[&&NHX:species=Dom. pepper])S,(PGSC0003DMP400012379[&&NHX:species=Potato],PGSC0003DMP400012378[&&NHX:species=Potato])D)D)D;	1	1	0	
OG24993	(((PGSC0003DMP400035653[&&NHX:species=Potato],PGSC0003DMP400035652[&&NHX:species=Potato])D,SPI08g00308.1[&&NHX:species=S. pimp],SLYcer08g00372.1[&&NHX:species=Tomato Cherry],Sopen08g003010.1[&&NHX:species=S. Pennelli],Capang08g001229[&&NHX:species=Wild pepper],Solyc08g007060.4.1[&&NHX:species=Tomato])S,(Sopen08g025720.1[&&NHX:species=S. Pennelli],SPI08g05821.1[&&NHX:species=S. pimp],((Capang01g000752[&&NHX:species=Wild pepper],Capana01g000828[&&NHX:species=Dom. pepper])S,(Capang01g000748[&&NHX:species=Wild pepper],Capana01g000822[&&NHX:species=Dom. pepper])S)D,SLYcer08g05930.1[&&NHX:species=Tomato Cherry],Solyc08g077170.3.1[&&NHX:species=Tomato])S)D;	0	0	10	Capana01g004368
OG25133	((Solyc08g081210.4.1[&&NHX:species=Tomato],SLYcer08g06334.1[&&NHX:species=Tomato Cherry],PGSC0003DMP400021570[&&NHX:species=Potato],Sopen08g029520.1[&&NHX:species=S. Pennelli])S,((Capang06g002326[&&NHX:species=Wild pepper],Sopen06g011840.1[&&NHX:species=S. Pennelli],Solyc06g036080.4.1[&&NHX:species=Tomato],SPI06g02695.1[&&NHX:species=S. pimp],SLYcer06g02898.1[&&NHX:species=Tomato Cherry],Capana00g005109[&&NHX:species=Dom. pepper])S,(Sopen03g004200.1[&&NHX:species=S. Pennelli],Solyc03g025360.3.1[&&NHX:species=Tomato],Capang03g002093[&&NHX:species=Wild pepper],PGSC0003DMP400027723[&&NHX:species=Potato],Capana03g002202[&&NHX:species=Dom. pepper],SLYcer03g00419.1[&&NHX:species=Tomato Cherry],SPI03g00638.1[&&NHX:species=S. pimp])S)D)D;	1	1	0	
OG25179	(((SLYcer10g00490.1[&&NHX:species=Tomato Cherry],Capang10g000122[&&NHX:species=Wild pepper],Capana10g000124[&&NHX:species=Dom. pepper],Solyc10g007500.4.1[&&NHX:species=Tomato],PGSC0003DMP400036823[&&NHX:species=Potato],Sopen10g003440.2[&&NHX:species=S. Pennelli])S,Sopen10g003440.1[&&NHX:species=S. Pennelli])D,((Capana07g002054[&&NHX:species=Dom. pepper],SLYcer07g05243.1[&&NHX:species=Tomato Cherry],Capang07g002089[&&NHX:species=Wild pepper],(Sopen07g030340.2[&&NHX:species=S. Pennelli],Sopen07g030340.1[&&NHX:species=S. Pennelli])D,Solyc07g062080.4.1[&&NHX:species=Tomato],PGSC0003DMP400012517[&&NHX:species=Potato],SPI07g05967.1[&&NHX:species=S. pimp])S,PGSC0003DMP400012516[&&NHX:species=Potato],PGSC0003DMP400012518[&&NHX:species=Potato])D)D;	1	0	0	
OG25196	((SLYcer02g05449.1[&&NHX:species=Tomato Cherry],(PGSC0003DMP400017815[&&NHX:species=Potato],PGSC0003DMP400017816[&&NHX:species=Potato])D,Solyc02g090430.3.1[&&NHX:species=Tomato],SPI02g04371.1[&&NHX:species=S. pimp],Capana02g003131[&&NHX:species=Dom. pepper],Sopen02g035130.1[&&NHX:species=S. Pennelli],Capang02g002840[&&NHX:species=Wild pepper])S,(Capana00g003026[&&NHX:species=Dom. pepper],(PGSC0003DMP400001453[&&NHX:species=Potato],PGSC0003DMP400001454[&&NHX:species=Potato])D,Capang02g000641[&&NHX:species=Wild pepper],SLYcer02g03364.1[&&NHX:species=Tomato Cherry],SPI02g02252.1[&&NHX:species=S. pimp],(Sopen02g015270.1[&&NHX:species=S. Pennelli],Sopen02g015270.2[&&NHX:species=S. Pennelli])D,Solyc02g065110.3.1[&&NHX:species=Tomato])S)D;	0	0	0	
OG25208	((((SPI04g04935.1[&&NHX:species=S. pimp],PGSC0003DMP400037341[&&NHX:species=Potato],Solyc04g078270.3.1[&&NHX:species=Tomato],SLYcer04g05437.1[&&NHX:species=Tomato Cherry],Sopen04g031870.1[&&NHX:species=S. Pennelli],Capang04g000596[&&NHX:species=Wild pepper],Capana04g000632[&&NHX:species=Dom. pepper])S,Sopen04g031860.1[&&NHX:species=S. Pennelli])D,PGSC0003DMP400037339[&&NHX:species=Potato])D,((PGSC0003DMP400037342[&&NHX:species=Potato],Capang04g000594[&&NHX:species=Wild pepper],Sopen04g031880.1[&&NHX:species=S. Pennelli],SPI04g04936.1[&&NHX:species=S. pimp],Capana04g000629[&&NHX:species=Dom. pepper],Solyc04g078290.4.1[&&NHX:species=Tomato],SLYcer04g05438.1[&&NHX:species=Tomato Cherry])S,Capang04g000595[&&NHX:species=Wild pepper])D)D;	0	0	0	
OG25216	((PGSC0003DMP400014148[&&NHX:species=Potato],((PGSC0003DMP400014145[&&NHX:species=Potato],PGSC0003DMP400014144[&&NHX:species=Potato])D,Capang04g000457[&&NHX:species=Wild pepper],Capana04g000499[&&NHX:species=Dom. pepper],Sopen04g033010.1[&&NHX:species=S. Pennelli],SPI04g05042.1[&&NHX:species=S. pimp],Solyc04g079400.3.1[&&NHX:species=Tomato])S)D,((((PGSC0003DMP400027064[&&NHX:species=Potato],PGSC0003DMP400027065[&&NHX:species=Potato])D,PGSC0003DMP400027066[&&NHX:species=Potato])D,Solyc12g088940.3.1[&&NHX:species=Tomato],(Sopen00g008140.1[&&NHX:species=S. Pennelli],Sopen12g030840.1[&&NHX:species=S. Pennelli])D,SLYcer12g04718.1[&&NHX:species=Tomato Cherry],SPI12g04677.1[&&NHX:species=S. pimp])S,PGSC0003DMP400027063[&&NHX:species=Potato])D)D;	1	1	0	
OG25233	((SPI02g03657.1[&&NHX:species=S. pimp],SLYcer02g04743.1[&&NHX:species=Tomato Cherry],PGSC0003DMP400006530[&&NHX:species=Potato],Sopen02g028310.1[&&NHX:species=S. Pennelli],Capana02g002542[&&NHX:species=Dom. pepper],Capang02g002279[&&NHX:species=Wild pepper],Solyc02g083520.2.1[&&NHX:species=Tomato])S,(((Capang02g000504[&&NHX:species=Wild pepper],PGSC0003DMP400041308[&&NHX:species=Potato],Solyc02g061990.3.1[&&NHX:species=Tomato],Capana02g000584[&&NHX:species=Dom. pepper],Sopen02g012950.1[&&NHX:species=S. Pennelli])S,(Capana02g000583[&&NHX:species=Dom. pepper],SLYcer02g03076.1[&&NHX:species=Tomato Cherry],PGSC0003DMP400041309[&&NHX:species=Potato],SPI02g01950.1[&&NHX:species=S. pimp])S)D,PGSC0003DMP400041307[&&NHX:species=Potato])D)D;	0	0	0	
OG25270	((Capang07g001282[&&NHX:species=Wild pepper],(Capana09g001996[&&NHX:species=Dom. pepper],Capang09g001536[&&NHX:species=Wild pepper])S)D,(((Sopen07g024420.1[&&NHX:species=S. Pennelli],SPI07g04930.1[&&NHX:species=S. pimp],SLYcer07g04256.1[&&NHX:species=Tomato Cherry],Capang07g001283[&&NHX:species=Wild pepper],PGSC0003DMP400010874[&&NHX:species=Potato],Solyc07g047990.1.1[&&NHX:species=Tomato])S,(Capana07g001253[&&NHX:species=Dom. pepper],Capana07g001254[&&NHX:species=Dom. pepper])D)D,(Solyc05g041420.4.1[&&NHX:species=Tomato],Sopen05g025400.1[&&NHX:species=S. Pennelli],(PGSC0003DMP400052703[&&NHX:species=Potato],PGSC0003DMP400052704[&&NHX:species=Potato])D,SPI05g03643.1[&&NHX:species=S. pimp],SLYcer05g03019.1[&&NHX:species=Tomato Cherry])S)D)D;	1	1	0	
OG25275	(((Capana00g000302[&&NHX:species=Dom. pepper],(SLYcer06g04236.1[&&NHX:species=Tomato Cherry],Sopen06g023900.1[&&NHX:species=S. Pennelli],PGSC0003DMP400045315[&&NHX:species=Potato],Solyc06g065420.2.1[&&NHX:species=Tomato],SPI06g04100.1[&&NHX:species=S. pimp],Capana06g001389[&&NHX:species=Dom. pepper],Capang06g001323[&&NHX:species=Wild pepper])S)D,(Capana06g001388[&&NHX:species=Dom. pepper],Capang06g001322[&&NHX:species=Wild pepper])S)D,(Capang06g001325[&&NHX:species=Wild pepper],PGSC0003DMP400045252[&&NHX:species=Potato],SLYcer06g04237.1[&&NHX:species=Tomato Cherry],Capana06g001391[&&NHX:species=Dom. pepper],Sopen06g023910.1[&&NHX:species=S. Pennelli],SPI06g04101.1[&&NHX:species=S. pimp],Solyc06g065430.3.1[&&NHX:species=Tomato])S)D;	0	0	0	
OG25283	(((((PGSC0003DMP400008142[&&NHX:species=Potato],Sopen12g033660.1[&&NHX:species=S. Pennelli],Solyc12g098910.2.1[&&NHX:species=Tomato],SLYcer06g03311.1[&&NHX:species=Tomato Cherry])S,PGSC0003DMP400008141[&&NHX:species=Potato])D,Capang12g000186[&&NHX:species=Wild pepper],Capana12g000209[&&NHX:species=Dom. pepper])S,(PGSC0003DMP400008140[&&NHX:species=Potato],PGSC0003DMP400008137[&&NHX:species=Potato])D)D,((Sopen05g031720.1[&&NHX:species=S. Pennelli],PGSC0003DMP400047178[&&NHX:species=Potato],Capang05g001795[&&NHX:species=Wild pepper],Capana05g002243[&&NHX:species=Dom. pepper],Solyc05g053210.4.1[&&NHX:species=Tomato])S,(SLYcer10g02327.1[&&NHX:species=Tomato Cherry],PGSC0003DMP400047179[&&NHX:species=Potato])S)D)D;	1	1	14	SPI05g04634.1
OG25339	((((Capana04g002121[&&NHX:species=Dom. pepper],Capang10g001542[&&NHX:species=Wild pepper])S,Capang02g000580[&&NHX:species=Wild pepper])D,((PGSC0003DMP400043268[&&NHX:species=Potato],(Sopen03g008050.1[&&NHX:species=S. Pennelli],Sopen02g037190.1[&&NHX:species=S. Pennelli])D,(Solyc02g092640.4.1[&&NHX:species=Tomato],Solyc03g044140.3.1[&&NHX:species=Tomato])D,Capana02g002993[&&NHX:species=Dom. pepper],SPI02g04579.1[&&NHX:species=S. pimp],SLYcer02g05660.1[&&NHX:species=Tomato Cherry])S,(SPI03g01308.1[&&NHX:species=S. pimp],SLYcer03g01102.1[&&NHX:species=Tomato Cherry])S)D)D,(Sopen02g014800.1[&&NHX:species=S. Pennelli],Solyc02g064700.3.1[&&NHX:species=Tomato],SLYcer02g03305.1[&&NHX:species=Tomato Cherry],Capana02g000662[&&NHX:species=Dom. pepper],SPI02g02185.1[&&NHX:species=S. pimp])S)D;	1	1	0	
OG25399	((SPI03g04439.1[&&NHX:species=S. pimp],Solyc03g112140.4.1[&&NHX:species=Tomato],(PGSC0003DMP400031704[&&NHX:species=Potato],(PGSC0003DMP400031701[&&NHX:species=Potato],PGSC0003DMP400031703[&&NHX:species=Potato])D)D,(Sopen03g031230.2[&&NHX:species=S. Pennelli],Sopen03g031230.1[&&NHX:species=S. Pennelli])D,SLYcer03g04383.1[&&NHX:species=Tomato Cherry],Capang03g001184[&&NHX:species=Wild pepper])S,(PGSC0003DMP400031702[&&NHX:species=Potato],((Sopen06g028090.1[&&NHX:species=S. Pennelli],Capang06g000864[&&NHX:species=Wild pepper],SLYcer06g04730.1[&&NHX:species=Tomato Cherry],Capana06g000922[&&NHX:species=Dom. pepper],Solyc06g071800.4.1[&&NHX:species=Tomato],PGSC0003DMP400046858[&&NHX:species=Potato])S,PGSC0003DMP400046859[&&NHX:species=Potato])D)D)D;	1	1	14	SPI06g04589.1
OG25406	(((SLYcer11g00873.1[&&NHX:species=Tomato Cherry],PGSC0003DMP400050573[&&NHX:species=Potato])S,(((PGSC0003DMP400044157[&&NHX:species=Potato],Solyc08g066050.3.1[&&NHX:species=Tomato],SLYcer08g04999.1[&&NHX:species=Tomato Cherry],Sopen08g019710.1[&&NHX:species=S. Pennelli],SPI08g04889.1[&&NHX:species=S. pimp])S,PGSC0003DMP400044154[&&NHX:species=Potato])D,PGSC0003DMP400044155[&&NHX:species=Potato])D,(Sopen12g031770.1[&&NHX:species=S. Pennelli],SLYcer12g04850.1[&&NHX:species=Tomato Cherry],Solyc12g095870.3.1[&&NHX:species=Tomato],SPI12g04808.1[&&NHX:species=S. pimp],PGSC0003DMP400051186[&&NHX:species=Potato])S)D,(Capana12g000511[&&NHX:species=Dom. pepper],Capana08g000339[&&NHX:species=Dom. pepper])D)S;	2	1	56	Capang01g002957,Capang12g000422
OG25412	(((SLYcer08g00157.1[&&NHX:species=Tomato Cherry],(PGSC0003DMP400031154[&&NHX:species=Potato],((PGSC0003DMP400031155[&&NHX:species=Potato],(PGSC0003DMP400031156[&&NHX:species=Potato],PGSC0003DMP400031158[&&NHX:species=Potato])D)D,((PGSC0003DMP400031157[&&NHX:species=Potato],PGSC0003DMP400031159[&&NHX:species=Potato])D,Sopen08g001150.1[&&NHX:species=S. Pennelli],Solyc08g005140.3.1[&&NHX:species=Tomato])S)D)D,SPI08g00077.1[&&NHX:species=S. pimp])S,(Sopen06g035540.1[&&NHX:species=S. Pennelli],SLYcer06g05479.1[&&NHX:species=Tomato Cherry],PGSC0003DMP400034941[&&NHX:species=Potato],Solyc06g084160.4.1[&&NHX:species=Tomato],SPI06g05371.1[&&NHX:species=S. pimp])S)D,(Capana06g000098[&&NHX:species=Dom. pepper],Capana06g000087[&&NHX:species=Dom. pepper])D)S;	1	1	30	Capang06g000072
OG25590	((PGSC0003DMP400019448[&&NHX:species=Potato],(Sopen10g034390.1[&&NHX:species=S. Pennelli],Capang10g001410[&&NHX:species=Wild pepper],Solyc10g084930.2.1[&&NHX:species=Tomato],PGSC0003DMP400019450[&&NHX:species=Potato],SPI10g04335.1[&&NHX:species=S. pimp],SLYcer10g05801.1[&&NHX:species=Tomato Cherry],Capana10g001659[&&NHX:species=Dom. pepper])S,PGSC0003DMP400019449[&&NHX:species=Potato])D,((SLYcer09g01008.1[&&NHX:species=Tomato Cherry],Solyc09g011320.3.1[&&NHX:species=Tomato],Sopen09g006040.1[&&NHX:species=S. Pennelli],SPI09g00918.1[&&NHX:species=S. pimp],Capana09g001726[&&NHX:species=Dom. pepper],Capang09g001292[&&NHX:species=Wild pepper],PGSC0003DMP400015620[&&NHX:species=Potato])S,PGSC0003DMP400015618[&&NHX:species=Potato],PGSC0003DMP400015616[&&NHX:species=Potato],PGSC0003DMP400015617[&&NHX:species=Potato])D)D;	2	0	0	
OG25694	((SPI03g05534.1[&&NHX:species=S. pimp],Solyc03g123780.4.1[&&NHX:species=Tomato],Sopen03g041540.1[&&NHX:species=S. Pennelli],Capang03g000049[&&NHX:species=Wild pepper],PGSC0003DMP400016187[&&NHX:species=Potato],Capana03g000053[&&NHX:species=Dom. pepper])S,((Solyc07g063000.4.1[&&NHX:species=Tomato],Capang07g002191[&&NHX:species=Wild pepper],SPI07g06055.1[&&NHX:species=S. pimp],Capana07g002172[&&NHX:species=Dom. pepper],Sopen07g031190.1[&&NHX:species=S. Pennelli],PGSC0003DMP400022012[&&NHX:species=Potato],SLYcer07g05337.1[&&NHX:species=Tomato Cherry])S,(SPI01g00485.1[&&NHX:species=S. pimp],Solyc01g008140.4.1[&&NHX:species=Tomato],Sopen01g003690.1[&&NHX:species=S. Pennelli],Capang08g000069[&&NHX:species=Wild pepper],Capana08g000071[&&NHX:species=Dom. pepper],PGSC0003DMP400028596[&&NHX:species=Potato],SLYcer01g00460.1[&&NHX:species=Tomato Cherry])S)D)D;	0	0	0	
OG25719	((((Capana08g002493[&&NHX:species=Dom. pepper],Capang01g005015[&&NHX:species=Wild pepper])S,(Capana08g002494[&&NHX:species=Dom. pepper],Capang01g005016[&&NHX:species=Wild pepper])S)D,((Sopen01g051350.1[&&NHX:species=S. Pennelli],PGSC0003DMP400043671[&&NHX:species=Potato],SLYcer01g08304.1[&&NHX:species=Tomato Cherry],Solyc01g109150.4.1[&&NHX:species=Tomato],SPI01g08526.1[&&NHX:species=S. pimp])S,(Sopen01g051360.1[&&NHX:species=S. Pennelli],Solyc01g109160.4.1[&&NHX:species=Tomato])S)D)S,((Capang10g000205[&&NHX:species=Wild pepper],Capana10g000295[&&NHX:species=Dom. pepper],PGSC0003DMP400018673[&&NHX:species=Potato],Solyc10g007960.1.1[&&NHX:species=Tomato],SPI10g00400.1[&&NHX:species=S. pimp])S,(Capang10g000204[&&NHX:species=Wild pepper],Capana10g000294[&&NHX:species=Dom. pepper])S)D)D;	0	0	29	Sopen10g003830.1,SLYcer10g00536.1
OG25726	((Sopen04g026950.1[&&NHX:species=S. Pennelli],Solyc04g071000.1.1[&&NHX:species=Tomato],PGSC0003DMP400001509[&&NHX:species=Potato],Capana04g001400[&&NHX:species=Dom. pepper],Capang00g004324[&&NHX:species=Wild pepper])S,((Capang10g001603[&&NHX:species=Wild pepper],PGSC0003DMP400018510[&&NHX:species=Potato],Capana10g001833[&&NHX:species=Dom. pepper],Solyc10g084250.1.1[&&NHX:species=Tomato],Sopen10g033690.1[&&NHX:species=S. Pennelli],SLYcer10g05732.1[&&NHX:species=Tomato Cherry],SPI10g04265.1[&&NHX:species=S. pimp])S,((Sopen07g033820.1[&&NHX:species=S. Pennelli],Capang07g002383[&&NHX:species=Wild pepper],Capana07g002383[&&NHX:species=Dom. pepper],SPI07g06317.1[&&NHX:species=S. pimp],SLYcer07g05599.1[&&NHX:species=Tomato Cherry],Solyc07g065610.1.1[&&NHX:species=Tomato])S,Capang08g000945[&&NHX:species=Wild pepper])D)D)D;	1	1	16	PGSC0003DMP400003168
OG25764	(((((Sopen05g006710.1[&&NHX:species=S. Pennelli],Sopen05g006710.3[&&NHX:species=S. Pennelli])D,PGSC0003DMP400049201[&&NHX:species=Potato])S,(PGSC0003DMP400049205[&&NHX:species=Potato],PGSC0003DMP400049202[&&NHX:species=Potato])D)D,((Sopen05g006710.2[&&NHX:species=S. Pennelli],Capana11g002039[&&NHX:species=Dom. pepper],PGSC0003DMP400049204[&&NHX:species=Potato],Solyc05g011970.3.1[&&NHX:species=Tomato])S,(Capana11g002037[&&NHX:species=Dom. pepper],Capang11g001970[&&NHX:species=Wild pepper])S)D)D,((Capang06g002258[&&NHX:species=Wild pepper],Capana01g000837[&&NHX:species=Dom. pepper])S,(Sopen05g006680.1[&&NHX:species=S. Pennelli],Solyc05g011940.4.1[&&NHX:species=Tomato],Capang11g001971[&&NHX:species=Wild pepper],PGSC0003DMP400049303[&&NHX:species=Potato],SPI05g00849.1[&&NHX:species=S. pimp],Capana11g002038[&&NHX:species=Dom. pepper],SLYcer05g00807.1[&&NHX:species=Tomato Cherry])S)D)D;	2	2	0	
OG25772	((((Sopen11g027810.1[&&NHX:species=S. Pennelli],Capana11g000125[&&NHX:species=Dom. pepper],PGSC0003DMP400014286[&&NHX:species=Potato],Capang11g000120[&&NHX:species=Wild pepper],SLYcer11g03875.1[&&NHX:species=Tomato Cherry],SPI11g03938.1[&&NHX:species=S. pimp],Solyc11g069090.2.1[&&NHX:species=Tomato])S,Capang05g001333[&&NHX:species=Wild pepper])D,((PGSC0003DMP400012657[&&NHX:species=Potato],PGSC0003DMP400012654[&&NHX:species=Potato])D,(PGSC0003DMP400012656[&&NHX:species=Potato],Sopen06g031340.1[&&NHX:species=S. Pennelli],Capang00g003866[&&NHX:species=Wild pepper],Capana06g000523[&&NHX:species=Dom. pepper],SLYcer06g05058.1[&&NHX:species=Tomato Cherry])S)D)D,(Capang11g002251[&&NHX:species=Wild pepper],Capana05g001652[&&NHX:species=Dom. pepper],PGSC0003DMP400012655[&&NHX:species=Potato])S)D;	2	2	31	Solyc06g074940.4.1,SPI06g04918.1
OG25807	((Capang03g003734[&&NHX:species=Wild pepper],Capana03g003843[&&NHX:species=Dom. pepper],SPI09g04607.1[&&NHX:species=S. pimp],SLYcer09g04943.1[&&NHX:species=Tomato Cherry],Solyc09g090200.4.1[&&NHX:species=Tomato],Sopen09g033110.1[&&NHX:species=S. Pennelli])S,(((Capang06g002770[&&NHX:species=Wild pepper],SLYcer06g00520.1[&&NHX:species=Tomato Cherry],(PGSC0003DMP400044244[&&NHX:species=Potato],(Solyc06g008330.2.1[&&NHX:species=Tomato],PGSC0003DMP400044246[&&NHX:species=Potato])S)D,SPI06g00305.1[&&NHX:species=S. pimp],Capana06g003010[&&NHX:species=Dom. pepper])S,PGSC0003DMP400044245[&&NHX:species=Potato])D,(SPI09g03786.1[&&NHX:species=S. pimp],(Sopen09g028190.2[&&NHX:species=S. Pennelli],Sopen09g028190.1[&&NHX:species=S. Pennelli])D,Capana00g002483[&&NHX:species=Dom. pepper],SLYcer09g03861.1[&&NHX:species=Tomato Cherry],Solyc09g066460.4.1[&&NHX:species=Tomato])S)D)D;	1	1	2	Sopen06g003180.1
OG25858	((SPI08g04580.1[&&NHX:species=S. pimp],Solyc08g062140.1.1[&&NHX:species=Tomato],Sopen08g017660.1[&&NHX:species=S. Pennelli],Capang03g004211[&&NHX:species=Wild pepper],PGSC0003DMP400037686[&&NHX:species=Potato],SLYcer08g04681.1[&&NHX:species=Tomato Cherry],Capana03g004398[&&NHX:species=Dom. pepper])S,(((((PGSC0003DMP400018167[&&NHX:species=Potato],PGSC0003DMP400018168[&&NHX:species=Potato])D,SPI11g03169.1[&&NHX:species=S. pimp],SLYcer11g03099.1[&&NHX:species=Tomato Cherry],Solyc11g039810.3.1[&&NHX:species=Tomato])S,PGSC0003DMP400040890[&&NHX:species=Potato])D,Capang00g004937[&&NHX:species=Wild pepper])S,(Sopen10g006310.1[&&NHX:species=S. Pennelli],Capana10g000766[&&NHX:species=Dom. pepper],Capang10g000587[&&NHX:species=Wild pepper],PGSC0003DMP400018166[&&NHX:species=Potato],Solyc10g017490.3.1[&&NHX:species=Tomato],SLYcer10g00875.1[&&NHX:species=Tomato Cherry],SPI10g00744.1[&&NHX:species=S. pimp])S)D)D;	1	1	0	
OG25883	((SLYcer07g05140.1[&&NHX:species=Tomato Cherry],Capang07g001966[&&NHX:species=Wild pepper],Solyc07g056270.3.1[&&NHX:species=Tomato],Capana07g001969[&&NHX:species=Dom. pepper],PGSC0003DMP400030319[&&NHX:species=Potato],Sopen07g029630.1[&&NHX:species=S. Pennelli],SPI07g05882.1[&&NHX:species=S. pimp])S,(((Capang01g004241[&&NHX:species=Wild pepper],Capana08g001660[&&NHX:species=Dom. pepper],SPI01g07828.1[&&NHX:species=S. pimp],(PGSC0003DMP400031789[&&NHX:species=Potato],PGSC0003DMP400031790[&&NHX:species=Potato])D,Sopen01g044550.1[&&NHX:species=S. Pennelli])S,PGSC0003DMP400031788[&&NHX:species=Potato])D,(Capana12g000193[&&NHX:species=Dom. pepper],Capang12g000168[&&NHX:species=Wild pepper],Sopen12g033710.1[&&NHX:species=S. Pennelli],PGSC0003DMP400041910[&&NHX:species=Potato],SLYcer12g05098.1[&&NHX:species=Tomato Cherry],Solyc12g098960.2.1[&&NHX:species=Tomato],SPI12g05050.1[&&NHX:species=S. pimp])S)D)D;	1	1	0	
OG25886	(((Capana08g001318[&&NHX:species=Dom. pepper],Solyc01g097840.3.1[&&NHX:species=Tomato],PGSC0003DMP400039026[&&NHX:species=Potato],Capang01g003904[&&NHX:species=Wild pepper],SPI01g07500.1[&&NHX:species=S. pimp],Sopen01g041440.1[&&NHX:species=S. Pennelli],SLYcer01g07771.1[&&NHX:species=Tomato Cherry])S,((Sopen00g008270.1[&&NHX:species=S. Pennelli],PGSC0003DMP400039027[&&NHX:species=Potato])S,PGSC0003DMP400039025[&&NHX:species=Potato])D)D,((((SPI09g04234.1[&&NHX:species=S. pimp],Capang03g003608[&&NHX:species=Wild pepper],Sopen09g030830.1[&&NHX:species=S. Pennelli],(PGSC0003DMP400052403[&&NHX:species=Potato],PGSC0003DMP400052402[&&NHX:species=Potato])D,Capana03g003706[&&NHX:species=Dom. pepper],Solyc09g076000.3.1[&&NHX:species=Tomato])S,PGSC0003DMP400052401[&&NHX:species=Potato])D,PGSC0003DMP400052400[&&NHX:species=Potato])D,PGSC0003DMP400052399[&&NHX:species=Potato])D)D;	1	1	6	SLYcer09g04442.1
OG25887	(((PGSC0003DMP400021236[&&NHX:species=Potato],(PGSC0003DMP400021237[&&NHX:species=Potato],Sopen06g031370.1[&&NHX:species=S. Pennelli])S)D,SLYcer06g05060.1[&&NHX:species=Tomato Cherry])S,((PGSC0003DMP400012707[&&NHX:species=Potato],Sopen06g031360.1[&&NHX:species=S. Pennelli],Capana06g000544[&&NHX:species=Dom. pepper],Solyc06g074960.4.1[&&NHX:species=Tomato],Capang00g003863[&&NHX:species=Wild pepper])S,PGSC0003DMP400012705[&&NHX:species=Potato])D,(((PGSC0003DMP400021238[&&NHX:species=Potato],PGSC0003DMP400021234[&&NHX:species=Potato])D,PGSC0003DMP400021235[&&NHX:species=Potato])D,(PGSC0003DMP400034162[&&NHX:species=Potato],Sopen11g028570.1[&&NHX:species=S. Pennelli],Solyc11g069710.2.1[&&NHX:species=Tomato],Capang11g000039[&&NHX:species=Wild pepper],SLYcer11g03961.1[&&NHX:species=Tomato Cherry],Capana11g000045[&&NHX:species=Dom. pepper],SPI11g04027.1[&&NHX:species=S. pimp])S)D)D;	2	1	3	SPI06g04920.1
OG25891	((PGSC0003DMP400011688[&&NHX:species=Potato],(SPI12g01485.1[&&NHX:species=S. pimp],PGSC0003DMP400011692[&&NHX:species=Potato])S)D,(PGSC0003DMP400011689[&&NHX:species=Potato],Capana11g000962[&&NHX:species=Dom. pepper],SPI12g01486.1[&&NHX:species=S. pimp],Capang11g000887[&&NHX:species=Wild pepper])S,(((Capana10g001551[&&NHX:species=Dom. pepper],PGSC0003DMP400014757[&&NHX:species=Potato],Sopen10g035100.1[&&NHX:species=S. Pennelli],Solyc10g085680.2.1[&&NHX:species=Tomato],SLYcer10g05873.1[&&NHX:species=Tomato Cherry],Capang10g001323[&&NHX:species=Wild pepper],SPI10g04410.1[&&NHX:species=S. pimp])S,PGSC0003DMP400014758[&&NHX:species=Potato:length=-0.27333])D,PGSC0003DMP400014756[&&NHX:species=Potato])D,(Sopen12g011270.1[&&NHX:species=S. Pennelli],(PGSC0003DMP400011691[&&NHX:species=Potato],PGSC0003DMP400011690[&&NHX:species=Potato])D,Solyc12g021280.2.1[&&NHX:species=Tomato],SLYcer12g01451.1[&&NHX:species=Tomato Cherry])S)D;	2	1	0	
OG25895	((Capang04g001246[&&NHX:species=Wild pepper],Sopen04g027480.1[&&NHX:species=S. Pennelli],SPI04g04303.1[&&NHX:species=S. pimp],SLYcer04g04820.1[&&NHX:species=Tomato Cherry],Capana04g001306[&&NHX:species=Dom. pepper],Solyc04g071510.3.1[&&NHX:species=Tomato])S,(Capang01g001677[&&NHX:species=Wild pepper],Capana01g001967[&&NHX:species=Dom. pepper])S,((Capang12g001325[&&NHX:species=Wild pepper],((Capana00g004995[&&NHX:species=Dom. pepper],PGSC0003DMP400051872[&&NHX:species=Potato])S,PGSC0003DMP400051871[&&NHX:species=Potato])D)D,(Capang01g004541[&&NHX:species=Wild pepper],PGSC0003DMP400051870[&&NHX:species=Potato],SLYcer01g07170.1[&&NHX:species=Tomato Cherry],SPI01g08091.1[&&NHX:species=S. pimp],Capana08g001978[&&NHX:species=Dom. pepper],Solyc01g104650.3.1[&&NHX:species=Tomato])S)D)D;	1	0	84	Sopen01g047160.1,Sopen01g047160.2,Capang11g001526
OG25896	((((Solyc05g005660.1.1[&&NHX:species=Tomato],Capana11g002084[&&NHX:species=Dom. pepper],Sopen05g001660.1[&&NHX:species=S. Pennelli],Capang11g002085[&&NHX:species=Wild pepper],SLYcer05g00150.1[&&NHX:species=Tomato Cherry],SPI05g00166.1[&&NHX:species=S. pimp],PGSC0003DMP400007340[&&NHX:species=Potato])S,Capana11g002165[&&NHX:species=Dom. pepper],Capana11g002333[&&NHX:species=Dom. pepper])D,(Capana11g002167[&&NHX:species=Dom. pepper],PGSC0003DMP400053971[&&NHX:species=Potato],Capang11g002079[&&NHX:species=Wild pepper])S)D,((Solyc04g050937.1.1[&&NHX:species=Tomato],SPI04g03290.1[&&NHX:species=S. pimp],Capang12g001225[&&NHX:species=Wild pepper],Capana12g001537[&&NHX:species=Dom. pepper],PGSC0003DMP400018913[&&NHX:species=Potato],SLYcer04g03565.1[&&NHX:species=Tomato Cherry])S,(SLYcer04g03564.1[&&NHX:species=Tomato Cherry],SPI04g03289.1[&&NHX:species=S. pimp],PGSC0003DMP400009423[&&NHX:species=Potato])S)D)D;	1	0	0	
OG25967	((Solyc04g009330.4.1[&&NHX:species=Tomato],Capana05g000105[&&NHX:species=Dom. pepper],(PGSC0003DMP400055625[&&NHX:species=Potato],PGSC0003DMP400003905[&&NHX:species=Potato])D,SPI04g00534.1[&&NHX:species=S. pimp],Sopen04g004450.1[&&NHX:species=S. Pennelli],Capang05g000108[&&NHX:species=Wild pepper],SLYcer04g00558.1[&&NHX:species=Tomato Cherry])S,((Capana06g000981[&&NHX:species=Dom. pepper],SLYcer06g04667.1[&&NHX:species=Tomato Cherry],Solyc06g071210.3.1[&&NHX:species=Tomato],Sopen06g027520.1[&&NHX:species=S. Pennelli],Capang06g000928[&&NHX:species=Wild pepper],PGSC0003DMP400055827[&&NHX:species=Potato],SPI06g04527.1[&&NHX:species=S. pimp])S,(PGSC0003DMP400054424[&&NHX:species=Potato],SPI10g03490.1[&&NHX:species=S. pimp],Sopen10g027420.1[&&NHX:species=S. Pennelli],SLYcer10g04996.1[&&NHX:species=Tomato Cherry],Capang10g001011[&&NHX:species=Wild pepper],Solyc10g074930.1.1[&&NHX:species=Tomato],Capana10g001196[&&NHX:species=Dom. pepper])S)D)D;	1	1	0	
OG25970	(((PGSC0003DMP400011014[&&NHX:species=Potato],Sopen10g021360.1[&&NHX:species=S. Pennelli],SLYcer10g04152.1[&&NHX:species=Tomato Cherry],Solyc10g050210.3.1[&&NHX:species=Tomato],SPI10g02520.1[&&NHX:species=S. pimp])S,(SPI01g08425.1[&&NHX:species=S. pimp],Capang01g004912[&&NHX:species=Wild pepper],Capana08g002366[&&NHX:species=Dom. pepper],PGSC0003DMP400044913[&&NHX:species=Potato],Sopen01g050310.1[&&NHX:species=S. Pennelli],Solyc01g108080.4.1[&&NHX:species=Tomato],SLYcer01g08203.1[&&NHX:species=Tomato Cherry])S)D,((SPI11g02759.1[&&NHX:species=S. pimp],Capana00g001152[&&NHX:species=Dom. pepper],(PGSC0003DMP400039769[&&NHX:species=Potato],PGSC0003DMP400039768[&&NHX:species=Potato])D,SLYcer11g02700.1[&&NHX:species=Tomato Cherry])S,(((PGSC0003DMP400039767[&&NHX:species=Potato],Solyc11g044560.3.1[&&NHX:species=Tomato],Sopen11g020170.1[&&NHX:species=S. Pennelli])S,PGSC0003DMP400039766[&&NHX:species=Potato])D,Capang11g000945[&&NHX:species=Wild pepper])S)D)D;	1	1	0	
OG25998	(((PGSC0003DMP400039352[&&NHX:species=Potato],(PGSC0003DMP400055531[&&NHX:species=Potato],(SLYcer01g00549.1[&&NHX:species=Tomato Cherry],PGSC0003DMP400067585[&&NHX:species=Potato],Capana00g001149[&&NHX:species=Dom. pepper],Solyc01g008870.1.1[&&NHX:species=Tomato],Capang00g000769[&&NHX:species=Wild pepper],SPI01g00584.1[&&NHX:species=S. pimp])S)D)D,(SPI01g00583.1[&&NHX:species=S. pimp],SLYcer01g00548.1[&&NHX:species=Tomato Cherry],Solyc01g008860.1.1[&&NHX:species=Tomato])S)D,(((Sopen11g024390.1[&&NHX:species=S. Pennelli],Sopen11g024390.2[&&NHX:species=S. Pennelli])D,SLYcer11g03426.1[&&NHX:species=Tomato Cherry],Capang11g001044[&&NHX:species=Wild pepper],Capana11g001057[&&NHX:species=Dom. pepper],Solyc11g062400.2.1[&&NHX:species=Tomato],PGSC0003DMP400055530[&&NHX:species=Potato],SPI11g03500.1[&&NHX:species=S. pimp])S,PGSC0003DMP400055527[&&NHX:species=Potato],PGSC0003DMP400055529[&&NHX:species=Potato],PGSC0003DMP400055528[&&NHX:species=Potato])D)D;	2	1	0	
OG26018	(((((SPI10g04171.1[&&NHX:species=S. pimp],(PGSC0003DMP400048946[&&NHX:species=Potato],PGSC0003DMP400048947[&&NHX:species=Potato])D,Sopen10g032880.2[&&NHX:species=S. Pennelli])S,((PGSC0003DMP400048944[&&NHX:species=Potato],PGSC0003DMP400048943[&&NHX:species=Potato])D,PGSC0003DMP400048945[&&NHX:species=Potato])D)D,Capang10g001750[&&NHX:species=Wild pepper],Capana10g001986[&&NHX:species=Dom. pepper])S,((PGSC0003DMP400048942[&&NHX:species=Potato],PGSC0003DMP400048940[&&NHX:species=Potato])D,Solyc10g083380.2.1[&&NHX:species=Tomato],Sopen10g032880.1[&&NHX:species=S. Pennelli],SLYcer10g05643.1[&&NHX:species=Tomato Cherry])S)D,(Capana09g002398[&&NHX:species=Dom. pepper],SPI09g00739.1[&&NHX:species=S. pimp],(PGSC0003DMP400015611[&&NHX:species=Potato],PGSC0003DMP400015612[&&NHX:species=Potato])D,Solyc09g009760.1.1[&&NHX:species=Tomato],Capang00g001901[&&NHX:species=Wild pepper],SLYcer09g00808.1[&&NHX:species=Tomato Cherry],Sopen09g004520.1[&&NHX:species=S. Pennelli])S)D;	2	2	0	
OG26047	((((Capang10g000182[&&NHX:species=Wild pepper],Capang10g000184[&&NHX:species=Wild pepper])D,((PGSC0003DMP400018670[&&NHX:species=Potato],SLYcer10g00533.1[&&NHX:species=Tomato Cherry])S,SLYcer10g00532.1[&&NHX:species=Tomato Cherry])D)S,((SPI10g00397.1[&&NHX:species=S. pimp],Solyc10g007930.4.1[&&NHX:species=Tomato])S,SPI10g00396.1[&&NHX:species=S. pimp])D)D,((PGSC0003DMP400014501[&&NHX:species=Potato],SPI10g02781.1[&&NHX:species=S. pimp],Solyc10g051020.2.1[&&NHX:species=Tomato],SLYcer10g04280.1[&&NHX:species=Tomato Cherry],Sopen10g022710.1[&&NHX:species=S. Pennelli],Capang10g000180[&&NHX:species=Wild pepper])S,(Solyc10g007890.4.1[&&NHX:species=Tomato],SPI10g00395.1[&&NHX:species=S. pimp],Capang10g000181[&&NHX:species=Wild pepper],Sopen10g003790.1[&&NHX:species=S. Pennelli],PGSC0003DMP400018634[&&NHX:species=Potato])S)D)D;	1	1	152	Capana10g000278,Capana10g000271,Solyc10g007900.4.1,Sopen10g003800.1
OG26076	((PGSC0003DMP400024543[&&NHX:species=Potato],Solyc07g064340.3.1[&&NHX:species=Tomato],Capang00g002440[&&NHX:species=Wild pepper],SLYcer07g05470.1[&&NHX:species=Tomato Cherry],SPI07g06183.1[&&NHX:species=S. pimp],Sopen07g032490.1[&&NHX:species=S. Pennelli],Capana00g004165[&&NHX:species=Dom. pepper])S,((SLYcer10g00366.1[&&NHX:species=Tomato Cherry],Capana10g000012[&&NHX:species=Dom. pepper],Capang10g000012[&&NHX:species=Wild pepper],Sopen10g002290.1[&&NHX:species=S. Pennelli],Solyc10g006340.3.1[&&NHX:species=Tomato],SPI10g00234.1[&&NHX:species=S. pimp],PGSC0003DMP400025340[&&NHX:species=Potato])S,((Solyc12g005160.3.1[&&NHX:species=Tomato],SPI12g00146.1[&&NHX:species=S. pimp],SLYcer12g00100.1[&&NHX:species=Tomato Cherry],Capana03g003075[&&NHX:species=Dom. pepper],Capang03g002937[&&NHX:species=Wild pepper],Sopen12g001150.1[&&NHX:species=S. Pennelli])S,(PGSC0003DMP400002030[&&NHX:species=Potato],(PGSC0003DMP400002029[&&NHX:species=Potato],Capana01g001088[&&NHX:species=Dom. pepper])S)D)D)D)D;	1	1	0	
OG26085	((Solyc04g082500.4.1[&&NHX:species=Tomato],(Sopen04g036120.2[&&NHX:species=S. Pennelli],Sopen04g036120.1[&&NHX:species=S. Pennelli])D,Capang04g000066[&&NHX:species=Wild pepper],(PGSC0003DMP400017639[&&NHX:species=Potato],PGSC0003DMP400017640[&&NHX:species=Potato])D,Capana04g000076[&&NHX:species=Dom. pepper],SLYcer04g05852.1[&&NHX:species=Tomato Cherry])S,(((Solyc03g032150.3.1[&&NHX:species=Tomato],Sopen03g006000.1[&&NHX:species=S. Pennelli],SPI03g00876.1[&&NHX:species=S. pimp],SLYcer03g00717.1[&&NHX:species=Tomato Cherry],Capana04g002408[&&NHX:species=Dom. pepper],Capang04g002124[&&NHX:species=Wild pepper],PGSC0003DMP400032541[&&NHX:species=Potato])S,PGSC0003DMP400032542[&&NHX:species=Potato])D,(Solyc02g038817.1.1[&&NHX:species=Tomato],SPI02g01891.1[&&NHX:species=S. pimp],Capana02g000366[&&NHX:species=Dom. pepper],Capang02g000309[&&NHX:species=Wild pepper],SLYcer02g02978.1[&&NHX:species=Tomato Cherry],PGSC0003DMP400030534[&&NHX:species=Potato],Sopen02g012610.1[&&NHX:species=S. Pennelli])S)D)D;	0	0	0	
OG26088	(((Capang12g001304[&&NHX:species=Wild pepper],Capana12g001565[&&NHX:species=Dom. pepper],SPI04g03474.1[&&NHX:species=S. pimp],PGSC0003DMP400054361[&&NHX:species=Potato],Solyc04g051730.1.1[&&NHX:species=Tomato],SLYcer04g03756.1[&&NHX:species=Tomato Cherry],Sopen04g023100.1[&&NHX:species=S. Pennelli])S,(SPI04g00776.1[&&NHX:species=S. pimp],SLYcer04g00963.1[&&NHX:species=Tomato Cherry],Solyc04g011940.3.1[&&NHX:species=Tomato],PGSC0003DMP400040829[&&NHX:species=Potato],Capana05g000300[&&NHX:species=Dom. pepper],Capang05g000253[&&NHX:species=Wild pepper])S)D,((Capang05g000252[&&NHX:species=Wild pepper],SLYcer04g00961.1[&&NHX:species=Tomato Cherry],PGSC0003DMP400040831[&&NHX:species=Potato],Solyc04g011920.3.1[&&NHX:species=Tomato],Sopen04g006070.1[&&NHX:species=S. Pennelli],SPI04g00774.1[&&NHX:species=S. pimp])S,((Sopen04g023120.1[&&NHX:species=S. Pennelli],PGSC0003DMP400054362[&&NHX:species=Potato])S,(PGSC0003DMP400040830[&&NHX:species=Potato],Capang01g003451[&&NHX:species=Wild pepper])S)D)D)D;	2	2	0	
OG26098	(((Capang00g001092[&&NHX:species=Wild pepper],Sopen12g019100.1[&&NHX:species=S. Pennelli],Solyc12g038920.2.1[&&NHX:species=Tomato],PGSC0003DMP400001288[&&NHX:species=Potato],SLYcer12g03616.1[&&NHX:species=Tomato Cherry],Capana12g001336[&&NHX:species=Dom. pepper],SPI12g03618.1[&&NHX:species=S. pimp])S,PGSC0003DMP400001289[&&NHX:species=Potato])D,(((PGSC0003DMP400007242[&&NHX:species=Potato],SPI06g04433.1[&&NHX:species=S. pimp],Solyc06g069330.3.1[&&NHX:species=Tomato],SLYcer06g04574.1[&&NHX:species=Tomato Cherry],Capang03g000846[&&NHX:species=Wild pepper],Sopen06g026590.1[&&NHX:species=S. Pennelli])S,(PGSC0003DMP400007241[&&NHX:species=Potato],Capana00g004696[&&NHX:species=Dom. pepper])S)D,(SPI03g04705.1[&&NHX:species=S. pimp],SLYcer03g04650.1[&&NHX:species=Tomato Cherry],Capang03g000872[&&NHX:species=Wild pepper],Capana03g000933[&&NHX:species=Dom. pepper],Sopen03g033660.1[&&NHX:species=S. Pennelli],Solyc03g114590.3.1[&&NHX:species=Tomato],PGSC0003DMP400042401[&&NHX:species=Potato])S)D)D;	1	1	0	
OG26117	(((PGSC0003DMP400034397[&&NHX:species=Potato],Sopen00g003410.1[&&NHX:species=S. Pennelli])S,PGSC0003DMP400038070[&&NHX:species=Potato],PGSC0003DMP400064379[&&NHX:species=Potato])D,(((SPI08g05663.1[&&NHX:species=S. pimp],PGSC0003DMP400038067[&&NHX:species=Potato],SLYcer08g05779.1[&&NHX:species=Tomato Cherry])S,(((Sopen08g024290.1[&&NHX:species=S. Pennelli],Sopen00g003420.1[&&NHX:species=S. Pennelli])D,PGSC0003DMP400038069[&&NHX:species=Potato])S,(PGSC0003DMP400034396[&&NHX:species=Potato],Capana01g001011[&&NHX:species=Dom. pepper],Sopen08g024280.1[&&NHX:species=S. Pennelli],Capang00g001979[&&NHX:species=Wild pepper])S)D)D,((Capang00g001981[&&NHX:species=Wild pepper],Capang01g000882[&&NHX:species=Wild pepper])D,SLYcer08g05778.1[&&NHX:species=Tomato Cherry],Solyc08g075590.2.1[&&NHX:species=Tomato],Sopen08g024270.1[&&NHX:species=S. Pennelli])S)D)D;	2	1	42	Solyc08g075593.1.1,SPI08g05662.1,PGSC0003DMP400013467,PGSC0003DMP400013468
OG26126	(((Capana02g000846[&&NHX:species=Dom. pepper],((SLYcer02g03556.1[&&NHX:species=Tomato Cherry],PGSC0003DMP400012311[&&NHX:species=Potato],SPI02g02453.1[&&NHX:species=S. pimp])S,PGSC0003DMP400012312[&&NHX:species=Potato])D,Capang02g000772[&&NHX:species=Wild pepper])S,((Capana02g000964[&&NHX:species=Dom. pepper],Capang02g000878[&&NHX:species=Wild pepper],(PGSC0003DMP400012225[&&NHX:species=Potato],PGSC0003DMP400012226[&&NHX:species=Potato])D)S,(PGSC0003DMP400012310[&&NHX:species=Potato],(PGSC0003DMP400012307[&&NHX:species=Potato],Sopen02g016800.1[&&NHX:species=S. Pennelli],Solyc02g067690.3.1[&&NHX:species=Tomato])S)D)D)D,(((PGSC0003DMP400042568[&&NHX:species=Potato],(SPI03g04652.1[&&NHX:species=S. pimp],PGSC0003DMP400042569[&&NHX:species=Potato],SLYcer03g04598.1[&&NHX:species=Tomato Cherry],Solyc03g114175.1.1[&&NHX:species=Tomato],Sopen03g033250.1[&&NHX:species=S. Pennelli])S)D,Capang03g000930[&&NHX:species=Wild pepper],Capana03g000978[&&NHX:species=Dom. pepper])S,Capana03g000979[&&NHX:species=Dom. pepper])D)D;	2	2	0	
OG26127	((Capang07g001603[&&NHX:species=Wild pepper],(Capana04g002056[&&NHX:species=Dom. pepper],Capang00g003647[&&NHX:species=Wild pepper])S)D,((Sopen09g003580.1[&&NHX:species=S. Pennelli],Capana09g002324[&&NHX:species=Dom. pepper],PGSC0003DMP400004826[&&NHX:species=Potato],Solyc09g008790.4.1[&&NHX:species=Tomato],SLYcer09g00478.1[&&NHX:species=Tomato Cherry],Capang09g001823[&&NHX:species=Wild pepper],SPI09g00395.1[&&NHX:species=S. pimp])S,PGSC0003DMP400004827[&&NHX:species=Potato])D,(SLYcer10g05877.1[&&NHX:species=Tomato Cherry],SPI10g04414.1[&&NHX:species=S. pimp],Sopen10g035140.1[&&NHX:species=S. Pennelli],PGSC0003DMP400014735[&&NHX:species=Potato],Solyc10g085720.2.1[&&NHX:species=Tomato])S,((((Capana03g000884[&&NHX:species=Dom. pepper],Capang03g000806[&&NHX:species=Wild pepper])S,Capana03g000886[&&NHX:species=Dom. pepper])D,(Capang09g000463[&&NHX:species=Wild pepper],Capana09g000526[&&NHX:species=Dom. pepper])S)D,(Capana07g000347[&&NHX:species=Dom. pepper],Capang07g000371[&&NHX:species=Wild pepper])S)D)D;	2	1	0	
OG26148	(((((Sopen10g030930.1[&&NHX:species=S. Pennelli],(PGSC0003DMP400040961[&&NHX:species=Potato],PGSC0003DMP400040960[&&NHX:species=Potato])D,Solyc10g080390.2.1[&&NHX:species=Tomato])S,PGSC0003DMP400040962[&&NHX:species=Potato])D,SPI10g03894.1[&&NHX:species=S. pimp],SLYcer10g05409.1[&&NHX:species=Tomato Cherry])S,((Solyc03g059250.3.1[&&NHX:species=Tomato],PGSC0003DMP400056333[&&NHX:species=Potato],Capang12g000741[&&NHX:species=Wild pepper],SLYcer03g02293.1[&&NHX:species=Tomato Cherry],Sopen03g013600.1[&&NHX:species=S. Pennelli],SPI03g02420.1[&&NHX:species=S. pimp],Capana03g002824[&&NHX:species=Dom. pepper])S,(PGSC0003DMP400056331[&&NHX:species=Potato],PGSC0003DMP400056332[&&NHX:species=Potato])D)D)D,((Solyc11g150140.1.1[&&NHX:species=Tomato],SLYcer11g03386.1[&&NHX:species=Tomato Cherry],SPI11g03452.1[&&NHX:species=S. pimp])S,(SPI11g03451.1[&&NHX:species=S. pimp],PGSC0003DMP400024051[&&NHX:species=Potato],Solyc11g061960.2.1[&&NHX:species=Tomato],SLYcer11g03385.1[&&NHX:species=Tomato Cherry],Sopen11g023760.1[&&NHX:species=S. Pennelli])S)D)D;	2	2	0	
OG26158	((Capang12g001444[&&NHX:species=Wild pepper],Capana12g001788[&&NHX:species=Dom. pepper],PGSC0003DMP400022941[&&NHX:species=Potato],SLYcer04g03868.1[&&NHX:species=Tomato Cherry],Sopen04g023670.1[&&NHX:species=S. Pennelli],Solyc04g054200.3.1[&&NHX:species=Tomato])S,((PGSC0003DMP400003605[&&NHX:species=Potato],Capang11g000451[&&NHX:species=Wild pepper],Sopen09g001980.1[&&NHX:species=S. Pennelli],SLYcer09g00299.1[&&NHX:species=Tomato Cherry],SPI09g00198.1[&&NHX:species=S. pimp],Solyc09g007110.3.1[&&NHX:species=Tomato],Capana11g000478[&&NHX:species=Dom. pepper])S,((Capana02g001399[&&NHX:species=Dom. pepper],Solyc02g070000.4.1[&&NHX:species=Tomato],SLYcer02g03807.1[&&NHX:species=Tomato Cherry],Capang02g001236[&&NHX:species=Wild pepper],Sopen02g019160.1[&&NHX:species=S. Pennelli],PGSC0003DMP400036730[&&NHX:species=Potato])S,(Sopen02g006650.1[&&NHX:species=S. Pennelli],Solyc02g023950.3.1[&&NHX:species=Tomato],SPI02g01282.1[&&NHX:species=S. pimp],SLYcer02g02382.1[&&NHX:species=Tomato Cherry],PGSC0003DMP400036462[&&NHX:species=Potato])S)D)D)D;	1	1	0	
OG26178	((PGSC0003DMP400004426[&&NHX:species=Potato],((Solyc06g051750.3.1[&&NHX:species=Tomato],PGSC0003DMP400041203[&&NHX:species=Potato],SLYcer06g03541.1[&&NHX:species=Tomato Cherry],Sopen06g017700.1[&&NHX:species=S. Pennelli])S,(Capang06g002134[&&NHX:species=Wild pepper],Capana06g002277[&&NHX:species=Dom. pepper],PGSC0003DMP400041202[&&NHX:species=Potato])S)D)D,(((SLYcer03g05374.1[&&NHX:species=Tomato Cherry],Capang03g000177[&&NHX:species=Wild pepper],SPI03g05412.1[&&NHX:species=S. pimp],Capana03g000186[&&NHX:species=Dom. pepper],Solyc03g121510.4.1[&&NHX:species=Tomato],Sopen03g040320.2[&&NHX:species=S. Pennelli])S,Sopen03g040320.1[&&NHX:species=S. Pennelli])D,((Sopen02g029410.1[&&NHX:species=S. Pennelli],SLYcer02g04872.1[&&NHX:species=Tomato Cherry],Capana02g002751[&&NHX:species=Dom. pepper],Capang02g002471[&&NHX:species=Wild pepper],PGSC0003DMP400006310[&&NHX:species=Potato],SPI02g03795.1[&&NHX:species=S. pimp])S,(Solyc02g084740.4.1[&&NHX:species=Tomato],PGSC0003DMP400006311[&&NHX:species=Potato])S)D)D)D;	1	1	14	SPI06g03452.1
OG26185	((Solyc05g010400.3.1[&&NHX:species=Tomato],Capang11g002069[&&NHX:species=Wild pepper],SPI05g00752.1[&&NHX:species=S. pimp],(PGSC0003DMP400013311[&&NHX:species=Potato],PGSC0003DMP400013310[&&NHX:species=Potato])D,SLYcer05g00724.1[&&NHX:species=Tomato Cherry],Capana11g002155[&&NHX:species=Dom. pepper],(Sopen05g006200.1[&&NHX:species=S. Pennelli],Sopen05g006200.2[&&NHX:species=S. Pennelli])D)S,((Capang05g001112[&&NHX:species=Wild pepper],(PGSC0003DMP400005184[&&NHX:species=Potato],PGSC0003DMP400005183[&&NHX:species=Potato])D,Sopen04g001960.1[&&NHX:species=S. Pennelli],Solyc04g005910.3.1[&&NHX:species=Tomato])S,(SLYcer04g00275.1[&&NHX:species=Tomato Cherry],SPI04g00248.1[&&NHX:species=S. pimp],PGSC0003DMP400005185[&&NHX:species=Potato],Capana05g001412[&&NHX:species=Dom. pepper])S)D,(PGSC0003DMP400022995[&&NHX:species=Potato],Solyc09g008640.1.1[&&NHX:species=Tomato],Sopen09g003440.1[&&NHX:species=S. Pennelli],Capana09g002302[&&NHX:species=Dom. pepper],Capang09g001805[&&NHX:species=Wild pepper])S)D;	1	0	4	SPI04g04802.1
OG26202	((((Capana02g001099[&&NHX:species=Dom. pepper],Capang00g005029[&&NHX:species=Wild pepper])S,Capang02g001000[&&NHX:species=Wild pepper])D,PGSC0003DMP400002995[&&NHX:species=Potato])S,(SLYcer01g00316.1[&&NHX:species=Tomato Cherry],Capana01g001481[&&NHX:species=Dom. pepper],SPI01g00335.1[&&NHX:species=S. pimp],Sopen01g002430.1[&&NHX:species=S. Pennelli],Capang01g001293[&&NHX:species=Wild pepper],Solyc01g006440.2.1[&&NHX:species=Tomato])S,(Capana01g003355[&&NHX:species=Dom. pepper],PGSC0003DMP400002994[&&NHX:species=Potato],Sopen01g032460.1[&&NHX:species=S. Pennelli],Capang08g000303[&&NHX:species=Wild pepper],SLYcer01g06255.1[&&NHX:species=Tomato Cherry],SPI01g06538.1[&&NHX:species=S. pimp],Solyc01g080870.3.1[&&NHX:species=Tomato])S,(SLYcer10g01465.1[&&NHX:species=Tomato Cherry],Sopen10g025770.1[&&NHX:species=S. Pennelli],Capana10g001051[&&NHX:species=Dom. pepper],Solyc10g024490.2.1[&&NHX:species=Tomato],SPI01g04353.1[&&NHX:species=S. pimp],Capang10g000867[&&NHX:species=Wild pepper],PGSC0003DMP400041720[&&NHX:species=Potato])S)D;	1	0	0	
OG26258	(((SPI03g04225.1[&&NHX:species=S. pimp],Solyc03g098400.2.1[&&NHX:species=Tomato],SLYcer03g04163.1[&&NHX:species=Tomato Cherry],PGSC0003DMP400026802[&&NHX:species=Potato],Sopen03g029140.1[&&NHX:species=S. Pennelli])S,(SPI06g05135.1[&&NHX:species=S. pimp],PGSC0003DMP400052975[&&NHX:species=Potato],Solyc06g076910.3.1[&&NHX:species=Tomato],SLYcer06g05246.1[&&NHX:species=Tomato Cherry],Capang03g000581[&&NHX:species=Wild pepper],Sopen06g033300.1[&&NHX:species=S. Pennelli])S)D,((((PGSC0003DMP400001888[&&NHX:species=Potato],(Capana12g002134[&&NHX:species=Dom. pepper],Capang12g001823[&&NHX:species=Wild pepper],PGSC0003DMP400001890[&&NHX:species=Potato])S)D,(SLYcer03g03844.1[&&NHX:species=Tomato Cherry],Capana05g000598[&&NHX:species=Dom. pepper],Capang05g000509[&&NHX:species=Wild pepper],Sopen03g026290.1[&&NHX:species=S. Pennelli],Solyc03g096190.2.1[&&NHX:species=Tomato],PGSC0003DMP400021139[&&NHX:species=Potato])S)D,PGSC0003DMP400036067[&&NHX:species=Potato])D,(Sopen07g007280.1[&&NHX:species=S. Pennelli],PGSC0003DMP400009669[&&NHX:species=Potato],Solyc07g018180.3.1[&&NHX:species=Tomato])S)D)D;	1	1	0	
OG26556	((((PGSC0003DMP400017840[&&NHX:species=Potato],Capana02g003149[&&NHX:species=Dom. pepper],Capang02g002856[&&NHX:species=Wild pepper])S,(SLYcer02g05434.1[&&NHX:species=Tomato Cherry],PGSC0003DMP400017841[&&NHX:species=Potato],Capana02g003148[&&NHX:species=Dom. pepper],Sopen02g034990.1[&&NHX:species=S. Pennelli],SPI02g04358.1[&&NHX:species=S. pimp],Capang02g002855[&&NHX:species=Wild pepper],Solyc02g090300.3.1[&&NHX:species=Tomato])S)D,(((PGSC0003DMP400017843[&&NHX:species=Potato],PGSC0003DMP400017845[&&NHX:species=Potato])D,Capana02g003150[&&NHX:species=Dom. pepper],Solyc02g090290.3.1[&&NHX:species=Tomato],SLYcer02g05433.1[&&NHX:species=Tomato Cherry],SPI02g04357.1[&&NHX:species=S. pimp],Capang02g002857[&&NHX:species=Wild pepper])S,(SPI02g04356.1[&&NHX:species=S. pimp],PGSC0003DMP400017844[&&NHX:species=Potato])S)D)D,((Capang00g001229[&&NHX:species=Wild pepper],(PGSC0003DMP400049921[&&NHX:species=Potato],Capang03g004419[&&NHX:species=Wild pepper])S)D,(((Solyc09g098610.2.1[&&NHX:species=Tomato],PGSC0003DMP400010774[&&NHX:species=Potato],SLYcer09g04797.1[&&NHX:species=Tomato Cherry])S,PGSC0003DMP400010772[&&NHX:species=Potato])D,Capana03g004616[&&NHX:species=Dom. pepper])S)D)D;	1	1	58	Sopen02g034960.1,Sopen02g034980.1
OG26583	(((Capang06g001914[&&NHX:species=Wild pepper],Capana06g002072[&&NHX:species=Dom. pepper],SLYcer06g03617.1[&&NHX:species=Tomato Cherry],SPI06g03526.1[&&NHX:species=S. pimp],Sopen06g018410.1[&&NHX:species=S. Pennelli],Solyc06g053350.3.1[&&NHX:species=Tomato])S,((PGSC0003DMP400050716[&&NHX:species=Potato],PGSC0003DMP400050715[&&NHX:species=Potato])D,(Capang04g001317[&&NHX:species=Wild pepper],Solyc04g071160.3.1[&&NHX:species=Tomato],Capana04g001383[&&NHX:species=Dom. pepper],Sopen04g027110.1[&&NHX:species=S. Pennelli],SLYcer04g04779.1[&&NHX:species=Tomato Cherry],PGSC0003DMP400001527[&&NHX:species=Potato],SPI04g04260.1[&&NHX:species=S. pimp])S)D)D,(((SLYcer06g03197.1[&&NHX:species=Tomato Cherry],Capana06g002309[&&NHX:species=Dom. pepper],PGSC0003DMP400047996[&&NHX:species=Potato],Capang06g001952[&&NHX:species=Wild pepper],Solyc06g048630.3.1[&&NHX:species=Tomato],SPI06g03100.1[&&NHX:species=S. pimp],Sopen06g014840.1[&&NHX:species=S. Pennelli])S,PGSC0003DMP400029126[&&NHX:species=Potato])D,(Solyc06g049040.4.1[&&NHX:species=Tomato],Capang06g002183[&&NHX:species=Wild pepper],SLYcer06g03272.1[&&NHX:species=Tomato Cherry],Capana06g002349[&&NHX:species=Dom. pepper],PGSC0003DMP400029125[&&NHX:species=Potato],Sopen07g027590.1[&&NHX:species=S. Pennelli],SPI06g03177.1[&&NHX:species=S. pimp])S)D)D;	2	2	0	
OG26594	((Sopen07g030450.1[&&NHX:species=S. Pennelli],Capana07g002063[&&NHX:species=Dom. pepper],Solyc07g062170.3.1[&&NHX:species=Tomato],Capang07g002099[&&NHX:species=Wild pepper],SLYcer07g05251.1[&&NHX:species=Tomato Cherry],PGSC0003DMP400012576[&&NHX:species=Potato],SPI07g05975.1[&&NHX:species=S. pimp])S,((PGSC0003DMP400019702[&&NHX:species=Potato],Capang07g000127[&&NHX:species=Wild pepper])S,(PGSC0003DMP400019808[&&NHX:species=Potato],Capana07g000115[&&NHX:species=Dom. pepper],Capang07g000144[&&NHX:species=Wild pepper])S)D,((PGSC0003DMP400023348[&&NHX:species=Potato],PGSC0003DMP400024315[&&NHX:species=Potato])D,Sopen12g001440.1[&&NHX:species=S. Pennelli],Solyc12g005450.1.1[&&NHX:species=Tomato],SPI12g00178.1[&&NHX:species=S. pimp],SLYcer12g00132.1[&&NHX:species=Tomato Cherry])S,(((Capana07g000120[&&NHX:species=Dom. pepper],Capana07g000090[&&NHX:species=Dom. pepper])D,PGSC0003DMP400019807[&&NHX:species=Potato])S,(Capana00g001292[&&NHX:species=Dom. pepper],PGSC0003DMP400024460[&&NHX:species=Potato],Capang00g003232[&&NHX:species=Wild pepper])S)D,(Solyc04g005390.3.1[&&NHX:species=Tomato],SLYcer04g00216.1[&&NHX:species=Tomato Cherry],Sopen04g001380.1[&&NHX:species=S. Pennelli],Capana02g001183[&&NHX:species=Dom. pepper],SPI04g00187.1[&&NHX:species=S. pimp],PGSC0003DMP400031095[&&NHX:species=Potato])S)D;	1	0	0	
OG26623	(((PGSC0003DMP400024748[&&NHX:species=Potato],PGSC0003DMP400024745[&&NHX:species=Potato],((Capang01g000814[&&NHX:species=Wild pepper],PGSC0003DMP400024747[&&NHX:species=Potato],SLYcer05g00550.1[&&NHX:species=Tomato Cherry],Capana00g002620[&&NHX:species=Dom. pepper],SPI05g00585.1[&&NHX:species=S. pimp],Sopen05g004800.1[&&NHX:species=S. Pennelli])S,(PGSC0003DMP400024746[&&NHX:species=Potato:length=-0.60041],PGSC0003DMP400024744[&&NHX:species=Potato])D)D)D,(Capana08g001575[&&NHX:species=Dom. pepper],Sopen00g009010.1[&&NHX:species=S. Pennelli],(PGSC0003DMP400042941[&&NHX:species=Potato],PGSC0003DMP400042942[&&NHX:species=Potato])D,Solyc01g100110.4.1[&&NHX:species=Tomato],SPI01g07732.1[&&NHX:species=S. pimp],Capang01g004122[&&NHX:species=Wild pepper],SLYcer01g07540.1[&&NHX:species=Tomato Cherry])S)D,(((Sopen07g012250.1[&&NHX:species=S. Pennelli],SPI07g03183.1[&&NHX:species=S. pimp],SLYcer07g01835.1[&&NHX:species=Tomato Cherry])S,((SPI04g05015.1[&&NHX:species=S. pimp],PGSC0003DMP400014110[&&NHX:species=Potato],SLYcer04g05518.1[&&NHX:species=Tomato Cherry])S,PGSC0003DMP400014109[&&NHX:species=Potato])D)D,Capang04g000488[&&NHX:species=Wild pepper])S)D;	3	2	113	Solyc04g079120.3.1,Solyc07g024020.2.1,Solyc05g009070.4.1,Capana04g000533,Sopen04g032730.1
OG26632	(((SLYcer12g00264.1[&&NHX:species=Tomato Cherry],SPI12g00299.1[&&NHX:species=S. pimp],Solyc12g006460.2.1[&&NHX:species=Tomato],Sopen12g002400.1[&&NHX:species=S. Pennelli],PGSC0003DMP400041994[&&NHX:species=Potato])S,((PGSC0003DMP400046671[&&NHX:species=Potato],SLYcer10g00528.1[&&NHX:species=Tomato Cherry])S,(((Capana01g000832[&&NHX:species=Dom. pepper],Capang06g002253[&&NHX:species=Wild pepper])S,(Solyc10g007860.3.1[&&NHX:species=Tomato],Capang06g002261[&&NHX:species=Wild pepper],SPI10g00392.1[&&NHX:species=S. pimp],PGSC0003DMP400046672[&&NHX:species=Potato],Capana06g002433[&&NHX:species=Dom. pepper])S)D,PGSC0003DMP400019220[&&NHX:species=Potato])D)D)D,(((SLYcer08g00370.1[&&NHX:species=Tomato Cherry],SPI08g00307.1[&&NHX:species=S. pimp],PGSC0003DMP400035613[&&NHX:species=Potato],Capang08g001230[&&NHX:species=Wild pepper],Solyc08g007050.2.1[&&NHX:species=Tomato])S,(Capang06g001476[&&NHX:species=Wild pepper],Capana06g001562[&&NHX:species=Dom. pepper])S)D,(Capang08g000294[&&NHX:species=Wild pepper],SLYcer01g06258.1[&&NHX:species=Tomato Cherry],SPI01g06541.1[&&NHX:species=S. pimp],Solyc01g080900.4.1[&&NHX:species=Tomato],Capana01g003359[&&NHX:species=Dom. pepper],(PGSC0003DMP400003269[&&NHX:species=Potato],PGSC0003DMP400003270[&&NHX:species=Potato])D,Sopen01g032490.1[&&NHX:species=S. Pennelli])S)D)D;	1	1	21	Sopen10g003760.1
OG26653	((((((Sopen01g002500.1[&&NHX:species=S. Pennelli],Solyc01g006590.3.1[&&NHX:species=Tomato],SLYcer01g00334.1[&&NHX:species=Tomato Cherry])S,(Solyc01g006520.3.1[&&NHX:species=Tomato],SLYcer01g00325.1[&&NHX:species=Tomato Cherry],SPI01g00344.1[&&NHX:species=S. pimp])S)D,(Capana01g001581[&&NHX:species=Dom. pepper],Capana01g001620[&&NHX:species=Dom. pepper])D)S,(Capang01g001359[&&NHX:species=Wild pepper],Capana01g001580[&&NHX:species=Dom. pepper],(Sopen01g002510.1[&&NHX:species=S. Pennelli],Sopen01g002580.1[&&NHX:species=S. Pennelli])D,Solyc01g006530.1.1[&&NHX:species=Tomato])S)D,(Solyc01g014550.3.1[&&NHX:species=Tomato],SPI01g01890.1[&&NHX:species=S. pimp],SLYcer01g01809.1[&&NHX:species=Tomato Cherry],Capana09g000254[&&NHX:species=Dom. pepper])S)D,((((Solyc01g014510.2.1[&&NHX:species=Tomato],PGSC0003DMP400007094[&&NHX:species=Potato])S,PGSC0003DMP400055133[&&NHX:species=Potato])D,SLYcer01g01833.1[&&NHX:species=Tomato Cherry],Capana09g000273[&&NHX:species=Dom. pepper],SPI01g01914.1[&&NHX:species=S. pimp])S,((PGSC0003DMP400052091[&&NHX:species=Potato],PGSC0003DMP400068101[&&NHX:species=Potato])D,(Capana09g000242[&&NHX:species=Dom. pepper],Capana09g000252[&&NHX:species=Dom. pepper])D,SLYcer01g01791.1[&&NHX:species=Tomato Cherry],SPI01g01873.1[&&NHX:species=S. pimp],Sopen01g009210.1[&&NHX:species=S. Pennelli],Solyc01g014520.1.1[&&NHX:species=Tomato])S[&&NHX:length=-0.71832])D)D;	1	1	12	Capang01g001348
OG26714	((((Sopen09g030710.1[&&NHX:species=S. Pennelli],Sopen09g030720.1[&&NHX:species=S. Pennelli])D,Solyc09g075910.1.1[&&NHX:species=Tomato],Capana03g003725[&&NHX:species=Dom. pepper],SLYcer09g04433.1[&&NHX:species=Tomato Cherry],Capang03g003617[&&NHX:species=Wild pepper],PGSC0003DMP400055135[&&NHX:species=Potato])S,(PGSC0003DMP400055136[&&NHX:species=Potato],Capana03g003724[&&NHX:species=Dom. pepper],SLYcer09g04434.1[&&NHX:species=Tomato Cherry],Solyc09g075920.1.1[&&NHX:species=Tomato],Sopen09g030750.1[&&NHX:species=S. Pennelli])S)D,((PGSC0003DMP400007131[&&NHX:species=Potato],((PGSC0003DMP400007096[&&NHX:species=Potato],(Solyc11g005630.1.1[&&NHX:species=Tomato],Sopen11g001590.1[&&NHX:species=S. Pennelli],SPI11g00310.1[&&NHX:species=S. pimp],Capana12g001989[&&NHX:species=Dom. pepper],SLYcer11g00153.1[&&NHX:species=Tomato Cherry],PGSC0003DMP400007130[&&NHX:species=Potato])S)D,PGSC0003DMP400007093[&&NHX:species=Potato])D)D,((Capana03g002331[&&NHX:species=Dom. pepper],Capang03g002240[&&NHX:species=Wild pepper],(PGSC0003DMP400032146[&&NHX:species=Potato],PGSC0003DMP400032145[&&NHX:species=Potato])D,SPI03g03154.1[&&NHX:species=S. pimp],Sopen03g021160.1[&&NHX:species=S. Pennelli],Solyc03g078370.1.1[&&NHX:species=Tomato])S,(Capana03g002330[&&NHX:species=Dom. pepper],Sopen03g021150.1[&&NHX:species=S. Pennelli],Solyc03g078360.1.1[&&NHX:species=Tomato],PGSC0003DMP400032151[&&NHX:species=Potato])S)D)D)D;	2	2	6	SPI09g04225.1
OG26721	((((Sopen01g047950.1[&&NHX:species=S. Pennelli],Solyc01g105450.4.1[&&NHX:species=Tomato],SPI01g08170.1[&&NHX:species=S. pimp],PGSC0003DMP400022199[&&NHX:species=Potato],Capana08g002055[&&NHX:species=Dom. pepper])S,(Capang01g004614[&&NHX:species=Wild pepper],Capana08g002054[&&NHX:species=Dom. pepper])S)D,((Solyc01g105387.1.1[&&NHX:species=Tomato],Capang01g004609[&&NHX:species=Wild pepper],SLYcer01g07927.1[&&NHX:species=Tomato Cherry],Sopen01g047920.1[&&NHX:species=S. Pennelli],Capana08g002050[&&NHX:species=Dom. pepper])S,(Capang01g004612[&&NHX:species=Wild pepper],SLYcer01g07932.1[&&NHX:species=Tomato Cherry],Sopen01g047930.1[&&NHX:species=S. Pennelli],Capana08g002051[&&NHX:species=Dom. pepper])S)D)D,(((Capana05g001759[&&NHX:species=Dom. pepper],Capana05g001760[&&NHX:species=Dom. pepper])D,(Sopen05g029960.1[&&NHX:species=S. Pennelli],Sopen05g029950.1[&&NHX:species=S. Pennelli])D,(SLYcer10g02545.1[&&NHX:species=Tomato Cherry],SPI05g04418.1[&&NHX:species=S. pimp])S)S,(SPI11g00672.1[&&NHX:species=S. pimp],SLYcer11g00530.1[&&NHX:species=Tomato Cherry],Capana12g002651[&&NHX:species=Dom. pepper],Solyc11g009100.2.1[&&NHX:species=Tomato],Capang12g002291[&&NHX:species=Wild pepper],Sopen11g004890.1[&&NHX:species=S. Pennelli],PGSC0003DMP400028338[&&NHX:species=Potato])S)D)D;	1	1	42	Capang05g001438,Capang05g001436,PGSC0003DMP400029348,Solyc05g051530.4.1
OG26726	((Capang01g004436[&&NHX:species=Wild pepper],Sopen01g046190.1[&&NHX:species=S. Pennelli],SLYcer01g07278.1[&&NHX:species=Tomato Cherry],PGSC0003DMP400043179[&&NHX:species=Potato],SPI01g07984.1[&&NHX:species=S. pimp],Capana08g001875[&&NHX:species=Dom. pepper])S,(PGSC0003DMP400022855[&&NHX:species=Potato],SLYcer04g05110.1[&&NHX:species=Tomato Cherry],Sopen00g003220.1[&&NHX:species=S. Pennelli],Capang04g000879[&&NHX:species=Wild pepper],Capana04g000919[&&NHX:species=Dom. pepper],Solyc04g075000.1.1[&&NHX:species=Tomato],SPI04g04587.1[&&NHX:species=S. pimp])S,(PGSC0003DMP400012106[&&NHX:species=Potato],Solyc01g088050.3.1[&&NHX:species=Tomato],Sopen01g034930.1[&&NHX:species=S. Pennelli],SLYcer01g06538.1[&&NHX:species=Tomato Cherry],SPI01g06805.1[&&NHX:species=S. pimp],Capang01g002358[&&NHX:species=Wild pepper],Capana01g002710[&&NHX:species=Dom. pepper])S,((Sopen03g004290.1[&&NHX:species=S. Pennelli],SLYcer03g00427.1[&&NHX:species=Tomato Cherry],Capana03g002229[&&NHX:species=Dom. pepper],Solyc03g025450.4.1[&&NHX:species=Tomato],Capang03g002127[&&NHX:species=Wild pepper],SPI03g00646.1[&&NHX:species=S. pimp],PGSC0003DMP400027702[&&NHX:species=Potato])S,((Sopen03g004290.2[&&NHX:species=S. Pennelli],PGSC0003DMP400027701[&&NHX:species=Potato])S,(((Capang12g000688[&&NHX:species=Wild pepper],Capana12g000810[&&NHX:species=Dom. pepper])S,Capang11g001064[&&NHX:species=Wild pepper])D,PGSC0003DMP400027704[&&NHX:species=Potato])S)D)D)D;	1	0	0	
OG26815	((((Solyc03g043710.1.1[&&NHX:species=Tomato],SLYcer03g01032.1[&&NHX:species=Tomato Cherry],Capang04g001911[&&NHX:species=Wild pepper],Sopen03g007550.1[&&NHX:species=S. Pennelli],PGSC0003DMP400064078[&&NHX:species=Potato],SPI03g01231.1[&&NHX:species=S. pimp])S,(PGSC0003DMP400069317[&&NHX:species=Potato],SPI01g08236.1[&&NHX:species=S. pimp],Sopen01g048540.1[&&NHX:species=S. Pennelli],Capang01g004720[&&NHX:species=Wild pepper],Solyc01g106160.3.1[&&NHX:species=Tomato],Capana08g002174[&&NHX:species=Dom. pepper])S)D,((Capang03g003959[&&NHX:species=Wild pepper],Capana03g004108[&&NHX:species=Dom. pepper],Sopen10g018110.1[&&NHX:species=S. Pennelli],SLYcer10g03745.1[&&NHX:species=Tomato Cherry],PGSC0003DMP400052506[&&NHX:species=Potato],SPI10g02089.1[&&NHX:species=S. pimp],Solyc10g047680.3.1[&&NHX:species=Tomato])S,PGSC0003DMP400052502[&&NHX:species=Potato])D)D,((((Capang01g001391[&&NHX:species=Wild pepper],Solyc10g047810.3.1[&&NHX:species=Tomato],PGSC0003DMP400007802[&&NHX:species=Potato],Capana01g001685[&&NHX:species=Dom. pepper])S,PGSC0003DMP400007809[&&NHX:species=Potato])D,((SPI10g02103.1[&&NHX:species=S. pimp],PGSC0003DMP400007801[&&NHX:species=Potato],SLYcer10g03757.1[&&NHX:species=Tomato Cherry])S,PGSC0003DMP400007800[&&NHX:species=Potato])D)D,((PGSC0003DMP400007797[&&NHX:species=Potato],((SLYcer10g03794.1[&&NHX:species=Tomato Cherry],SPI10g02156.1[&&NHX:species=S. pimp])S,SPI10g02138.1[&&NHX:species=S. pimp])D)S,(SPI10g02155.1[&&NHX:species=S. pimp],SLYcer10g03793.1[&&NHX:species=Tomato Cherry])S)D)D)D;	1	1	4	Solyc10g047700.3.1
OG26828	(((((SLYcer02g04535.1[&&NHX:species=Tomato Cherry],Sopen02g026120.1[&&NHX:species=S. Pennelli],PGSC0003DMP400034283[&&NHX:species=Potato],Solyc02g081480.4.1[&&NHX:species=Tomato])S,Sopen02g026140.1[&&NHX:species=S. Pennelli])D,((Capang01g002663[&&NHX:species=Wild pepper],Capang02g002060[&&NHX:species=Wild pepper])D,Solyc02g081500.3.1[&&NHX:species=Tomato],PGSC0003DMP400034274[&&NHX:species=Potato])S)D,(((PGSC0003DMP400034282[&&NHX:species=Potato],SPI02g03429.1[&&NHX:species=S. pimp])S,((PGSC0003DMP400034718[&&NHX:species=Potato],PGSC0003DMP400034719[&&NHX:species=Potato])D,SPI02g03431.1[&&NHX:species=S. pimp])S[&&NHX:length=-8.89779])D,(PGSC0003DMP400054808[&&NHX:species=Potato],SLYcer01g00512.1[&&NHX:species=Tomato Cherry])S)D)D,(Capang00g003343[&&NHX:species=Wild pepper],Sopen03g023240.1[&&NHX:species=S. Pennelli],Solyc03g083470.3.1[&&NHX:species=Tomato],PGSC0003DMP400015985[&&NHX:species=Potato],Capana00g003859[&&NHX:species=Dom. pepper],SLYcer03g03355.1[&&NHX:species=Tomato Cherry],SPI03g03438.1[&&NHX:species=S. pimp])S,(PGSC0003DMP400053339[&&NHX:species=Potato],Sopen02g036430.1[&&NHX:species=S. Pennelli],Capana02g002915[&&NHX:species=Dom. pepper],Solyc02g091860.3.1[&&NHX:species=Tomato],SPI02g04498.1[&&NHX:species=S. pimp],SLYcer02g05582.1[&&NHX:species=Tomato Cherry])S,(((PGSC0003DMP400034280[&&NHX:species=Potato],PGSC0003DMP400034281[&&NHX:species=Potato])D,Capana02g002302[&&NHX:species=Dom. pepper])S,(SPI01g00543.1[&&NHX:species=S. pimp],(PGSC0003DMP400018583[&&NHX:species=Potato],(PGSC0003DMP400018572[&&NHX:species=Potato],Sopen01g004030.1[&&NHX:species=S. Pennelli])S)D)S)D)D;	3	2	0	
OG26852	(((((Capang07g000524[&&NHX:species=Wild pepper],Capana07g000478[&&NHX:species=Dom. pepper])S,Capang07g001052[&&NHX:species=Wild pepper])D,(PGSC0003DMP400005946[&&NHX:species=Potato],Solyc04g078410.4.1[&&NHX:species=Tomato],Capana04g000608[&&NHX:species=Dom. pepper],Sopen04g032020.1[&&NHX:species=S. Pennelli],SLYcer04g05451.1[&&NHX:species=Tomato Cherry],SPI04g04949.1[&&NHX:species=S. pimp],Capang04g000555[&&NHX:species=Wild pepper])S)D,(SLYcer03g00036.1[&&NHX:species=Tomato Cherry],Capana04g002883[&&NHX:species=Dom. pepper],Solyc03g005130.3.1[&&NHX:species=Tomato],SPI03g00199.1[&&NHX:species=S. pimp],PGSC0003DMP400023684[&&NHX:species=Potato],Sopen03g001140.1[&&NHX:species=S. Pennelli])S)D,((Capang00g002315[&&NHX:species=Wild pepper],SLYcer11g00981.1[&&NHX:species=Tomato Cherry],SPI11g01109.1[&&NHX:species=S. pimp],PGSC0003DMP400052589[&&NHX:species=Potato],Solyc11g013880.1.1[&&NHX:species=Tomato],Sopen11g008800.1[&&NHX:species=S. Pennelli],Capana04g001884[&&NHX:species=Dom. pepper])S,((Capana03g002082[&&NHX:species=Dom. pepper],Sopen03g003720.1[&&NHX:species=S. Pennelli],SLYcer03g00358.1[&&NHX:species=Tomato Cherry],Solyc03g007790.3.1[&&NHX:species=Tomato],Capang03g001967[&&NHX:species=Wild pepper],SPI03g00593.1[&&NHX:species=S. pimp])S,((SPI06g02759.1[&&NHX:species=S. pimp],Sopen06g012450.1[&&NHX:species=S. Pennelli],Solyc06g036470.3.1[&&NHX:species=Tomato],Capana06g002474[&&NHX:species=Dom. pepper],Capang06g002291[&&NHX:species=Wild pepper],PGSC0003DMP400050355[&&NHX:species=Potato],SLYcer06g02958.1[&&NHX:species=Tomato Cherry])S,PGSC0003DMP400050356[&&NHX:species=Potato])D)D)D)D;	1	1	0	
OG26906	((Solyc06g053730.1.1[&&NHX:species=Tomato],SPI06g03570.1[&&NHX:species=S. pimp],PGSC0003DMP400028536[&&NHX:species=Potato],Sopen06g018840.1[&&NHX:species=S. Pennelli],Capang06g001945[&&NHX:species=Wild pepper],SLYcer06g03661.1[&&NHX:species=Tomato Cherry],Capana06g002115[&&NHX:species=Dom. pepper])S,(((Capana01g000056[&&NHX:species=Dom. pepper],Capang01g000048[&&NHX:species=Wild pepper],PGSC0003DMP400021419[&&NHX:species=Potato],Solyc08g083040.4.1[&&NHX:species=Tomato],Sopen08g031260.1[&&NHX:species=S. Pennelli])S,(Solyc08g008550.4.1[&&NHX:species=Tomato],Capana00g000942[&&NHX:species=Dom. pepper],Capang08g001332[&&NHX:species=Wild pepper],Sopen08g004390.1[&&NHX:species=S. Pennelli])S)D,(((Capang06g001033[&&NHX:species=Wild pepper],SLYcer06g04492.1[&&NHX:species=Tomato Cherry],PGSC0003DMP400050390[&&NHX:species=Potato],Capana06g001076[&&NHX:species=Dom. pepper],(Sopen06g025850.1[&&NHX:species=S. Pennelli],Sopen06g025850.2[&&NHX:species=S. Pennelli])D,SPI06g04352.1[&&NHX:species=S. pimp],Solyc06g068590.4.1[&&NHX:species=Tomato])S,(Sopen03g036700.1[&&NHX:species=S. Pennelli],SLYcer03g04973.1[&&NHX:species=Tomato Cherry],Capana03g000569[&&NHX:species=Dom. pepper],Solyc03g117790.2.1[&&NHX:species=Tomato],(PGSC0003DMP400025018[&&NHX:species=Potato],(PGSC0003DMP400025017[&&NHX:species=Potato],PGSC0003DMP400025019[&&NHX:species=Potato])D)D,SPI03g05028.1[&&NHX:species=S. pimp],Capang03g000521[&&NHX:species=Wild pepper])S)D,(Sopen02g031560.1[&&NHX:species=S. Pennelli],Solyc02g086790.4.1[&&NHX:species=Tomato],SPI02g04027.1[&&NHX:species=S. pimp],Capang02g003224[&&NHX:species=Wild pepper],SLYcer02g05089.1[&&NHX:species=Tomato Cherry],Capana02g003501[&&NHX:species=Dom. pepper])S)D)D)D;	2	2	0	
OG26950	((((((PGSC0003DMP400017808[&&NHX:species=Potato],PGSC0003DMP400017807[&&NHX:species=Potato])D,Solyc02g090510.3.1[&&NHX:species=Tomato],Sopen02g035180.1[&&NHX:species=S. Pennelli],Capana02g003127[&&NHX:species=Dom. pepper],SLYcer02g05455.1[&&NHX:species=Tomato Cherry],SPI02g04377.1[&&NHX:species=S. pimp],Capang02g002836[&&NHX:species=Wild pepper])S,(PGSC0003DMP400001460[&&NHX:species=Potato],(SPI02g02248.1[&&NHX:species=S. pimp],Solyc02g065070.3.1[&&NHX:species=Tomato],Capang02g000628[&&NHX:species=Wild pepper],PGSC0003DMP400001461[&&NHX:species=Potato],SLYcer02g03360.1[&&NHX:species=Tomato Cherry],Sopen05g015230.1[&&NHX:species=S. Pennelli],Capana02g000725[&&NHX:species=Dom. pepper])S)D)D,(SPI01g08457.1[&&NHX:species=S. pimp],SLYcer01g08235.1[&&NHX:species=Tomato Cherry],PGSC0003DMP400044738[&&NHX:species=Potato],Capang01g004960[&&NHX:species=Wild pepper],Capana08g002421[&&NHX:species=Dom. pepper],Solyc01g108400.3.1[&&NHX:species=Tomato],Sopen01g050620.1[&&NHX:species=S. Pennelli])S)D,(Capana10g002461[&&NHX:species=Dom. pepper],Solyc10g078390.3.1[&&NHX:species=Tomato],SLYcer10g05202.1[&&NHX:species=Tomato Cherry],Capang10g002225[&&NHX:species=Wild pepper],Sopen10g029050.1[&&NHX:species=S. Pennelli],PGSC0003DMP400014703[&&NHX:species=Potato],SPI10g03686.1[&&NHX:species=S. pimp])S)D,((Solyc03g082500.4.1[&&NHX:species=Tomato],Sopen03g022230.1[&&NHX:species=S. Pennelli],Capana03g001919[&&NHX:species=Dom. pepper],PGSC0003DMP400005804[&&NHX:species=Potato],Capang03g001828[&&NHX:species=Wild pepper])S,(Sopen01g040100.1[&&NHX:species=S. Pennelli],Solyc01g096350.3.1[&&NHX:species=Tomato],SLYcer01g07916.1[&&NHX:species=Tomato Cherry],Capang01g003687[&&NHX:species=Wild pepper],Capana08g001102[&&NHX:species=Dom. pepper],SPI01g07357.1[&&NHX:species=S. pimp])S)D)D;	1	1	0	
OG26973	((((PGSC0003DMP400025579[&&NHX:species=Potato],Sopen08g022110.1[&&NHX:species=S. Pennelli],SLYcer08g05251.1[&&NHX:species=Tomato Cherry])S,(Solyc08g068250.4.1[&&NHX:species=Tomato],PGSC0003DMP400025578[&&NHX:species=Potato])S)D,Capang01g003359[&&NHX:species=Wild pepper],Capana08g000757[&&NHX:species=Dom. pepper])S,(SPI05g00706.1[&&NHX:species=S. pimp],Capana11g002188[&&NHX:species=Dom. pepper],PGSC0003DMP400043552[&&NHX:species=Potato],Capang11g002098[&&NHX:species=Wild pepper],SLYcer05g00674.1[&&NHX:species=Tomato Cherry],Solyc05g010140.3.1[&&NHX:species=Tomato],Sopen05g005910.1[&&NHX:species=S. Pennelli])S,(Capana00g002882[&&NHX:species=Dom. pepper],SPI02g04311.1[&&NHX:species=S. pimp],SLYcer02g05386.1[&&NHX:species=Tomato Cherry],PGSC0003DMP400017893[&&NHX:species=Potato],Sopen02g034460.1[&&NHX:species=S. Pennelli])S,(Capang01g001710[&&NHX:species=Wild pepper],Capana01g001958[&&NHX:species=Dom. pepper],Solyc01g010030.3.1[&&NHX:species=Tomato],PGSC0003DMP400028018[&&NHX:species=Potato],SLYcer01g00817.1[&&NHX:species=Tomato Cherry],Sopen01g005590.1[&&NHX:species=S. Pennelli])S,((Solyc04g006930.3.1[&&NHX:species=Tomato],SPI04g00253.1[&&NHX:species=S. pimp],SLYcer04g00280.1[&&NHX:species=Tomato Cherry],Sopen04g001980.1[&&NHX:species=S. Pennelli],Capang05g001104[&&NHX:species=Wild pepper],PGSC0003DMP400013218[&&NHX:species=Potato],Capana05g001267[&&NHX:species=Dom. pepper])S,PGSC0003DMP400043551[&&NHX:species=Potato])D,(Capang03g000265[&&NHX:species=Wild pepper],(Sopen03g039580.2[&&NHX:species=S. Pennelli],Sopen03g039580.1[&&NHX:species=S. Pennelli])D,SLYcer03g05297.1[&&NHX:species=Tomato Cherry],Capana03g000276[&&NHX:species=Dom. pepper],Solyc03g120760.4.1[&&NHX:species=Tomato],SPI03g05337.1[&&NHX:species=S. pimp],(PGSC0003DMP400004511[&&NHX:species=Potato],PGSC0003DMP400004510[&&NHX:species=Potato])D)S)D;	1	0	0	
OG26988	(((((PGSC0003DMP400026224[&&NHX:species=Potato],PGSC0003DMP400026223[&&NHX:species=Potato])D,Capang07g001138[&&NHX:species=Wild pepper],Capana07g001084[&&NHX:species=Dom. pepper])S,((SPI02g03860.1[&&NHX:species=S. pimp],Capang02g002413[&&NHX:species=Wild pepper],PGSC0003DMP400026222[&&NHX:species=Potato],Sopen02g030050.1[&&NHX:species=S. Pennelli],SLYcer02g04936.1[&&NHX:species=Tomato Cherry],Capana02g002685[&&NHX:species=Dom. pepper],Solyc02g085360.4.1[&&NHX:species=Tomato])S,PGSC0003DMP400026221[&&NHX:species=Potato])D)D,(SLYcer02g05748.1[&&NHX:species=Tomato Cherry],Sopen02g038110.1[&&NHX:species=S. Pennelli],Capana02g003575[&&NHX:species=Dom. pepper],Solyc02g093540.4.1[&&NHX:species=Tomato],PGSC0003DMP400063451[&&NHX:species=Potato],Capang02g003296[&&NHX:species=Wild pepper],SPI02g04668.1[&&NHX:species=S. pimp])S)D,((Capang05g000368[&&NHX:species=Wild pepper],SLYcer04g00623.1[&&NHX:species=Tomato Cherry],Solyc04g009930.3.1[&&NHX:species=Tomato],SPI04g00599.1[&&NHX:species=S. pimp],Capana05g000454[&&NHX:species=Dom. pepper])S,((((SPI08g06170.1[&&NHX:species=S. pimp],SLYcer08g06262.1[&&NHX:species=Tomato Cherry],Sopen08g028760.1[&&NHX:species=S. Pennelli],Capang01g000292[&&NHX:species=Wild pepper],Solyc08g080430.2.1[&&NHX:species=Tomato],Capana01g000315[&&NHX:species=Dom. pepper])S,(Capana06g002438[&&NHX:species=Dom. pepper],Capang06g002266[&&NHX:species=Wild pepper])S)D,((Solyc08g007900.3.1[&&NHX:species=Tomato],Sopen08g003800.2[&&NHX:species=S. Pennelli],PGSC0003DMP400010316[&&NHX:species=Potato],SLYcer08g00508.1[&&NHX:species=Tomato Cherry],SPI08g00481.1[&&NHX:species=S. pimp])S,Sopen08g003800.3[&&NHX:species=S. Pennelli])D)D,(Solyc08g007863.1.1[&&NHX:species=Tomato],SPI08g00479.1[&&NHX:species=S. pimp],PGSC0003DMP400005453[&&NHX:species=Potato],SLYcer08g00507.1[&&NHX:species=Tomato Cherry],Sopen08g003800.1[&&NHX:species=S. Pennelli])S)D)D)D;	2	2	0	
OG26992	((((((Capana09g001430[&&NHX:species=Dom. pepper],Capang00g003107[&&NHX:species=Wild pepper])S,(Capana06g002496[&&NHX:species=Dom. pepper],Capang06g002308[&&NHX:species=Wild pepper])S)D,SLYcer09g00234.1[&&NHX:species=Tomato Cherry],SPI09g00124.1[&&NHX:species=S. pimp],Sopen09g001460.1[&&NHX:species=S. Pennelli],Solyc09g005550.3.1[&&NHX:species=Tomato])S,(SPI03g04566.1[&&NHX:species=S. pimp],SLYcer03g04517.1[&&NHX:species=Tomato Cherry],Sopen03g032440.1[&&NHX:species=S. Pennelli],Capang03g001022[&&NHX:species=Wild pepper],Capana03g001067[&&NHX:species=Dom. pepper],Solyc03g113390.3.1[&&NHX:species=Tomato],PGSC0003DMP400023323[&&NHX:species=Potato])S)D,((((PGSC0003DMP400018934[&&NHX:species=Potato],Sopen01g003960.1[&&NHX:species=S. Pennelli],Solyc01g008440.3.1[&&NHX:species=Tomato],SLYcer01g00499.1[&&NHX:species=Tomato Cherry])S,(Sopen11g025390.1[&&NHX:species=S. Pennelli],SLYcer11g03603.1[&&NHX:species=Tomato Cherry],Solyc11g065660.2.1[&&NHX:species=Tomato],PGSC0003DMP400055981[&&NHX:species=Potato])S)D,((Capang01g001337[&&NHX:species=Wild pepper],Capana01g001569[&&NHX:species=Dom. pepper])S,(Capang11g000778[&&NHX:species=Wild pepper],Capana11g000850[&&NHX:species=Dom. pepper])S)D)S,(PGSC0003DMP400014335[&&NHX:species=Potato],(Sopen10g029780.1[&&NHX:species=S. Pennelli],SLYcer10g05281.1[&&NHX:species=Tomato Cherry],Capana10g002358[&&NHX:species=Dom. pepper],Solyc10g079130.2.1[&&NHX:species=Tomato],SPI10g03771.1[&&NHX:species=S. pimp],PGSC0003DMP400014336[&&NHX:species=Potato],Capang10g002105[&&NHX:species=Wild pepper])S)D)D)D,(Capang06g000671[&&NHX:species=Wild pepper],Capana06g000719[&&NHX:species=Dom. pepper],PGSC0003DMP400046709[&&NHX:species=Potato],SLYcer06g04892.1[&&NHX:species=Tomato Cherry],Sopen06g029730.1[&&NHX:species=S. Pennelli],SPI06g04750.1[&&NHX:species=S. pimp])S)D;	1	1	24	SPI01g00527.1,SPI11g03667.1
OG27006	((((Capana01g001235[&&NHX:species=Dom. pepper],Sopen08g022810.1[&&NHX:species=S. Pennelli],SPI08g05239.1[&&NHX:species=S. pimp],Capang01g001073[&&NHX:species=Wild pepper],Solyc08g069180.3.1[&&NHX:species=Tomato])S,((Solyc12g017840.2.1[&&NHX:species=Tomato],SLYcer12g01121.1[&&NHX:species=Tomato Cherry],PGSC0003DMP400035444[&&NHX:species=Potato],Sopen12g008640.1[&&NHX:species=S. Pennelli])S,Sopen12g008640.2[&&NHX:species=S. Pennelli])D)D,(SPI04g02883.1[&&NHX:species=S. pimp],PGSC0003DMP400022792[&&NHX:species=Potato],Capang00g005466[&&NHX:species=Wild pepper],SLYcer04g03129.1[&&NHX:species=Tomato Cherry],Solyc04g049400.3.1[&&NHX:species=Tomato],Capana12g001525[&&NHX:species=Dom. pepper],Sopen04g019380.1[&&NHX:species=S. Pennelli])S)D,((((SLYcer10g02857.1[&&NHX:species=Tomato Cherry],PGSC0003DMP400024200[&&NHX:species=Potato],(Sopen05g027860.1[&&NHX:species=S. Pennelli],Sopen05g027860.2[&&NHX:species=S. Pennelli])D,SPI05g04109.1[&&NHX:species=S. pimp],Solyc05g047550.4.1[&&NHX:species=Tomato],Capang05g001369[&&NHX:species=Wild pepper],Capana05g001688[&&NHX:species=Dom. pepper])S,PGSC0003DMP400024201[&&NHX:species=Potato])D,(((PGSC0003DMP400052059[&&NHX:species=Potato],PGSC0003DMP400052060[&&NHX:species=Potato])D,SLYcer08g05354.1[&&NHX:species=Tomato Cherry])S,(Capana06g002273[&&NHX:species=Dom. pepper],SPI06g02615.1[&&NHX:species=S. pimp],PGSC0003DMP400052061[&&NHX:species=Potato],Capang06g002130[&&NHX:species=Wild pepper],SLYcer06g03052.1[&&NHX:species=Tomato Cherry],Solyc06g043250.4.1[&&NHX:species=Tomato])S)D)D,((Sopen08g002100.2[&&NHX:species=S. Pennelli],Sopen08g002100.1[&&NHX:species=S. Pennelli])D,Capang08g000979[&&NHX:species=Wild pepper],SPI08g00201.1[&&NHX:species=S. pimp],Solyc08g006140.3.1[&&NHX:species=Tomato],SLYcer08g00265.1[&&NHX:species=Tomato Cherry],Capana01g004096[&&NHX:species=Dom. pepper])S)D)D;	1	1	58	Sopen06g013830.1,Sopen06g013830.2
OG27012	(((Capana01g001715[&&NHX:species=Dom. pepper],(Capana10g002178[&&NHX:species=Dom. pepper],(PGSC0003DMP400007613[&&NHX:species=Potato],Capana12g000018[&&NHX:species=Dom. pepper])S)D)D,Capana05g001795[&&NHX:species=Dom. pepper])D,((((SPI10g03930.1[&&NHX:species=S. pimp],Sopen10g031240.1[&&NHX:species=S. Pennelli],Capang10g001935[&&NHX:species=Wild pepper],SLYcer10g05445.1[&&NHX:species=Tomato Cherry],Solyc10g080700.2.1[&&NHX:species=Tomato],PGSC0003DMP400040934[&&NHX:species=Potato])S,((SLYcer12g05236.1[&&NHX:species=Tomato Cherry],Sopen12g034940.1[&&NHX:species=S. Pennelli],SPI12g05181.1[&&NHX:species=S. pimp],Capang12g000018[&&NHX:species=Wild pepper],Solyc12g100310.2.1[&&NHX:species=Tomato])S,(Capang01g001415[&&NHX:species=Wild pepper],SPI01g00293.1[&&NHX:species=S. pimp],SLYcer01g00271.1[&&NHX:species=Tomato Cherry],PGSC0003DMP400055293[&&NHX:species=Potato],Solyc01g006120.4.1[&&NHX:species=Tomato],Sopen01g002120.1[&&NHX:species=S. Pennelli])S)D)D,((Solyc12g095830.3.1[&&NHX:species=Tomato],Capang12g000427[&&NHX:species=Wild pepper],SLYcer12g04845.1[&&NHX:species=Tomato Cherry],Sopen12g031730.1[&&NHX:species=S. Pennelli],Capana12g000516[&&NHX:species=Dom. pepper],SPI12g04803.1[&&NHX:species=S. pimp])S,(Capang08g000765[&&NHX:species=Wild pepper],Capana01g003832[&&NHX:species=Dom. pepper])S)D)D,(((Solyc11g070170.2.1[&&NHX:species=Tomato],Sopen11g028840.1[&&NHX:species=S. Pennelli],Capang00g000138[&&NHX:species=Wild pepper],SLYcer11g04011.1[&&NHX:species=Tomato Cherry],SPI11g04076.1[&&NHX:species=S. pimp],PGSC0003DMP400032372[&&NHX:species=Potato])S,PGSC0003DMP400032370[&&NHX:species=Potato])D,(SPI08g04930.1[&&NHX:species=S. pimp],Sopen08g020220.1[&&NHX:species=S. Pennelli],PGSC0003DMP400032371[&&NHX:species=Potato],SLYcer08g05036.1[&&NHX:species=Tomato Cherry])S)D)D)D;	2	2	42	PGSC0003DMP400051190,PGSC0003DMP400051191,Solyc08g066400.3.1
OG27064	(((SLYcer10g02700.1[&&NHX:species=Tomato Cherry],Sopen05g028870.1[&&NHX:species=S. Pennelli],PGSC0003DMP400012411[&&NHX:species=Potato],Solyc05g050470.1.1[&&NHX:species=Tomato])S,(Sopen05g029080.1[&&NHX:species=S. Pennelli],Solyc05g050670.2.1[&&NHX:species=Tomato],PGSC0003DMP400012409[&&NHX:species=Potato],SLYcer10g02678.1[&&NHX:species=Tomato Cherry])S)D,((PGSC0003DMP400068089[&&NHX:species=Potato],Solyc10g017700.1.1[&&NHX:species=Tomato],Sopen10g006620.1[&&NHX:species=S. Pennelli])S,(PGSC0003DMP400018137[&&NHX:species=Potato],Capang10g000612[&&NHX:species=Wild pepper],Capana10g000794[&&NHX:species=Dom. pepper])S)D,((SPI05g04273.1[&&NHX:species=S. pimp],SLYcer10g02698.1[&&NHX:species=Tomato Cherry],Sopen05g028890.1[&&NHX:species=S. Pennelli],Solyc05g050490.4.1[&&NHX:species=Tomato])S,(SLYcer10g02699.1[&&NHX:species=Tomato Cherry],Solyc05g050480.1.1[&&NHX:species=Tomato],SPI05g04272.1[&&NHX:species=S. pimp],PGSC0003DMP400057442[&&NHX:species=Potato],Capang05g001260[&&NHX:species=Wild pepper],Sopen05g028880.1[&&NHX:species=S. Pennelli],Capana05g001556[&&NHX:species=Dom. pepper])S)D,(((Solyc10g017690.1.1[&&NHX:species=Tomato],(Capana10g000798[&&NHX:species=Dom. pepper],Capana02g001546[&&NHX:species=Dom. pepper])D,Capang02g001374[&&NHX:species=Wild pepper],PGSC0003DMP400018136[&&NHX:species=Potato])S,((SLYcer10g00898.1[&&NHX:species=Tomato Cherry],Capana02g001544[&&NHX:species=Dom. pepper],Capang02g001372[&&NHX:species=Wild pepper])S,(Capang10g000615[&&NHX:species=Wild pepper],Capana10g000797[&&NHX:species=Dom. pepper])S)D)D,((Solyc10g017710.1.1[&&NHX:species=Tomato],Sopen10g006630.1[&&NHX:species=S. Pennelli],PGSC0003DMP400057789[&&NHX:species=Potato])S,(PGSC0003DMP400018152[&&NHX:species=Potato],Solyc10g017830.1.1[&&NHX:species=Tomato],SLYcer10g00935.1[&&NHX:species=Tomato Cherry],Capang10g000624[&&NHX:species=Wild pepper],Sopen10g006670.1[&&NHX:species=S. Pennelli],SPI10g00807.1[&&NHX:species=S. pimp])S)D)D,(Capang10g000625[&&NHX:species=Wild pepper],PGSC0003DMP400057199[&&NHX:species=Potato],Capana10g000805[&&NHX:species=Dom. pepper])S)D;	2	1	0	
OG27091	(((PGSC0003DMP400013327[&&NHX:species=Potato],Capang11g001681[&&NHX:species=Wild pepper],SLYcer05g00738.1[&&NHX:species=Tomato Cherry],Capana00g002726[&&NHX:species=Dom. pepper],Solyc05g010516.1.1[&&NHX:species=Tomato],SPI05g00766.1[&&NHX:species=S. pimp],Sopen05g006290.1[&&NHX:species=S. Pennelli])S,Capang08g001160[&&NHX:species=Wild pepper])D,((Capang02g002388[&&NHX:species=Wild pepper],(PGSC0003DMP400022429[&&NHX:species=Potato],PGSC0003DMP400022428[&&NHX:species=Potato])D,SLYcer02g04961.1[&&NHX:species=Tomato Cherry],Sopen02g030280.1[&&NHX:species=S. Pennelli],Capana02g002659[&&NHX:species=Dom. pepper],SPI02g03886.1[&&NHX:species=S. pimp],Solyc02g085610.4.1[&&NHX:species=Tomato])S,PGSC0003DMP400022424[&&NHX:species=Potato])D,(Capana02g000410[&&NHX:species=Dom. pepper],(Sopen02g013990.1[&&NHX:species=S. Pennelli],Sopen02g013990.2[&&NHX:species=S. Pennelli])D,SPI02g02094.1[&&NHX:species=S. pimp],Capang02g000415[&&NHX:species=Wild pepper],SLYcer02g03209.1[&&NHX:species=Tomato Cherry],Solyc02g062950.3.1[&&NHX:species=Tomato])S,((SPI08g00094.1[&&NHX:species=S. pimp],PGSC0003DMP400032176[&&NHX:species=Potato],Sopen08g001310.1[&&NHX:species=S. Pennelli],Capana01g004290[&&NHX:species=Dom. pepper],SLYcer08g00174.1[&&NHX:species=Tomato Cherry],Solyc08g005290.3.1[&&NHX:species=Tomato])S,(Solyc08g076100.4.1[&&NHX:species=Tomato],Sopen08g024750.1[&&NHX:species=S. Pennelli],SLYcer08g05828.1[&&NHX:species=Tomato Cherry],Capana01g000848[&&NHX:species=Dom. pepper],Capang01g000760[&&NHX:species=Wild pepper],SPI08g05715.1[&&NHX:species=S. pimp])S)D,((Solyc01g095460.3.1[&&NHX:species=Tomato],SLYcer01g07024.1[&&NHX:species=Tomato Cherry],Sopen01g039210.1[&&NHX:species=S. Pennelli],Capana08g001015[&&NHX:species=Dom. pepper],SPI01g07272.1[&&NHX:species=S. pimp],PGSC0003DMP400000201[&&NHX:species=Potato])S,((PGSC0003DMP400056251[&&NHX:species=Potato],SLYcer10g02736.1[&&NHX:species=Tomato Cherry])S,(PGSC0003DMP400056253[&&NHX:species=Potato],(SPI05g04235.1[&&NHX:species=S. pimp],Solyc05g050220.3.1[&&NHX:species=Tomato],(PGSC0003DMP400056250[&&NHX:species=Potato],PGSC0003DMP400056252[&&NHX:species=Potato])D)S)D)D)D)D;	2	1	0	
OG27101	((((PGSC0003DMP400053005[&&NHX:species=Potato],(PGSC0003DMP400053004[&&NHX:species=Potato],(Sopen06g033850.1[&&NHX:species=S. Pennelli],Capana06g000280[&&NHX:species=Dom. pepper],PGSC0003DMP400053006[&&NHX:species=Potato],Capang06g000269[&&NHX:species=Wild pepper],SPI06g05196.1[&&NHX:species=S. pimp],SLYcer06g05305.1[&&NHX:species=Tomato Cherry],Solyc06g082470.3.1[&&NHX:species=Tomato])S)D)D,((PGSC0003DMP400007838[&&NHX:species=Potato],Sopen09g010830.1[&&NHX:species=S. Pennelli],Solyc09g018170.4.1[&&NHX:species=Tomato],SPI09g01464.1[&&NHX:species=S. pimp])S,PGSC0003DMP400007837[&&NHX:species=Potato])D)D,(((SPI06g04590.1[&&NHX:species=S. pimp],PGSC0003DMP400005349[&&NHX:species=Potato],Capana03g001234[&&NHX:species=Dom. pepper],SLYcer09g01603.1[&&NHX:species=Tomato Cherry])S,Capana07g002502[&&NHX:species=Dom. pepper])D,((((Capana06g000035[&&NHX:species=Dom. pepper],Capana11g002367[&&NHX:species=Dom. pepper])D,Capana00g001911[&&NHX:species=Dom. pepper])D,(Capang07g002343[&&NHX:species=Wild pepper],Capana07g002349[&&NHX:species=Dom. pepper],(PGSC0003DMP400038402[&&NHX:species=Potato],PGSC0003DMP400038403[&&NHX:species=Potato])D,Solyc07g065250.3.1[&&NHX:species=Tomato],SLYcer07g05567.1[&&NHX:species=Tomato Cherry],SPI07g06283.1[&&NHX:species=S. pimp])S)D,(Capana00g001915[&&NHX:species=Dom. pepper],PGSC0003DMP400038404[&&NHX:species=Potato],Capang00g003991[&&NHX:species=Wild pepper])S)D)D)D,(((Capana00g001687[&&NHX:species=Dom. pepper],Capang09g001954[&&NHX:species=Wild pepper])S,(Sopen01g039910.1[&&NHX:species=S. Pennelli],Solyc01g096170.4.1[&&NHX:species=Tomato],SPI01g07340.1[&&NHX:species=S. pimp],Capang01g003630[&&NHX:species=Wild pepper],Capana08g001122[&&NHX:species=Dom. pepper],PGSC0003DMP400000268[&&NHX:species=Potato],SLYcer01g07090.1[&&NHX:species=Tomato Cherry])S)D,((Capana04g000006[&&NHX:species=Dom. pepper],Capang04g000002[&&NHX:species=Wild pepper])S,((Capana07g000006[&&NHX:species=Dom. pepper],Capang06g000028[&&NHX:species=Wild pepper])S,(Capang05g002043[&&NHX:species=Wild pepper],Capana11g002385[&&NHX:species=Dom. pepper])S)D)D)D)D;	5	5	210	Sopen07g033460.2,Sopen07g033460.1
OG27130	((Solyc06g070950.2.1[&&NHX:species=Tomato],SPI06g04499.1[&&NHX:species=S. pimp],SLYcer06g04641.1[&&NHX:species=Tomato Cherry],Capang06g000958[&&NHX:species=Wild pepper],Sopen06g027220.1[&&NHX:species=S. Pennelli],Capana06g001013[&&NHX:species=Dom. pepper])S,(Capang06g000956[&&NHX:species=Wild pepper],Sopen06g027230.1[&&NHX:species=S. Pennelli],Solyc06g070960.3.1[&&NHX:species=Tomato],SLYcer06g04642.1[&&NHX:species=Tomato Cherry],Capana06g001011[&&NHX:species=Dom. pepper],SPI06g04501.1[&&NHX:species=S. pimp])S,(Sopen06g027200.1[&&NHX:species=S. Pennelli],PGSC0003DMP400055792[&&NHX:species=Potato],Solyc06g070920.3.1[&&NHX:species=Tomato],Capana06g001015[&&NHX:species=Dom. pepper],SLYcer06g04639.1[&&NHX:species=Tomato Cherry],Capang06g000960[&&NHX:species=Wild pepper])S,((((Sopen03g032120.1[&&NHX:species=S. Pennelli],SPI03g04535.1[&&NHX:species=S. pimp],SLYcer03g04486.1[&&NHX:species=Tomato Cherry],Solyc03g113040.4.1[&&NHX:species=Tomato],Capang03g001061[&&NHX:species=Wild pepper])S,Capang03g001059[&&NHX:species=Wild pepper])D,(Solyc03g113060.3.1[&&NHX:species=Tomato],Sopen03g032140.2[&&NHX:species=S. Pennelli],SLYcer03g04488.1[&&NHX:species=Tomato Cherry],SPI03g04537.1[&&NHX:species=S. pimp])S)D,(Sopen03g032140.3[&&NHX:species=S. Pennelli],(Capana03g001105[&&NHX:species=Dom. pepper],Capana03g001107[&&NHX:species=Dom. pepper])D)S)D,(Sopen03g032140.4[&&NHX:species=S. Pennelli],Solyc06g070930.3.1[&&NHX:species=Tomato])S,((Capana03g001104[&&NHX:species=Dom. pepper],Sopen03g032150.1[&&NHX:species=S. Pennelli],Solyc03g113070.4.1[&&NHX:species=Tomato],Capang03g001058[&&NHX:species=Wild pepper],SLYcer03g04489.1[&&NHX:species=Tomato Cherry],SPI03g04538.1[&&NHX:species=S. pimp],PGSC0003DMP400031614[&&NHX:species=Potato])S,(Capana06g001014[&&NHX:species=Dom. pepper],Capang06g000959[&&NHX:species=Wild pepper],(PGSC0003DMP400055846[&&NHX:species=Potato],PGSC0003DMP400055847[&&NHX:species=Potato])D,Solyc06g070940.4.1[&&NHX:species=Tomato],Sopen06g027210.1[&&NHX:species=S. Pennelli])S)D,((Sopen03g032140.1[&&NHX:species=S. Pennelli],SPI06g04498.1[&&NHX:species=S. pimp])S,(SPI06g04500.1[&&NHX:species=S. pimp],Capana03g001103[&&NHX:species=Dom. pepper],SLYcer06g04640.1[&&NHX:species=Tomato Cherry])S)D)D;	2	1	7	PGSC0003DMP400031613
OG27163	(((PGSC0003DMP400055547[&&NHX:species=Potato],PGSC0003DMP400055546[&&NHX:species=Potato])D,Capana11g001010[&&NHX:species=Dom. pepper],SLYcer11g03429.1[&&NHX:species=Tomato Cherry],SPI11g03503.1[&&NHX:species=S. pimp],Capang11g000976[&&NHX:species=Wild pepper],Sopen11g024680.1[&&NHX:species=S. Pennelli],Solyc11g062410.3.1[&&NHX:species=Tomato])S,(((SLYcer11g03098.1[&&NHX:species=Tomato Cherry],PGSC0003DMP400011325[&&NHX:species=Potato],Capana00g001142[&&NHX:species=Dom. pepper],SPI11g03168.1[&&NHX:species=S. pimp])S,(Capana00g000075[&&NHX:species=Dom. pepper],Capang08g000105[&&NHX:species=Wild pepper])S)D,(Solyc11g039835.1.1[&&NHX:species=Tomato],Capang04g001757[&&NHX:species=Wild pepper])S)D,((PGSC0003DMP400054587[&&NHX:species=Potato],Solyc02g021440.4.1[&&NHX:species=Tomato],Capang00g001760[&&NHX:species=Wild pepper],Sopen02g005920.1[&&NHX:species=S. Pennelli],SLYcer02g02107.1[&&NHX:species=Tomato Cherry],SPI02g01156.1[&&NHX:species=S. pimp],Capana02g000296[&&NHX:species=Dom. pepper])S,(PGSC0003DMP400024195[&&NHX:species=Potato],Sopen05g027910.1[&&NHX:species=S. Pennelli])S)D,(Capana00g001150[&&NHX:species=Dom. pepper],(PGSC0003DMP400039380[&&NHX:species=Potato],PGSC0003DMP400039381[&&NHX:species=Potato])D,Capang00g000768[&&NHX:species=Wild pepper],Solyc01g008850.3.1[&&NHX:species=Tomato],SLYcer01g00547.1[&&NHX:species=Tomato Cherry],Sopen01g004360.1[&&NHX:species=S. Pennelli],SPI01g00582.1[&&NHX:species=S. pimp])S,(((((PGSC0003DMP400011324[&&NHX:species=Potato],PGSC0003DMP400011320[&&NHX:species=Potato])D,(Sopen00g004210.2[&&NHX:species=S. Pennelli],Sopen00g004210.1[&&NHX:species=S. Pennelli])D)S,Capang07g000868[&&NHX:species=Wild pepper],Capana04g000812[&&NHX:species=Dom. pepper])S,PGSC0003DMP400011323[&&NHX:species=Potato])D,(PGSC0003DMP400011321[&&NHX:species=Potato],PGSC0003DMP400011322[&&NHX:species=Potato])D)D,(Capang06g002629[&&NHX:species=Wild pepper],(Sopen12g004550.1[&&NHX:species=S. Pennelli],SPI12g00557.1[&&NHX:species=S. pimp],Capang09g000019[&&NHX:species=Wild pepper],SLYcer12g00529.1[&&NHX:species=Tomato Cherry],PGSC0003DMP400005201[&&NHX:species=Potato],Capana09g000029[&&NHX:species=Dom. pepper])S,(Capana05g001681[&&NHX:species=Dom. pepper],Capang05g001358[&&NHX:species=Wild pepper])S)D)D;	3	1	45	Solyc12g009570.3.1,SPI04g04779.1,Solyc04g076810.4.1
OG27172	((((Sopen07g032650.1[&&NHX:species=S. Pennelli],SLYcer07g05483.1[&&NHX:species=Tomato Cherry],Solyc07g064450.4.1[&&NHX:species=Tomato],PGSC0003DMP400038479[&&NHX:species=Potato],SPI07g06198.1[&&NHX:species=S. pimp])S,(SLYcer07g05484.1[&&NHX:species=Tomato Cherry],PGSC0003DMP400038477[&&NHX:species=Potato],SPI07g06199.1[&&NHX:species=S. pimp])S)D,(Capang01g005121[&&NHX:species=Wild pepper],Capang01g005118[&&NHX:species=Wild pepper])D)S,(((((SLYcer11g03632.1[&&NHX:species=Tomato Cherry],PGSC0003DMP400038142[&&NHX:species=Potato],SPI11g03695.1[&&NHX:species=S. pimp])S,(Capang10g000197[&&NHX:species=Wild pepper],SLYcer11g03340.1[&&NHX:species=Tomato Cherry],Solyc11g056670.2.1[&&NHX:species=Tomato],SPI11g03406.1[&&NHX:species=S. pimp],Capana10g000289[&&NHX:species=Dom. pepper],Sopen11g023450.1[&&NHX:species=S. Pennelli],PGSC0003DMP400002268[&&NHX:species=Potato])S)D,PGSC0003DMP400025978[&&NHX:species=Potato])D,(((((Capana05g001991[&&NHX:species=Dom. pepper],Capang07g000961[&&NHX:species=Wild pepper])S,Capang05g001564[&&NHX:species=Wild pepper])D,(Capana05g001471[&&NHX:species=Dom. pepper],Capang05g001194[&&NHX:species=Wild pepper])S)D,(Capana00g002505[&&NHX:species=Dom. pepper],Capang07g000576[&&NHX:species=Wild pepper])S)D,(Solyc05g021390.4.1[&&NHX:species=Tomato],Solyc07g042880.1.1[&&NHX:species=Tomato])D,(SLYcer05g02051.1[&&NHX:species=Tomato Cherry],SLYcer07g03808.1[&&NHX:species=Tomato Cherry])D,(Sopen07g022480.1[&&NHX:species=S. Pennelli],Sopen05g017610.1[&&NHX:species=S. Pennelli])D)S)D,((Sopen01g018010.1[&&NHX:species=S. Pennelli],PGSC0003DMP400025979[&&NHX:species=Potato],Capana01g002017[&&NHX:species=Dom. pepper])S,((Capang01g001728[&&NHX:species=Wild pepper],PGSC0003DMP400025973[&&NHX:species=Potato])S,(Capana01g002018[&&NHX:species=Dom. pepper],PGSC0003DMP400025972[&&NHX:species=Potato])S)D,((Capang07g000592[&&NHX:species=Wild pepper],Capana07g000557[&&NHX:species=Dom. pepper],SLYcer01g04257.1[&&NHX:species=Tomato Cherry],PGSC0003DMP400005857[&&NHX:species=Potato])S,(Solyc01g028803.1.1[&&NHX:species=Tomato],Capang00g005373[&&NHX:species=Wild pepper])S)D)D)D)D;	3	2	289	SPI05g02632.1,SPI07g04520.1,PGSC0003DMP400024018,PGSC0003DMP400013378,PGSC0003DMP400065616,Capana00g004177,Capana00g004180,SPI01g04286.1
OG27193	((((Capang00g005480[&&NHX:species=Wild pepper],Capang11g001558[&&NHX:species=Wild pepper])D,Solyc05g007140.3.1[&&NHX:species=Tomato],PGSC0003DMP400044380[&&NHX:species=Potato],SPI05g00387.1[&&NHX:species=S. pimp],Capana11g001603[&&NHX:species=Dom. pepper],Sopen05g003100.1[&&NHX:species=S. Pennelli],SLYcer05g00353.1[&&NHX:species=Tomato Cherry])S,PGSC0003DMP400044379[&&NHX:species=Potato])D,(PGSC0003DMP400001658[&&NHX:species=Potato],(Capana01g002212[&&NHX:species=Dom. pepper],SLYcer01g00935.1[&&NHX:species=Tomato Cherry],Capang01g001915[&&NHX:species=Wild pepper],Solyc01g010660.3.1[&&NHX:species=Tomato],Sopen01g006300.1[&&NHX:species=S. Pennelli],PGSC0003DMP400001657[&&NHX:species=Potato],SPI01g00999.1[&&NHX:species=S. pimp])S)D,((SLYcer12g01828.1[&&NHX:species=Tomato Cherry],PGSC0003DMP400033650[&&NHX:species=Potato],Solyc12g077390.3.1[&&NHX:species=Tomato],(Sopen12g027790.1[&&NHX:species=S. Pennelli],Sopen12g027790.2[&&NHX:species=S. Pennelli])D,SPI12g01906.1[&&NHX:species=S. pimp])S,PGSC0003DMP400033649[&&NHX:species=Potato])D,(Sopen04g026290.1[&&NHX:species=S. Pennelli],SLYcer04g04349.1[&&NHX:species=Tomato Cherry],Capana00g004439[&&NHX:species=Dom. pepper],SPI04g03989.1[&&NHX:species=S. pimp],Capang03g003333[&&NHX:species=Wild pepper],Solyc04g063370.3.1[&&NHX:species=Tomato])S,((Sopen12g023200.1[&&NHX:species=S. Pennelli],PGSC0003DMP400056149[&&NHX:species=Potato],Solyc12g044840.2.1[&&NHX:species=Tomato],SLYcer12g04243.1[&&NHX:species=Tomato Cherry],SPI12g04181.1[&&NHX:species=S. pimp])S,(PGSC0003DMP400004627[&&NHX:species=Potato],Capang03g000186[&&NHX:species=Wild pepper],SPI03g05406.1[&&NHX:species=S. pimp],SLYcer03g05368.1[&&NHX:species=Tomato Cherry],Sopen03g040260.1[&&NHX:species=S. Pennelli],Solyc03g121440.4.1[&&NHX:species=Tomato],Capana03g000195[&&NHX:species=Dom. pepper])S)D,(((Sopen07g014930.2[&&NHX:species=S. Pennelli],Sopen07g014930.1[&&NHX:species=S. Pennelli])D,(Capang05g000393[&&NHX:species=Wild pepper],Capana05g000479[&&NHX:species=Dom. pepper])S)S,PGSC0003DMP400016922[&&NHX:species=Potato])D,(Solyc01g096690.3.1[&&NHX:species=Tomato],Capang01g003735[&&NHX:species=Wild pepper],SPI01g07390.1[&&NHX:species=S. pimp],SLYcer01g07882.1[&&NHX:species=Tomato Cherry],Capana08g001161[&&NHX:species=Dom. pepper],PGSC0003DMP400005909[&&NHX:species=Potato],Sopen01g040400.3[&&NHX:species=S. Pennelli])S)D;	1	0	16	Solyc07g027020.4.1,PGSC0003DMP400016921,PGSC0003DMP400016924
OG27202	(((((Solyc10g076900.3.1[&&NHX:species=Tomato],PGSC0003DMP400012783[&&NHX:species=Potato],SPI10g03635.1[&&NHX:species=S. pimp],SLYcer10g05152.1[&&NHX:species=Tomato Cherry],Capana10g002515[&&NHX:species=Dom. pepper],Sopen10g028590.1[&&NHX:species=S. Pennelli])S,(Capang01g001406[&&NHX:species=Wild pepper],Sopen01g002720.1[&&NHX:species=S. Pennelli],SPI01g00377.1[&&NHX:species=S. pimp],SLYcer01g00353.1[&&NHX:species=Tomato Cherry],Capana01g001698[&&NHX:species=Dom. pepper],PGSC0003DMP400036988[&&NHX:species=Potato],Solyc01g006730.4.1[&&NHX:species=Tomato])S)D,(Capana00g004804[&&NHX:species=Dom. pepper],(Sopen10g032150.1[&&NHX:species=S. Pennelli],(Capang07g000770[&&NHX:species=Wild pepper],(Capang07g000773[&&NHX:species=Wild pepper],Capana00g004807[&&NHX:species=Dom. pepper])S)D,SPI10g04061.1[&&NHX:species=S. pimp],SLYcer10g05557.1[&&NHX:species=Tomato Cherry],PGSC0003DMP400048877[&&NHX:species=Potato])S)D)D,(Solyc10g081740.3.1[&&NHX:species=Tomato],SPI10g04071.1[&&NHX:species=S. pimp],Sopen10g032250.1[&&NHX:species=S. Pennelli],SLYcer10g05567.1[&&NHX:species=Tomato Cherry],PGSC0003DMP400049071[&&NHX:species=Potato],Capang01g001806[&&NHX:species=Wild pepper],Capana00g004822[&&NHX:species=Dom. pepper])S)D,((((PGSC0003DMP400008218[&&NHX:species=Potato],(PGSC0003DMP400008217[&&NHX:species=Potato],PGSC0003DMP400008216[&&NHX:species=Potato])D)D,Solyc12g099790.3.1[&&NHX:species=Tomato],Capang12g000076[&&NHX:species=Wild pepper],Sopen12g034420.1[&&NHX:species=S. Pennelli],SLYcer12g05182.1[&&NHX:species=Tomato Cherry],SPI12g05131.1[&&NHX:species=S. pimp],Capana12g000086[&&NHX:species=Dom. pepper])S,((Solyc01g008740.2.1[&&NHX:species=Tomato],Sopen01g004260.1[&&NHX:species=S. Pennelli],Capang01g001476[&&NHX:species=Wild pepper],Capana01g001772[&&NHX:species=Dom. pepper],SPI01g00570.1[&&NHX:species=S. pimp],SLYcer01g00535.1[&&NHX:species=Tomato Cherry])S,(Solyc11g064900.2.1[&&NHX:species=Tomato],SLYcer11g03498.1[&&NHX:species=Tomato Cherry],SPI11g03569.1[&&NHX:species=S. pimp],Capang12g000830[&&NHX:species=Wild pepper],Sopen11g024420.1[&&NHX:species=S. Pennelli],Capana00g000412[&&NHX:species=Dom. pepper],PGSC0003DMP400016709[&&NHX:species=Potato])S)D)D,(PGSC0003DMP400010340[&&NHX:species=Potato],SPI08g00511.1[&&NHX:species=S. pimp],Sopen08g004020.1[&&NHX:species=S. Pennelli],Capang08g001300[&&NHX:species=Wild pepper],SLYcer08g00537.1[&&NHX:species=Tomato Cherry],Solyc08g008170.4.1[&&NHX:species=Tomato],Capana00g004799[&&NHX:species=Dom. pepper])S)D)D;	2	2	12	Solyc10g081640.3.1
OG27234	(((SPI04g05178.1[&&NHX:species=S. pimp],Capang04g000276[&&NHX:species=Wild pepper],SLYcer04g05676.1[&&NHX:species=Tomato Cherry],PGSC0003DMP400006602[&&NHX:species=Potato],Capana04g000305[&&NHX:species=Dom. pepper],Solyc04g080740.1.1[&&NHX:species=Tomato],Sopen04g034330.1[&&NHX:species=S. Pennelli])S,Solyc08g022080.4.1[&&NHX:species=Tomato])D,(Capana04g000700[&&NHX:species=Dom. pepper],Sopen04g031190.1[&&NHX:species=S. Pennelli],SLYcer04g05370.1[&&NHX:species=Tomato Cherry],Capang04g000673[&&NHX:species=Wild pepper],SPI04g04867.1[&&NHX:species=S. pimp],PGSC0003DMP400008735[&&NHX:species=Potato])S,((Capang01g003828[&&NHX:species=Wild pepper],Solyc01g097330.3.1[&&NHX:species=Tomato],Sopen01g041000.1[&&NHX:species=S. Pennelli],SLYcer01g07824.1[&&NHX:species=Tomato Cherry],Capana08g001245[&&NHX:species=Dom. pepper],SPI01g07453.1[&&NHX:species=S. pimp],PGSC0003DMP400033825[&&NHX:species=Potato])S,(SPI08g03769.1[&&NHX:species=S. pimp],SLYcer08g03809.1[&&NHX:species=Tomato Cherry],Sopen08g007600.1[&&NHX:species=S. Pennelli],Capana08g000456[&&NHX:species=Dom. pepper])S)D,(PGSC0003DMP400039149[&&NHX:species=Potato],Capang06g001788[&&NHX:species=Wild pepper],Capana00g004511[&&NHX:species=Dom. pepper],Sopen03g006520.1[&&NHX:species=S. Pennelli],SLYcer03g00877.1[&&NHX:species=Tomato Cherry])S,((SLYcer10g04525.1[&&NHX:species=Tomato Cherry],SPI10g03022.1[&&NHX:species=S. pimp],Solyc10g054010.1.1[&&NHX:species=Tomato],PGSC0003DMP400029542[&&NHX:species=Potato],Sopen10g023850.1[&&NHX:species=S. Pennelli])S,(Solyc01g109880.3.1[&&NHX:species=Tomato],Capang01g005099[&&NHX:species=Wild pepper],Capana08g002567[&&NHX:species=Dom. pepper],PGSC0003DMP400053892[&&NHX:species=Potato],SPI01g08608.1[&&NHX:species=S. pimp],SLYcer01g08382.1[&&NHX:species=Tomato Cherry],Sopen01g052070.1[&&NHX:species=S. Pennelli])S)D,((SPI02g03808.1[&&NHX:species=S. pimp],PGSC0003DMP400006285[&&NHX:species=Potato],Capang02g002461[&&NHX:species=Wild pepper],Capana02g002738[&&NHX:species=Dom. pepper],SLYcer02g04884.1[&&NHX:species=Tomato Cherry],Sopen02g029530.1[&&NHX:species=S. Pennelli],Solyc02g084860.1.1[&&NHX:species=Tomato])S,(Sopen02g013540.1[&&NHX:species=S. Pennelli],SLYcer02g03150.1[&&NHX:species=Tomato Cherry],Capang02g000420[&&NHX:species=Wild pepper],PGSC0003DMP400027154[&&NHX:species=Potato],SPI02g02030.1[&&NHX:species=S. pimp])S)D,(Sopen01g043980.1[&&NHX:species=S. Pennelli],SPI01g07767.1[&&NHX:species=S. pimp],(PGSC0003DMP400004976[&&NHX:species=Potato],PGSC0003DMP400057234[&&NHX:species=Potato])D,Capang01g004183[&&NHX:species=Wild pepper],SLYcer01g07503.1[&&NHX:species=Tomato Cherry],Solyc01g100460.3.1[&&NHX:species=Tomato],Capana08g001614[&&NHX:species=Dom. pepper])S)D;	1	0	0	
OG27250	((((((Capana11g000265[&&NHX:species=Dom. pepper],Capang06g000852[&&NHX:species=Wild pepper])S,(Capang11g000242[&&NHX:species=Wild pepper],Capana06g000908[&&NHX:species=Dom. pepper],PGSC0003DMP400004278[&&NHX:species=Potato])S)D,((((Capang07g000055[&&NHX:species=Wild pepper],Capana07g000027[&&NHX:species=Dom. pepper])S,Capang07g000054[&&NHX:species=Wild pepper])D,Sopen07g002990.1[&&NHX:species=S. Pennelli],Solyc07g006890.1.1[&&NHX:species=Tomato],PGSC0003DMP400032667[&&NHX:species=Potato])S,(((Capang11g000241[&&NHX:species=Wild pepper],Capana11g000271[&&NHX:species=Dom. pepper])S,(Capang11g000243[&&NHX:species=Wild pepper],(Capana11g000263[&&NHX:species=Dom. pepper],Capana11g000264[&&NHX:species=Dom. pepper])D)S)D,((Capang11g000246[&&NHX:species=Wild pepper],Capana11g000273[&&NHX:species=Dom. pepper])S,Capang11g000245[&&NHX:species=Wild pepper])D)D)D)D,(((Sopen11g025540.1[&&NHX:species=S. Pennelli],Solyc11g065770.1.1[&&NHX:species=Tomato],SPI11g03687.1[&&NHX:species=S. pimp],SLYcer11g03625.1[&&NHX:species=Tomato Cherry],PGSC0003DMP400013001[&&NHX:species=Potato])S,((Solyc09g066150.2.1[&&NHX:species=Tomato],PGSC0003DMP400054719[&&NHX:species=Potato],SPI09g03740.1[&&NHX:species=S. pimp])S,(Sopen09g027910.1[&&NHX:species=S. Pennelli],PGSC0003DMP400054718[&&NHX:species=Potato])S)D)D,(Capang03g003303[&&NHX:species=Wild pepper],Capang06g001207[&&NHX:species=Wild pepper])D)S)D,((SPI10g03674.1[&&NHX:species=S. pimp],Capang10g002214[&&NHX:species=Wild pepper],Capana10g002450[&&NHX:species=Dom. pepper],((PGSC0003DMP400012760[&&NHX:species=Potato],PGSC0003DMP400012761[&&NHX:species=Potato])D,(Sopen10g028940.2[&&NHX:species=S. Pennelli],Sopen10g028940.3[&&NHX:species=S. Pennelli])D)S,SLYcer10g05190.1[&&NHX:species=Tomato Cherry])S,PGSC0003DMP400012759[&&NHX:species=Potato])D)D,(((SLYcer06g05235.1[&&NHX:species=Tomato Cherry],Sopen06g033190.1[&&NHX:species=S. Pennelli],SPI06g05125.1[&&NHX:species=S. pimp],Capang06g000332[&&NHX:species=Wild pepper],PGSC0003DMP400052827[&&NHX:species=Potato],Solyc06g076800.3.1[&&NHX:species=Tomato],Capana06g000365[&&NHX:species=Dom. pepper])S,((Capana11g001911[&&NHX:species=Dom. pepper],PGSC0003DMP400049242[&&NHX:species=Potato],Capang11g001863[&&NHX:species=Wild pepper])S,(Capang11g000551[&&NHX:species=Wild pepper],Capana00g002469[&&NHX:species=Dom. pepper])S)D)D,(PGSC0003DMP400018704[&&NHX:species=Potato],Capang07g000329[&&NHX:species=Wild pepper],Sopen02g004100.1[&&NHX:species=S. Pennelli],SLYcer02g01554.1[&&NHX:species=Tomato Cherry],Capana07g000317[&&NHX:species=Dom. pepper],Solyc02g014730.3.1[&&NHX:species=Tomato],SPI02g00532.1[&&NHX:species=S. pimp])S)D)D;	2	2	62	Capana03g003377,Capana06g001248,SLYcer07g00328.1,SPI07g00396.1,Solyc10g078280.3.1
OG27274	((Capana01g003704[&&NHX:species=Dom. pepper],Capang00g002048[&&NHX:species=Wild pepper],Solyc08g016720.1.1[&&NHX:species=Tomato],PGSC0003DMP400026516[&&NHX:species=Potato],Sopen08g007150.1[&&NHX:species=S. Pennelli],SPI08g00947.1[&&NHX:species=S. pimp],SLYcer08g00984.1[&&NHX:species=Tomato Cherry])S,(((Capana01g004038[&&NHX:species=Dom. pepper],Sopen08g001600.1[&&NHX:species=S. Pennelli],PGSC0003DMP400032200[&&NHX:species=Potato])S,PGSC0003DMP400032199[&&NHX:species=Potato])D,((SLYcer08g05767.1[&&NHX:species=Tomato Cherry],Capana01g000948[&&NHX:species=Dom. pepper],SPI08g05652.1[&&NHX:species=S. pimp],Sopen08g024140.1[&&NHX:species=S. Pennelli],PGSC0003DMP400003539[&&NHX:species=Potato],Solyc08g075490.4.1[&&NHX:species=Tomato],Capang00g003561[&&NHX:species=Wild pepper])S,(PGSC0003DMP400003533[&&NHX:species=Potato],Sopen08g024130.1[&&NHX:species=S. Pennelli],SLYcer08g05766.1[&&NHX:species=Tomato Cherry],Solyc08g075480.4.1[&&NHX:species=Tomato],SPI08g05651.1[&&NHX:species=S. pimp])S)D)D,(((SLYcer08g05082.1[&&NHX:species=Tomato Cherry],Sopen08g020690.1[&&NHX:species=S. Pennelli],SPI08g04972.1[&&NHX:species=S. pimp],(Capana08g000589[&&NHX:species=Dom. pepper],Capang01g003199[&&NHX:species=Wild pepper])S)S,PGSC0003DMP400007669[&&NHX:species=Potato])D,(((Capana00g000349[&&NHX:species=Dom. pepper],Capang11g000022[&&NHX:species=Wild pepper])S,(Capana11g000005[&&NHX:species=Dom. pepper],Capana11g000021[&&NHX:species=Dom. pepper])D)D,((PGSC0003DMP400007667[&&NHX:species=Potato],Solyc08g066720.3.1[&&NHX:species=Tomato])S,Solyc11g071227.1.1[&&NHX:species=Tomato])D)S)D,((PGSC0003DMP400003536[&&NHX:species=Potato],Capana01g000946[&&NHX:species=Dom. pepper])S,PGSC0003DMP400003535[&&NHX:species=Potato])D,(SLYcer10g02290.1[&&NHX:species=Tomato Cherry],Capang05g001826[&&NHX:species=Wild pepper],Sopen05g032050.1[&&NHX:species=S. Pennelli],SPI05g04671.1[&&NHX:species=S. pimp],PGSC0003DMP400033290[&&NHX:species=Potato],Capana05g002276[&&NHX:species=Dom. pepper],Solyc05g053530.1.1[&&NHX:species=Tomato])S,(Capana00g003114[&&NHX:species=Dom. pepper],Solyc07g056570.1.1[&&NHX:species=Tomato],SLYcer07g05169.1[&&NHX:species=Tomato Cherry],PGSC0003DMP400048044[&&NHX:species=Potato],SPI07g05911.1[&&NHX:species=S. pimp],Sopen07g029920.1[&&NHX:species=S. Pennelli],Capang07g002066[&&NHX:species=Wild pepper])S,((Capana01g002623[&&NHX:species=Dom. pepper],((SLYcer01g06466.1[&&NHX:species=Tomato Cherry],Solyc01g087260.4.1[&&NHX:species=Tomato],Sopen01g034310.1[&&NHX:species=S. Pennelli])S,Sopen01g034310.2[&&NHX:species=S. Pennelli])D)S,(Solyc01g087250.3.1[&&NHX:species=Tomato],SLYcer01g06465.1[&&NHX:species=Tomato Cherry],Capana01g002624[&&NHX:species=Dom. pepper],Sopen01g034300.1[&&NHX:species=S. Pennelli],Capang01g002285[&&NHX:species=Wild pepper])S)D)D;	2	1	44	Sopen11g028910.1,SPI11g04089.1,PGSC0003DMP400007668,PGSC0003DMP400007666,SPI01g06734.1
OG27356	((((((Solyc03g114210.3.1[&&NHX:species=Tomato],SLYcer03g04601.1[&&NHX:species=Tomato Cherry],PGSC0003DMP400042573[&&NHX:species=Potato],Sopen03g033290.1[&&NHX:species=S. Pennelli],SPI03g04655.1[&&NHX:species=S. pimp])S,Solyc06g071410.3.1[&&NHX:species=Tomato])D,(PGSC0003DMP400046877[&&NHX:species=Potato],Sopen06g027690.1[&&NHX:species=S. Pennelli])S)D,(Capang03g000927[&&NHX:species=Wild pepper],Capang06g000908[&&NHX:species=Wild pepper])D,(Capana06g000961[&&NHX:species=Dom. pepper],Capana03g000976[&&NHX:species=Dom. pepper])D)S,(SPI12g02418.1[&&NHX:species=S. pimp],Solyc12g062280.2.1[&&NHX:species=Tomato],Sopen12g025190.1[&&NHX:species=S. Pennelli],PGSC0003DMP400048761[&&NHX:species=Potato],SLYcer12g02640.1[&&NHX:species=Tomato Cherry])S)D,(((Capana03g003783[&&NHX:species=Dom. pepper],Solyc09g082470.4.1[&&NHX:species=Tomato],SLYcer09g04749.1[&&NHX:species=Tomato Cherry],(Sopen09g031330.2[&&NHX:species=S. Pennelli],Sopen09g031330.1[&&NHX:species=S. Pennelli])D,SPI09g04405.1[&&NHX:species=S. pimp],Capang03g003692[&&NHX:species=Wild pepper])S,(PGSC0003DMP400055438[&&NHX:species=Potato],PGSC0003DMP400055439[&&NHX:species=Potato])D)D,(PGSC0003DMP400068900[&&NHX:species=Potato],Sopen10g014440.1[&&NHX:species=S. Pennelli],Solyc10g045270.2.1[&&NHX:species=Tomato])S)D,(Solyc11g039590.3.1[&&NHX:species=Tomato],SPI11g03243.1[&&NHX:species=S. pimp],SLYcer11g03181.1[&&NHX:species=Tomato Cherry])S,(((Capang10g002065[&&NHX:species=Wild pepper],PGSC0003DMP400069358[&&NHX:species=Potato])S,((Capana02g002782[&&NHX:species=Dom. pepper],SLYcer10g00665.1[&&NHX:species=Tomato Cherry],Solyc10g009060.1.1[&&NHX:species=Tomato],Sopen10g004840.1[&&NHX:species=S. Pennelli],Capang02g002504[&&NHX:species=Wild pepper],PGSC0003DMP400039578[&&NHX:species=Potato],SPI10g00524.1[&&NHX:species=S. pimp])S,Capang02g002505[&&NHX:species=Wild pepper])D)D,((SPI02g04103.1[&&NHX:species=S. pimp],SLYcer02g05172.1[&&NHX:species=Tomato Cherry],Capana05g001858[&&NHX:species=Dom. pepper])S,((Capang12g001303[&&NHX:species=Wild pepper],Capana12g001564[&&NHX:species=Dom. pepper])S,(PGSC0003DMP400058281[&&NHX:species=Potato],Capang00g001278[&&NHX:species=Wild pepper])S)D)D)D,((Solyc04g026230.1.1[&&NHX:species=Tomato],PGSC0003DMP400048762[&&NHX:species=Potato],Capana04g001853[&&NHX:species=Dom. pepper],Capang00g004948[&&NHX:species=Wild pepper])S,PGSC0003DMP400046878[&&NHX:species=Potato])D,(((((PGSC0003DMP400048763[&&NHX:species=Potato],Capana05g001442[&&NHX:species=Dom. pepper],Capang05g001178[&&NHX:species=Wild pepper],SPI10g01641.1[&&NHX:species=S. pimp])S,PGSC0003DMP400042572[&&NHX:species=Potato])D,((SLYcer07g05036.1[&&NHX:species=Tomato Cherry],SPI07g05771.1[&&NHX:species=S. pimp])S,((SPI06g04550.1[&&NHX:species=S. pimp],PGSC0003DMP400048760[&&NHX:species=Potato],Capang12g000660[&&NHX:species=Wild pepper],Capana04g001851[&&NHX:species=Dom. pepper],SLYcer06g04689.1[&&NHX:species=Tomato Cherry])S,(Capana07g000666[&&NHX:species=Dom. pepper],Capang07g000659[&&NHX:species=Wild pepper])S)D)D)D,(Capang05g001213[&&NHX:species=Wild pepper],Solyc04g026210.3.1[&&NHX:species=Tomato],SLYcer12g03753.1[&&NHX:species=Tomato Cherry],SPI04g01885.1[&&NHX:species=S. pimp],Capana00g002576[&&NHX:species=Dom. pepper])S)D,SPI04g01881.1[&&NHX:species=S. pimp])D,(((PGSC0003DMP400038405[&&NHX:species=Potato],Capana07g000016[&&NHX:species=Dom. pepper])S,((Capana02g003408[&&NHX:species=Dom. pepper],Capana02g002783[&&NHX:species=Dom. pepper])D,SPI06g03529.1[&&NHX:species=S. pimp],Solyc06g053375.1.1[&&NHX:species=Tomato])S)D,Capana10g002311[&&NHX:species=Dom. pepper],Capana05g002493[&&NHX:species=Dom. pepper])D)D;	5	3	14	Solyc02g087590.3.1
OG27357	((PGSC0003DMP400018101[&&NHX:species=Potato],SLYcer02g04073.1[&&NHX:species=Tomato Cherry],SPI02g02967.1[&&NHX:species=S. pimp],Capang02g001569[&&NHX:species=Wild pepper],Capana02g001761[&&NHX:species=Dom. pepper],Solyc02g076770.1.1[&&NHX:species=Tomato])S,((((SLYcer08g04903.1[&&NHX:species=Tomato Cherry],PGSC0003DMP400052190[&&NHX:species=Potato],SPI08g04802.1[&&NHX:species=S. pimp],Sopen08g018950.1[&&NHX:species=S. Pennelli],Solyc08g065410.3.1[&&NHX:species=Tomato])S,(Capana12g000499[&&NHX:species=Dom. pepper],SLYcer12g04859.1[&&NHX:species=Tomato Cherry],Solyc12g095970.3.1[&&NHX:species=Tomato],PGSC0003DMP400051018[&&NHX:species=Potato],SPI12g04818.1[&&NHX:species=S. pimp],Sopen12g031860.1[&&NHX:species=S. Pennelli],Capang12g000411[&&NHX:species=Wild pepper])S)D,((((SPI03g00544.1[&&NHX:species=S. pimp],Capang03g001941[&&NHX:species=Wild pepper],Solyc03g007310.3.1[&&NHX:species=Tomato],Capana03g002049[&&NHX:species=Dom. pepper],PGSC0003DMP400016033[&&NHX:species=Potato],SLYcer03g00324.1[&&NHX:species=Tomato Cherry],Sopen03g003270.1[&&NHX:species=S. Pennelli])S,PGSC0003DMP400016034[&&NHX:species=Potato])D,(((SLYcer12g04431.1[&&NHX:species=Tomato Cherry],Solyc12g055990.2.1[&&NHX:species=Tomato],(PGSC0003DMP400008948[&&NHX:species=Potato],PGSC0003DMP400008947[&&NHX:species=Potato])D,SPI12g04385.1[&&NHX:species=S. pimp])S,((Solyc08g082180.3.1[&&NHX:species=Tomato],SPI08g06345.1[&&NHX:species=S. pimp],PGSC0003DMP400021479[&&NHX:species=Potato],Sopen08g030470.1[&&NHX:species=S. Pennelli],SLYcer08g06433.1[&&NHX:species=Tomato Cherry])S,Sopen12g028510.1[&&NHX:species=S. Pennelli])D)D,(Capana00g003406[&&NHX:species=Dom. pepper],Capana12g001078[&&NHX:species=Dom. pepper])D,(Capang12g000928[&&NHX:species=Wild pepper],Capang00g001818[&&NHX:species=Wild pepper])D)S)D,(SLYcer01g07047.1[&&NHX:species=Tomato Cherry],Solyc01g095700.3.1[&&NHX:species=Tomato],Sopen01g039440.1[&&NHX:species=S. Pennelli],Capang01g003621[&&NHX:species=Wild pepper],Capana08g001051[&&NHX:species=Dom. pepper],SPI01g07299.1[&&NHX:species=S. pimp],PGSC0003DMP400000459[&&NHX:species=Potato])S)D)D,((((PGSC0003DMP400027854[&&NHX:species=Potato],Solyc10g076410.1.1[&&NHX:species=Tomato],Sopen10g028060.1[&&NHX:species=S. Pennelli],Capang00g004146[&&NHX:species=Wild pepper])S,(PGSC0003DMP400019485[&&NHX:species=Potato],Solyc10g085310.1.1[&&NHX:species=Tomato],SPI10g04376.1[&&NHX:species=S. pimp],Capana10g001629[&&NHX:species=Dom. pepper],Sopen10g034760.1[&&NHX:species=S. Pennelli],SLYcer10g05840.1[&&NHX:species=Tomato Cherry],Capang10g001389[&&NHX:species=Wild pepper])S)D,(Solyc09g015380.1.1[&&NHX:species=Tomato],SPI09g01252.1[&&NHX:species=S. pimp],SLYcer09g01394.1[&&NHX:species=Tomato Cherry],PGSC0003DMP400050836[&&NHX:species=Potato],Sopen09g009070.1[&&NHX:species=S. Pennelli])S)D,(((Solyc06g050500.2.1[&&NHX:species=Tomato],SLYcer06g03351.1[&&NHX:species=Tomato Cherry],Sopen06g016000.1[&&NHX:species=S. Pennelli],SPI06g03269.1[&&NHX:species=S. pimp])S,((PGSC0003DMP400041402[&&NHX:species=Potato],PGSC0003DMP400041401[&&NHX:species=Potato])D,Sopen06g016000.2[&&NHX:species=S. Pennelli])S)D,(((PGSC0003DMP400035814[&&NHX:species=Potato],PGSC0003DMP400035800[&&NHX:species=Potato],PGSC0003DMP400035815[&&NHX:species=Potato])D,Solyc03g095780.3.1[&&NHX:species=Tomato],SLYcer03g03739.1[&&NHX:species=Tomato Cherry],SPI03g03811.1[&&NHX:species=S. pimp],Sopen03g025710.1[&&NHX:species=S. Pennelli])S,(SPI05g04548.1[&&NHX:species=S. pimp],Sopen05g030970.1[&&NHX:species=S. Pennelli],SLYcer10g02423.1[&&NHX:species=Tomato Cherry],Capana05g002062[&&NHX:species=Dom. pepper],PGSC0003DMP400047101[&&NHX:species=Potato],Capang05g001636[&&NHX:species=Wild pepper])S)D)D)D)D)D;	3	2	0	
OG27395	(((((((((Capana02g001003[&&NHX:species=Dom. pepper],Capang02g000919[&&NHX:species=Wild pepper],Sopen02g016940.1[&&NHX:species=S. Pennelli],Solyc02g067830.3.1[&&NHX:species=Tomato],SLYcer02g03568.1[&&NHX:species=Tomato Cherry],SPI02g02465.1[&&NHX:species=S. pimp],PGSC0003DMP400012240[&&NHX:species=Potato])S,(PGSC0003DMP400022322[&&NHX:species=Potato],((Capang02g003274[&&NHX:species=Wild pepper],Sopen02g037930.1[&&NHX:species=S. Pennelli],SPI02g04650.1[&&NHX:species=S. pimp],Capana02g003552[&&NHX:species=Dom. pepper],PGSC0003DMP400022323[&&NHX:species=Potato],Solyc02g093360.3.1[&&NHX:species=Tomato],SLYcer02g05730.1[&&NHX:species=Tomato Cherry])S,PGSC0003DMP400022321[&&NHX:species=Potato])D)D)D,((Sopen04g007150.1[&&NHX:species=S. Pennelli],SLYcer04g01276.1[&&NHX:species=Tomato Cherry],Solyc04g015130.3.1[&&NHX:species=Tomato],PGSC0003DMP400034305[&&NHX:species=Potato],Capana05g000157[&&NHX:species=Dom. pepper],Capang05g000153[&&NHX:species=Wild pepper],SPI04g01010.1[&&NHX:species=S. pimp])S,(((((PGSC0003DMP400015266[&&NHX:species=Potato],PGSC0003DMP400015267[&&NHX:species=Potato])D,PGSC0003DMP400015269[&&NHX:species=Potato])D,Solyc10g005770.4.1[&&NHX:species=Tomato],SPI10g00178.1[&&NHX:species=S. pimp],Capang00g003187[&&NHX:species=Wild pepper],SLYcer10g00314.1[&&NHX:species=Tomato Cherry],Sopen10g001740.1[&&NHX:species=S. Pennelli],Capana10g000197[&&NHX:species=Dom. pepper])S,PGSC0003DMP400015268[&&NHX:species=Potato])D,((Capana07g002401[&&NHX:species=Dom. pepper],PGSC0003DMP400038327[&&NHX:species=Potato])S,((PGSC0003DMP400038326[&&NHX:species=Potato],PGSC0003DMP400038325[&&NHX:species=Potato])D,Sopen07g033920.1[&&NHX:species=S. Pennelli],SPI07g06327.1[&&NHX:species=S. pimp],Capang07g002398[&&NHX:species=Wild pepper],Solyc07g065710.3.1[&&NHX:species=Tomato],SLYcer07g05609.1[&&NHX:species=Tomato Cherry])S)D)D)D)D,(((PGSC0003DMP400048951[&&NHX:species=Potato],(SPI06g04876.1[&&NHX:species=S. pimp],Capana06g000588[&&NHX:species=Dom. pepper],PGSC0003DMP400012618[&&NHX:species=Potato])S)D,((PGSC0003DMP400012241[&&NHX:species=Potato],((Capana07g002400[&&NHX:species=Dom. pepper],PGSC0003DMP400038328[&&NHX:species=Potato])S,PGSC0003DMP400015270[&&NHX:species=Potato])D)D,PGSC0003DMP400010412[&&NHX:species=Potato])D)D,(Capang03g002878[&&NHX:species=Wild pepper],Capana09g000783[&&NHX:species=Dom. pepper],SLYcer12g01023.1[&&NHX:species=Tomato Cherry],PGSC0003DMP400017062[&&NHX:species=Potato],SPI12g01071.1[&&NHX:species=S. pimp],Solyc12g017390.3.1[&&NHX:species=Tomato],Sopen12g008170.1[&&NHX:species=S. Pennelli])S)D)D,(Solyc02g087510.3.1[&&NHX:species=Tomato],Capang02g003152[&&NHX:species=Wild pepper],SLYcer02g05162.1[&&NHX:species=Tomato Cherry],Sopen02g032260.1[&&NHX:species=S. Pennelli],SPI02g04094.1[&&NHX:species=S. pimp],PGSC0003DMP400002538[&&NHX:species=Potato],Capana02g003423[&&NHX:species=Dom. pepper])S)D,(Capana09g000383[&&NHX:species=Dom. pepper],Sopen12g002640.1[&&NHX:species=S. Pennelli],Solyc12g006690.2.1[&&NHX:species=Tomato],PGSC0003DMP400035950[&&NHX:species=Potato],SLYcer12g00298.1[&&NHX:species=Tomato Cherry],Capang09g000361[&&NHX:species=Wild pepper],SPI12g00325.1[&&NHX:species=S. pimp])S)D,(Solyc11g067080.3.1[&&NHX:species=Tomato],SLYcer11g03772.1[&&NHX:species=Tomato Cherry],SPI11g03837.1[&&NHX:species=S. pimp],PGSC0003DMP400046103[&&NHX:species=Potato],Capana11g000240[&&NHX:species=Dom. pepper],Sopen11g026790.1[&&NHX:species=S. Pennelli],Capang00g003525[&&NHX:species=Wild pepper])S)D,(Solyc07g056400.1.1[&&NHX:species=Tomato],PGSC0003DMP400054153[&&NHX:species=Potato],Capana07g002001[&&NHX:species=Dom. pepper],Sopen07g029770.1[&&NHX:species=S. Pennelli],Capang07g002012[&&NHX:species=Wild pepper],SLYcer07g05157.1[&&NHX:species=Tomato Cherry])S)D,(Capana00g000769[&&NHX:species=Dom. pepper],SPI11g03424.1[&&NHX:species=S. pimp],Sopen11g023570.1[&&NHX:species=S. Pennelli],Solyc11g061720.1.1[&&NHX:species=Tomato],Capang12g001894[&&NHX:species=Wild pepper],PGSC0003DMP400036492[&&NHX:species=Potato],SLYcer11g03357.1[&&NHX:species=Tomato Cherry])S)D;	5	5	2	Capang07g000982
OG27398	((Solyc02g072480.4.1[&&NHX:species=Tomato],SPI02g02943.1[&&NHX:species=S. pimp],PGSC0003DMP400049477[&&NHX:species=Potato],Sopen02g021450.1[&&NHX:species=S. Pennelli])S,(((SLYcer07g01156.1[&&NHX:species=Tomato Cherry],SPI07g01175.1[&&NHX:species=S. pimp])S,(Sopen07g007300.1[&&NHX:species=S. Pennelli],PGSC0003DMP400009672[&&NHX:species=Potato],Solyc07g018190.4.1[&&NHX:species=Tomato])S)D,((Sopen10g034590.1[&&NHX:species=S. Pennelli],Capana00g004458[&&NHX:species=Dom. pepper],Capang00g002650[&&NHX:species=Wild pepper],Solyc10g085120.3.1[&&NHX:species=Tomato],SPI10g04355.1[&&NHX:species=S. pimp])S,Sopen10g034570.1[&&NHX:species=S. Pennelli])D)D,(PGSC0003DMP400049564[&&NHX:species=Potato],(PGSC0003DMP400049566[&&NHX:species=Potato],Capang02g001531[&&NHX:species=Wild pepper],Sopen02g021350.1[&&NHX:species=S. Pennelli],Solyc02g072400.1.1[&&NHX:species=Tomato],SLYcer02g04039.1[&&NHX:species=Tomato Cherry],SPI02g02934.1[&&NHX:species=S. pimp])S)D,(Capana09g000244[&&NHX:species=Dom. pepper],Capang09g000238[&&NHX:species=Wild pepper],PGSC0003DMP400000597[&&NHX:species=Potato],Solyc12g008400.2.1[&&NHX:species=Tomato],Sopen12g003360.1[&&NHX:species=S. Pennelli],SLYcer12g00382.1[&&NHX:species=Tomato Cherry],SPI12g00413.1[&&NHX:species=S. pimp])S,(((((Capana06g002635[&&NHX:species=Dom. pepper],Capang06g002432[&&NHX:species=Wild pepper])S,Capang00g000132[&&NHX:species=Wild pepper],Capang00g002200[&&NHX:species=Wild pepper])D,PGSC0003DMP400047977[&&NHX:species=Potato],SLYcer06g00357.1[&&NHX:species=Tomato Cherry],Sopen06g001860.1[&&NHX:species=S. Pennelli])S,((Solyc06g006010.3.1[&&NHX:species=Tomato],SPI06g00135.1[&&NHX:species=S. pimp],SLYcer06g00371.1[&&NHX:species=Tomato Cherry])S,((SLYcer06g00380.1[&&NHX:species=Tomato Cherry],Capana02g001710[&&NHX:species=Dom. pepper],SPI06g00151.1[&&NHX:species=S. pimp])S,((PGSC0003DMP400036234[&&NHX:species=Potato],Capang06g002455[&&NHX:species=Wild pepper],SLYcer06g00376.1[&&NHX:species=Tomato Cherry],Capana06g002652[&&NHX:species=Dom. pepper],Sopen06g002020.1[&&NHX:species=S. Pennelli])S,PGSC0003DMP400036214[&&NHX:species=Potato])D)D)D)D,((Sopen06g001990.1[&&NHX:species=S. Pennelli],SPI06g00159.1[&&NHX:species=S. pimp])S,((Capana10g000127[&&NHX:species=Dom. pepper],PGSC0003DMP400007448[&&NHX:species=Potato],Capang06g002431[&&NHX:species=Wild pepper],SPI06g00154.1[&&NHX:species=S. pimp],SLYcer06g00382.1[&&NHX:species=Tomato Cherry],Sopen06g002010.1[&&NHX:species=S. Pennelli])S,(Sopen06g002000.1[&&NHX:species=S. Pennelli],Solyc06g006024.1.1[&&NHX:species=Tomato])S)D)D)D,(PGSC0003DMP400031193[&&NHX:species=Potato],Sopen02g010100.1[&&NHX:species=S. Pennelli],Capang03g003928[&&NHX:species=Wild pepper],Solyc02g031790.3.1[&&NHX:species=Tomato],SLYcer02g02567.1[&&NHX:species=Tomato Cherry])S,((((Capana10g000113[&&NHX:species=Dom. pepper],Solyc02g150128.1.1[&&NHX:species=Tomato],Capang10g000125[&&NHX:species=Wild pepper])S,Capang10g000109[&&NHX:species=Wild pepper])D,Capang02g001107[&&NHX:species=Wild pepper])D,((Solyc02g068820.3.1[&&NHX:species=Tomato],PGSC0003DMP400018287[&&NHX:species=Potato],Capana02g001282[&&NHX:species=Dom. pepper])S,(((Capana02g001278[&&NHX:species=Dom. pepper],Capana02g001280[&&NHX:species=Dom. pepper])D,PGSC0003DMP400018288[&&NHX:species=Potato])S,PGSC0003DMP400018283[&&NHX:species=Potato])D)D)D,(((Sopen02g021420.1[&&NHX:species=S. Pennelli],PGSC0003DMP400049473[&&NHX:species=Potato])S,((Sopen02g021420.2[&&NHX:species=S. Pennelli],(PGSC0003DMP400049472[&&NHX:species=Potato],PGSC0003DMP400049471[&&NHX:species=Potato])D,Capana02g001716[&&NHX:species=Dom. pepper],Capang02g001533[&&NHX:species=Wild pepper])S,PGSC0003DMP400049470[&&NHX:species=Potato])D)D,(SPI02g02937.1[&&NHX:species=S. pimp],Sopen02g021410.1[&&NHX:species=S. Pennelli],Solyc02g072440.4.1[&&NHX:species=Tomato])S)D)D;	8	6	246	Sopen06g001870.1,SPI04g00978.1,SPI02g02573.1,SLYcer02g03676.1,SLYcer02g03673.1,SLYcer02g04044.1,Solyc06g006022.1.1,Solyc06g048740.3.1
OG27454	((PGSC0003DMP400015518[&&NHX:species=Potato],SLYcer09g00946.1[&&NHX:species=Tomato Cherry],Solyc09g010810.3.1[&&NHX:species=Tomato],Capana09g001989[&&NHX:species=Dom. pepper],Sopen09g005540.1[&&NHX:species=S. Pennelli],Capang09g001529[&&NHX:species=Wild pepper],SPI09g00850.1[&&NHX:species=S. pimp])S,(((PGSC0003DMP400003631[&&NHX:species=Potato],PGSC0003DMP400003632[&&NHX:species=Potato])D,Solyc09g007030.3.1[&&NHX:species=Tomato],SLYcer09g00290.1[&&NHX:species=Tomato Cherry],Sopen09g001890.1[&&NHX:species=S. Pennelli],SPI09g00189.1[&&NHX:species=S. pimp])S,((Sopen00g008700.2[&&NHX:species=S. Pennelli],Sopen00g008700.1[&&NHX:species=S. Pennelli])D,PGSC0003DMP400003633[&&NHX:species=Potato],Capang09g001409[&&NHX:species=Wild pepper],Capana09g001849[&&NHX:species=Dom. pepper])S)D,(PGSC0003DMP400033047[&&NHX:species=Potato],Capana08g001460[&&NHX:species=Dom. pepper],SLYcer01g07654.1[&&NHX:species=Tomato Cherry],Sopen01g042550.1[&&NHX:species=S. Pennelli],Capang01g004023[&&NHX:species=Wild pepper],Solyc01g098980.4.1[&&NHX:species=Tomato],SPI01g07615.1[&&NHX:species=S. pimp])S,(Capana06g000474[&&NHX:species=Dom. pepper],SPI06g04990.1[&&NHX:species=S. pimp],Sopen06g031970.1[&&NHX:species=S. Pennelli],Capang06g000442[&&NHX:species=Wild pepper],Solyc06g075580.4.1[&&NHX:species=Tomato],SLYcer06g05120.1[&&NHX:species=Tomato Cherry],PGSC0003DMP400052899[&&NHX:species=Potato])S,((Capana04g000705[&&NHX:species=Dom. pepper],PGSC0003DMP400008739[&&NHX:species=Potato],Capang04g000678[&&NHX:species=Wild pepper])S,PGSC0003DMP400008740[&&NHX:species=Potato])D,((Sopen10g006400.1[&&NHX:species=S. Pennelli],Capang00g002060[&&NHX:species=Wild pepper],SLYcer01g04467.1[&&NHX:species=Tomato Cherry],SPI01g04523.1[&&NHX:species=S. pimp],Solyc01g049820.2.1[&&NHX:species=Tomato],PGSC0003DMP400031142[&&NHX:species=Potato])S,(Capang00g002128[&&NHX:species=Wild pepper],Solyc01g098080.3.1[&&NHX:species=Tomato],SPI01g07519.1[&&NHX:species=S. pimp],PGSC0003DMP400038945[&&NHX:species=Potato],Sopen01g041650.1[&&NHX:species=S. Pennelli],SLYcer01g07752.1[&&NHX:species=Tomato Cherry],Capana08g001346[&&NHX:species=Dom. pepper])S)D,(Solyc04g077540.4.1[&&NHX:species=Tomato],SLYcer04g05368.1[&&NHX:species=Tomato Cherry],SPI04g04865.1[&&NHX:species=S. pimp],Capana04g000701[&&NHX:species=Dom. pepper],Sopen04g031170.1[&&NHX:species=S. Pennelli],((PGSC0003DMP400008737[&&NHX:species=Potato],PGSC0003DMP400008738[&&NHX:species=Potato])D,PGSC0003DMP400008736[&&NHX:species=Potato])D,Capang04g000674[&&NHX:species=Wild pepper])S,(SPI11g04263.1[&&NHX:species=S. pimp],Solyc11g072820.3.1[&&NHX:species=Tomato],(PGSC0003DMP400027249[&&NHX:species=Potato],PGSC0003DMP400027250[&&NHX:species=Potato])D,Capang11g000632[&&NHX:species=Wild pepper],Capana11g000685[&&NHX:species=Dom. pepper],Sopen11g030490.1[&&NHX:species=S. Pennelli],SLYcer11g04189.1[&&NHX:species=Tomato Cherry])S,(Solyc01g057320.3.1[&&NHX:species=Tomato],Capang01g002059[&&NHX:species=Wild pepper],Capana01g002392[&&NHX:species=Dom. pepper],SLYcer01g04772.1[&&NHX:species=Tomato Cherry],SPI01g04920.1[&&NHX:species=S. pimp])S,((PGSC0003DMP400006082[&&NHX:species=Potato],SPI06g03733.1[&&NHX:species=S. pimp],SLYcer06g03830.1[&&NHX:species=Tomato Cherry])S,(SLYcer01g08409.1[&&NHX:species=Tomato Cherry],Solyc01g110190.4.1[&&NHX:species=Tomato],(Sopen01g052350.2[&&NHX:species=S. Pennelli],Sopen01g052350.1[&&NHX:species=S. Pennelli])D,Capang01g005188[&&NHX:species=Wild pepper],SPI01g08636.1[&&NHX:species=S. pimp])S,(SLYcer10g04540.1[&&NHX:species=Tomato Cherry],Sopen10g023930.1[&&NHX:species=S. Pennelli],Solyc10g054080.3.1[&&NHX:species=Tomato],Capang10g000714[&&NHX:species=Wild pepper],Capana10g000901[&&NHX:species=Dom. pepper],SPI10g03033.1[&&NHX:species=S. pimp])S,(SLYcer11g02659.1[&&NHX:species=Tomato Cherry],Sopen11g020380.1[&&NHX:species=S. Pennelli],SPI11g02717.1[&&NHX:species=S. pimp],Solyc11g044880.3.1[&&NHX:species=Tomato])S,((Sopen03g011650.1[&&NHX:species=S. Pennelli],SLYcer03g02082.1[&&NHX:species=Tomato Cherry],Solyc03g053080.3.1[&&NHX:species=Tomato],SPI03g02210.1[&&NHX:species=S. pimp],Capana08g002613[&&NHX:species=Dom. pepper])S,(Sopen06g020260.1[&&NHX:species=S. Pennelli],Capana06g001749[&&NHX:species=Dom. pepper],Solyc06g060140.4.1[&&NHX:species=Tomato],Capang06g001643[&&NHX:species=Wild pepper])S)D)D,(((SPI01g07580.1[&&NHX:species=S. pimp],Solyc01g098670.3.1[&&NHX:species=Tomato],SLYcer01g07686.1[&&NHX:species=Tomato Cherry],Capang01g003942[&&NHX:species=Wild pepper],PGSC0003DMP400049827[&&NHX:species=Potato],Capana08g001376[&&NHX:species=Dom. pepper])S,PGSC0003DMP400049825[&&NHX:species=Potato])D,(((PGSC0003DMP400009818[&&NHX:species=Potato],PGSC0003DMP400009817[&&NHX:species=Potato])D,Capana00g002504[&&NHX:species=Dom. pepper],SPI07g04477.1[&&NHX:species=S. pimp])S,(PGSC0003DMP400005329[&&NHX:species=Potato],Capang04g000826[&&NHX:species=Wild pepper],SPI04g01660.1[&&NHX:species=S. pimp],Capana04g000862[&&NHX:species=Dom. pepper])S)D)D)D;	4	2	166	Sopen01g042210.1,Sopen01g042210.2,Capana08g002612
OG27482	(((Solyc03g114080.2.1[&&NHX:species=Tomato],SPI03g04641.1[&&NHX:species=S. pimp],SLYcer03g04587.1[&&NHX:species=Tomato Cherry],PGSC0003DMP400042347[&&NHX:species=Potato],Capang03g000940[&&NHX:species=Wild pepper],Capana03g000993[&&NHX:species=Dom. pepper],Sopen03g033140.1[&&NHX:species=S. Pennelli])S,SPI02g03741.1[&&NHX:species=S. pimp])D,(Capana04g002765[&&NHX:species=Dom. pepper],(Capana04g002778[&&NHX:species=Dom. pepper],Capang04g002372[&&NHX:species=Wild pepper])S)D,((Capana05g000247[&&NHX:species=Dom. pepper],PGSC0003DMP400024591[&&NHX:species=Potato])S,((PGSC0003DMP400019322[&&NHX:species=Potato],((PGSC0003DMP400036469[&&NHX:species=Potato],SLYcer04g01399.1[&&NHX:species=Tomato Cherry],SPI04g01136.1[&&NHX:species=S. pimp])S,((Sopen04g007010.1[&&NHX:species=S. Pennelli],SPI04g00911.1[&&NHX:species=S. pimp])S,((PGSC0003DMP400040855[&&NHX:species=Potato],Capana05g000255[&&NHX:species=Dom. pepper])S,Capana05g000276[&&NHX:species=Dom. pepper])D)D)D,PGSC0003DMP400040818[&&NHX:species=Potato],PGSC0003DMP400040769[&&NHX:species=Potato])D,(Sopen04g006200.1[&&NHX:species=S. Pennelli],PGSC0003DMP400040897[&&NHX:species=Potato])S)D,(PGSC0003DMP400040906[&&NHX:species=Potato],((Capana05g000275[&&NHX:species=Dom. pepper],PGSC0003DMP400040902[&&NHX:species=Potato])S,(PGSC0003DMP400040896[&&NHX:species=Potato],(PGSC0003DMP400010766[&&NHX:species=Potato],Capana05g000704[&&NHX:species=Dom. pepper])S)D)D)D,(Solyc07g006770.2.1[&&NHX:species=Tomato],PGSC0003DMP400032677[&&NHX:species=Potato],Sopen07g002870.1[&&NHX:species=S. Pennelli],SLYcer07g00312.1[&&NHX:species=Tomato Cherry],Capang07g000038[&&NHX:species=Wild pepper],SPI07g00381.1[&&NHX:species=S. pimp])S,((Sopen04g007020.1[&&NHX:species=S. Pennelli],(Capana05g000266[&&NHX:species=Dom. pepper],((Capana03g001862[&&NHX:species=Dom. pepper],Sopen04g006760.1[&&NHX:species=S. Pennelli])S,Sopen07g005840.1[&&NHX:species=S. Pennelli])D)D)D,(SLYcer04g00977.1[&&NHX:species=Tomato Cherry],PGSC0003DMP400026544[&&NHX:species=Potato],Capana05g000261[&&NHX:species=Dom. pepper])S)D)D,(((((((SPI03g00324.1[&&NHX:species=S. pimp],Capana07g000169[&&NHX:species=Dom. pepper])S,(PGSC0003DMP400046472[&&NHX:species=Potato],Capana04g002419[&&NHX:species=Dom. pepper])S)D,((PGSC0003DMP400022139[&&NHX:species=Potato],Capana04g002785[&&NHX:species=Dom. pepper])S,(Capana07g000851[&&NHX:species=Dom. pepper],Capang07g000966[&&NHX:species=Wild pepper])S)D)D,(((((SPI03g00325.1[&&NHX:species=S. pimp],Capana04g002468[&&NHX:species=Dom. pepper])S,SPI03g00316.1[&&NHX:species=S. pimp])D,((Capana04g002804[&&NHX:species=Dom. pepper],SLYcer03g00189.1[&&NHX:species=Tomato Cherry])S,(SLYcer03g00174.1[&&NHX:species=Tomato Cherry],Capana04g002791[&&NHX:species=Dom. pepper])S)D)D,(PGSC0003DMP400046474[&&NHX:species=Potato],Capana04g002794[&&NHX:species=Dom. pepper],Capang04g002170[&&NHX:species=Wild pepper],Sopen03g002040.1[&&NHX:species=S. Pennelli])S)D,(Capang12g001943[&&NHX:species=Wild pepper],Capana12g002263[&&NHX:species=Dom. pepper])S)D)D,((((Capana00g001159[&&NHX:species=Dom. pepper],(((Capana00g000717[&&NHX:species=Dom. pepper],Capana04g002658[&&NHX:species=Dom. pepper])D,(Capang04g002396[&&NHX:species=Wild pepper],Capang04g002383[&&NHX:species=Wild pepper])D)S,Capang00g002024[&&NHX:species=Wild pepper])D)D,Capang01g001325[&&NHX:species=Wild pepper])D,Sopen02g017970.1[&&NHX:species=S. Pennelli])S,((Solyc02g072470.4.1[&&NHX:species=Tomato],SLYcer02g04832.1[&&NHX:species=Tomato Cherry],Capana04g002534[&&NHX:species=Dom. pepper],Sopen02g021440.1[&&NHX:species=S. Pennelli])S,(Capana00g001443[&&NHX:species=Dom. pepper],PGSC0003DMP400035977[&&NHX:species=Potato])S)D)D)D,(((Capana04g002723[&&NHX:species=Dom. pepper],Capang04g002164[&&NHX:species=Wild pepper],Solyc03g006030.4.1[&&NHX:species=Tomato])S,(((((Capana04g002711[&&NHX:species=Dom. pepper],Solyc03g006100.4.1[&&NHX:species=Tomato])S,Capana00g001160[&&NHX:species=Dom. pepper])D,Capana04g002782[&&NHX:species=Dom. pepper])D,Capana09g002355[&&NHX:species=Dom. pepper])D,Capana04g002462[&&NHX:species=Dom. pepper])D)D,Capana00g002677[&&NHX:species=Dom. pepper])D)D,(((Capana01g004418[&&NHX:species=Dom. pepper],((Capang00g001772[&&NHX:species=Wild pepper],Capana04g002367[&&NHX:species=Dom. pepper])S,Capana04g002706[&&NHX:species=Dom. pepper])D)D,(Capana04g002426[&&NHX:species=Dom. pepper],Solyc03g006080.4.1[&&NHX:species=Tomato])S)D,(((Capana04g002639[&&NHX:species=Dom. pepper],Capang00g002738[&&NHX:species=Wild pepper])S,Capana04g002632[&&NHX:species=Dom. pepper])D,((Capana04g002663[&&NHX:species=Dom. pepper],Capana04g002431[&&NHX:species=Dom. pepper])D,Capang00g003009[&&NHX:species=Wild pepper])S)D)D)D,((Capana05g000517[&&NHX:species=Dom. pepper],SLYcer04g00589.1[&&NHX:species=Tomato Cherry],Sopen04g004790.1[&&NHX:species=S. Pennelli],PGSC0003DMP400028022[&&NHX:species=Potato],Capang05g000434[&&NHX:species=Wild pepper],SPI04g00565.1[&&NHX:species=S. pimp])S,PGSC0003DMP400028021[&&NHX:species=Potato])D,(((SLYcer07g00854.1[&&NHX:species=Tomato Cherry],Capana05g000284[&&NHX:species=Dom. pepper],PGSC0003DMP400040766[&&NHX:species=Potato])S,((PGSC0003DMP400057245[&&NHX:species=Potato],PGSC0003DMP400040764[&&NHX:species=Potato])D,Capana05g000256[&&NHX:species=Dom. pepper])S)D,(Capana03g001859[&&NHX:species=Dom. pepper],((PGSC0003DMP400040901[&&NHX:species=Potato],PGSC0003DMP400040857[&&NHX:species=Potato])D,Capana05g000260[&&NHX:species=Dom. pepper])S)D)D)D;	10	7	107	SPI07g00882.1,Solyc07g015990.2.1,Solyc04g012110.2.1,Sopen04g008000.1,Sopen00g009730.1,SLYcer02g04047.1,PGSC0003DMP400040858,Capang05g000598
OG27486	((((SLYcer04g04775.1[&&NHX:species=Tomato Cherry],Sopen04g027060.2[&&NHX:species=S. Pennelli],SPI04g04256.1[&&NHX:species=S. pimp],PGSC0003DMP400001518[&&NHX:species=Potato])S,(Capana04g001374[&&NHX:species=Dom. pepper],Sopen04g027060.1[&&NHX:species=S. Pennelli],Solyc04g071120.3.1[&&NHX:species=Tomato],Capang04g001309[&&NHX:species=Wild pepper])S)D,(((Sopen02g028090.1[&&NHX:species=S. Pennelli],Capana02g002524[&&NHX:species=Dom. pepper],SLYcer02g04722.1[&&NHX:species=Tomato Cherry],Solyc02g083290.4.1[&&NHX:species=Tomato],Capang02g002261[&&NHX:species=Wild pepper],SPI02g03632.1[&&NHX:species=S. pimp],PGSC0003DMP400015249[&&NHX:species=Potato])S,(((SLYcer01g08566.1[&&NHX:species=Tomato Cherry],PGSC0003DMP400032487[&&NHX:species=Potato])S,(SPI01g08796.1[&&NHX:species=S. pimp],Capana08g002776[&&NHX:species=Dom. pepper],PGSC0003DMP400032486[&&NHX:species=Potato],Capang01g005359[&&NHX:species=Wild pepper],Sopen01g053920.1[&&NHX:species=S. Pennelli],Solyc01g111880.4.1[&&NHX:species=Tomato])S)D,(Capang10g000956[&&NHX:species=Wild pepper],Capana10g001137[&&NHX:species=Dom. pepper],Solyc10g055720.2.1[&&NHX:species=Tomato],Sopen10g025490.1[&&NHX:species=S. Pennelli],PGSC0003DMP400032978[&&NHX:species=Potato],SPI10g03329.1[&&NHX:species=S. pimp],SLYcer10g04838.1[&&NHX:species=Tomato Cherry])S)D)D,(SLYcer12g04780.1[&&NHX:species=Tomato Cherry],SPI12g04745.1[&&NHX:species=S. pimp],Capana12g000605[&&NHX:species=Dom. pepper],Solyc12g094410.3.1[&&NHX:species=Tomato],Capang12g000502[&&NHX:species=Wild pepper])S)D)D,(((((Capana02g001948[&&NHX:species=Dom. pepper],(PGSC0003DMP400051724[&&NHX:species=Potato],PGSC0003DMP400051723[&&NHX:species=Potato])D,SPI02g03105.1[&&NHX:species=S. pimp],Sopen02g022970.1[&&NHX:species=S. Pennelli],Solyc02g078140.3.1[&&NHX:species=Tomato],SLYcer02g04206.1[&&NHX:species=Tomato Cherry],Capang02g001729[&&NHX:species=Wild pepper])S,(Sopen03g002410.1[&&NHX:species=S. Pennelli],Capana04g002627[&&NHX:species=Dom. pepper],SLYcer03g00214.1[&&NHX:species=Tomato Cherry],PGSC0003DMP400022690[&&NHX:species=Potato],Capang04g002292[&&NHX:species=Wild pepper],Solyc03g006400.3.1[&&NHX:species=Tomato])S)D,(((SPI03g04674.1[&&NHX:species=S. pimp],Sopen03g033410.1[&&NHX:species=S. Pennelli],Capana03g000967[&&NHX:species=Dom. pepper],Solyc03g114310.3.1[&&NHX:species=Tomato],Capang03g000917[&&NHX:species=Wild pepper],PGSC0003DMP400042375[&&NHX:species=Potato],SLYcer03g04621.1[&&NHX:species=Tomato Cherry])S,SPI02g01475.1[&&NHX:species=S. pimp])D,((SPI12g00862.1[&&NHX:species=S. pimp],SLYcer12g00816.1[&&NHX:species=Tomato Cherry])S,((((Capang12g002458[&&NHX:species=Wild pepper],Capana12g002810[&&NHX:species=Dom. pepper])S,(Capana05g000160[&&NHX:species=Dom. pepper],Capang05g000157[&&NHX:species=Wild pepper])S)D,((SLYcer04g01189.1[&&NHX:species=Tomato Cherry],PGSC0003DMP400040851[&&NHX:species=Potato],Sopen04g006790.1[&&NHX:species=S. Pennelli])S,(PGSC0003DMP400023464[&&NHX:species=Potato],Sopen11g006840.1[&&NHX:species=S. Pennelli])S)D)D,(Capana11g001559[&&NHX:species=Dom. pepper],SLYcer11g00731.1[&&NHX:species=Tomato Cherry],Capang11g001500[&&NHX:species=Wild pepper])S)D)D)D)D,((((((Solyc07g042890.3.1[&&NHX:species=Tomato],Solyc07g042680.3.1[&&NHX:species=Tomato])D,((SLYcer07g03810.1[&&NHX:species=Tomato Cherry],SPI07g04522.1[&&NHX:species=S. pimp])S,(SLYcer07g03781.1[&&NHX:species=Tomato Cherry],SPI07g04494.1[&&NHX:species=S. pimp])S)D,(Sopen07g022370.2[&&NHX:species=S. Pennelli],Sopen07g022490.1[&&NHX:species=S. Pennelli])D)S,Sopen07g022370.1[&&NHX:species=S. Pennelli])D,((SLYcer12g00493.1[&&NHX:species=Tomato Cherry],Solyc12g009340.2.1[&&NHX:species=Tomato],(PGSC0003DMP400005269[&&NHX:species=Potato],PGSC0003DMP400005270[&&NHX:species=Potato])D,Sopen12g004320.1[&&NHX:species=S. Pennelli],SPI12g00522.1[&&NHX:species=S. pimp])S,SPI12g01019.1[&&NHX:species=S. pimp])D)D,((Capang07g000956[&&NHX:species=Wild pepper],Capang07g000717[&&NHX:species=Wild pepper])D,Capang05g001212[&&NHX:species=Wild pepper])D)S,((((((Solyc12g016030.3.1[&&NHX:species=Tomato],SPI12g00525.1[&&NHX:species=S. pimp])S,(Sopen09g024870.1[&&NHX:species=S. Pennelli],Solyc12g016140.1.1[&&NHX:species=Tomato])S)D,(SPI12g01015.1[&&NHX:species=S. pimp],SLYcer12g00962.1[&&NHX:species=Tomato Cherry])S)D,(Capana07g000844[&&NHX:species=Dom. pepper],Solyc12g016060.1.1[&&NHX:species=Tomato],SPI12g01012.1[&&NHX:species=S. pimp],SLYcer12g00967.1[&&NHX:species=Tomato Cherry])S)D,(((Solyc12g009350.1.1[&&NHX:species=Tomato],Solyc12g016100.1.1[&&NHX:species=Tomato])D,Solyc12g015980.1.1[&&NHX:species=Tomato])D,((SLYcer12g00495.1[&&NHX:species=Tomato Cherry],SLYcer12g00972.1[&&NHX:species=Tomato Cherry])D,SLYcer12g00959.1[&&NHX:species=Tomato Cherry])D,Sopen12g004330.1[&&NHX:species=S. Pennelli])S)D,(PGSC0003DMP400005265[&&NHX:species=Potato],(Capang09g000012[&&NHX:species=Wild pepper],SLYcer12g00976.1[&&NHX:species=Tomato Cherry],SPI12g01020.1[&&NHX:species=S. pimp],PGSC0003DMP400005268[&&NHX:species=Potato])S)D)D)D)D,((Capang09g000735[&&NHX:species=Wild pepper],Capana09g000812[&&NHX:species=Dom. pepper],Sopen09g010510.1[&&NHX:species=S. Pennelli],SPI09g01434.1[&&NHX:species=S. pimp],SLYcer09g01573.1[&&NHX:species=Tomato Cherry],Solyc09g018060.4.1[&&NHX:species=Tomato])S,(Capana02g003556[&&NHX:species=Dom. pepper],PGSC0003DMP400022330[&&NHX:species=Potato],SLYcer02g05735.1[&&NHX:species=Tomato Cherry],Capang02g003278[&&NHX:species=Wild pepper],SPI02g04655.1[&&NHX:species=S. pimp],Solyc02g093410.4.1[&&NHX:species=Tomato],Sopen02g038000.1[&&NHX:species=S. Pennelli])S)D)D)D;	8	8	328	Capana05g001490,Solyc11g012050.1.1,Solyc04g014690.3.1,Capana09g000019,Capana07g000692,SPI11g00881.1,SPI04g00914.1
OG27531	((((PGSC0003DMP400054020[&&NHX:species=Potato],Capana03g002466[&&NHX:species=Dom. pepper])S,(((Capana01g001307[&&NHX:species=Dom. pepper],Capana08g000854[&&NHX:species=Dom. pepper])D,Capana06g002157[&&NHX:species=Dom. pepper])D,PGSC0003DMP400054021[&&NHX:species=Potato])S)D,((((Capana12g002259[&&NHX:species=Dom. pepper],PGSC0003DMP400033853[&&NHX:species=Potato],Capang12g001940[&&NHX:species=Wild pepper])S,(PGSC0003DMP400012613[&&NHX:species=Potato],Capana06g000592[&&NHX:species=Dom. pepper],SPI06g04870.1[&&NHX:species=S. pimp],Sopen06g030900.1[&&NHX:species=S. Pennelli],SLYcer06g05000.1[&&NHX:species=Tomato Cherry],Capang06g000541[&&NHX:species=Wild pepper],Solyc06g074420.1.1[&&NHX:species=Tomato])S)D,((Capang10g001749[&&NHX:species=Wild pepper],SPI10g04174.1[&&NHX:species=S. pimp],Sopen00g007980.1[&&NHX:species=S. Pennelli],Solyc10g083400.1.1[&&NHX:species=Tomato],SLYcer10g05646.1[&&NHX:species=Tomato Cherry])S,((Solyc09g009707.1.1[&&NHX:species=Tomato],Solyc09g009703.1.1[&&NHX:species=Tomato])D,PGSC0003DMP400015771[&&NHX:species=Potato])S)D)D,((Sopen09g004480.1[&&NHX:species=S. Pennelli],(Sopen09g004470.1[&&NHX:species=S. Pennelli],(SPI09g00519.1[&&NHX:species=S. pimp],SPI09g00518.1[&&NHX:species=S. pimp])D,(SLYcer09g00634.1[&&NHX:species=Tomato Cherry],SLYcer09g00635.1[&&NHX:species=Tomato Cherry])D,(PGSC0003DMP400015770[&&NHX:species=Potato],PGSC0003DMP400015613[&&NHX:species=Potato])D,Capana10g001985[&&NHX:species=Dom. pepper])S)D,Capana06g000906[&&NHX:species=Dom. pepper],Capana06g000911[&&NHX:species=Dom. pepper])D)D)D,(((Solyc10g150144.1.1[&&NHX:species=Tomato],Sopen10g031370.1[&&NHX:species=S. Pennelli])S,(Sopen10g028940.1[&&NHX:species=S. Pennelli],PGSC0003DMP400048513[&&NHX:species=Potato])S)D,SLYcer10g05477.1[&&NHX:species=Tomato Cherry],Capana12g001567[&&NHX:species=Dom. pepper])S,(((PGSC0003DMP400026644[&&NHX:species=Potato],(PGSC0003DMP400026645[&&NHX:species=Potato],PGSC0003DMP400026732[&&NHX:species=Potato])D)D,PGSC0003DMP400026643[&&NHX:species=Potato])D,(SPI03g04354.1[&&NHX:species=S. pimp],SPI03g04355.1[&&NHX:species=S. pimp])D,((Sopen03g030430.1[&&NHX:species=S. Pennelli],Sopen03g030410.1[&&NHX:species=S. Pennelli])D,Sopen03g030420.1[&&NHX:species=S. Pennelli])D,((Solyc03g111280.1.1[&&NHX:species=Tomato],Solyc03g111300.1.1[&&NHX:species=Tomato])D,Solyc03g111290.2.1[&&NHX:species=Tomato])D,(Capang03g001283[&&NHX:species=Wild pepper],(Capang03g001281[&&NHX:species=Wild pepper],Capang03g001282[&&NHX:species=Wild pepper])D)D)S,(((((SPI10g03971.1[&&NHX:species=S. pimp],Solyc10g150143.1.1[&&NHX:species=Tomato],SLYcer10g05470.1[&&NHX:species=Tomato Cherry])S,(Capana05g000299[&&NHX:species=Dom. pepper],PGSC0003DMP400055956[&&NHX:species=Potato],SPI10g03975.1[&&NHX:species=S. pimp])S)D,(SLYcer04g00962.1[&&NHX:species=Tomato Cherry],SPI04g00775.1[&&NHX:species=S. pimp])S)D,Capana11g000270[&&NHX:species=Dom. pepper])D,((((PGSC0003DMP400040921[&&NHX:species=Potato],PGSC0003DMP400048997[&&NHX:species=Potato])D,(Capana10g002160[&&NHX:species=Dom. pepper],(Capana10g002161[&&NHX:species=Dom. pepper],Capana10g002155[&&NHX:species=Dom. pepper])D)D)S,PGSC0003DMP400031138[&&NHX:species=Potato])D,((((PGSC0003DMP400040922[&&NHX:species=Potato],PGSC0003DMP400048998[&&NHX:species=Potato])D,Solyc10g080840.1.1[&&NHX:species=Tomato],Sopen10g031360.1[&&NHX:species=S. Pennelli],((Capang10g001918[&&NHX:species=Wild pepper],Capang10g001916[&&NHX:species=Wild pepper])D,Capang10g001911[&&NHX:species=Wild pepper])D)S,(Capang10g001912[&&NHX:species=Wild pepper],Capana10g002156[&&NHX:species=Dom. pepper])S)D,Capana10g002157[&&NHX:species=Dom. pepper])D)D)D,((Solyc04g150109.1.1[&&NHX:species=Tomato],Capana12g001568[&&NHX:species=Dom. pepper])S,(((Capana06g000910[&&NHX:species=Dom. pepper],SLYcer03g04294.1[&&NHX:species=Tomato Cherry])S,(Capana01g002300[&&NHX:species=Dom. pepper:length=-0.58413],(Capana11g000266[&&NHX:species=Dom. pepper],Capana06g000907[&&NHX:species=Dom. pepper:length=-0.37343])D)D)D,Capana11g000272[&&NHX:species=Dom. pepper])D,(SLYcer01g06950.1[&&NHX:species=Tomato Cherry],SPI08g06244.1[&&NHX:species=S. pimp])S,((PGSC0003DMP400040832[&&NHX:species=Potato],SPI04g03480.1[&&NHX:species=S. pimp],Capana10g002158[&&NHX:species=Dom. pepper],SLYcer04g03764.1[&&NHX:species=Tomato Cherry])S,SLYcer02g01553.1[&&NHX:species=Tomato Cherry])D,(SPI12g01307.1[&&NHX:species=S. pimp],PGSC0003DMP400054025[&&NHX:species=Potato],SLYcer12g01272.1[&&NHX:species=Tomato Cherry])S)D,(((((PGSC0003DMP400000332[&&NHX:species=Potato],PGSC0003DMP400000330[&&NHX:species=Potato])D,PGSC0003DMP400000331[&&NHX:species=Potato])D,(PGSC0003DMP400000328[&&NHX:species=Potato],PGSC0003DMP400000329[&&NHX:species=Potato])D)D,(((Capana08g000856[&&NHX:species=Dom. pepper],Capang01g001689[&&NHX:species=Wild pepper])S,Capana08g000857[&&NHX:species=Dom. pepper])D,Solyc01g094140.3.1[&&NHX:species=Tomato],(Sopen01g037940.2[&&NHX:species=S. Pennelli],Sopen01g037940.1[&&NHX:species=S. Pennelli])D,SPI01g07136.1[&&NHX:species=S. pimp])S)D,((SLYcer01g06885.1[&&NHX:species=Tomato Cherry],SPI01g07135.1[&&NHX:species=S. pimp])S,(SLYcer12g01276.1[&&NHX:species=Tomato Cherry],Capana08g000855[&&NHX:species=Dom. pepper],Sopen01g037930.1[&&NHX:species=S. Pennelli],Capang01g001690[&&NHX:species=Wild pepper],PGSC0003DMP400000327[&&NHX:species=Potato],Solyc01g094130.2.1[&&NHX:species=Tomato])S)D)D,((((Capang10g001917[&&NHX:species=Wild pepper],Capang10g001919[&&NHX:species=Wild pepper])D,Capana10g002162[&&NHX:species=Dom. pepper])S,(Capana10g002163[&&NHX:species=Dom. pepper],Capang10g001920[&&NHX:species=Wild pepper])S)D,(((PGSC0003DMP400040996[&&NHX:species=Potato],PGSC0003DMP400061895[&&NHX:species=Potato])D,PGSC0003DMP400059948[&&NHX:species=Potato])D,PGSC0003DMP400026459[&&NHX:species=Potato])D,(Sopen10g031350.1[&&NHX:species=S. Pennelli],(Sopen10g031330.1[&&NHX:species=S. Pennelli],Sopen10g031340.1[&&NHX:species=S. Pennelli])D)D)S,(((((SLYcer01g06882.1[&&NHX:species=Tomato Cherry],(PGSC0003DMP400000324[&&NHX:species=Potato],PGSC0003DMP400000326[&&NHX:species=Potato])D)S,(SLYcer01g06884.1[&&NHX:species=Tomato Cherry],Capana01g001306[&&NHX:species=Dom. pepper])S)D,((Sopen01g037920.1[&&NHX:species=S. Pennelli],Sopen01g037890.1[&&NHX:species=S. Pennelli])D,(Capang01g001138[&&NHX:species=Wild pepper],Capang01g001139[&&NHX:species=Wild pepper])D)S)D,((Capana01g001311[&&NHX:species=Dom. pepper],(Capana01g001318[&&NHX:species=Dom. pepper],Capana01g001317[&&NHX:species=Dom. pepper])D)D,Capang06g001993[&&NHX:species=Wild pepper])S)D,((PGSC0003DMP400054022[&&NHX:species=Potato],PGSC0003DMP400054023[&&NHX:species=Potato])D,Capang03g002425[&&NHX:species=Wild pepper])S)D)D;	19	16	1176	Solyc01g094100.2.1,Solyc01g094120.3.1,Solyc01g094080.4.1,SPI01g07132.1,SPI01g07134.1,Capana03g001347,Capana03g001346,Capana03g001377,Solyc10g087040.3.1,SLYcer10g05473.1,SPI10g03973.1,SPI10g03972.1,SLYcer10g05472.1,SLYcer03g04296.1,SLYcer03g04295.1,SLYcer11g03044.1,Capang10g001915,Sopen01g037910.1,SLYcer10g05475.1,PGSC0003DMP400000325,Capana01g001315,SPI10g03977.1
OG27564	(((PGSC0003DMP400059738[&&NHX:species=Potato],Capana07g001889[&&NHX:species=Dom. pepper],Capang07g001882[&&NHX:species=Wild pepper])S,((PGSC0003DMP400018633[&&NHX:species=Potato],SPI10g00394.1[&&NHX:species=S. pimp],Sopen10g003780.1[&&NHX:species=S. Pennelli],Solyc10g007880.4.1[&&NHX:species=Tomato])S,(SLYcer07g00237.1[&&NHX:species=Tomato Cherry],PGSC0003DMP400019851[&&NHX:species=Potato],Sopen07g002250.1[&&NHX:species=S. Pennelli],Capana00g003663[&&NHX:species=Dom. pepper],SPI07g00306.1[&&NHX:species=S. pimp],Solyc07g006140.4.1[&&NHX:species=Tomato],Capang00g003144[&&NHX:species=Wild pepper])S)D)D,((SPI06g03848.1[&&NHX:species=S. pimp],SPI06g03849.1[&&NHX:species=S. pimp])D,(PGSC0003DMP400046202[&&NHX:species=Potato],PGSC0003DMP400046213[&&NHX:species=Potato])D,((Capang06g001492[&&NHX:species=Wild pepper],Capana06g001577[&&NHX:species=Dom. pepper])S,Capana06g001578[&&NHX:species=Dom. pepper])D,(SLYcer06g03974.1[&&NHX:species=Tomato Cherry],SLYcer06g03975.1[&&NHX:species=Tomato Cherry])D)S,(((Capana07g002116[&&NHX:species=Dom. pepper],PGSC0003DMP400021890[&&NHX:species=Potato],SPI07g05804.1[&&NHX:species=S. pimp])S,(Capana07g002109[&&NHX:species=Dom. pepper],SPI07g05801.1[&&NHX:species=S. pimp],SLYcer10g00530.1[&&NHX:species=Tomato Cherry])S)D,(Capana07g002039[&&NHX:species=Dom. pepper],SPI07g05956.1[&&NHX:species=S. pimp],Solyc07g061980.2.1[&&NHX:species=Tomato],PGSC0003DMP400012511[&&NHX:species=Potato],SLYcer07g05232.1[&&NHX:species=Tomato Cherry],Capang07g002077[&&NHX:species=Wild pepper],Sopen07g030250.1[&&NHX:species=S. Pennelli])S)D,((((SPI07g05421.1[&&NHX:species=S. pimp],SPI07g05807.1[&&NHX:species=S. pimp])D,(SPI07g05420.1[&&NHX:species=S. pimp],Capana07g001880[&&NHX:species=Dom. pepper])S)D,((Sopen07g025710.1[&&NHX:species=S. Pennelli],(Capana07g001881[&&NHX:species=Dom. pepper],Capana07g001883[&&NHX:species=Dom. pepper])D,Solyc07g052070.3.1[&&NHX:species=Tomato],SLYcer07g04710.1[&&NHX:species=Tomato Cherry],PGSC0003DMP400030192[&&NHX:species=Potato])S,Solyc07g055560.4.1[&&NHX:species=Tomato])D)D,((Capang07g001429[&&NHX:species=Wild pepper],Sopen07g025640.1[&&NHX:species=S. Pennelli],SLYcer07g05071.1[&&NHX:species=Tomato Cherry],Capana07g001882[&&NHX:species=Dom. pepper])S,(Capang07g001878[&&NHX:species=Wild pepper],Sopen07g028940.1[&&NHX:species=S. Pennelli],Capana07g001884[&&NHX:species=Dom. pepper])S)D)D,(PGSC0003DMP400030259[&&NHX:species=Potato],SPI07g05418.1[&&NHX:species=S. pimp],Capang00g003837[&&NHX:species=Wild pepper],Capana07g002117[&&NHX:species=Dom. pepper])S,((Capana06g000260[&&NHX:species=Dom. pepper],SPI06g05221.1[&&NHX:species=S. pimp],SLYcer06g05329.1[&&NHX:species=Tomato Cherry],Capang06g000248[&&NHX:species=Wild pepper],Sopen06g034090.1[&&NHX:species=S. Pennelli],Solyc06g082730.2.1[&&NHX:species=Tomato])S,(Sopen01g035600.3[&&NHX:species=S. Pennelli],Capana01g003420[&&NHX:species=Dom. pepper],SLYcer01g06633.1[&&NHX:species=Tomato Cherry],PGSC0003DMP400003039[&&NHX:species=Potato],Solyc01g088760.4.1[&&NHX:species=Tomato],SPI01g06894.1[&&NHX:species=S. pimp],Capang08g000359[&&NHX:species=Wild pepper])S,((PGSC0003DMP400009346[&&NHX:species=Potato],Solyc03g095310.3.1[&&NHX:species=Tomato],SPI03g03748.1[&&NHX:species=S. pimp],Sopen03g025330.1[&&NHX:species=S. Pennelli],Capang03g002668[&&NHX:species=Wild pepper],SLYcer03g03674.1[&&NHX:species=Tomato Cherry])S,((PGSC0003DMP400009345[&&NHX:species=Potato],PGSC0003DMP400009343[&&NHX:species=Potato])D,Capana03g002775[&&NHX:species=Dom. pepper])S)D,(PGSC0003DMP400003041[&&NHX:species=Potato],Sopen01g035600.2[&&NHX:species=S. Pennelli])S,(Sopen01g035600.1[&&NHX:species=S. Pennelli],PGSC0003DMP400003040[&&NHX:species=Potato])S)D,(((SPI07g05806.1[&&NHX:species=S. pimp],SLYcer07g05070.1[&&NHX:species=Tomato Cherry])S,(Sopen07g028860.1[&&NHX:species=S. Pennelli],SLYcer07g05065.1[&&NHX:species=Tomato Cherry])S)D,(((Sopen07g028890.1[&&NHX:species=S. Pennelli],Capana07g001875[&&NHX:species=Dom. pepper],Solyc07g055490.4.1[&&NHX:species=Tomato],SPI07g05794.1[&&NHX:species=S. pimp],SLYcer07g05067.1[&&NHX:species=Tomato Cherry])S,(((Solyc07g055470.3.1[&&NHX:species=Tomato],Sopen07g028870.1[&&NHX:species=S. Pennelli],Capana07g001874[&&NHX:species=Dom. pepper],PGSC0003DMP400010777[&&NHX:species=Potato])S,PGSC0003DMP400030273[&&NHX:species=Potato])D,((((Solyc07g055530.3.1[&&NHX:species=Tomato],PGSC0003DMP400010779[&&NHX:species=Potato],Capang07g001877[&&NHX:species=Wild pepper],Sopen07g028910.1[&&NHX:species=S. Pennelli],SLYcer07g05069.1[&&NHX:species=Tomato Cherry])S,SLYcer07g05068.1[&&NHX:species=Tomato Cherry])D,Sopen07g028900.1[&&NHX:species=S. Pennelli])D,((PGSC0003DMP400010776[&&NHX:species=Potato],Capana07g001878[&&NHX:species=Dom. pepper])S,(Capang07g001875[&&NHX:species=Wild pepper],Capana07g001876[&&NHX:species=Dom. pepper])S)D)D)D)D,((((PGSC0003DMP400030272[&&NHX:species=Potato],Solyc07g055450.2.1[&&NHX:species=Tomato])S,(PGSC0003DMP400030274[&&NHX:species=Potato],SPI07g05802.1[&&NHX:species=S. pimp],Solyc07g055460.3.1[&&NHX:species=Tomato])S)D,(PGSC0003DMP400030191[&&NHX:species=Potato],Sopen07g028880.1[&&NHX:species=S. Pennelli],SLYcer07g05066.1[&&NHX:species=Tomato Cherry],Solyc07g055480.2.1[&&NHX:species=Tomato])S)D,(Solyc07g055440.2.1[&&NHX:species=Tomato],SPI07g05799.1[&&NHX:species=S. pimp],SLYcer07g05064.1[&&NHX:species=Tomato Cherry])S)D)D)D,((Sopen06g025210.1[&&NHX:species=S. Pennelli],Capana06g001151[&&NHX:species=Dom. pepper],SPI06g04279.1[&&NHX:species=S. pimp],PGSC0003DMP400067800[&&NHX:species=Potato],Capang06g001250[&&NHX:species=Wild pepper],Solyc06g067930.2.1[&&NHX:species=Tomato])S,((PGSC0003DMP400010053[&&NHX:species=Potato],PGSC0003DMP400010052[&&NHX:species=Potato])D,Sopen03g038930.1[&&NHX:species=S. Pennelli],SLYcer03g05214.1[&&NHX:species=Tomato Cherry],Capana03g000348[&&NHX:species=Dom. pepper],SPI03g05274.1[&&NHX:species=S. pimp],Capang03g000323[&&NHX:species=Wild pepper],Solyc03g120060.2.1[&&NHX:species=Tomato])S)D,((PGSC0003DMP400013421[&&NHX:species=Potato],SPI07g03313.1[&&NHX:species=S. pimp],Solyc07g025370.3.1[&&NHX:species=Tomato],Capana07g001022[&&NHX:species=Dom. pepper],Sopen07g013300.1[&&NHX:species=S. Pennelli],Capang07g001110[&&NHX:species=Wild pepper],SLYcer07g02036.1[&&NHX:species=Tomato Cherry])S,((SPI06g03471.1[&&NHX:species=S. pimp],PGSC0003DMP400049206[&&NHX:species=Potato])S,(SPI04g05101.1[&&NHX:species=S. pimp],SLYcer04g05608.1[&&NHX:species=Tomato Cherry],Capana04g000391[&&NHX:species=Dom. pepper],Solyc04g080100.3.1[&&NHX:species=Tomato],Sopen04g033690.1[&&NHX:species=S. Pennelli],PGSC0003DMP400009137[&&NHX:species=Potato])S,PGSC0003DMP400009344[&&NHX:species=Potato])D)D,((SPI07g05805.1[&&NHX:species=S. pimp],Capana07g001397[&&NHX:species=Dom. pepper])S,(PGSC0003DMP400012603[&&NHX:species=Potato],(((PGSC0003DMP400018734[&&NHX:species=Potato],SLYcer07g04711.1[&&NHX:species=Tomato Cherry])S,(PGSC0003DMP400030275[&&NHX:species=Potato],SPI07g05800.1[&&NHX:species=S. pimp],Solyc07g150149.1.1[&&NHX:species=Tomato],Sopen07g028920.1[&&NHX:species=S. Pennelli])S)D,Capang00g003974[&&NHX:species=Wild pepper])S,PGSC0003DMP400008959[&&NHX:species=Potato])D,((Capana10g000288[&&NHX:species=Dom. pepper],Sopen07g025720.1[&&NHX:species=S. Pennelli],SPI07g05423.1[&&NHX:species=S. pimp],PGSC0003DMP400018735[&&NHX:species=Potato])S,(((PGSC0003DMP400042213[&&NHX:species=Potato],PGSC0003DMP400020830[&&NHX:species=Potato])D,Capana10g000275[&&NHX:species=Dom. pepper])S,(SLYcer10g00531.1[&&NHX:species=Tomato Cherry],Capana10g000268[&&NHX:species=Dom. pepper],PGSC0003DMP400018636[&&NHX:species=Potato])S)D)D,((Capang04g002389[&&NHX:species=Wild pepper],(Capana06g001838[&&NHX:species=Dom. pepper],Capang06g001722[&&NHX:species=Wild pepper])S)D,(PGSC0003DMP400021894[&&NHX:species=Potato],Capang04g002344[&&NHX:species=Wild pepper])S)D,((Capana02g001818[&&NHX:species=Dom. pepper],(PGSC0003DMP400004196[&&NHX:species=Potato],PGSC0003DMP400021897[&&NHX:species=Potato])D)S,((PGSC0003DMP400042214[&&NHX:species=Potato],Capana07g002123[&&NHX:species=Dom. pepper],Capang00g004470[&&NHX:species=Wild pepper])S,((Capana07g002110[&&NHX:species=Dom. pepper],Sopen00g009630.1[&&NHX:species=S. Pennelli],PGSC0003DMP400012545[&&NHX:species=Potato])S,PGSC0003DMP400012542[&&NHX:species=Potato])D)D)D,((((PGSC0003DMP400010848[&&NHX:species=Potato],(PGSC0003DMP400004197[&&NHX:species=Potato],PGSC0003DMP400012546[&&NHX:species=Potato])D)D,Solyc07g052075.1.1[&&NHX:species=Tomato])S,(PGSC0003DMP400018635[&&NHX:species=Potato],Sopen07g028950.1[&&NHX:species=S. Pennelli])S)D,(Sopen07g028930.1[&&NHX:species=S. Pennelli],Solyc07g055550.2.1[&&NHX:species=Tomato],Capana07g001879[&&NHX:species=Dom. pepper],PGSC0003DMP400030276[&&NHX:species=Potato])S)D)D,((((SLYcer07g04708.1[&&NHX:species=Tomato Cherry],SPI07g06008.1[&&NHX:species=S. pimp],(PGSC0003DMP400021898[&&NHX:species=Potato],PGSC0003DMP400021893[&&NHX:species=Potato])D)S,(Sopen06g017920.2[&&NHX:species=S. Pennelli],(PGSC0003DMP400021891[&&NHX:species=Potato],PGSC0003DMP400004195[&&NHX:species=Potato])D)S)D,((Capana07g002111[&&NHX:species=Dom. pepper],((Sopen07g030750.1[&&NHX:species=S. Pennelli],PGSC0003DMP400021896[&&NHX:species=Potato])S,(PGSC0003DMP400012547[&&NHX:species=Potato],Sopen06g017920.1[&&NHX:species=S. Pennelli])S)D,Capang07g002138[&&NHX:species=Wild pepper])S,(Capang09g000613[&&NHX:species=Wild pepper],Capana09g000685[&&NHX:species=Dom. pepper])S)D)D,(((Capana07g002107[&&NHX:species=Dom. pepper],((SLYcer07g05285.1[&&NHX:species=Tomato Cherry],Solyc07g062510.2.1[&&NHX:species=Tomato],Capana07g002106[&&NHX:species=Dom. pepper])S,(Sopen07g030740.1[&&NHX:species=S. Pennelli],Capana01g003924[&&NHX:species=Dom. pepper],Solyc07g062500.3.1[&&NHX:species=Tomato],SPI07g06007.1[&&NHX:species=S. pimp])S)D)D,(((Capana07g001873[&&NHX:species=Dom. pepper],(Capana07g001872[&&NHX:species=Dom. pepper],Capang07g001873[&&NHX:species=Wild pepper])S)D,PGSC0003DMP400030254[&&NHX:species=Potato],Solyc07g055350.4.1[&&NHX:species=Tomato],Sopen07g026870.1[&&NHX:species=S. Pennelli],SLYcer07g05060.1[&&NHX:species=Tomato Cherry])S,Capana07g001870[&&NHX:species=Dom. pepper])D)D,(SLYcer07g05286.1[&&NHX:species=Tomato Cherry],Capana07g002108[&&NHX:species=Dom. pepper],Solyc07g062520.3.1[&&NHX:species=Tomato],SPI07g06009.1[&&NHX:species=S. pimp],PGSC0003DMP400021892[&&NHX:species=Potato])S)D)D)D;	15	10	110	Solyc06g061027.1.1,Sopen06g021210.1,Solyc06g061023.1.1,PGSC0003DMP400004194,PGSC0003DMP400012543,PGSC0003DMP400012541,Capana07g001877,SLYcer06g03560.1
OG27605	(((Capang01g004376[&&NHX:species=Wild pepper],SLYcer01g07321.1[&&NHX:species=Tomato Cherry],SPI01g07942.1[&&NHX:species=S. pimp],Sopen01g045720.1[&&NHX:species=S. Pennelli],PGSC0003DMP400043129[&&NHX:species=Potato],Solyc01g103350.3.1[&&NHX:species=Tomato],Capana08g001804[&&NHX:species=Dom. pepper])S,PGSC0003DMP400043130[&&NHX:species=Potato])D,((Capana10g002107[&&NHX:species=Dom. pepper],PGSC0003DMP400000610[&&NHX:species=Potato],Capang10g001865[&&NHX:species=Wild pepper])S,(Capang04g001652[&&NHX:species=Wild pepper],Capana04g001770[&&NHX:species=Dom. pepper],SPI04g02915.1[&&NHX:species=S. pimp],SLYcer04g03182.1[&&NHX:species=Tomato Cherry])S,(SLYcer12g00355.1[&&NHX:species=Tomato Cherry],PGSC0003DMP400000609[&&NHX:species=Potato],Capana09g000290[&&NHX:species=Dom. pepper],Solyc12g007200.2.1[&&NHX:species=Tomato],Sopen12g003180.1[&&NHX:species=S. Pennelli],Capang09g000275[&&NHX:species=Wild pepper],SPI12g00385.1[&&NHX:species=S. pimp])S,(Solyc04g049530.1.1[&&NHX:species=Tomato],Capang03g002423[&&NHX:species=Wild pepper])S)D,((((Capang00g000141[&&NHX:species=Wild pepper],(PGSC0003DMP400032335[&&NHX:species=Potato],(Solyc11g070140.2.1[&&NHX:species=Tomato],PGSC0003DMP400032336[&&NHX:species=Potato],Sopen11g028810.1[&&NHX:species=S. Pennelli])S)D,SPI11g04073.1[&&NHX:species=S. pimp])S,((((PGSC0003DMP400051026[&&NHX:species=Potato],Solyc12g095860.2.1[&&NHX:species=Tomato],Capana12g000512[&&NHX:species=Dom. pepper],Capang12g000423[&&NHX:species=Wild pepper])S,Solyc08g066330.3.1[&&NHX:species=Tomato])D,PGSC0003DMP400052454[&&NHX:species=Potato])D,((SPI08g04923.1[&&NHX:species=S. pimp],Capana01g003836[&&NHX:species=Dom. pepper],SLYcer08g05031.1[&&NHX:species=Tomato Cherry])S,(SLYcer12g04848.1[&&NHX:species=Tomato Cherry],Capang08g000767[&&NHX:species=Wild pepper],SPI12g04806.1[&&NHX:species=S. pimp])S)D)D)D,(SLYcer12g02510.1[&&NHX:species=Tomato Cherry],Capana04g001702[&&NHX:species=Dom. pepper],Sopen12g013310.1[&&NHX:species=S. Pennelli],Capang00g002334[&&NHX:species=Wild pepper],SPI12g02280.1[&&NHX:species=S. pimp],Solyc12g027870.1.1[&&NHX:species=Tomato])S)D,((SLYcer10g01617.1[&&NHX:species=Tomato Cherry],SPI05g01512.1[&&NHX:species=S. pimp],Solyc10g037910.3.1[&&NHX:species=Tomato])S,((Capang08g001293[&&NHX:species=Wild pepper],PGSC0003DMP400058551[&&NHX:species=Potato])S,(Capang07g000960[&&NHX:species=Wild pepper],PGSC0003DMP400063697[&&NHX:species=Potato],Capana07g000762[&&NHX:species=Dom. pepper],SLYcer03g00181.1[&&NHX:species=Tomato Cherry])S)D)D)D,((SLYcer01g06148.1[&&NHX:species=Tomato Cherry],SPI01g06452.1[&&NHX:species=S. pimp],Solyc01g080240.4.1[&&NHX:species=Tomato],Sopen01g032020.1[&&NHX:species=S. Pennelli],Capana01g003003[&&NHX:species=Dom. pepper],Capang00g000880[&&NHX:species=Wild pepper],PGSC0003DMP400007750[&&NHX:species=Potato])S,PGSC0003DMP400007748[&&NHX:species=Potato])D,(Capana05g001103[&&NHX:species=Dom. pepper],PGSC0003DMP400031709[&&NHX:species=Potato],Capang05g000941[&&NHX:species=Wild pepper])S,((PGSC0003DMP400044283[&&NHX:species=Potato],Solyc08g067450.1.1[&&NHX:species=Tomato],Sopen08g021380.1[&&NHX:species=S. Pennelli],SPI08g05056.1[&&NHX:species=S. pimp],SLYcer08g05171.1[&&NHX:species=Tomato Cherry])S,((Solyc08g075890.3.1[&&NHX:species=Tomato],Sopen08g024530.1[&&NHX:species=S. Pennelli],Capana01g000927[&&NHX:species=Dom. pepper],Capang01g000858[&&NHX:species=Wild pepper])S,(Capana01g004284[&&NHX:species=Dom. pepper],(Sopen08g001510.1[&&NHX:species=S. Pennelli],Sopen08g001510.2[&&NHX:species=S. Pennelli])D,(PGSC0003DMP400032171[&&NHX:species=Potato],PGSC0003DMP400032172[&&NHX:species=Potato])D,Capang08g001153[&&NHX:species=Wild pepper],Solyc08g005470.4.1[&&NHX:species=Tomato],SPI08g00120.1[&&NHX:species=S. pimp])S)D)D,(PGSC0003DMP400021542[&&NHX:species=Potato],SPI08g06272.1[&&NHX:species=S. pimp],Capang01g000172[&&NHX:species=Wild pepper],Sopen08g029820.1[&&NHX:species=S. Pennelli],Solyc08g081490.4.1[&&NHX:species=Tomato],Capana01g000185[&&NHX:species=Dom. pepper],SLYcer08g06364.1[&&NHX:species=Tomato Cherry])S,((((SPI02g03810.1[&&NHX:species=S. pimp],Solyc02g084870.3.1[&&NHX:species=Tomato],PGSC0003DMP400006283[&&NHX:species=Potato],Capang02g002460[&&NHX:species=Wild pepper],Sopen02g029540.1[&&NHX:species=S. Pennelli],SLYcer02g04886.1[&&NHX:species=Tomato Cherry],Capana02g002737[&&NHX:species=Dom. pepper])S,Capana00g000628[&&NHX:species=Dom. pepper])D,(Capang04g000277[&&NHX:species=Wild pepper],SPI04g05176.1[&&NHX:species=S. pimp],SLYcer04g05674.1[&&NHX:species=Tomato Cherry],Solyc04g080730.3.1[&&NHX:species=Tomato],PGSC0003DMP400006600[&&NHX:species=Potato],Sopen04g034320.1[&&NHX:species=S. Pennelli])S[&&NHX:length=-4.09108])D,((Capana01g003835[&&NHX:species=Dom. pepper],PGSC0003DMP400006601[&&NHX:species=Potato])S,(PGSC0003DMP400006284[&&NHX:species=Potato],Capana04g000306[&&NHX:species=Dom. pepper])S)D)D,(((PGSC0003DMP400000144[&&NHX:species=Potato],Solyc01g094960.3.1[&&NHX:species=Tomato],Capang01g003544[&&NHX:species=Wild pepper],SPI01g07222.1[&&NHX:species=S. pimp],Capana08g000964[&&NHX:species=Dom. pepper],Sopen01g038740.1[&&NHX:species=S. Pennelli],SLYcer01g06973.1[&&NHX:species=Tomato Cherry])S,PGSC0003DMP400000143[&&NHX:species=Potato])D,(((Capana01g003780[&&NHX:species=Dom. pepper],((Solyc12g019460.2.1[&&NHX:species=Tomato],Solyc08g014420.4.1[&&NHX:species=Tomato])D,(Sopen08g005410.1[&&NHX:species=S. Pennelli],Sopen12g009740.1[&&NHX:species=S. Pennelli])D,(SLYcer08g00707.1[&&NHX:species=Tomato Cherry],SLYcer12g01240.1[&&NHX:species=Tomato Cherry])D,(SPI08g00687.1[&&NHX:species=S. pimp],SPI12g01281.1[&&NHX:species=S. pimp])D)S,Capang08g000689[&&NHX:species=Wild pepper])S,(Capang03g002770[&&NHX:species=Wild pepper],Capana03g002879[&&NHX:species=Dom. pepper])S)D,((Capana06g002562[&&NHX:species=Dom. pepper],Solyc06g005170.3.1[&&NHX:species=Tomato],Sopen06g001160.1[&&NHX:species=S. Pennelli],Capang06g002355[&&NHX:species=Wild pepper],SLYcer06g00269.1[&&NHX:species=Tomato Cherry],PGSC0003DMP400052344[&&NHX:species=Potato],SPI06g00039.1[&&NHX:species=S. pimp])S,PGSC0003DMP400052345[&&NHX:species=Potato])D)D)D,(SPI05g00870.1[&&NHX:species=S. pimp],Capana11g001993[&&NHX:species=Dom. pepper],SLYcer05g00826.1[&&NHX:species=Tomato Cherry],Sopen05g006920.1[&&NHX:species=S. Pennelli],Solyc05g012130.4.1[&&NHX:species=Tomato],Capang11g001918[&&NHX:species=Wild pepper])S,(Capang05g000857[&&NHX:species=Wild pepper],Solyc05g049970.3.1[&&NHX:species=Tomato],Capana05g001032[&&NHX:species=Dom. pepper],Sopen05g028330.1[&&NHX:species=S. Pennelli],SPI05g04187.1[&&NHX:species=S. pimp],PGSC0003DMP400037535[&&NHX:species=Potato],SLYcer10g02782.1[&&NHX:species=Tomato Cherry])S,((PGSC0003DMP400031955[&&NHX:species=Potato],(SLYcer07g04911.1[&&NHX:species=Tomato Cherry],(PGSC0003DMP400031954[&&NHX:species=Potato],PGSC0003DMP400031953[&&NHX:species=Potato])D,SPI07g05637.1[&&NHX:species=S. pimp],Solyc07g053910.3.1[&&NHX:species=Tomato],Capang07g001738[&&NHX:species=Wild pepper],Capana07g001744[&&NHX:species=Dom. pepper],Sopen07g027890.1[&&NHX:species=S. Pennelli])S)D,(SPI10g00435.1[&&NHX:species=S. pimp],SLYcer10g00574.1[&&NHX:species=Tomato Cherry],Solyc10g008280.3.1[&&NHX:species=Tomato],Sopen10g004140.1[&&NHX:species=S. Pennelli],Capana10g000361[&&NHX:species=Dom. pepper],(PGSC0003DMP400023269[&&NHX:species=Potato],PGSC0003DMP400023268[&&NHX:species=Potato])D)S)D,((((Capana02g003340[&&NHX:species=Dom. pepper],PGSC0003DMP400002595[&&NHX:species=Potato],Sopen02g033020.1[&&NHX:species=S. Pennelli],Solyc02g088330.2.1[&&NHX:species=Tomato],Capang02g003075[&&NHX:species=Wild pepper])S,(PGSC0003DMP400002594[&&NHX:species=Potato],PGSC0003DMP400002596[&&NHX:species=Potato])D)D,(Solyc03g104790.3.1[&&NHX:species=Tomato],Capana04g001823[&&NHX:species=Dom. pepper],Capang04g001692[&&NHX:species=Wild pepper],PGSC0003DMP400052034[&&NHX:species=Potato])S)D,((Sopen03g034650.1[&&NHX:species=S. Pennelli],SLYcer03g04757.1[&&NHX:species=Tomato Cherry],Capana03g000824[&&NHX:species=Dom. pepper],(PGSC0003DMP400042496[&&NHX:species=Potato],PGSC0003DMP400042495[&&NHX:species=Potato])D,Solyc03g115660.3.1[&&NHX:species=Tomato],Capang03g000754[&&NHX:species=Wild pepper],SPI03g04813.1[&&NHX:species=S. pimp])S,PGSC0003DMP400042497[&&NHX:species=Potato])D)D,(((Sopen06g002630.1[&&NHX:species=S. Pennelli],(PGSC0003DMP400035902[&&NHX:species=Potato],PGSC0003DMP400035903[&&NHX:species=Potato])D)S,PGSC0003DMP400035898[&&NHX:species=Potato])D,(Sopen05g005350.1[&&NHX:species=S. Pennelli],SLYcer05g00610.1[&&NHX:species=Tomato Cherry],SPI05g00644.1[&&NHX:species=S. pimp],Solyc05g009540.3.1[&&NHX:species=Tomato],(PGSC0003DMP400022979[&&NHX:species=Potato],PGSC0003DMP400022982[&&NHX:species=Potato])D,Capana11g002271[&&NHX:species=Dom. pepper],Capang11g002170[&&NHX:species=Wild pepper])S)D,((PGSC0003DMP400022019[&&NHX:species=Potato],PGSC0003DMP400022020[&&NHX:species=Potato])D,Sopen07g031320.1[&&NHX:species=S. Pennelli],Solyc07g063130.4.1[&&NHX:species=Tomato],SPI07g06067.1[&&NHX:species=S. pimp],Capang07g002206[&&NHX:species=Wild pepper],SLYcer07g05348.1[&&NHX:species=Tomato Cherry],Capana07g002185[&&NHX:species=Dom. pepper])S,((Capana12g001601[&&NHX:species=Dom. pepper],PGSC0003DMP400004339[&&NHX:species=Potato],SLYcer12g03831.1[&&NHX:species=Tomato Cherry],SPI12g03777.1[&&NHX:species=S. pimp],Capang00g001448[&&NHX:species=Wild pepper],Solyc12g040680.2.1[&&NHX:species=Tomato],Sopen12g020260.1[&&NHX:species=S. Pennelli])S,(((PGSC0003DMP400036824[&&NHX:species=Potato],Sopen10g003440.3[&&NHX:species=S. Pennelli])S,PGSC0003DMP400010571[&&NHX:species=Potato])D,Capana04g000307[&&NHX:species=Dom. pepper])S,((Sopen06g026280.2[&&NHX:species=S. Pennelli],Sopen06g026280.1[&&NHX:species=S. Pennelli])D,Capang11g001478[&&NHX:species=Wild pepper],PGSC0003DMP400050161[&&NHX:species=Potato],SPI06g04395.1[&&NHX:species=S. pimp],Capana00g004661[&&NHX:species=Dom. pepper],Solyc06g068990.4.1[&&NHX:species=Tomato],SLYcer06g04536.1[&&NHX:species=Tomato Cherry])S)D,(SPI11g04239.1[&&NHX:species=S. pimp],SLYcer11g04169.1[&&NHX:species=Tomato Cherry],Capang11g000571[&&NHX:species=Wild pepper],Solyc11g072630.2.1[&&NHX:species=Tomato],PGSC0003DMP400044003[&&NHX:species=Potato],Sopen11g030300.1[&&NHX:species=S. Pennelli],Capana11g000632[&&NHX:species=Dom. pepper])S,(SLYcer07g00601.1[&&NHX:species=Tomato Cherry],Sopen07g004680.1[&&NHX:species=S. Pennelli],SPI07g00645.1[&&NHX:species=S. pimp],PGSC0003DMP400050048[&&NHX:species=Potato])S,((Solyc04g082840.4.1[&&NHX:species=Tomato],PGSC0003DMP400017679[&&NHX:species=Potato],Sopen04g036480.1[&&NHX:species=S. Pennelli],Capang04g000025[&&NHX:species=Wild pepper],Capana04g000033[&&NHX:species=Dom. pepper])S,(SLYcer10g04967.1[&&NHX:species=Tomato Cherry],Capang10g000721[&&NHX:species=Wild pepper],Capana10g000908[&&NHX:species=Dom. pepper],Solyc10g074720.3.1[&&NHX:species=Tomato],SPI10g03469.1[&&NHX:species=S. pimp],PGSC0003DMP400048161[&&NHX:species=Potato],Sopen10g027210.1[&&NHX:species=S. Pennelli])S)D,((SPI01g07818.1[&&NHX:species=S. pimp],Capana05g002173[&&NHX:species=Dom. pepper],Capang05g001732[&&NHX:species=Wild pepper],PGSC0003DMP400004921[&&NHX:species=Potato],Solyc01g101000.3.1[&&NHX:species=Tomato],Sopen01g044460.1[&&NHX:species=S. Pennelli])S,((PGSC0003DMP400001029[&&NHX:species=Potato],SPI02g04016.1[&&NHX:species=S. pimp],Solyc02g086670.4.1[&&NHX:species=Tomato],Capana02g003513[&&NHX:species=Dom. pepper],SLYcer02g05078.1[&&NHX:species=Tomato Cherry],Sopen02g031430.1[&&NHX:species=S. Pennelli],Capang02g003238[&&NHX:species=Wild pepper])S,(Sopen12g026630.1[&&NHX:species=S. Pennelli],Capana04g001958[&&NHX:species=Dom. pepper],Solyc12g062870.2.1[&&NHX:species=Tomato],Capang04g001758[&&NHX:species=Wild pepper],SLYcer12g02798.1[&&NHX:species=Tomato Cherry],SPI12g02573.1[&&NHX:species=S. pimp],PGSC0003DMP400054674[&&NHX:species=Potato])S)D)D,((((Solyc07g055200.4.1[&&NHX:species=Tomato],Capana07g001815[&&NHX:species=Dom. pepper],SPI07g05779.1[&&NHX:species=S. pimp],Sopen07g027030.1[&&NHX:species=S. Pennelli],SLYcer07g05045.1[&&NHX:species=Tomato Cherry],PGSC0003DMP400035497[&&NHX:species=Potato])S,(Capang07g001815[&&NHX:species=Wild pepper],(((PGSC0003DMP400049461[&&NHX:species=Potato],SLYcer02g04033.1[&&NHX:species=Tomato Cherry],Sopen02g021290.1[&&NHX:species=S. Pennelli])S,PGSC0003DMP400049462[&&NHX:species=Potato])D,(Capang09g001264[&&NHX:species=Wild pepper],Capang02g001537[&&NHX:species=Wild pepper])D)S)D)D,((PGSC0003DMP400046461[&&NHX:species=Potato],(PGSC0003DMP400046462[&&NHX:species=Potato:length=-0.44189],PGSC0003DMP400046463[&&NHX:species=Potato])D)D,Capana00g000724[&&NHX:species=Dom. pepper],SPI03g00323.1[&&NHX:species=S. pimp],Sopen03g002080.1[&&NHX:species=S. Pennelli],Solyc03g006070.3.1[&&NHX:species=Tomato])S)D,(Solyc06g082640.3.1[&&NHX:species=Tomato],SPI06g05213.1[&&NHX:species=S. pimp],Sopen11g023490.1[&&NHX:species=S. Pennelli])S)D,(((Solyc03g097690.3.1[&&NHX:species=Tomato],Sopen03g028440.1[&&NHX:species=S. Pennelli],Capang03g001588[&&NHX:species=Wild pepper],Capana03g001650[&&NHX:species=Dom. pepper],PGSC0003DMP400007717[&&NHX:species=Potato],SLYcer03g04033.1[&&NHX:species=Tomato Cherry],SPI03g04088.1[&&NHX:species=S. pimp])S,((PGSC0003DMP400027639[&&NHX:species=Potato],((SPI01g07528.1[&&NHX:species=S. pimp],Solyc01g098160.3.1[&&NHX:species=Tomato],Capang00g004020[&&NHX:species=Wild pepper],PGSC0003DMP400038942[&&NHX:species=Potato],Sopen01g041730.1[&&NHX:species=S. Pennelli])S,(PGSC0003DMP400038941[&&NHX:species=Potato],Capana08g001336[&&NHX:species=Dom. pepper])S)D)D,(Sopen01g029590.1[&&NHX:species=S. Pennelli],Solyc01g067640.3.1[&&NHX:species=Tomato],Capang01g002832[&&NHX:species=Wild pepper],SPI01g06051.1[&&NHX:species=S. pimp],Capana01g003102[&&NHX:species=Dom. pepper],PGSC0003DMP400018850[&&NHX:species=Potato])S)D)D,((((SLYcer07g00594.1[&&NHX:species=Tomato Cherry],PGSC0003DMP400050052[&&NHX:species=Potato],SPI07g00637.1[&&NHX:species=S. pimp])S,PGSC0003DMP400050064[&&NHX:species=Potato])D,(Sopen07g004730.1[&&NHX:species=S. Pennelli],Solyc07g008740.3.1[&&NHX:species=Tomato],PGSC0003DMP400050046[&&NHX:species=Potato])S)D,(((Capang07g001055[&&NHX:species=Wild pepper],Capana07g000931[&&NHX:species=Dom. pepper])D,SPI07g00644.1[&&NHX:species=S. pimp],SLYcer07g00600.1[&&NHX:species=Tomato Cherry])S,PGSC0003DMP400050047[&&NHX:species=Potato])D)D)D,(((SLYcer05g01017.1[&&NHX:species=Tomato Cherry],Capang11g001160[&&NHX:species=Wild pepper],PGSC0003DMP400020784[&&NHX:species=Potato],SPI05g01078.1[&&NHX:species=S. pimp],Sopen05g008690.1[&&NHX:species=S. Pennelli],Capana11g001145[&&NHX:species=Dom. pepper])S,(PGSC0003DMP400020785[&&NHX:species=Potato],Solyc05g013770.4.1[&&NHX:species=Tomato])S,PGSC0003DMP400035900[&&NHX:species=Potato],PGSC0003DMP400035901[&&NHX:species=Potato],PGSC0003DMP400035899[&&NHX:species=Potato])D,((PGSC0003DMP400046796[&&NHX:species=Potato],PGSC0003DMP400054054[&&NHX:species=Potato])D,((Capana03g001521[&&NHX:species=Dom. pepper],Capang03g001445[&&NHX:species=Wild pepper])S,(Capang06g000782[&&NHX:species=Wild pepper],Capana06g000831[&&NHX:species=Dom. pepper])S)D)S,((Capang06g001978[&&NHX:species=Wild pepper],Solyc06g051510.2.1[&&NHX:species=Tomato],PGSC0003DMP400029610[&&NHX:species=Potato],Capana06g002341[&&NHX:species=Dom. pepper],Sopen06g017480.1[&&NHX:species=S. Pennelli],SLYcer06g03512.1[&&NHX:species=Tomato Cherry],SPI06g03427.1[&&NHX:species=S. pimp])S,PGSC0003DMP400029609[&&NHX:species=Potato])D,(Capana09g002024[&&NHX:species=Dom. pepper],Capang09g001559[&&NHX:species=Wild pepper],PGSC0003DMP400041324[&&NHX:species=Potato])S,(((Solyc03g112050.4.1[&&NHX:species=Tomato],SLYcer03g04374.1[&&NHX:species=Tomato Cherry],SPI03g04431.1[&&NHX:species=S. pimp],Capana03g001250[&&NHX:species=Dom. pepper],Capang03g001202[&&NHX:species=Wild pepper],Sopen03g031150.2[&&NHX:species=S. Pennelli],PGSC0003DMP400031712[&&NHX:species=Potato])S,(Capana00g000452[&&NHX:species=Dom. pepper],Sopen03g031150.1[&&NHX:species=S. Pennelli],PGSC0003DMP400031711[&&NHX:species=Potato])S)D,(PGSC0003DMP400041321[&&NHX:species=Potato],PGSC0003DMP400020783[&&NHX:species=Potato])D)D)D,(((Solyc05g008020.4.1[&&NHX:species=Tomato],PGSC0003DMP400053050[&&NHX:species=Potato],Capana11g002375[&&NHX:species=Dom. pepper],Capang11g002259[&&NHX:species=Wild pepper],SPI05g00475.1[&&NHX:species=S. pimp],Sopen05g003870.1[&&NHX:species=S. Pennelli])S,(Capana05g001152[&&NHX:species=Dom. pepper],SPI04g00362.1[&&NHX:species=S. pimp],SLYcer04g00378.1[&&NHX:species=Tomato Cherry],(PGSC0003DMP400010570[&&NHX:species=Potato],PGSC0003DMP400010572[&&NHX:species=Potato])D,Solyc04g007710.3.1[&&NHX:species=Tomato],Capang05g000985[&&NHX:species=Wild pepper],(Sopen04g002800.1[&&NHX:species=S. Pennelli],Sopen04g002800.2[&&NHX:species=S. Pennelli])D)S)D,((SLYcer05g00442.1[&&NHX:species=Tomato Cherry],Capana12g001602[&&NHX:species=Dom. pepper],SPI10g00354.1[&&NHX:species=S. pimp])S,((Capana11g000743[&&NHX:species=Dom. pepper],Capang11g000681[&&NHX:species=Wild pepper])S,Capang01g004033[&&NHX:species=Wild pepper])D)D)D,((SPI06g04784.1[&&NHX:species=S. pimp],PGSC0003DMP400010552[&&NHX:species=Potato],Solyc06g073630.3.1[&&NHX:species=Tomato],SLYcer06g04918.1[&&NHX:species=Tomato Cherry],Capana06g000690[&&NHX:species=Dom. pepper],Sopen06g030040.1[&&NHX:species=S. Pennelli],Capang06g000643[&&NHX:species=Wild pepper])S,(Sopen04g025170.1[&&NHX:species=S. Pennelli],SPI04g03789.1[&&NHX:species=S. pimp],Capang00g003630[&&NHX:species=Wild pepper],SLYcer04g04146.1[&&NHX:species=Tomato Cherry],Solyc04g056280.4.1[&&NHX:species=Tomato],Capana12g001705[&&NHX:species=Dom. pepper])S)D,(Sopen11g021440.1[&&NHX:species=S. Pennelli],SLYcer11g02508.1[&&NHX:species=Tomato Cherry],Capang04g001711[&&NHX:species=Wild pepper],Capana04g001916[&&NHX:species=Dom. pepper],SPI11g02560.1[&&NHX:species=S. pimp],PGSC0003DMP400048346[&&NHX:species=Potato],Solyc11g045610.2.1[&&NHX:species=Tomato])S,(SPI06g04024.1[&&NHX:species=S. pimp],Solyc06g064660.4.1[&&NHX:species=Tomato],Capang01g002104[&&NHX:species=Wild pepper],Capana01g002437[&&NHX:species=Dom. pepper],PGSC0003DMP400055902[&&NHX:species=Potato],Sopen06g023140.1[&&NHX:species=S. Pennelli],SLYcer06g04158.1[&&NHX:species=Tomato Cherry])S)D;	18	13	203	Sopen08g020130.1,Sopen12g031760.1,Solyc02g072300.4.1,SPI02g02927.1,SLYcer01g07742.1,Capang10g000259,Capana02g001723,Capana05g001798,PGSC0003DMP400010573,PGSC0003DMP400050066,PGSC0003DMP400050051,Capang08g000115
OG27606	(((((Solyc06g051940.4.1[&&NHX:species=Tomato],Sopen06g017980.1[&&NHX:species=S. Pennelli],(PGSC0003DMP400034056[&&NHX:species=Potato],PGSC0003DMP400034057[&&NHX:species=Potato])D,SLYcer06g03565.1[&&NHX:species=Tomato Cherry])S,(PGSC0003DMP400034055[&&NHX:species=Potato],PGSC0003DMP400034058[&&NHX:species=Potato])D)D,(Capang07g001015[&&NHX:species=Wild pepper],SPI03g00537.1[&&NHX:species=S. pimp],SLYcer03g00318.1[&&NHX:species=Tomato Cherry],PGSC0003DMP400016039[&&NHX:species=Potato],Capana00g003839[&&NHX:species=Dom. pepper],Solyc03g007230.4.1[&&NHX:species=Tomato],Sopen03g003210.1[&&NHX:species=S. Pennelli])S)D,(Sopen08g030530.1[&&NHX:species=S. Pennelli],Capana00g003396[&&NHX:species=Dom. pepper],Solyc08g082260.2.1[&&NHX:species=Tomato],PGSC0003DMP400066209[&&NHX:species=Potato],Capang00g001811[&&NHX:species=Wild pepper],SPI08g06351.1[&&NHX:species=S. pimp])S)D,(((PGSC0003DMP400011061[&&NHX:species=Potato],PGSC0003DMP400011059[&&NHX:species=Potato])D,(SPI01g05698.1[&&NHX:species=S. pimp],Capang00g001295[&&NHX:species=Wild pepper],SLYcer01g05541.1[&&NHX:species=Tomato Cherry],Sopen01g027100.1[&&NHX:species=S. Pennelli],Capana01g002355[&&NHX:species=Dom. pepper],Solyc01g065700.3.1[&&NHX:species=Tomato],PGSC0003DMP400011060[&&NHX:species=Potato])S)D,(SPI01g06393.1[&&NHX:species=S. pimp],Capana01g002929[&&NHX:species=Dom. pepper],PGSC0003DMP400015823[&&NHX:species=Potato],Sopen01g031490.1[&&NHX:species=S. Pennelli],SLYcer01g06098.1[&&NHX:species=Tomato Cherry],Solyc01g079720.3.1[&&NHX:species=Tomato],Capang01g002632[&&NHX:species=Wild pepper])S)D,((((Sopen06g024390.1[&&NHX:species=S. Pennelli],SLYcer06g04293.1[&&NHX:species=Tomato Cherry],PGSC0003DMP400045352[&&NHX:species=Potato],Solyc06g065920.4.1[&&NHX:species=Tomato],SPI06g04151.1[&&NHX:species=S. pimp],Capang00g005353[&&NHX:species=Wild pepper],Capana06g001428[&&NHX:species=Dom. pepper])S,(Capang10g001298[&&NHX:species=Wild pepper],Capana10g001525[&&NHX:species=Dom. pepper])S)D,(Sopen02g037290.1[&&NHX:species=S. Pennelli],SLYcer02g05671.1[&&NHX:species=Tomato Cherry],Solyc02g092750.3.1[&&NHX:species=Tomato],Capang02g002723[&&NHX:species=Wild pepper],PGSC0003DMP400043278[&&NHX:species=Potato],SPI02g04591.1[&&NHX:species=S. pimp],Capana02g003002[&&NHX:species=Dom. pepper])S)D,((((Sopen10g029420.1[&&NHX:species=S. Pennelli],PGSC0003DMP400020266[&&NHX:species=Potato])S,((((Solyc10g078820.2.1[&&NHX:species=Tomato],Sopen10g029440.1[&&NHX:species=S. Pennelli])S,(Solyc10g078810.1.1[&&NHX:species=Tomato],Sopen10g029450.1[&&NHX:species=S. Pennelli])S)D,PGSC0003DMP400020269[&&NHX:species=Potato])S,((Sopen10g029430.1[&&NHX:species=S. Pennelli],PGSC0003DMP400020267[&&NHX:species=Potato])S,PGSC0003DMP400020268[&&NHX:species=Potato])D)D)D,(SPI10g03730.1[&&NHX:species=S. pimp],SPI10g03732.1[&&NHX:species=S. pimp])D)S,PGSC0003DMP400020271[&&NHX:species=Potato])D)D,((SLYcer10g05747.1[&&NHX:species=Tomato Cherry],SPI10g04282.1[&&NHX:species=S. pimp],Sopen10g033850.1[&&NHX:species=S. Pennelli],((Capana10g001807[&&NHX:species=Dom. pepper],Capana10g001793[&&NHX:species=Dom. pepper])D,(Capang10g001575[&&NHX:species=Wild pepper],Capang10g001536[&&NHX:species=Wild pepper])D)S,PGSC0003DMP400019522[&&NHX:species=Potato],Solyc10g084410.2.1[&&NHX:species=Tomato])S,(PGSC0003DMP400031454[&&NHX:species=Potato],(PGSC0003DMP400003625[&&NHX:species=Potato],(SLYcer09g00294.1[&&NHX:species=Tomato Cherry],Solyc09g007080.3.1[&&NHX:species=Tomato],SPI09g00193.1[&&NHX:species=S. pimp],Capana09g001857[&&NHX:species=Dom. pepper],PGSC0003DMP400003624[&&NHX:species=Potato],Sopen09g001940.1[&&NHX:species=S. Pennelli],Capang09g001417[&&NHX:species=Wild pepper])S)D,Capana05g002543[&&NHX:species=Dom. pepper])D)D,((SPI05g04641.1[&&NHX:species=S. pimp],Capana05g002228[&&NHX:species=Dom. pepper],Solyc05g053290.3.1[&&NHX:species=Tomato],PGSC0003DMP400047192[&&NHX:species=Potato],SLYcer10g02320.1[&&NHX:species=Tomato Cherry],Sopen05g031800.1[&&NHX:species=S. Pennelli],Capang05g001781[&&NHX:species=Wild pepper])S,(Capang00g000667[&&NHX:species=Wild pepper],PGSC0003DMP400012923[&&NHX:species=Potato],SLYcer06g00647.1[&&NHX:species=Tomato Cherry],Sopen06g004120.1[&&NHX:species=S. Pennelli],Solyc06g009390.3.1[&&NHX:species=Tomato],SPI06g00429.1[&&NHX:species=S. pimp])S)D,((Capang05g001625[&&NHX:species=Wild pepper],Capana05g002045[&&NHX:species=Dom. pepper],SPI05g04558.1[&&NHX:species=S. pimp],Solyc05g052520.3.1[&&NHX:species=Tomato],PGSC0003DMP400047219[&&NHX:species=Potato],Sopen05g031070.1[&&NHX:species=S. Pennelli],SLYcer10g02413.1[&&NHX:species=Tomato Cherry])S,(((SLYcer03g02948.1[&&NHX:species=Tomato Cherry],Solyc03g013100.1.1[&&NHX:species=Tomato],SPI03g03045.1[&&NHX:species=S. pimp])S,(SPI03g03053.1[&&NHX:species=S. pimp],SLYcer03g02955.1[&&NHX:species=Tomato Cherry])S)D,(PGSC0003DMP400024526[&&NHX:species=Potato],SPI03g03031.1[&&NHX:species=S. pimp],SLYcer03g02937.1[&&NHX:species=Tomato Cherry],Sopen03g010100.1[&&NHX:species=S. Pennelli],Solyc03g013140.1.1[&&NHX:species=Tomato])S)D)D,((((((Sopen03g002950.2[&&NHX:species=S. Pennelli],Sopen03g002950.3[&&NHX:species=S. Pennelli])D,Sopen03g002950.1[&&NHX:species=S. Pennelli])D,SPI03g00508.1[&&NHX:species=S. pimp],Solyc03g006950.3.1[&&NHX:species=Tomato],SLYcer03g00290.1[&&NHX:species=Tomato Cherry])S,(PGSC0003DMP400061824[&&NHX:species=Potato],Sopen03g002940.1[&&NHX:species=S. Pennelli],Solyc03g006940.3.1[&&NHX:species=Tomato])S)D,(SLYcer08g06441.1[&&NHX:species=Tomato Cherry],(Solyc03g006960.4.1[&&NHX:species=Tomato],Capang03g002389[&&NHX:species=Wild pepper],(Sopen03g002960.2[&&NHX:species=S. Pennelli],Sopen03g002960.1[&&NHX:species=S. Pennelli])D,SLYcer03g00291.1[&&NHX:species=Tomato Cherry],SPI03g00509.1[&&NHX:species=S. pimp],Capana03g002491[&&NHX:species=Dom. pepper])S)D)D,(SPI03g00507.1[&&NHX:species=S. pimp],SLYcer03g00289.1[&&NHX:species=Tomato Cherry],Solyc03g006930.3.1[&&NHX:species=Tomato],Sopen03g002930.1[&&NHX:species=S. Pennelli],PGSC0003DMP400062775[&&NHX:species=Potato])S)D,((((Solyc01g087460.3.1[&&NHX:species=Tomato],SLYcer01g06479.1[&&NHX:species=Tomato Cherry],Capang01g002292[&&NHX:species=Wild pepper],Capana00g001086[&&NHX:species=Dom. pepper],Sopen01g034390.1[&&NHX:species=S. Pennelli],SPI01g06745.1[&&NHX:species=S. pimp])S,(PGSC0003DMP400021944[&&NHX:species=Potato],SPI07g06052.1[&&NHX:species=S. pimp],Solyc07g062970.3.1[&&NHX:species=Tomato],Capang07g002189[&&NHX:species=Wild pepper],Sopen07g031160.1[&&NHX:species=S. Pennelli],SLYcer07g05334.1[&&NHX:species=Tomato Cherry],Capana07g002169[&&NHX:species=Dom. pepper])S)D,(Capang07g001710[&&NHX:species=Wild pepper],SPI07g05620.1[&&NHX:species=S. pimp],Sopen07g027740.1[&&NHX:species=S. Pennelli],Capana07g001716[&&NHX:species=Dom. pepper],Solyc07g053760.4.1[&&NHX:species=Tomato],PGSC0003DMP400055724[&&NHX:species=Potato],SLYcer07g04895.1[&&NHX:species=Tomato Cherry])S)D,((SLYcer08g03940.1[&&NHX:species=Tomato Cherry],Solyc05g016415.1.1[&&NHX:species=Tomato],SPI08g03859.1[&&NHX:species=S. pimp])S,(SPI08g03157.1[&&NHX:species=S. pimp],SLYcer08g03326.1[&&NHX:species=Tomato Cherry])S)D)D,(Solyc10g085370.3.1[&&NHX:species=Tomato],PGSC0003DMP400019609[&&NHX:species=Potato],SPI10g04381.1[&&NHX:species=S. pimp],Capang10g001360[&&NHX:species=Wild pepper],Capana10g001593[&&NHX:species=Dom. pepper],SLYcer10g05845.1[&&NHX:species=Tomato Cherry],Sopen10g034820.1[&&NHX:species=S. Pennelli])S,(PGSC0003DMP400035694[&&NHX:species=Potato],(Sopen06g002170.1[&&NHX:species=S. Pennelli],Capang06g002333[&&NHX:species=Wild pepper],Solyc06g007190.4.1[&&NHX:species=Tomato],PGSC0003DMP400035693[&&NHX:species=Potato],SLYcer06g00399.1[&&NHX:species=Tomato Cherry],Capana06g002511[&&NHX:species=Dom. pepper],SPI06g00176.1[&&NHX:species=S. pimp])S)D,(SPI01g07720.1[&&NHX:species=S. pimp],SLYcer01g07551.1[&&NHX:species=Tomato Cherry],Sopen01g043560.1[&&NHX:species=S. Pennelli],Solyc01g100040.3.1[&&NHX:species=Tomato],Capang01g004114[&&NHX:species=Wild pepper],Capana08g001566[&&NHX:species=Dom. pepper],PGSC0003DMP400042936[&&NHX:species=Potato])S,(((((Capang01g002507[&&NHX:species=Wild pepper],PGSC0003DMP400009265[&&NHX:species=Potato],SLYcer01g05927.1[&&NHX:species=Tomato Cherry],Sopen01g029930.1[&&NHX:species=S. Pennelli],SPI01g06105.1[&&NHX:species=S. pimp],Solyc01g068000.4.1[&&NHX:species=Tomato])S,PGSC0003DMP400009264[&&NHX:species=Potato])D,(((PGSC0003DMP400053459[&&NHX:species=Potato],(Solyc12g010450.3.1[&&NHX:species=Tomato],PGSC0003DMP400013785[&&NHX:species=Potato])S)D,Capana07g000296[&&NHX:species=Dom. pepper])S,((SPI12g00647.1[&&NHX:species=S. pimp],Capang09g000110[&&NHX:species=Wild pepper],Sopen12g005470.1[&&NHX:species=S. Pennelli],PGSC0003DMP400013786[&&NHX:species=Potato],Capana09g000110[&&NHX:species=Dom. pepper])S,(Sopen07g003270.1[&&NHX:species=S. Pennelli],SLYcer07g00360.1[&&NHX:species=Tomato Cherry],PGSC0003DMP400053457[&&NHX:species=Potato],SPI07g00427.1[&&NHX:species=S. pimp],Capang07g000301[&&NHX:species=Wild pepper],Solyc07g007220.3.1[&&NHX:species=Tomato])S)D)D)D,(Sopen06g024070.1[&&NHX:species=S. Pennelli],PGSC0003DMP400045259[&&NHX:species=Potato],Capang06g001340[&&NHX:species=Wild pepper],Solyc06g065610.3.1[&&NHX:species=Tomato],Capana06g001407[&&NHX:species=Dom. pepper],SPI06g04120.1[&&NHX:species=S. pimp])S)D,((Capang00g003087[&&NHX:species=Wild pepper],SLYcer08g05586.1[&&NHX:species=Tomato Cherry],Capana12g001489[&&NHX:species=Dom. pepper],Sopen08g022880.1[&&NHX:species=S. Pennelli],Solyc08g074230.1.1[&&NHX:species=Tomato],PGSC0003DMP400045260[&&NHX:species=Potato],SPI08g05467.1[&&NHX:species=S. pimp])S,(((Sopen08g002030.1[&&NHX:species=S. Pennelli],Solyc08g006060.3.1[&&NHX:species=Tomato],Capana01g004116[&&NHX:species=Dom. pepper],SLYcer08g00257.1[&&NHX:species=Tomato Cherry],SPI08g00193.1[&&NHX:species=S. pimp])S,((Capang01g001054[&&NHX:species=Wild pepper],Capana01g001216[&&NHX:species=Dom. pepper])S,Capang08g000997[&&NHX:species=Wild pepper])D)D,(Capana12g001487[&&NHX:species=Dom. pepper],Solyc12g042570.2.1[&&NHX:species=Tomato],Capang00g002986[&&NHX:species=Wild pepper],Sopen12g021710.1[&&NHX:species=S. Pennelli],SLYcer12g04030.1[&&NHX:species=Tomato Cherry],SPI12g03985.1[&&NHX:species=S. pimp])S)D)D)D,((Capang10g001077[&&NHX:species=Wild pepper],SLYcer10g05070.1[&&NHX:species=Tomato Cherry],Capana10g001276[&&NHX:species=Dom. pepper],Solyc10g076320.3.1[&&NHX:species=Tomato],PGSC0003DMP400021032[&&NHX:species=Potato],Sopen10g027960.1[&&NHX:species=S. Pennelli])S,(((PGSC0003DMP400011062[&&NHX:species=Potato],PGSC0003DMP400042934[&&NHX:species=Potato])D,(PGSC0003DMP400040623[&&NHX:species=Potato],PGSC0003DMP400040625[&&NHX:species=Potato])D)D,SPI10g03555.1[&&NHX:species=S. pimp])S,((PGSC0003DMP400022278[&&NHX:species=Potato],Capana01g002629[&&NHX:species=Dom. pepper])S,((SPI04g04510.1[&&NHX:species=S. pimp],Capana04g001052[&&NHX:species=Dom. pepper],Sopen00g008820.1[&&NHX:species=S. Pennelli])S,((SPI03g03044.1[&&NHX:species=S. pimp],Capana08g002037[&&NHX:species=Dom. pepper],PGSC0003DMP400022280[&&NHX:species=Potato])S,PGSC0003DMP400047191[&&NHX:species=Potato])D)D)D,((((PGSC0003DMP400013374[&&NHX:species=Potato],PGSC0003DMP400036773[&&NHX:species=Potato])D,Capana03g002801[&&NHX:species=Dom. pepper],Capang03g002700[&&NHX:species=Wild pepper])S,PGSC0003DMP400016038[&&NHX:species=Potato])D,((Solyc08g062640.3.1[&&NHX:species=Tomato],PGSC0003DMP400014440[&&NHX:species=Potato])S,PGSC0003DMP400004585[&&NHX:species=Potato])D)D,(Solyc06g082700.1.1[&&NHX:species=Tomato],PGSC0003DMP400047218[&&NHX:species=Potato],SLYcer06g05326.1[&&NHX:species=Tomato Cherry])S)D,((SPI01g08349.1[&&NHX:species=S. pimp],(PGSC0003DMP400009636[&&NHX:species=Potato],PGSC0003DMP400044604[&&NHX:species=Potato])D,Sopen01g049550.1[&&NHX:species=S. Pennelli],Solyc01g107300.4.1[&&NHX:species=Tomato])S,(((Solyc10g049630.2.1[&&NHX:species=Tomato],SPI10g02377.1[&&NHX:species=S. pimp],PGSC0003DMP400009635[&&NHX:species=Potato],SLYcer10g04008.1[&&NHX:species=Tomato Cherry],Sopen10g020910.1[&&NHX:species=S. Pennelli])S,PGSC0003DMP400009634[&&NHX:species=Potato])D,(Capana08g002260[&&NHX:species=Dom. pepper],Sopen01g049550.2[&&NHX:species=S. Pennelli],SLYcer01g08118.1[&&NHX:species=Tomato Cherry],PGSC0003DMP400044605[&&NHX:species=Potato],Capang01g004813[&&NHX:species=Wild pepper])S)D)D,(Capana05g002544[&&NHX:species=Dom. pepper],Capang05g002090[&&NHX:species=Wild pepper],Sopen05g034390.1[&&NHX:species=S. Pennelli],PGSC0003DMP400040365[&&NHX:species=Potato],SLYcer10g02036.1[&&NHX:species=Tomato Cherry],SPI05g04940.1[&&NHX:species=S. pimp],Solyc05g055980.4.1[&&NHX:species=Tomato])S,(Capana04g000063[&&NHX:species=Dom. pepper],Solyc04g082600.3.1[&&NHX:species=Tomato],SLYcer04g05862.1[&&NHX:species=Tomato Cherry],PGSC0003DMP400017647[&&NHX:species=Potato],Sopen04g036230.1[&&NHX:species=S. Pennelli],SPI04g05374.1[&&NHX:species=S. pimp],Capang04g000054[&&NHX:species=Wild pepper])S,(PGSC0003DMP400038266[&&NHX:species=Potato],(Capana12g001671[&&NHX:species=Dom. pepper],Solyc04g056560.4.1[&&NHX:species=Tomato],SLYcer04g04229.1[&&NHX:species=Tomato Cherry],Sopen04g025490.1[&&NHX:species=S. Pennelli],Capang00g001212[&&NHX:species=Wild pepper],SPI04g03870.1[&&NHX:species=S. pimp],PGSC0003DMP400018609[&&NHX:species=Potato])S)D,((PGSC0003DMP400038268[&&NHX:species=Potato],Capang07g002487[&&NHX:species=Wild pepper],Capana07g002492[&&NHX:species=Dom. pepper],Sopen07g034440.1[&&NHX:species=S. Pennelli],Solyc07g066260.3.1[&&NHX:species=Tomato],SLYcer07g05663.1[&&NHX:species=Tomato Cherry],SPI07g06380.1[&&NHX:species=S. pimp])S,PGSC0003DMP400038267[&&NHX:species=Potato])D,(((SPI12g04880.1[&&NHX:species=S. pimp],Capang12g000342[&&NHX:species=Wild pepper],Sopen12g032350.1[&&NHX:species=S. Pennelli],SLYcer12g04922.1[&&NHX:species=Tomato Cherry],PGSC0003DMP400050965[&&NHX:species=Potato],Capana12g000411[&&NHX:species=Dom. pepper],Solyc12g096520.3.1[&&NHX:species=Tomato])S,PGSC0003DMP400028432[&&NHX:species=Potato])D,(Sopen04g026440.1[&&NHX:species=S. Pennelli],Capana04g001485[&&NHX:species=Dom. pepper],Solyc04g064500.4.1[&&NHX:species=Tomato],SLYcer04g04386.1[&&NHX:species=Tomato Cherry],Capang04g001389[&&NHX:species=Wild pepper])S)D,((Capang01g005339[&&NHX:species=Wild pepper],Sopen01g053770.1[&&NHX:species=S. Pennelli],Capana08g002755[&&NHX:species=Dom. pepper],(PGSC0003DMP400031455[&&NHX:species=Potato],PGSC0003DMP400031456[&&NHX:species=Potato])D,SLYcer01g08550.1[&&NHX:species=Tomato Cherry],SPI01g08776.1[&&NHX:species=S. pimp],Solyc01g111730.3.1[&&NHX:species=Tomato])S,(((PGSC0003DMP400046424[&&NHX:species=Potato],PGSC0003DMP400046423[&&NHX:species=Potato])D,SPI10g03318.1[&&NHX:species=S. pimp],Solyc10g055650.2.1[&&NHX:species=Tomato],Capang10g000955[&&NHX:species=Wild pepper],SLYcer10g04827.1[&&NHX:species=Tomato Cherry],Capana00g004940[&&NHX:species=Dom. pepper],Sopen10g025450.1[&&NHX:species=S. Pennelli])S,PGSC0003DMP400046425[&&NHX:species=Potato])D)D,((Solyc10g047290.2.1[&&NHX:species=Tomato],SPI10g02014.1[&&NHX:species=S. pimp],Sopen10g017540.1[&&NHX:species=S. Pennelli],SLYcer10g03673.1[&&NHX:species=Tomato Cherry])S,(SPI04g04509.1[&&NHX:species=S. pimp],Sopen04g029370.1[&&NHX:species=S. Pennelli],Solyc04g074190.3.1[&&NHX:species=Tomato],Capang04g000989[&&NHX:species=Wild pepper],Capana04g001053[&&NHX:species=Dom. pepper],SLYcer04g05037.1[&&NHX:species=Tomato Cherry])S,(Solyc01g105280.3.1[&&NHX:species=Tomato],PGSC0003DMP400022279[&&NHX:species=Potato],Capana08g002036[&&NHX:species=Dom. pepper],Sopen01g047780.1[&&NHX:species=S. Pennelli],SLYcer01g07108.1[&&NHX:species=Tomato Cherry],Capang01g004597[&&NHX:species=Wild pepper],SPI01g08151.1[&&NHX:species=S. pimp])S,(((Solyc03g118890.4.1[&&NHX:species=Tomato],SLYcer03g05087.1[&&NHX:species=Tomato Cherry],SPI03g05146.1[&&NHX:species=S. pimp],PGSC0003DMP400010193[&&NHX:species=Potato],Sopen03g037830.1[&&NHX:species=S. Pennelli])S,PGSC0003DMP400010195[&&NHX:species=Potato])D,(Sopen03g037830.2[&&NHX:species=S. Pennelli],PGSC0003DMP400010194[&&NHX:species=Potato])S)D)D,((PGSC0003DMP400006410[&&NHX:species=Potato],PGSC0003DMP400006409[&&NHX:species=Potato])D,Sopen02g028210.1[&&NHX:species=S. Pennelli],SLYcer02g04736.1[&&NHX:species=Tomato Cherry],Capana02g002511[&&NHX:species=Dom. pepper],SPI02g03647.1[&&NHX:species=S. pimp],Solyc02g083420.3.1[&&NHX:species=Tomato],Capang02g002242[&&NHX:species=Wild pepper])S,((Solyc06g082080.3.1[&&NHX:species=Tomato],SLYcer06g05264.1[&&NHX:species=Tomato Cherry],Sopen06g033470.1[&&NHX:species=S. Pennelli],SPI06g05155.1[&&NHX:species=S. pimp],PGSC0003DMP400052847[&&NHX:species=Potato],Capana06g000342[&&NHX:species=Dom. pepper],Capang06g000309[&&NHX:species=Wild pepper])S,PGSC0003DMP400052848[&&NHX:species=Potato])D,(((SPI09g03685.1[&&NHX:species=S. pimp],Capana00g002273[&&NHX:species=Dom. pepper],Solyc09g065650.3.1[&&NHX:species=Tomato],Capang03g003159[&&NHX:species=Wild pepper],Sopen09g027400.1[&&NHX:species=S. Pennelli])S,(Capana07g002353[&&NHX:species=Dom. pepper],PGSC0003DMP400052895[&&NHX:species=Potato],Capang07g002347[&&NHX:species=Wild pepper])S)D,(Capang06g000089[&&NHX:species=Wild pepper],Sopen06g035490.1[&&NHX:species=S. Pennelli],SPI06g05366.1[&&NHX:species=S. pimp],SLYcer06g05474.1[&&NHX:species=Tomato Cherry],PGSC0003DMP400038420[&&NHX:species=Potato],Capana06g000105[&&NHX:species=Dom. pepper])S)D,(((PGSC0003DMP400019966[&&NHX:species=Potato],PGSC0003DMP400019964[&&NHX:species=Potato])D,Capang00g003029[&&NHX:species=Wild pepper],Capana10g000210[&&NHX:species=Dom. pepper])S,(Solyc10g005640.4.1[&&NHX:species=Tomato],SPI10g00164.1[&&NHX:species=S. pimp],PGSC0003DMP400019965[&&NHX:species=Potato],Capang02g003399[&&NHX:species=Wild pepper],SLYcer10g00298.1[&&NHX:species=Tomato Cherry],Sopen10g001610.1[&&NHX:species=S. Pennelli])S)D,(Sopen03g006120.1[&&NHX:species=S. Pennelli],Capang04g002094[&&NHX:species=Wild pepper],(PGSC0003DMP400039101[&&NHX:species=Potato],PGSC0003DMP400039100[&&NHX:species=Potato])D,Capana04g002371[&&NHX:species=Dom. pepper],SPI03g00997.1[&&NHX:species=S. pimp],SLYcer03g00831.1[&&NHX:species=Tomato Cherry],Solyc03g033340.3.1[&&NHX:species=Tomato])S,(((Capana00g004311[&&NHX:species=Dom. pepper],Capana01g002685[&&NHX:species=Dom. pepper])D,(((Sopen08g019380.1[&&NHX:species=S. Pennelli],SPI08g04853.1[&&NHX:species=S. pimp])S,Sopen08g019130.1[&&NHX:species=S. Pennelli])D,((Solyc08g065670.4.1[&&NHX:species=Tomato],SLYcer08g04959.1[&&NHX:species=Tomato Cherry])S,(SPI08g04825.1[&&NHX:species=S. pimp],Solyc08g065500.2.1[&&NHX:species=Tomato],SLYcer08g04930.1[&&NHX:species=Tomato Cherry])S)D)D)D,((SLYcer08g04962.1[&&NHX:species=Tomato Cherry],SPI08g04855.1[&&NHX:species=S. pimp],Solyc08g065680.3.1[&&NHX:species=Tomato])S,(SLYcer08g04938.1[&&NHX:species=Tomato Cherry],SPI08g04833.1[&&NHX:species=S. pimp],Capana00g001790[&&NHX:species=Dom. pepper],PGSC0003DMP400042935[&&NHX:species=Potato],Sopen08g019150.1[&&NHX:species=S. Pennelli],Solyc08g065540.3.1[&&NHX:species=Tomato])S)D)D)D;	20	16	226	PGSC0003DMP400053458,Capang01g002344,Capang04g001442,Capang00g005482,Capana10g002391,PGSC0003DMP400003938
OG27607	((((Capana00g000271[&&NHX:species=Dom. pepper],SLYcer11g01131.1[&&NHX:species=Tomato Cherry],Sopen11g014540.1[&&NHX:species=S. Pennelli],PGSC0003DMP400001884[&&NHX:species=Potato])S,(SLYcer11g02368.1[&&NHX:species=Tomato Cherry],Solyc11g032010.1.1[&&NHX:species=Tomato],SPI11g02395.1[&&NHX:species=S. pimp],PGSC0003DMP400001689[&&NHX:species=Potato])S)D,((Sopen01g028180.1[&&NHX:species=S. Pennelli],SLYcer11g02696.1[&&NHX:species=Tomato Cherry])S,(Solyc01g057700.1.1[&&NHX:species=Tomato],Sopen01g022940.1[&&NHX:species=S. Pennelli],SPI01g05084.1[&&NHX:species=S. pimp],SLYcer01g04942.1[&&NHX:species=Tomato Cherry])S)D)D,(PGSC0003DMP400004599[&&NHX:species=Potato],Capang03g000161[&&NHX:species=Wild pepper],SLYcer03g05403.1[&&NHX:species=Tomato Cherry],Sopen03g040630.1[&&NHX:species=S. Pennelli],SPI03g05440.1[&&NHX:species=S. pimp],Capana03g000151[&&NHX:species=Dom. pepper],Solyc03g121820.3.1[&&NHX:species=Tomato])S,((((((SPI10g02480.1[&&NHX:species=S. pimp],Solyc10g050080.3.1[&&NHX:species=Tomato],SLYcer10g04110.1[&&NHX:species=Tomato Cherry])S,SLYcer05g02908.1[&&NHX:species=Tomato Cherry])D,((SPIUNg00015.1[&&NHX:species=S. pimp],(SPI08g04734.1[&&NHX:species=S. pimp],SPI04g02760.1[&&NHX:species=S. pimp])D)D,(Sopen01g006490.1[&&NHX:species=S. Pennelli],Sopen08g019940.1[&&NHX:species=S. Pennelli])D,(SLYcer08g04838.1[&&NHX:species=Tomato Cherry],SLYcer04g03010.1[&&NHX:species=Tomato Cherry])D)S)D,(SLYcer10g02963.1[&&NHX:species=Tomato Cherry],Solyc10g061860.1.1[&&NHX:species=Tomato],SPI10g01340.1[&&NHX:species=S. pimp])S)D,(((SLYcer06g00578.1[&&NHX:species=Tomato Cherry],SPI06g00361.1[&&NHX:species=S. pimp],Solyc06g008830.1.1[&&NHX:species=Tomato])S,Solyc05g041110.3.1[&&NHX:species=Tomato])D,SPI09g01116.1[&&NHX:species=S. pimp])D)D,(((Capang00g005072[&&NHX:species=Wild pepper],Capana03g002928[&&NHX:species=Dom. pepper])S,Capana00g004800[&&NHX:species=Dom. pepper])D,SPI05g04997.1[&&NHX:species=S. pimp])S)D,((Solyc10g085450.3.1[&&NHX:species=Tomato],Capang10g001371[&&NHX:species=Wild pepper],Sopen10g034890.1[&&NHX:species=S. Pennelli],Capana10g001609[&&NHX:species=Dom. pepper],PGSC0003DMP400019613[&&NHX:species=Potato],SPI10g04387.1[&&NHX:species=S. pimp],SLYcer10g05852.1[&&NHX:species=Tomato Cherry])S,(((SPI12g05044.1[&&NHX:species=S. pimp],PGSC0003DMP400008136[&&NHX:species=Potato],SLYcer12g05092.1[&&NHX:species=Tomato Cherry])S,PGSC0003DMP400027989[&&NHX:species=Potato],PGSC0003DMP400026482[&&NHX:species=Potato],PGSC0003DMP400047567[&&NHX:species=Potato])D,(SPI05g04118.1[&&NHX:species=S. pimp],SLYcer10g02847.1[&&NHX:species=Tomato Cherry],Capang05g001359[&&NHX:species=Wild pepper],Capana05g001682[&&NHX:species=Dom. pepper])S)D)D,((SPI12g01909.1[&&NHX:species=S. pimp],Sopen12g027760.1[&&NHX:species=S. Pennelli],Solyc12g077370.3.1[&&NHX:species=Tomato],Capang01g001018[&&NHX:species=Wild pepper],Capana01g001172[&&NHX:species=Dom. pepper],SLYcer12g01833.1[&&NHX:species=Tomato Cherry],PGSC0003DMP400033660[&&NHX:species=Potato])S,(Solyc08g067310.1.1[&&NHX:species=Tomato],PGSC0003DMP400013082[&&NHX:species=Potato],Capana08g000678[&&NHX:species=Dom. pepper],SLYcer08g05156.1[&&NHX:species=Tomato Cherry],Sopen08g021270.1[&&NHX:species=S. Pennelli],Capang01g003282[&&NHX:species=Wild pepper],SPI08g05039.1[&&NHX:species=S. pimp])S)D,((((Solyc05g055050.3.1[&&NHX:species=Tomato],PGSC0003DMP400040479[&&NHX:species=Potato],Sopen05g033510.1[&&NHX:species=S. Pennelli])S,(((PGSC0003DMP400020317[&&NHX:species=Potato],PGSC0003DMP400020368[&&NHX:species=Potato])D,(PGSC0003DMP400020369[&&NHX:species=Potato],PGSC0003DMP400020318[&&NHX:species=Potato])D)D,(Solyc04g009900.4.1[&&NHX:species=Tomato],Solyc04g009910.3.1[&&NHX:species=Tomato])D)S)D,((Sopen04g005040.1[&&NHX:species=S. Pennelli],Sopen04g005050.1[&&NHX:species=S. Pennelli])D,PGSC0003DMP400046708[&&NHX:species=Potato])S)D,(SLYcer04g00619.1[&&NHX:species=Tomato Cherry],SLYcer04g00621.1[&&NHX:species=Tomato Cherry])D,(SPI04g00595.1[&&NHX:species=S. pimp],SPI04g00597.1[&&NHX:species=S. pimp])D)S,(((((Capang11g000575[&&NHX:species=Wild pepper],Capang09g000798[&&NHX:species=Wild pepper])D,PGSC0003DMP400028222[&&NHX:species=Potato])S,(Capana11g000636[&&NHX:species=Dom. pepper],Capang10g000641[&&NHX:species=Wild pepper])S)D,(((Capang02g000511[&&NHX:species=Wild pepper],Capana10g001241[&&NHX:species=Dom. pepper])S,Capang01g000511[&&NHX:species=Wild pepper])D,PGSC0003DMP400053703[&&NHX:species=Potato])S)D,((PGSC0003DMP400031047[&&NHX:species=Potato],(Capana04g000996[&&NHX:species=Dom. pepper],((Sopen04g029510.1[&&NHX:species=S. Pennelli],Solyc04g074500.3.1[&&NHX:species=Tomato],SLYcer04g05063.1[&&NHX:species=Tomato Cherry],SPI04g04537.1[&&NHX:species=S. pimp],PGSC0003DMP400053705[&&NHX:species=Potato])S,PGSC0003DMP400053704[&&NHX:species=Potato])D)S)D,PGSC0003DMP400053702[&&NHX:species=Potato])D)D,((((SPI01g07045.1[&&NHX:species=S. pimp],PGSC0003DMP400022622[&&NHX:species=Potato],SLYcer01g06815.1[&&NHX:species=Tomato Cherry])S,(PGSC0003DMP400022623[&&NHX:species=Potato],Sopen01g037210.1[&&NHX:species=S. Pennelli])S)D,Capang01g001231[&&NHX:species=Wild pepper],Capana01g001410[&&NHX:species=Dom. pepper])S,(((SLYcer01g00187.1[&&NHX:species=Tomato Cherry],PGSC0003DMP400017175[&&NHX:species=Potato],SPI01g00208.1[&&NHX:species=S. pimp],Solyc01g005370.3.1[&&NHX:species=Tomato])S,(Sopen01g001390.1[&&NHX:species=S. Pennelli],PGSC0003DMP400017174[&&NHX:species=Potato])S)D,((SLYcer04g00410.1[&&NHX:species=Tomato Cherry],Solyc04g008000.3.1[&&NHX:species=Tomato],PGSC0003DMP400051340[&&NHX:species=Potato],Sopen04g003140.1[&&NHX:species=S. Pennelli],Capang05g000748[&&NHX:species=Wild pepper],Capana05g000930[&&NHX:species=Dom. pepper])S,(Capang01g003751[&&NHX:species=Wild pepper],Capana08g001177[&&NHX:species=Dom. pepper])S)D)D)D,(((Capana12g000710[&&NHX:species=Dom. pepper],Capang12g000595[&&NHX:species=Wild pepper])S,Capang02g000510[&&NHX:species=Wild pepper])D,((Capana00g002391[&&NHX:species=Dom. pepper],PGSC0003DMP400040555[&&NHX:species=Potato],Sopen05g034950.1[&&NHX:species=S. Pennelli],Capang07g000015[&&NHX:species=Wild pepper],SLYcer10g01982.1[&&NHX:species=Tomato Cherry],Solyc05g056550.3.1[&&NHX:species=Tomato],SPI05g04995.1[&&NHX:species=S. pimp])S,(PGSC0003DMP400041188[&&NHX:species=Potato],Capana08g001898[&&NHX:species=Dom. pepper],SLYcer01g07258.1[&&NHX:species=Tomato Cherry],Capang01g004459[&&NHX:species=Wild pepper],SPI01g08004.1[&&NHX:species=S. pimp],Solyc01g103940.3.1[&&NHX:species=Tomato],Sopen01g046330.1[&&NHX:species=S. Pennelli])S)D)D,(Capana05g002100[&&NHX:species=Dom. pepper],Capang05g001671[&&NHX:species=Wild pepper],((Sopen06g015800.1[&&NHX:species=S. Pennelli],SLYcer06g03316.1[&&NHX:species=Tomato Cherry],SPI06g03225.1[&&NHX:species=S. pimp],Solyc06g050300.3.1[&&NHX:species=Tomato])S,(((Sopen06g015760.1[&&NHX:species=S. Pennelli],SLYcer06g03310.1[&&NHX:species=Tomato Cherry],(SPI06g03218.1[&&NHX:species=S. pimp],SPI06g03220.1[&&NHX:species=S. pimp])D)S,SPI06g03219.1[&&NHX:species=S. pimp])D,((Sopen00g007430.1[&&NHX:species=S. Pennelli],(Solyc06g050270.1.1[&&NHX:species=Tomato],Solyc06g050280.1.1[&&NHX:species=Tomato])D)S,Solyc06g050290.1.1[&&NHX:species=Tomato])D)D)D)S,((((PGSC0003DMP400045488[&&NHX:species=Potato],SPI08g05892.1[&&NHX:species=S. pimp])S,((PGSC0003DMP400045487[&&NHX:species=Potato],PGSC0003DMP400045485[&&NHX:species=Potato])D,Capang01g000665[&&NHX:species=Wild pepper],SLYcer08g05999.1[&&NHX:species=Tomato Cherry],Capana01g000732[&&NHX:species=Dom. pepper],Sopen08g026290.1[&&NHX:species=S. Pennelli],Solyc08g077780.3.1[&&NHX:species=Tomato])S)D,(Capana06g001594[&&NHX:species=Dom. pepper],Capang06g001507[&&NHX:species=Wild pepper])S)D,((Capana02g003135[&&NHX:species=Dom. pepper],Sopen02g035090.1[&&NHX:species=S. Pennelli],SLYcer02g05444.1[&&NHX:species=Tomato Cherry],Solyc02g090390.4.1[&&NHX:species=Tomato],SPI02g04366.1[&&NHX:species=S. pimp],Capang02g002844[&&NHX:species=Wild pepper])S,(Sopen01g050500.1[&&NHX:species=S. Pennelli],Capana08g002441[&&NHX:species=Dom. pepper],SPI01g08445.1[&&NHX:species=S. pimp],Solyc01g108280.3.1[&&NHX:species=Tomato],SLYcer01g08223.1[&&NHX:species=Tomato Cherry],PGSC0003DMP400044922[&&NHX:species=Potato],Capang01g004977[&&NHX:species=Wild pepper])S)D)D,((Solyc12g007280.3.1[&&NHX:species=Tomato],Capana09g000281[&&NHX:species=Dom. pepper],Sopen12g003240.1[&&NHX:species=S. Pennelli],SLYcer12g00362.1[&&NHX:species=Tomato Cherry],SPI12g00392.1[&&NHX:species=S. pimp],PGSC0003DMP400000741[&&NHX:species=Potato])S,((Sopen05g013680.1[&&NHX:species=S. Pennelli],Capang00g002632[&&NHX:species=Wild pepper],SLYcer06g03642.1[&&NHX:species=Tomato Cherry],Solyc09g090230.2.1[&&NHX:species=Tomato])S,Capang03g003738[&&NHX:species=Wild pepper])D)D,(((PGSC0003DMP400018793[&&NHX:species=Potato],Sopen04g009340.1[&&NHX:species=S. Pennelli],SPI04g01481.1[&&NHX:species=S. pimp],SLYcer04g01694.1[&&NHX:species=Tomato Cherry],Capana05g000028[&&NHX:species=Dom. pepper],Solyc04g018110.1.1[&&NHX:species=Tomato],Capang05g000025[&&NHX:species=Wild pepper])S,(SLYcer10g05349.1[&&NHX:species=Tomato Cherry],SPI10g03839.1[&&NHX:species=S. pimp])S)D,((((Capang02g000519[&&NHX:species=Wild pepper],Capang00g005455[&&NHX:species=Wild pepper])D,SLYcer02g03263.1[&&NHX:species=Tomato Cherry],Solyc12g005040.2.1[&&NHX:species=Tomato])S,(Sopen02g014430.1[&&NHX:species=S. Pennelli],SPI02g02144.1[&&NHX:species=S. pimp],Capana02g000597[&&NHX:species=Dom. pepper],PGSC0003DMP400018400[&&NHX:species=Potato],Solyc02g063350.1.1[&&NHX:species=Tomato])S)D,(Capang02g002602[&&NHX:species=Wild pepper],Capana02g002878[&&NHX:species=Dom. pepper])S)D)D,((((SPI11g01260.1[&&NHX:species=S. pimp],PGSC0003DMP400001687[&&NHX:species=Potato],Sopen11g009580.1[&&NHX:species=S. Pennelli],Solyc11g018610.2.1[&&NHX:species=Tomato],Capang04g001808[&&NHX:species=Wild pepper],Capana04g001993[&&NHX:species=Dom. pepper])S,(Capang09g001164[&&NHX:species=Wild pepper],PGSC0003DMP400001688[&&NHX:species=Potato])S)D,(Sopen06g023860.1[&&NHX:species=S. Pennelli],SPI06g04096.1[&&NHX:species=S. pimp],Solyc06g065380.4.1[&&NHX:species=Tomato],Capang06g001318[&&NHX:species=Wild pepper],PGSC0003DMP400045247[&&NHX:species=Potato],Capana06g001383[&&NHX:species=Dom. pepper],SLYcer06g04232.1[&&NHX:species=Tomato Cherry])S)D,((Capang07g000013[&&NHX:species=Wild pepper],PGSC0003DMP400040554[&&NHX:species=Potato],Solyc05g056570.3.1[&&NHX:species=Tomato],Capana00g002393[&&NHX:species=Dom. pepper],Sopen05g034970.1[&&NHX:species=S. Pennelli],SLYcer10g01980.1[&&NHX:species=Tomato Cherry])S,(SLYcer04g03027.1[&&NHX:species=Tomato Cherry],SPI04g02776.1[&&NHX:species=S. pimp],Sopen04g018630.1[&&NHX:species=S. Pennelli],Solyc04g049160.3.1[&&NHX:species=Tomato])S)D)D,((((Sopen06g003170.1[&&NHX:species=S. Pennelli],PGSC0003DMP400044242[&&NHX:species=Potato],Capang06g002769[&&NHX:species=Wild pepper],Solyc06g008320.4.1[&&NHX:species=Tomato],SPI06g00304.1[&&NHX:species=S. pimp],Capana06g003009[&&NHX:species=Dom. pepper],SLYcer06g00519.1[&&NHX:species=Tomato Cherry])S,((SLYcer09g03859.1[&&NHX:species=Tomato Cherry],Capang03g003245[&&NHX:species=Wild pepper],SPI09g03784.1[&&NHX:species=S. pimp],PGSC0003DMP400018217[&&NHX:species=Potato],Capana00g002480[&&NHX:species=Dom. pepper],Sopen09g028160.1[&&NHX:species=S. Pennelli])S,PGSC0003DMP400018215[&&NHX:species=Potato])D)D,((PGSC0003DMP400034809[&&NHX:species=Potato],(Solyc06g083830.4.1[&&NHX:species=Tomato],Sopen06g035240.1[&&NHX:species=S. Pennelli],PGSC0003DMP400034810[&&NHX:species=Potato],SLYcer06g05445.1[&&NHX:species=Tomato Cherry],SPI06g05336.1[&&NHX:species=S. pimp])S)D,Capang06g000119[&&NHX:species=Wild pepper])S)D,(((SLYcer09g04947.1[&&NHX:species=Tomato Cherry],SPI09g04611.1[&&NHX:species=S. pimp],PGSC0003DMP400028471[&&NHX:species=Potato])S,PGSC0003DMP400044243[&&NHX:species=Potato])D,((Capang03g003739[&&NHX:species=Wild pepper],SPI09g04610.1[&&NHX:species=S. pimp],Capana03g003848[&&NHX:species=Dom. pepper],PGSC0003DMP400004600[&&NHX:species=Potato])S,(((SLYcer09g04946.1[&&NHX:species=Tomato Cherry],Sopen09g033150.1[&&NHX:species=S. Pennelli],Capana03g003849[&&NHX:species=Dom. pepper],Capang03g003740[&&NHX:species=Wild pepper])S,(Sopen09g033140.1[&&NHX:species=S. Pennelli],SPI09g04609.1[&&NHX:species=S. pimp])S)D,(Capana00g003558[&&NHX:species=Dom. pepper],((Sopen06g018650.1[&&NHX:species=S. Pennelli],SPI06g03552.1[&&NHX:species=S. pimp],Solyc06g053560.4.1[&&NHX:species=Tomato])S,Solyc09g090250.4.1[&&NHX:species=Tomato])D)S)D)D[&&NHX:length=-12.46725])D)D,(((SLYcer11g03922.1[&&NHX:species=Tomato Cherry],Capang11g000089[&&NHX:species=Wild pepper],PGSC0003DMP400014263[&&NHX:species=Potato],Sopen11g028030.1[&&NHX:species=S. Pennelli],Capana11g000094[&&NHX:species=Dom. pepper],SPI11g03984.1[&&NHX:species=S. pimp])S,PGSC0003DMP400014262[&&NHX:species=Potato])D,((Capana06g001111[&&NHX:species=Dom. pepper],SLYcer06g04473.1[&&NHX:species=Tomato Cherry],PGSC0003DMP400049596[&&NHX:species=Potato],(Capang06g001057[&&NHX:species=Wild pepper],Capang06g001055[&&NHX:species=Wild pepper])D,Sopen06g025680.1[&&NHX:species=S. Pennelli],Solyc06g068450.3.1[&&NHX:species=Tomato],SPI06g04332.1[&&NHX:species=S. pimp])S,Solyc05g047600.4.1[&&NHX:species=Tomato])D)D,(((Capang02g000667[&&NHX:species=Wild pepper],Capang04g000248[&&NHX:species=Wild pepper])D,(((Capang12g001672[&&NHX:species=Wild pepper],PGSC0003DMP400007126[&&NHX:species=Potato])S,PGSC0003DMP400007128[&&NHX:species=Potato])D,(PGSC0003DMP400050826[&&NHX:species=Potato],(Solyc11g005660.2.1[&&NHX:species=Tomato],SPI11g00311.1[&&NHX:species=S. pimp],Capang00g000858[&&NHX:species=Wild pepper],Capana00g002651[&&NHX:species=Dom. pepper],SLYcer11g00152.1[&&NHX:species=Tomato Cherry],PGSC0003DMP400007129[&&NHX:species=Potato])S,PGSC0003DMP400007127[&&NHX:species=Potato])D)D)D,((PGSC0003DMP400028462[&&NHX:species=Potato],PGSC0003DMP400028465[&&NHX:species=Potato])D,Capana00g001703[&&NHX:species=Dom. pepper])S,((PGSC0003DMP400039887[&&NHX:species=Potato],Capana06g001047[&&NHX:species=Dom. pepper])S,(Sopen06g018720.1[&&NHX:species=S. Pennelli],SLYcer06g03646.1[&&NHX:species=Tomato Cherry],PGSC0003DMP400028463[&&NHX:species=Potato],Capang04g002332[&&NHX:species=Wild pepper],SPI06g03557.1[&&NHX:species=S. pimp])S,(SPI05g04843.1[&&NHX:species=S. pimp],SLYcer10g02140.1[&&NHX:species=Tomato Cherry])S)D,(((Solyc09g090090.2.1[&&NHX:species=Tomato],PGSC0003DMP400029987[&&NHX:species=Potato],Sopen09g033000.1[&&NHX:species=S. Pennelli],SPI09g04594.1[&&NHX:species=S. pimp],SLYcer09g04931.1[&&NHX:species=Tomato Cherry])S,(Solyc06g053620.4.1[&&NHX:species=Tomato],PGSC0003DMP400028464[&&NHX:species=Potato])S)D,((Capana00g000125[&&NHX:species=Dom. pepper],Capana06g002102[&&NHX:species=Dom. pepper])D,Capana03g003826[&&NHX:species=Dom. pepper])D)S)D,(((Solyc02g032820.3.1[&&NHX:species=Tomato],SLYcer02g02775.1[&&NHX:species=Tomato Cherry],SPI02g01664.1[&&NHX:species=S. pimp],Capang02g000275[&&NHX:species=Wild pepper],Sopen02g011130.1[&&NHX:species=S. Pennelli],Capana02g000332[&&NHX:species=Dom. pepper])S,(SLYcer03g00659.1[&&NHX:species=Tomato Cherry],SPI03g00820.1[&&NHX:species=S. pimp],Solyc03g031670.3.1[&&NHX:species=Tomato],Capang04g002230[&&NHX:species=Wild pepper],Sopen03g005530.1[&&NHX:species=S. Pennelli],PGSC0003DMP400017428[&&NHX:species=Potato],Capana04g002552[&&NHX:species=Dom. pepper])S)D,((Solyc07g064610.3.1[&&NHX:species=Tomato],Sopen07g032800.1[&&NHX:species=S. Pennelli],Capang01g005134[&&NHX:species=Wild pepper],SPI07g06213.1[&&NHX:species=S. pimp],PGSC0003DMP400038684[&&NHX:species=Potato],SLYcer07g05498.1[&&NHX:species=Tomato Cherry],Capana00g004193[&&NHX:species=Dom. pepper])S,(Capana03g002925[&&NHX:species=Dom. pepper],Capang03g002819[&&NHX:species=Wild pepper],SPI12g00007.1[&&NHX:species=S. pimp],SLYcer12g00070.1[&&NHX:species=Tomato Cherry],PGSC0003DMP400048479[&&NHX:species=Potato],Sopen12g001040.1[&&NHX:species=S. Pennelli],Solyc12g005030.3.1[&&NHX:species=Tomato])S)D)D,((PGSC0003DMP400024653[&&NHX:species=Potato],SPI09g01835.1[&&NHX:species=S. pimp],Solyc09g042660.4.1[&&NHX:species=Tomato],SLYcer09g01951.1[&&NHX:species=Tomato Cherry],Sopen09g011340.1[&&NHX:species=S. Pennelli])S,((Sopen07g001350.1[&&NHX:species=S. Pennelli],SPI07g00193.1[&&NHX:species=S. pimp],SLYcer07g00124.1[&&NHX:species=Tomato Cherry],Capang07g000218[&&NHX:species=Wild pepper],Capana07g000216[&&NHX:species=Dom. pepper],Solyc07g005440.1.1[&&NHX:species=Tomato],PGSC0003DMP400019755[&&NHX:species=Potato])S,PGSC0003DMP400031432[&&NHX:species=Potato])D,((PGSC0003DMP400049479[&&NHX:species=Potato],PGSC0003DMP400049480[&&NHX:species=Potato])D,(SLYcer02g04053.1[&&NHX:species=Tomato Cherry],SLYcer02g04052.1[&&NHX:species=Tomato Cherry])D,Sopen02g021500.1[&&NHX:species=S. Pennelli],Solyc02g072530.3.1[&&NHX:species=Tomato],Capana02g001705[&&NHX:species=Dom. pepper])S,((Solyc12g010130.1.1[&&NHX:species=Tomato],SPI12g00619.1[&&NHX:species=S. pimp],Capana09g000133[&&NHX:species=Dom. pepper],Capang09g000070[&&NHX:species=Wild pepper],SLYcer12g00589.1[&&NHX:species=Tomato Cherry],Sopen12g005010.1[&&NHX:species=S. Pennelli],PGSC0003DMP400013924[&&NHX:species=Potato])S,Capang00g005333[&&NHX:species=Wild pepper])D,((PGSC0003DMP400049574[&&NHX:species=Potato],Capana04g002483[&&NHX:species=Dom. pepper],Capang00g003581[&&NHX:species=Wild pepper])S,(Capana04g002702[&&NHX:species=Dom. pepper],PGSC0003DMP400027988[&&NHX:species=Potato])S)D,(((PGSC0003DMP400046460[&&NHX:species=Potato],SPI03g00326.1[&&NHX:species=S. pimp],Capana04g002316[&&NHX:species=Dom. pepper],Solyc03g006110.3.1[&&NHX:species=Tomato],Sopen03g002120.1[&&NHX:species=S. Pennelli])S,(Capana04g002701[&&NHX:species=Dom. pepper],Capang04g002331[&&NHX:species=Wild pepper],PGSC0003DMP400026481[&&NHX:species=Potato])S)D,(SLYcer02g04054.1[&&NHX:species=Tomato Cherry],Capana02g001704[&&NHX:species=Dom. pepper],Capang02g001526[&&NHX:species=Wild pepper],SPI02g02950.1[&&NHX:species=S. pimp],PGSC0003DMP400049575[&&NHX:species=Potato],Solyc02g072540.3.1[&&NHX:species=Tomato],Sopen02g021510.1[&&NHX:species=S. Pennelli])S)D)D,(((Capang09g000170[&&NHX:species=Wild pepper],Capana09g000175[&&NHX:species=Dom. pepper],SPI12g00473.1[&&NHX:species=S. pimp],SLYcer12g00444.1[&&NHX:species=Tomato Cherry],Solyc12g009010.2.1[&&NHX:species=Tomato],Sopen12g003940.1[&&NHX:species=S. Pennelli])S,Capana11g001034[&&NHX:species=Dom. pepper])D,(Solyc08g062670.3.1[&&NHX:species=Tomato],SPI08g04667.1[&&NHX:species=S. pimp],SLYcer08g04763.1[&&NHX:species=Tomato Cherry],Capana08g000513[&&NHX:species=Dom. pepper],Sopen08g018200.1[&&NHX:species=S. Pennelli],Capang01g003103[&&NHX:species=Wild pepper])S)D)D;	24	18	611	Capang00g002834,Capang05g000371,Capana05g000457,PGSC0003DMP400000643,PGSC0003DMP400000644,PGSC0003DMP400000645,PGSC0003DMP400050642,PGSC0003DMP400050647,Sopen11g001610.1,Sopen11g001610.2,Capang06g001936,Capang03g004300,Solyc09g066440.4.1,Solyc04g049100.1.1,Solyc08g062990.1.1,PGSC0003DMP400000740,Capana06g000141,Capang04g000948,Capana03g003847,PGSC0003DMP400017427
OG27618	((((SLYcer06g05110.1[&&NHX:species=Tomato Cherry],PGSC0003DMP400011675[&&NHX:species=Potato],SPI06g04980.1[&&NHX:species=S. pimp])S,(((SLYcer06g05109.1[&&NHX:species=Tomato Cherry],Sopen06g031860.1[&&NHX:species=S. Pennelli],Solyc06g075480.4.1[&&NHX:species=Tomato])S,(PGSC0003DMP400013297[&&NHX:species=Potato],SLYcer06g05108.1[&&NHX:species=Tomato Cherry],Sopen06g031840.1[&&NHX:species=S. Pennelli],SPI06g04978.1[&&NHX:species=S. pimp],Solyc06g075450.2.1[&&NHX:species=Tomato])S)D,(((PGSC0003DMP400013298[&&NHX:species=Potato],Solyc06g075490.1.1[&&NHX:species=Tomato])S,Solyc06g075500.4.1[&&NHX:species=Tomato])D,((PGSC0003DMP400011673[&&NHX:species=Potato],PGSC0003DMP400013299[&&NHX:species=Potato])D,Sopen06g031880.1[&&NHX:species=S. Pennelli])S)D)D)D,(Capang00g002196[&&NHX:species=Wild pepper],(Capang06g000455[&&NHX:species=Wild pepper],Capang00g002195[&&NHX:species=Wild pepper])D)D,((Capana06g000306[&&NHX:species=Dom. pepper],Capana06g000488[&&NHX:species=Dom. pepper])D,Capana06g000305[&&NHX:species=Dom. pepper])D)S,(((Capang11g001566[&&NHX:species=Wild pepper],((PGSC0003DMP400030772[&&NHX:species=Potato],Solyc05g007000.4.1[&&NHX:species=Tomato])S,(SPI05g00369.1[&&NHX:species=S. pimp],PGSC0003DMP400030770[&&NHX:species=Potato],SLYcer05g00333.1[&&NHX:species=Tomato Cherry])S)D,Capana11g001613[&&NHX:species=Dom. pepper])S,PGSC0003DMP400043951[&&NHX:species=Potato])D,((((Sopen04g001840.1[&&NHX:species=S. Pennelli],PGSC0003DMP400005176[&&NHX:species=Potato],Solyc04g005790.3.1[&&NHX:species=Tomato],SPI04g00230.1[&&NHX:species=S. pimp],SLYcer04g00259.1[&&NHX:species=Tomato Cherry])S,PGSC0003DMP400005175[&&NHX:species=Potato])D,(SPI05g00370.1[&&NHX:species=S. pimp],Sopen05g002960.1[&&NHX:species=S. Pennelli],PGSC0003DMP400030771[&&NHX:species=Potato],SLYcer05g00334.1[&&NHX:species=Tomato Cherry])S)D,((Capang11g001548[&&NHX:species=Wild pepper],Sopen05g002950.2[&&NHX:species=S. Pennelli],Capana11g001593[&&NHX:species=Dom. pepper],Solyc05g006990.3.1[&&NHX:species=Tomato],PGSC0003DMP400030769[&&NHX:species=Potato])S,(Capana11g001614[&&NHX:species=Dom. pepper],Capang11g001567[&&NHX:species=Wild pepper])S)D)D)D,(((PGSC0003DMP400036121[&&NHX:species=Potato],SPI08g04266.1[&&NHX:species=S. pimp],Capana02g001402[&&NHX:species=Dom. pepper],SLYcer08g04366.1[&&NHX:species=Tomato Cherry],Solyc08g061020.1.1[&&NHX:species=Tomato])S,((Capana00g000693[&&NHX:species=Dom. pepper],SPI06g00030.1[&&NHX:species=S. pimp],PGSC0003DMP400044047[&&NHX:species=Potato],Solyc05g005910.4.1[&&NHX:species=Tomato])S,(((PGSC0003DMP400019574[&&NHX:species=Potato],Capang01g001685[&&NHX:species=Wild pepper])S,((PGSC0003DMP400025610[&&NHX:species=Potato],Capana10g000249[&&NHX:species=Dom. pepper],Capang00g000125[&&NHX:species=Wild pepper])S,(Capang06g002499[&&NHX:species=Wild pepper],Capana06g002702[&&NHX:species=Dom. pepper])S)D)D,((PGSC0003DMP400052684[&&NHX:species=Potato],PGSC0003DMP400044033[&&NHX:species=Potato])D,Capana02g000342[&&NHX:species=Dom. pepper],(Sopen12g014970.1[&&NHX:species=S. Pennelli],Sopen12g014970.2[&&NHX:species=S. Pennelli])D,Solyc12g042240.2.1[&&NHX:species=Tomato])S)D)D)D,((Capang04g001441[&&NHX:species=Wild pepper],Capana00g004312[&&NHX:species=Dom. pepper],SLYcer11g02489.1[&&NHX:species=Tomato Cherry],PGSC0003DMP400048707[&&NHX:species=Potato],Solyc11g033283.1.1[&&NHX:species=Tomato],Sopen11g017120.1[&&NHX:species=S. Pennelli])S,PGSC0003DMP400048706[&&NHX:species=Potato])D,((Capang12g000428[&&NHX:species=Wild pepper],Sopen06g027380.1[&&NHX:species=S. Pennelli],Capana12g000518[&&NHX:species=Dom. pepper],PGSC0003DMP400050657[&&NHX:species=Potato])S,(Sopen06g027380.2[&&NHX:species=S. Pennelli],Capang00g005386[&&NHX:species=Wild pepper],PGSC0003DMP400027318[&&NHX:species=Potato],Solyc05g006010.4.1[&&NHX:species=Tomato])S)D,((((SLYcer12g03973.1[&&NHX:species=Tomato Cherry],SPI12g03925.1[&&NHX:species=S. pimp],Solyc12g042300.2.1[&&NHX:species=Tomato])S,SPI12g03923.1[&&NHX:species=S. pimp],SPI11g02516.1[&&NHX:species=S. pimp])D,(Solyc02g021240.3.1[&&NHX:species=Tomato],SLYcer02g02080.1[&&NHX:species=Tomato Cherry],Sopen02g002840.1[&&NHX:species=S. Pennelli],SPI02g01132.1[&&NHX:species=S. pimp],Capang02g000292[&&NHX:species=Wild pepper])S)D,(Solyc12g042280.3.1[&&NHX:species=Tomato],SLYcer12g03972.1[&&NHX:species=Tomato Cherry],SPI12g03924.1[&&NHX:species=S. pimp])S)D)D,((Capana00g003952[&&NHX:species=Dom. pepper],Capang01g002489[&&NHX:species=Wild pepper],Sopen08g020900.1[&&NHX:species=S. Pennelli],SPI08g04999.1[&&NHX:species=S. pimp],SLYcer08g05109.1[&&NHX:species=Tomato Cherry],Solyc08g066940.4.1[&&NHX:species=Tomato],PGSC0003DMP400050660[&&NHX:species=Potato])S,(PGSC0003DMP400050659[&&NHX:species=Potato],PGSC0003DMP400050658[&&NHX:species=Potato])D)D,((Capang08g001265[&&NHX:species=Wild pepper],SLYcer08g00411.1[&&NHX:species=Tomato Cherry],Capana01g004403[&&NHX:species=Dom. pepper],PGSC0003DMP400022078[&&NHX:species=Potato],Sopen08g003380.1[&&NHX:species=S. Pennelli],Solyc08g007430.2.1[&&NHX:species=Tomato],SPI08g00348.1[&&NHX:species=S. pimp])S,(PGSC0003DMP400008498[&&NHX:species=Potato],(PGSC0003DMP400008499[&&NHX:species=Potato],Capana01g000541[&&NHX:species=Dom. pepper],Capang01g000481[&&NHX:species=Wild pepper],SLYcer08g06128.1[&&NHX:species=Tomato Cherry],SPI08g06022.1[&&NHX:species=S. pimp],Sopen08g027440.1[&&NHX:species=S. Pennelli],Solyc08g078950.3.1[&&NHX:species=Tomato])S)D)D,((SLYcer11g02818.1[&&NHX:species=Tomato Cherry],PGSC0003DMP400055702[&&NHX:species=Potato],Solyc11g042820.2.1[&&NHX:species=Tomato],Sopen11g019220.1[&&NHX:species=S. Pennelli],SPI11g02880.1[&&NHX:species=S. pimp])S,(Capang01g004338[&&NHX:species=Wild pepper],((Sopen01g045440.1[&&NHX:species=S. Pennelli],PGSC0003DMP400036006[&&NHX:species=Potato],SLYcer01g07348.1[&&NHX:species=Tomato Cherry],Solyc01g103030.3.1[&&NHX:species=Tomato])S,PGSC0003DMP400036005[&&NHX:species=Potato])D,Capana08g001771[&&NHX:species=Dom. pepper])S)D,(Solyc06g050900.3.1[&&NHX:species=Tomato],SPI06g03333.1[&&NHX:species=S. pimp],SLYcer06g03413.1[&&NHX:species=Tomato Cherry],Capana06g001341[&&NHX:species=Dom. pepper],Sopen06g016590.1[&&NHX:species=S. Pennelli],Capang06g001118[&&NHX:species=Wild pepper],PGSC0003DMP400024739[&&NHX:species=Potato])S,((PGSC0003DMP400043958[&&NHX:species=Potato],Solyc03g113420.4.1[&&NHX:species=Tomato],Sopen03g032470.1[&&NHX:species=S. Pennelli],Capana03g001064[&&NHX:species=Dom. pepper],Capang03g001019[&&NHX:species=Wild pepper])S,(((Capana10g000549[&&NHX:species=Dom. pepper],Capana06g000997[&&NHX:species=Dom. pepper])D,Solyc06g071090.3.1[&&NHX:species=Tomato],SPI06g04513.1[&&NHX:species=S. pimp])S,((SPI06g04567.1[&&NHX:species=S. pimp],PGSC0003DMP400047041[&&NHX:species=Potato],Capana06g000940[&&NHX:species=Dom. pepper],Solyc06g071570.3.1[&&NHX:species=Tomato],Sopen06g027860.1[&&NHX:species=S. Pennelli],SLYcer06g04706.1[&&NHX:species=Tomato Cherry],Capang06g000889[&&NHX:species=Wild pepper])S,Capang06g000943[&&NHX:species=Wild pepper])D)D)D,((((((Sopen03g039410.1[&&NHX:species=S. Pennelli],SLYcer03g05275.1[&&NHX:species=Tomato Cherry],Capang11g001942[&&NHX:species=Wild pepper])S,(Sopen00g013960.1[&&NHX:species=S. Pennelli],PGSC0003DMP400004535[&&NHX:species=Potato])S)D,((Sopen03g039440.1[&&NHX:species=S. Pennelli],Sopen03g039430.1[&&NHX:species=S. Pennelli])D,(SLYcer03g05276.1[&&NHX:species=Tomato Cherry],SPI03g05319.1[&&NHX:species=S. pimp])S)S)D,(Sopen03g039420.1[&&NHX:species=S. Pennelli],(Sopen03g039450.1[&&NHX:species=S. Pennelli],SLYcer03g05279.1[&&NHX:species=Tomato Cherry],SPI03g05320.1[&&NHX:species=S. pimp])S)D)D,(PGSC0003DMP400045946[&&NHX:species=Potato],(SPI12g04095.1[&&NHX:species=S. pimp],PGSC0003DMP400045945[&&NHX:species=Potato],SLYcer12g04154.1[&&NHX:species=Tomato Cherry],Solyc12g044310.2.1[&&NHX:species=Tomato],Sopen12g022550.1[&&NHX:species=S. Pennelli])S)D)D,((((PGSC0003DMP400000603[&&NHX:species=Potato],SPI12g00387.1[&&NHX:species=S. pimp],SLYcer12g00357.1[&&NHX:species=Tomato Cherry],Solyc12g007220.3.1[&&NHX:species=Tomato])S,PGSC0003DMP400027323[&&NHX:species=Potato])D,Capana12g000530[&&NHX:species=Dom. pepper])S,((((((Capang12g000437[&&NHX:species=Wild pepper],Capana12g000532[&&NHX:species=Dom. pepper])S,(Capang12g000429[&&NHX:species=Wild pepper],Capana12g000520[&&NHX:species=Dom. pepper])S)D,Sopen12g031710.1[&&NHX:species=S. Pennelli],PGSC0003DMP400051198[&&NHX:species=Potato],SPI12g04801.1[&&NHX:species=S. pimp],SLYcer12g04843.1[&&NHX:species=Tomato Cherry],Solyc12g095810.2.1[&&NHX:species=Tomato])S,Capana12g000531[&&NHX:species=Dom. pepper])D,(((Capang00g002747[&&NHX:species=Wild pepper],Capana12g001497[&&NHX:species=Dom. pepper])S,Capang10g000416[&&NHX:species=Wild pepper])D,PGSC0003DMP400051197[&&NHX:species=Potato])S)D,(Capang11g001249[&&NHX:species=Wild pepper],Capana11g001269[&&NHX:species=Dom. pepper])S)D)D)D,((Capana07g000910[&&NHX:species=Dom. pepper],Capang01g001826[&&NHX:species=Wild pepper])S,((Sopen06g023530.2[&&NHX:species=S. Pennelli],PGSC0003DMP400019575[&&NHX:species=Potato],Solyc06g075460.4.1[&&NHX:species=Tomato],Capang11g000747[&&NHX:species=Wild pepper])S,(Capana03g003426[&&NHX:species=Dom. pepper],Solyc12g042270.3.1[&&NHX:species=Tomato],Capang03g003363[&&NHX:species=Wild pepper],PGSC0003DMP400044049[&&NHX:species=Potato],SPI12g03920.1[&&NHX:species=S. pimp])S)D)D,(((Solyc11g072570.2.1[&&NHX:species=Tomato],Capang11g000588[&&NHX:species=Wild pepper],Capana11g000653[&&NHX:species=Dom. pepper],Sopen11g030220.1[&&NHX:species=S. Pennelli],SLYcer11g04158.1[&&NHX:species=Tomato Cherry])S,(Sopen11g030210.1[&&NHX:species=S. Pennelli],PGSC0003DMP400044032[&&NHX:species=Potato],SLYcer11g04157.1[&&NHX:species=Tomato Cherry],Solyc11g072560.3.1[&&NHX:species=Tomato],Capana11g000654[&&NHX:species=Dom. pepper])S)D,(Capang00g002097[&&NHX:species=Wild pepper],Solyc06g075440.3.1[&&NHX:species=Tomato],Capana06g000303[&&NHX:species=Dom. pepper],PGSC0003DMP400013296[&&NHX:species=Potato],(Sopen06g031830.2[&&NHX:species=S. Pennelli],Sopen06g031830.1[&&NHX:species=S. Pennelli])D,SPI06g04977.1[&&NHX:species=S. pimp])S)D,(Capang03g001018[&&NHX:species=Wild pepper],Sopen03g032480.1[&&NHX:species=S. Pennelli],Capana03g001063[&&NHX:species=Dom. pepper],SLYcer03g04520.1[&&NHX:species=Tomato Cherry],SPI03g04569.1[&&NHX:species=S. pimp],PGSC0003DMP400043959[&&NHX:species=Potato],Solyc03g113430.3.1[&&NHX:species=Tomato])S,(Capang11g001502[&&NHX:species=Wild pepper],Sopen05g002880.1[&&NHX:species=S. Pennelli],Solyc05g006920.4.1[&&NHX:species=Tomato],PGSC0003DMP400030807[&&NHX:species=Potato],SPI05g00358.1[&&NHX:species=S. pimp],Capana11g001561[&&NHX:species=Dom. pepper],SLYcer05g00326.1[&&NHX:species=Tomato Cherry])S,((((Capang00g001144[&&NHX:species=Wild pepper],Capang03g001457[&&NHX:species=Wild pepper])D,Capang00g002709[&&NHX:species=Wild pepper])D,((Capana00g003980[&&NHX:species=Dom. pepper],Solyc05g005980.4.1[&&NHX:species=Tomato],SPI05g00201.1[&&NHX:species=S. pimp],SLYcer05g00181.1[&&NHX:species=Tomato Cherry],PGSC0003DMP400007389[&&NHX:species=Potato])S,(((Capana00g003989[&&NHX:species=Dom. pepper],(Capana00g003984[&&NHX:species=Dom. pepper],Capang11g001370[&&NHX:species=Wild pepper])S)D,Capana03g001532[&&NHX:species=Dom. pepper])D,PGSC0003DMP400027322[&&NHX:species=Potato])S)D)D,((((Sopen05g001940.1[&&NHX:species=S. Pennelli],SPI05g00194.1[&&NHX:species=S. pimp],PGSC0003DMP400007390[&&NHX:species=Potato],SLYcer05g00176.1[&&NHX:species=Tomato Cherry])S,(Solyc05g005920.4.1[&&NHX:species=Tomato],Sopen05g001950.1[&&NHX:species=S. Pennelli],SLYcer05g00177.1[&&NHX:species=Tomato Cherry],SPI05g00196.1[&&NHX:species=S. pimp])S)D,(SPI05g00200.1[&&NHX:species=S. pimp],Solyc05g005970.3.1[&&NHX:species=Tomato],Sopen05g002000.1[&&NHX:species=S. Pennelli],PGSC0003DMP400027321[&&NHX:species=Potato])S)D,((SPI05g00199.1[&&NHX:species=S. pimp],SLYcer05g00180.1[&&NHX:species=Tomato Cherry],Sopen05g001990.1[&&NHX:species=S. Pennelli],Solyc05g005960.3.1[&&NHX:species=Tomato])S,((((SPI05g00198.1[&&NHX:species=S. pimp],Sopen05g001980.1[&&NHX:species=S. Pennelli],Solyc05g005950.3.1[&&NHX:species=Tomato])S,Sopen05g001970.1[&&NHX:species=S. Pennelli])D,(SPI05g00197.1[&&NHX:species=S. pimp],SLYcer05g00178.1[&&NHX:species=Tomato Cherry],Solyc05g005940.3.1[&&NHX:species=Tomato])S)D,Capana00g003982[&&NHX:species=Dom. pepper])S)D)D)D,((((((PGSC0003DMP400039865[&&NHX:species=Potato],PGSC0003DMP400039866[&&NHX:species=Potato])D,SPI07g00611.1[&&NHX:species=S. pimp],SLYcer07g00562.1[&&NHX:species=Tomato Cherry],Sopen07g004440.1[&&NHX:species=S. Pennelli],Solyc07g008520.3.1[&&NHX:species=Tomato],Capang07g000588[&&NHX:species=Wild pepper],Capana07g000550[&&NHX:species=Dom. pepper])S,((Capana06g000371[&&NHX:species=Dom. pepper],Sopen06g033130.1[&&NHX:species=S. Pennelli],Capang06g000338[&&NHX:species=Wild pepper],SPI06g05118.1[&&NHX:species=S. pimp],Solyc06g076750.3.1[&&NHX:species=Tomato],(PGSC0003DMP400052968[&&NHX:species=Potato],PGSC0003DMP400052967[&&NHX:species=Potato])D,SLYcer06g05229.1[&&NHX:species=Tomato Cherry])S,PGSC0003DMP400052969[&&NHX:species=Potato])D)D,(SPI09g01054.1[&&NHX:species=S. pimp],Solyc09g014230.2.1[&&NHX:species=Tomato],SLYcer09g01169.1[&&NHX:species=Tomato Cherry],Capang09g001157[&&NHX:species=Wild pepper],PGSC0003DMP400064739[&&NHX:species=Potato],Sopen09g007110.1[&&NHX:species=S. Pennelli],Capana09g001572[&&NHX:species=Dom. pepper])S)D,((Sopen09g001330.1[&&NHX:species=S. Pennelli],SPI09g00116.1[&&NHX:species=S. pimp],Solyc09g005380.2.1[&&NHX:species=Tomato],PGSC0003DMP400039986[&&NHX:species=Potato],SLYcer09g00226.1[&&NHX:species=Tomato Cherry])S,(PGSC0003DMP400035282[&&NHX:species=Potato],Capang09g001183[&&NHX:species=Wild pepper],Capana09g001595[&&NHX:species=Dom. pepper],Sopen09g007100.1[&&NHX:species=S. Pennelli],Solyc09g014220.3.1[&&NHX:species=Tomato])S)D)D,(SPI12g04714.1[&&NHX:species=S. pimp],SLYcer12g04751.1[&&NHX:species=Tomato Cherry],Capang12g000556[&&NHX:species=Wild pepper],PGSC0003DMP400061189[&&NHX:species=Potato],Solyc12g089230.2.1[&&NHX:species=Tomato])S)D,((((PGSC0003DMP400044048[&&NHX:species=Potato],Capang06g002404[&&NHX:species=Wild pepper],Sopen06g001060.1[&&NHX:species=S. Pennelli],SLYcer06g00258.1[&&NHX:species=Tomato Cherry],Capana06g002585[&&NHX:species=Dom. pepper])S,PGSC0003DMP400044050[&&NHX:species=Potato])D,(Solyc06g005070.3.1[&&NHX:species=Tomato],PGSC0003DMP400044051[&&NHX:species=Potato])S)D,((PGSC0003DMP400027360[&&NHX:species=Potato],SLYcer03g05280.1[&&NHX:species=Tomato Cherry])S,(Capana05g001209[&&NHX:species=Dom. pepper],PGSC0003DMP400005174[&&NHX:species=Potato],Capang05g001033[&&NHX:species=Wild pepper])S,(SPI11g01777.1[&&NHX:species=S. pimp],SLYcer11g01620.1[&&NHX:species=Tomato Cherry],Solyc11g050790.1.1[&&NHX:species=Tomato],PGSC0003DMP400050824[&&NHX:species=Potato])S)D,(((Capana02g000341[&&NHX:species=Dom. pepper],Sopen12g014960.1[&&NHX:species=S. Pennelli],Solyc12g042260.3.1[&&NHX:species=Tomato],SPI12g03922.1[&&NHX:species=S. pimp],SLYcer12g03971.1[&&NHX:species=Tomato Cherry],PGSC0003DMP400025505[&&NHX:species=Potato])S,(PGSC0003DMP400044034[&&NHX:species=Potato],(((PGSC0003DMP400035651[&&NHX:species=Potato],PGSC0003DMP400054566[&&NHX:species=Potato],PGSC0003DMP400019578[&&NHX:species=Potato],PGSC0003DMP400011674[&&NHX:species=Potato],PGSC0003DMP400038208[&&NHX:species=Potato],PGSC0003DMP400024740[&&NHX:species=Potato],PGSC0003DMP400013300[&&NHX:species=Potato])D,Solyc12g042250.3.1[&&NHX:species=Tomato],SLYcer12g03970.1[&&NHX:species=Tomato Cherry])S,Solyc08g061010.4.1[&&NHX:species=Tomato])D)D)D,PGSC0003DMP400025611[&&NHX:species=Potato])D,(Capana01g000534[&&NHX:species=Dom. pepper],SLYcer05g00601.1[&&NHX:species=Tomato Cherry],Solyc05g009500.3.1[&&NHX:species=Tomato],Capang01g000469[&&NHX:species=Wild pepper],PGSC0003DMP400025609[&&NHX:species=Potato],Sopen05g005300.1[&&NHX:species=S. Pennelli],SPI05g00635.1[&&NHX:species=S. pimp])S,(((Sopen06g027390.1[&&NHX:species=S. Pennelli],PGSC0003DMP400055839[&&NHX:species=Potato],Capana06g000996[&&NHX:species=Dom. pepper])S,PGSC0003DMP400043957[&&NHX:species=Potato])D,((PGSC0003DMP400011676[&&NHX:species=Potato],PGSC0003DMP400024820[&&NHX:species=Potato])D,(PGSC0003DMP400055838[&&NHX:species=Potato],Capang05g001135[&&NHX:species=Wild pepper])S)D)D,(PGSC0003DMP400007697[&&NHX:species=Potato],SPI01g07916.1[&&NHX:species=S. pimp],Capana02g001403[&&NHX:species=Dom. pepper])S,(Capana09g000286[&&NHX:species=Dom. pepper],PGSC0003DMP400027317[&&NHX:species=Potato])S,(PGSC0003DMP400052966[&&NHX:species=Potato],Capang08g000872[&&NHX:species=Wild pepper])S)D,((Solyc01g096880.4.1[&&NHX:species=Tomato],PGSC0003DMP400047815[&&NHX:species=Potato],Sopen01g040590.1[&&NHX:species=S. Pennelli],SPI01g07409.1[&&NHX:species=S. pimp],SLYcer01g07864.1[&&NHX:species=Tomato Cherry],Capang11g000799[&&NHX:species=Wild pepper],Capana05g001239[&&NHX:species=Dom. pepper])S,((PGSC0003DMP400050910[&&NHX:species=Potato],SPI07g03616.1[&&NHX:species=S. pimp],Sopen07g015340.1[&&NHX:species=S. Pennelli],SLYcer07g02115.1[&&NHX:species=Tomato Cherry],Solyc07g032490.3.1[&&NHX:species=Tomato])S,(Capang05g000407[&&NHX:species=Wild pepper],Capana00g000139[&&NHX:species=Dom. pepper],PGSC0003DMP400050909[&&NHX:species=Potato])S)D)D,(((SLYcer04g00128.1[&&NHX:species=Tomato Cherry],Sopen04g001090.1[&&NHX:species=S. Pennelli],SPI04g00079.1[&&NHX:species=S. pimp],PGSC0003DMP400003437[&&NHX:species=Potato],Capang11g001364[&&NHX:species=Wild pepper],Capana11g001384[&&NHX:species=Dom. pepper],Solyc04g005070.3.1[&&NHX:species=Tomato])S,(((Solyc05g006000.3.1[&&NHX:species=Tomato],(PGSC0003DMP400027325[&&NHX:species=Potato],PGSC0003DMP400027291[&&NHX:species=Potato])D,SPI05g00203.1[&&NHX:species=S. pimp])S,PGSC0003DMP400027324[&&NHX:species=Potato])D,((Sopen05g002020.1[&&NHX:species=S. Pennelli],Solyc05g005990.3.1[&&NHX:species=Tomato])S,(Sopen05g002030.1[&&NHX:species=S. Pennelli],Sopen05g002040.1[&&NHX:species=S. Pennelli])D)D)D)D,(SPI05g00202.1[&&NHX:species=S. pimp],SLYcer05g00182.1[&&NHX:species=Tomato Cherry])S)D,((((SLYcer09g01015.1[&&NHX:species=Tomato Cherry],Capang00g004105[&&NHX:species=Wild pepper],PGSC0003DMP400041982[&&NHX:species=Potato],Sopen09g006120.1[&&NHX:species=S. Pennelli],Capana00g003510[&&NHX:species=Dom. pepper],SPI09g00925.1[&&NHX:species=S. pimp])S,(Capang10g001408[&&NHX:species=Wild pepper],SPI10g04337.1[&&NHX:species=S. pimp],Sopen10g034410.1[&&NHX:species=S. Pennelli],Capana10g001656[&&NHX:species=Dom. pepper],SLYcer10g05802.1[&&NHX:species=Tomato Cherry],PGSC0003DMP400019579[&&NHX:species=Potato],Solyc10g084950.3.1[&&NHX:species=Tomato])S)D,((PGSC0003DMP400019576[&&NHX:species=Potato],Sopen10g034400.1[&&NHX:species=S. Pennelli],Capang10g001409[&&NHX:species=Wild pepper],Solyc10g084940.3.1[&&NHX:species=Tomato],Capana10g001657[&&NHX:species=Dom. pepper],SPI10g04336.1[&&NHX:species=S. pimp])S,Capana10g001658[&&NHX:species=Dom. pepper])D)D,(Capang05g000445[&&NHX:species=Wild pepper],Capana05g000536[&&NHX:species=Dom. pepper])S)D,((Solyc11g072580.2.1[&&NHX:species=Tomato],SPI11g04230.1[&&NHX:species=S. pimp],Capana11g000651[&&NHX:species=Dom. pepper],PGSC0003DMP400044035[&&NHX:species=Potato],Capang11g000586[&&NHX:species=Wild pepper],Sopen11g030230.1[&&NHX:species=S. Pennelli],SLYcer11g04159.1[&&NHX:species=Tomato Cherry])S,SPI11g04229.1[&&NHX:species=S. pimp])D,((SPI03g00307.1[&&NHX:species=S. pimp],Capang04g002368[&&NHX:species=Wild pepper],Capana04g002761[&&NHX:species=Dom. pepper],SLYcer03g00164.1[&&NHX:species=Tomato Cherry],PGSC0003DMP400048381[&&NHX:species=Potato],Sopen03g001950.1[&&NHX:species=S. Pennelli])S,(((SPI01g07857.1[&&NHX:species=S. pimp],PGSC0003DMP400031768[&&NHX:species=Potato],Capang04g001931[&&NHX:species=Wild pepper],Sopen01g044810.1[&&NHX:species=S. Pennelli],Capana08g001693[&&NHX:species=Dom. pepper],SLYcer01g07410.1[&&NHX:species=Tomato Cherry],Solyc01g102360.3.1[&&NHX:species=Tomato])S,((PGSC0003DMP400036729[&&NHX:species=Potato],Capang02g001238[&&NHX:species=Wild pepper])S,(Solyc10g039290.2.1[&&NHX:species=Tomato],SLYcer10g01882.1[&&NHX:species=Tomato Cherry],PGSC0003DMP400007698[&&NHX:species=Potato],SPI05g01240.1[&&NHX:species=S. pimp],Sopen10g012140.1[&&NHX:species=S. Pennelli])S)D)D,(((((PGSC0003DMP400020707[&&NHX:species=Potato],PGSC0003DMP400020728[&&NHX:species=Potato])D,Sopen04g033110.1[&&NHX:species=S. Pennelli],Solyc04g079530.3.1[&&NHX:species=Tomato])S,((Solyc04g079520.3.1[&&NHX:species=Tomato],PGSC0003DMP400020731[&&NHX:species=Potato],Sopen04g033100.1[&&NHX:species=S. Pennelli],Capang04g000447[&&NHX:species=Wild pepper])S,PGSC0003DMP400020730[&&NHX:species=Potato])D)D,PGSC0003DMP400020729[&&NHX:species=Potato])D,(PGSC0003DMP400020732[&&NHX:species=Potato],Solyc04g079510.2.1[&&NHX:species=Tomato],Capang04g000448[&&NHX:species=Wild pepper],Capana04g000483[&&NHX:species=Dom. pepper])S)D)D)D,((Sopen12g002020.1[&&NHX:species=S. Pennelli],PGSC0003DMP400007637[&&NHX:species=Potato],Capang09g000444[&&NHX:species=Wild pepper],SLYcer12g00196.1[&&NHX:species=Tomato Cherry],Solyc12g006050.2.1[&&NHX:species=Tomato],Capana09g000500[&&NHX:species=Dom. pepper],SPI12g00244.1[&&NHX:species=S. pimp])S,(PGSC0003DMP400001316[&&NHX:species=Potato],(PGSC0003DMP400001317[&&NHX:species=Potato],(SLYcer07g04326.1[&&NHX:species=Tomato Cherry],PGSC0003DMP400001318[&&NHX:species=Potato],SPI07g05037.1[&&NHX:species=S. pimp],Sopen07g024620.1[&&NHX:species=S. Pennelli],Capang07g001344[&&NHX:species=Wild pepper],Capana07g001324[&&NHX:species=Dom. pepper],Solyc07g049290.3.1[&&NHX:species=Tomato])S)D)D)D,((Solyc03g113250.4.1[&&NHX:species=Tomato],PGSC0003DMP400043949[&&NHX:species=Potato],Capana03g001083[&&NHX:species=Dom. pepper],SPI03g04554.1[&&NHX:species=S. pimp],SLYcer03g04505.1[&&NHX:species=Tomato Cherry],Capang03g001039[&&NHX:species=Wild pepper],Sopen03g032310.2[&&NHX:species=S. Pennelli])S,((PGSC0003DMP400043952[&&NHX:species=Potato],PGSC0003DMP400043950[&&NHX:species=Potato])D,Sopen03g032310.1[&&NHX:species=S. Pennelli])S)D,((PGSC0003DMP400030052[&&NHX:species=Potato],(Capana03g003899[&&NHX:species=Dom. pepper],Capana03g003895[&&NHX:species=Dom. pepper])D,SPI09g04637.1[&&NHX:species=S. pimp],Sopen09g033390.1[&&NHX:species=S. Pennelli],Solyc09g090470.3.1[&&NHX:species=Tomato],SLYcer09g04969.1[&&NHX:species=Tomato Cherry])S,((PGSC0003DMP400006801[&&NHX:species=Potato],Solyc09g072775.1.1[&&NHX:species=Tomato],SLYcer09g04187.1[&&NHX:species=Tomato Cherry],Sopen09g028550.1[&&NHX:species=S. Pennelli])S,(PGSC0003DMP400006800[&&NHX:species=Potato],SLYcer05g00179.1[&&NHX:species=Tomato Cherry],SPI09g03977.1[&&NHX:species=S. pimp],Capana03g003427[&&NHX:species=Dom. pepper])S)D)D)D;	31	25	373	PGSC0003DMP400025448,PGSC0003DMP400025503,PGSC0003DMP400027319,PGSC0003DMP400027320,Capang03g003783,Capang03g003782,Sopen05g002010.1,Sopen05g001930.1,Sopen05g001930.2,PGSC0003DMP400055873,SPI12g03921.1,Capang09g000273,Solyc03g120570.3.1,Solyc03g120560.3.1,SLYcer06g04654.1,Capana04g000482
OG27628	((((((PGSC0003DMP400018209[&&NHX:species=Potato],SLYcer09g03850.1[&&NHX:species=Tomato Cherry])S,((Solyc09g066400.2.1[&&NHX:species=Tomato],SPI09g03774.1[&&NHX:species=S. pimp])S,(Solyc09g066370.1.1[&&NHX:species=Tomato],SPI09g03772.1[&&NHX:species=S. pimp])S)D)D,(Capana00g002424[&&NHX:species=Dom. pepper],Capana03g004351[&&NHX:species=Dom. pepper])D)S,(Capang03g004165[&&NHX:species=Wild pepper],Capang00g005447[&&NHX:species=Wild pepper],Capang03g004178[&&NHX:species=Wild pepper])D)D,((Capana04g000472[&&NHX:species=Dom. pepper],Solyc08g005650.3.1[&&NHX:species=Tomato],SPI08g00141.1[&&NHX:species=S. pimp],PGSC0003DMP400062203[&&NHX:species=Potato])S,(Capang08g001089[&&NHX:species=Wild pepper],Capana00g000615[&&NHX:species=Dom. pepper],Sopen08g001740.1[&&NHX:species=S. Pennelli],PGSC0003DMP400052076[&&NHX:species=Potato])S)D)D,((((PGSC0003DMP400036173[&&NHX:species=Potato],SLYcer08g05733.1[&&NHX:species=Tomato Cherry])S,(((Solyc10g087035.1.1[&&NHX:species=Tomato],Sopen10g034010.1[&&NHX:species=S. Pennelli],PGSC0003DMP400019420[&&NHX:species=Potato])S,((PGSC0003DMP400061789[&&NHX:species=Potato],PGSC0003DMP400033566[&&NHX:species=Potato])D,Solyc10g087015.1.1[&&NHX:species=Tomato])S)D,((Sopen10g033990.1[&&NHX:species=S. Pennelli],Solyc10g087010.3.1[&&NHX:species=Tomato])S,(((Solyc10g084590.2.1[&&NHX:species=Tomato],Sopen10g034020.1[&&NHX:species=S. Pennelli])S,(Solyc10g087030.1.1[&&NHX:species=Tomato],Sopen10g034000.1[&&NHX:species=S. Pennelli])S)D,PGSC0003DMP400019416[&&NHX:species=Potato])S)D)D)D,Capang01g000607[&&NHX:species=Wild pepper],Capana01g000668[&&NHX:species=Dom. pepper])S,(((((((Capang12g002088[&&NHX:species=Wild pepper],Capana12g002427[&&NHX:species=Dom. pepper])S,(Capang12g002085[&&NHX:species=Wild pepper],Capana12g002421[&&NHX:species=Dom. pepper])S)D,(Capana12g002424[&&NHX:species=Dom. pepper],Capang12g002086[&&NHX:species=Wild pepper])S)D,((SPI04g03883.1[&&NHX:species=S. pimp],PGSC0003DMP400018616[&&NHX:species=Potato],SLYcer04g04244.1[&&NHX:species=Tomato Cherry],Sopen04g025580.1[&&NHX:species=S. Pennelli],Solyc04g083140.2.1[&&NHX:species=Tomato])S,PGSC0003DMP400016993[&&NHX:species=Potato])D)S,(Capang09g001228[&&NHX:species=Wild pepper],Capana09g001646[&&NHX:species=Dom. pepper])S)D,(((((((Capana02g001090[&&NHX:species=Dom. pepper],Capana12g002433[&&NHX:species=Dom. pepper])D,Capang02g000996[&&NHX:species=Wild pepper])S,Capang12g002095[&&NHX:species=Wild pepper])D,Capana12g002420[&&NHX:species=Dom. pepper])D,Capana12g002430[&&NHX:species=Dom. pepper])D,((Capana12g002445[&&NHX:species=Dom. pepper],Capana02g001094[&&NHX:species=Dom. pepper])D,(Capang12g002098[&&NHX:species=Wild pepper],Capang02g000997[&&NHX:species=Wild pepper])D)S)D,((Solyc11g007980.2.1[&&NHX:species=Tomato],SLYcer11g00405.1[&&NHX:species=Tomato Cherry],PGSC0003DMP400054101[&&NHX:species=Potato],SPI11g00552.1[&&NHX:species=S. pimp])S,PGSC0003DMP400017000[&&NHX:species=Potato])D)S)D,((((PGSC0003DMP400046654[&&NHX:species=Potato],Sopen01g004160.1[&&NHX:species=S. Pennelli])S,(PGSC0003DMP400003720[&&NHX:species=Potato],Sopen01g004190.1[&&NHX:species=S. Pennelli])S)D,(((PGSC0003DMP400031379[&&NHX:species=Potato],Capang01g001446[&&NHX:species=Wild pepper],Capana01g001750[&&NHX:species=Dom. pepper],SPI01g00559.1[&&NHX:species=S. pimp],Solyc01g008670.4.1[&&NHX:species=Tomato],SLYcer01g00528.1[&&NHX:species=Tomato Cherry])S,PGSC0003DMP400017283[&&NHX:species=Potato])D,(SPI01g00556.1[&&NHX:species=S. pimp],SLYcer01g00525.1[&&NHX:species=Tomato Cherry],Solyc01g008640.4.1[&&NHX:species=Tomato],Capana01g001608[&&NHX:species=Dom. pepper],PGSC0003DMP400004180[&&NHX:species=Potato])S)D)D,((Solyc01g008650.3.1[&&NHX:species=Tomato],Capana01g001670[&&NHX:species=Dom. pepper],SLYcer01g00526.1[&&NHX:species=Tomato Cherry],PGSC0003DMP400017285[&&NHX:species=Potato],Sopen01g004170.1[&&NHX:species=S. Pennelli])S,(SPI01g00557.1[&&NHX:species=S. pimp],PGSC0003DMP400017287[&&NHX:species=Potato])S,(PGSC0003DMP400017286[&&NHX:species=Potato],Capang12g002100[&&NHX:species=Wild pepper])S,PGSC0003DMP400031382[&&NHX:species=Potato])D)D)D)D,((Capana02g001087[&&NHX:species=Dom. pepper],PGSC0003DMP400009835[&&NHX:species=Potato],Solyc08g150102.1.1[&&NHX:species=Tomato])S,(((Capana02g000543[&&NHX:species=Dom. pepper],SPI02g01956.1[&&NHX:species=S. pimp],Sopen02g012990.1[&&NHX:species=S. Pennelli],PGSC0003DMP400041301[&&NHX:species=Potato],Capang00g001800[&&NHX:species=Wild pepper],Solyc02g062030.1.1[&&NHX:species=Tomato])S,(Capana11g000602[&&NHX:species=Dom. pepper],PGSC0003DMP400016430[&&NHX:species=Potato])S)D,(Solyc08g074260.3.1[&&NHX:species=Tomato],PGSC0003DMP400051479[&&NHX:species=Potato],SLYcer08g05592.1[&&NHX:species=Tomato Cherry],SPI08g05472.1[&&NHX:species=S. pimp],Sopen08g022910.1[&&NHX:species=S. Pennelli])S)D,(SLYcer08g04071.1[&&NHX:species=Tomato Cherry],SPI08g03975.1[&&NHX:species=S. pimp],Capang10g002210[&&NHX:species=Wild pepper])S,(((((PGSC0003DMP400017232[&&NHX:species=Potato],PGSC0003DMP400010020[&&NHX:species=Potato])D,SLYcer07g04746.1[&&NHX:species=Tomato Cherry])S,SLYcer04g04338.1[&&NHX:species=Tomato Cherry])D,(PGSC0003DMP400023392[&&NHX:species=Potato],SPI04g03975.1[&&NHX:species=S. pimp],Sopen04g026180.1[&&NHX:species=S. Pennelli])S)D,(((Capang03g000681[&&NHX:species=Wild pepper],(PGSC0003DMP400010023[&&NHX:species=Potato],PGSC0003DMP400010024[&&NHX:species=Potato])D)S,(PGSC0003DMP400010021[&&NHX:species=Potato],(PGSC0003DMP400010022[&&NHX:species=Potato],SPI03g05113.1[&&NHX:species=S. pimp])S)D)D,(Sopen04g026170.1[&&NHX:species=S. Pennelli],PGSC0003DMP400017235[&&NHX:species=Potato])S)D)D,((SLYcer08g05842.1[&&NHX:species=Tomato Cherry],Capana12g002441[&&NHX:species=Dom. pepper],PGSC0003DMP400016434[&&NHX:species=Potato],Solyc08g076235.1.1[&&NHX:species=Tomato],SPI08g05731.1[&&NHX:species=S. pimp])S,((((((Sopen08g024890.1[&&NHX:species=S. Pennelli],PGSC0003DMP400016431[&&NHX:species=Potato])S,PGSC0003DMP400016432[&&NHX:species=Potato])D,(SPI08g05732.1[&&NHX:species=S. pimp],Sopen08g024880.1[&&NHX:species=S. Pennelli],SLYcer08g05843.1[&&NHX:species=Tomato Cherry],Solyc08g076250.3.1[&&NHX:species=Tomato])S)D,Capana01g000889[&&NHX:species=Dom. pepper])S,PGSC0003DMP400016433[&&NHX:species=Potato])D,(SLYcer08g05844.1[&&NHX:species=Tomato Cherry],PGSC0003DMP400016428[&&NHX:species=Potato])S)D)D,(((((((Sopen06g020160.1[&&NHX:species=S. Pennelli],(PGSC0003DMP400057873[&&NHX:species=Potato],PGSC0003DMP400034350[&&NHX:species=Potato])D)S,PGSC0003DMP400034351[&&NHX:species=Potato])D,Capana06g002797[&&NHX:species=Dom. pepper])S,Capana06g002796[&&NHX:species=Dom. pepper])D,Capana08g000194[&&NHX:species=Dom. pepper])D,((PGSC0003DMP400027342[&&NHX:species=Potato],Solyc06g060190.3.1[&&NHX:species=Tomato],SLYcer06g03835.1[&&NHX:species=Tomato Cherry],Capang01g004159[&&NHX:species=Wild pepper],SPI06g03738.1[&&NHX:species=S. pimp],Sopen06g020320.1[&&NHX:species=S. Pennelli])S,((PGSC0003DMP400037410[&&NHX:species=Potato],PGSC0003DMP400058127[&&NHX:species=Potato])D,(Capang00g002081[&&NHX:species=Wild pepper],Capang06g002584[&&NHX:species=Wild pepper])D)S)D)D,((Sopen06g020120.1[&&NHX:species=S. Pennelli],Capang05g001924[&&NHX:species=Wild pepper],Capana12g001480[&&NHX:species=Dom. pepper],SPI06g03719.1[&&NHX:species=S. pimp],PGSC0003DMP400034353[&&NHX:species=Potato])S,((PGSC0003DMP400034352[&&NHX:species=Potato],SLYcer06g03816.1[&&NHX:species=Tomato Cherry])S,PGSC0003DMP400034355[&&NHX:species=Potato])D)D)D)D,((((((SPI08g06061.1[&&NHX:species=S. pimp],SLYcer08g06169.1[&&NHX:species=Tomato Cherry],PGSC0003DMP400008476[&&NHX:species=Potato])S,SLYcer08g06168.1[&&NHX:species=Tomato Cherry])D,Capang01g000435[&&NHX:species=Wild pepper])S,(SLYcer06g04345.1[&&NHX:species=Tomato Cherry],(SLYcer03g05460.1[&&NHX:species=Tomato Cherry],Capang03g000097[&&NHX:species=Wild pepper],SPI03g05492.1[&&NHX:species=S. pimp])S)D)D,(((SLYcer10g05762.1[&&NHX:species=Tomato Cherry],PGSC0003DMP400019414[&&NHX:species=Potato],SPI10g04298.1[&&NHX:species=S. pimp])S,(SPI03g04429.1[&&NHX:species=S. pimp],SLYcer03g04362.1[&&NHX:species=Tomato Cherry])D)D,Capang12g002084[&&NHX:species=Wild pepper])S)D,SPI09g04889.1[&&NHX:species=S. pimp])D,((((PGSC0003DMP400026578[&&NHX:species=Potato],SPI03g04418.1[&&NHX:species=S. pimp],SLYcer03g04361.1[&&NHX:species=Tomato Cherry],Sopen03g031010.1[&&NHX:species=S. Pennelli],Capana03g001274[&&NHX:species=Dom. pepper],Solyc03g111885.1.1[&&NHX:species=Tomato])S,(((PGSC0003DMP400031607[&&NHX:species=Potato],PGSC0003DMP400031608[&&NHX:species=Potato])D,SPI03g04426.1[&&NHX:species=S. pimp])S,((Sopen03g031060.1[&&NHX:species=S. Pennelli],(Sopen03g031090.1[&&NHX:species=S. Pennelli],SPI03g04428.1[&&NHX:species=S. pimp])S)D,((SLYcer03g04370.1[&&NHX:species=Tomato Cherry],(SPI03g04422.1[&&NHX:species=S. pimp],SLYcer03g04367.1[&&NHX:species=Tomato Cherry])S)D,PGSC0003DMP400031606[&&NHX:species=Potato])S)D)D)D,((SPI03g04420.1[&&NHX:species=S. pimp],Solyc03g111940.2.1[&&NHX:species=Tomato],PGSC0003DMP400031595[&&NHX:species=Potato],Capana03g001275[&&NHX:species=Dom. pepper],Capang03g001221[&&NHX:species=Wild pepper],Sopen03g031040.1[&&NHX:species=S. Pennelli])S,(((SPI03g04419.1[&&NHX:species=S. pimp],Sopen03g031030.1[&&NHX:species=S. Pennelli],Solyc03g111930.4.1[&&NHX:species=Tomato])S,(Sopen03g031020.1[&&NHX:species=S. Pennelli],Solyc03g111920.2.1[&&NHX:species=Tomato])S)D,(PGSC0003DMP400026700[&&NHX:species=Potato],(PGSC0003DMP400031716[&&NHX:species=Potato],PGSC0003DMP400026701[&&NHX:species=Potato])D)D)D)D)D,((((Capana03g001278[&&NHX:species=Dom. pepper],Solyc03g111997.1.1[&&NHX:species=Tomato])S,(Capang00g001515[&&NHX:species=Wild pepper],Solyc03g112010.4.1[&&NHX:species=Tomato],Capana03g001273[&&NHX:species=Dom. pepper],PGSC0003DMP400031600[&&NHX:species=Potato],Sopen03g031110.1[&&NHX:species=S. Pennelli],SLYcer03g04371.1[&&NHX:species=Tomato Cherry])S)D,(Capana03g001272[&&NHX:species=Dom. pepper],SPI03g04423.1[&&NHX:species=S. pimp],Sopen03g031050.1[&&NHX:species=S. Pennelli],Capang03g001220[&&NHX:species=Wild pepper],Solyc03g111950.3.1[&&NHX:species=Tomato],SLYcer03g04364.1[&&NHX:species=Tomato Cherry],PGSC0003DMP400031609[&&NHX:species=Potato])S)D,((Solyc03g150151.1.1[&&NHX:species=Tomato],Solyc03g150149.1.1[&&NHX:species=Tomato])D,Sopen03g031100.1[&&NHX:species=S. Pennelli],PGSC0003DMP400026579[&&NHX:species=Potato])S)D)D,(PGSC0003DMP400027454[&&NHX:species=Potato],((Sopen08g001010.2[&&NHX:species=S. Pennelli],Sopen08g001010.1[&&NHX:species=S. Pennelli])D,SPI08g00050.1[&&NHX:species=S. pimp],Capang00g001458[&&NHX:species=Wild pepper],(PGSC0003DMP400027455[&&NHX:species=Potato],PGSC0003DMP400027456[&&NHX:species=Potato])D,Capana05g000827[&&NHX:species=Dom. pepper],Solyc08g005000.4.1[&&NHX:species=Tomato],SLYcer08g00139.1[&&NHX:species=Tomato Cherry])S)D,(((SLYcer01g08348.1[&&NHX:species=Tomato Cherry],Capana12g001018[&&NHX:species=Dom. pepper],SPI01g08570.1[&&NHX:species=S. pimp],Sopen01g051760.1[&&NHX:species=S. Pennelli],Capang01g005058[&&NHX:species=Wild pepper],Solyc01g109570.4.1[&&NHX:species=Tomato],PGSC0003DMP400001406[&&NHX:species=Potato])S,Capana06g000416[&&NHX:species=Dom. pepper])D,((((Sopen06g021790.1[&&NHX:species=S. Pennelli],SLYcer06g04333.1[&&NHX:species=Tomato Cherry],PGSC0003DMP400029316[&&NHX:species=Potato],SPI06g04190.1[&&NHX:species=S. pimp],Solyc06g066230.4.1[&&NHX:species=Tomato])S,PGSC0003DMP400029315[&&NHX:species=Potato])D,(PGSC0003DMP400035527[&&NHX:species=Potato],PGSC0003DMP400035524[&&NHX:species=Potato])D)D,Capang06g000389[&&NHX:species=Wild pepper])S,(Sopen06g021780.1[&&NHX:species=S. Pennelli],PGSC0003DMP400029317[&&NHX:species=Potato],Capang06g001411[&&NHX:species=Wild pepper],Capana06g001481[&&NHX:species=Dom. pepper],SPI06g04201.1[&&NHX:species=S. pimp],SLYcer06g04341.1[&&NHX:species=Tomato Cherry],Solyc06g066240.4.1[&&NHX:species=Tomato])S)D,(((Solyc04g078360.1.1[&&NHX:species=Tomato],Capana04g000616[&&NHX:species=Dom. pepper],Capang04g000563[&&NHX:species=Wild pepper],SLYcer04g05445.1[&&NHX:species=Tomato Cherry],PGSC0003DMP400005938[&&NHX:species=Potato])S,((SLYcer02g03328.1[&&NHX:species=Tomato Cherry],SPI02g02213.1[&&NHX:species=S. pimp],Solyc02g064850.2.1[&&NHX:species=Tomato],Capang08g000792[&&NHX:species=Wild pepper])S,Capang02g000591[&&NHX:species=Wild pepper])D)D,(((Capana02g003023[&&NHX:species=Dom. pepper],(PGSC0003DMP400043294[&&NHX:species=Potato],PGSC0003DMP400043288[&&NHX:species=Potato])D,Capang02g002741[&&NHX:species=Wild pepper])S,((Sopen02g037410.2[&&NHX:species=S. Pennelli],Capana09g000082[&&NHX:species=Dom. pepper],PGSC0003DMP400043290[&&NHX:species=Potato])S,((PGSC0003DMP400043289[&&NHX:species=Potato],Capana02g003025[&&NHX:species=Dom. pepper])S,(PGSC0003DMP400011260[&&NHX:species=Potato],Sopen02g037410.1[&&NHX:species=S. Pennelli])S)D)D)D,(Capang02g002743[&&NHX:species=Wild pepper],(Capana02g003027[&&NHX:species=Dom. pepper],Capana02g003028[&&NHX:species=Dom. pepper])D,Solyc02g092860.3.1[&&NHX:species=Tomato],SLYcer02g05683.1[&&NHX:species=Tomato Cherry],Sopen02g037430.1[&&NHX:species=S. Pennelli],SPI02g04603.1[&&NHX:species=S. pimp])S)D)D,(((PGSC0003DMP400029917[&&NHX:species=Potato],Capana01g000367[&&NHX:species=Dom. pepper])S,((PGSC0003DMP400007050[&&NHX:species=Potato],SLYcer08g06170.1[&&NHX:species=Tomato Cherry],SPI08g06066.1[&&NHX:species=S. pimp],Capang01g000340[&&NHX:species=Wild pepper],Solyc08g079420.3.1[&&NHX:species=Tomato],Sopen08g027790.1[&&NHX:species=S. Pennelli],Capana01g000374[&&NHX:species=Dom. pepper])S,(Capana01g000485[&&NHX:species=Dom. pepper],Sopen08g027780.1[&&NHX:species=S. Pennelli],PGSC0003DMP400029916[&&NHX:species=Potato],Capang01g000339[&&NHX:species=Wild pepper])S)D)D,(SLYcer08g06167.1[&&NHX:species=Tomato Cherry],Capana01g000486[&&NHX:species=Dom. pepper],Capang01g000433[&&NHX:species=Wild pepper],Sopen08g027750.1[&&NHX:species=S. Pennelli],SPI08g06065.1[&&NHX:species=S. pimp])S)D,(Sopen10g007240.1[&&NHX:species=S. Pennelli],Solyc10g018150.2.1[&&NHX:species=Tomato],SPI10g00867.1[&&NHX:species=S. pimp],SLYcer10g00990.1[&&NHX:species=Tomato Cherry],PGSC0003DMP400021297[&&NHX:species=Potato])S,((SLYcer04g03226.1[&&NHX:species=Tomato Cherry],PGSC0003DMP400068619[&&NHX:species=Potato],SPI04g02963.1[&&NHX:species=S. pimp],Solyc04g150131.1.1[&&NHX:species=Tomato],Capana10g001996[&&NHX:species=Dom. pepper])S,((Sopen04g023850.1[&&NHX:species=S. Pennelli],PGSC0003DMP400017337[&&NHX:species=Potato])S,(Capana12g001320[&&NHX:species=Dom. pepper],((SLYcer12g03653.1[&&NHX:species=Tomato Cherry],PGSC0003DMP400013520[&&NHX:species=Potato],SPI12g03663.1[&&NHX:species=S. pimp])S,PGSC0003DMP400013519[&&NHX:species=Potato])D)S)D)D,(((Capana04g000619[&&NHX:species=Dom. pepper],PGSC0003DMP400005937[&&NHX:species=Potato],Solyc09g150119.1.1[&&NHX:species=Tomato])S,((Capana11g000624[&&NHX:species=Dom. pepper],Capang00g004406[&&NHX:species=Wild pepper])S,Capana04g000630[&&NHX:species=Dom. pepper])D)D,((((Capana02g001086[&&NHX:species=Dom. pepper],PGSC0003DMP400009777[&&NHX:species=Potato],SLYcer04g04277.1[&&NHX:species=Tomato Cherry],SPI04g03911.1[&&NHX:species=S. pimp])S,SLYcer04g04275.1[&&NHX:species=Tomato Cherry])D,(Capana03g001454[&&NHX:species=Dom. pepper],SLYcer12g03341.1[&&NHX:species=Tomato Cherry],Capang01g001449[&&NHX:species=Wild pepper],SPI12g03315.1[&&NHX:species=S. pimp])S)D,((PGSC0003DMP400017315[&&NHX:species=Potato],(Capang07g001421[&&NHX:species=Wild pepper],Capang00g000931[&&NHX:species=Wild pepper])D)S,Capang03g001223[&&NHX:species=Wild pepper])D)D,((Capana06g001492[&&NHX:species=Dom. pepper],PGSC0003DMP400035554[&&NHX:species=Potato],SPI04g03916.1[&&NHX:species=S. pimp])S,((SPI04g03914.1[&&NHX:species=S. pimp],SLYcer04g04282.1[&&NHX:species=Tomato Cherry])S,(Capang00g002759[&&NHX:species=Wild pepper],Capana08g000193[&&NHX:species=Dom. pepper],SLYcer04g04285.1[&&NHX:species=Tomato Cherry])S)D)D,((SPI03g04427.1[&&NHX:species=S. pimp],SLYcer03g04369.1[&&NHX:species=Tomato Cherry])S,(SPI03g04425.1[&&NHX:species=S. pimp],Sopen03g031080.1[&&NHX:species=S. Pennelli],Solyc03g111957.1.1[&&NHX:species=Tomato],SLYcer03g04366.1[&&NHX:species=Tomato Cherry])S)D,((SPI06g02908.1[&&NHX:species=S. pimp],Solyc06g034255.1.1[&&NHX:species=Tomato],SLYcer06g02784.1[&&NHX:species=Tomato Cherry],PGSC0003DMP400034354[&&NHX:species=Potato],Sopen06g020110.1[&&NHX:species=S. Pennelli],Capang00g002038[&&NHX:species=Wild pepper])S,((Solyc03g058855.1.1[&&NHX:species=Tomato],Capana01g001748[&&NHX:species=Dom. pepper],SLYcer02g04853.1[&&NHX:species=Tomato Cherry],PGSC0003DMP400017316[&&NHX:species=Potato])S,((Solyc09g150147.1.1[&&NHX:species=Tomato],PGSC0003DMP400019419[&&NHX:species=Potato],Sopen03g037550.1[&&NHX:species=S. Pennelli])S,((Sopen09g026080.1[&&NHX:species=S. Pennelli],Solyc06g150121.1.1[&&NHX:species=Tomato],PGSC0003DMP400017234[&&NHX:species=Potato],SLYcer06g02885.1[&&NHX:species=Tomato Cherry],SPI06g02682.1[&&NHX:species=S. pimp])S,PGSC0003DMP400008998[&&NHX:species=Potato])D)D)D)D,((((Solyc04g049807.1.1[&&NHX:species=Tomato],PGSC0003DMP400013523[&&NHX:species=Potato],Capana02g001810[&&NHX:species=Dom. pepper])S,((PGSC0003DMP400054845[&&NHX:species=Potato],PGSC0003DMP400054843[&&NHX:species=Potato])D,Solyc03g150150.1.1[&&NHX:species=Tomato])S)D,(Capana12g001496[&&NHX:species=Dom. pepper],Capang00g002746[&&NHX:species=Wild pepper],PGSC0003DMP400024677[&&NHX:species=Potato])S)D,Capana12g000759[&&NHX:species=Dom. pepper])D,(Capana01g000891[&&NHX:species=Dom. pepper],SPI08g05730.1[&&NHX:species=S. pimp],PGSC0003DMP400017231[&&NHX:species=Potato],Capang00g004745[&&NHX:species=Wild pepper])S,((SPI03g01615.1[&&NHX:species=S. pimp],Capang03g002002[&&NHX:species=Wild pepper],Capana03g001252[&&NHX:species=Dom. pepper],SLYcer03g01411.1[&&NHX:species=Tomato Cherry])S,Capana01g000368[&&NHX:species=Dom. pepper])D)D,(Solyc02g082070.4.1[&&NHX:species=Tomato],SPI02g03492.1[&&NHX:species=S. pimp],SLYcer02g04593.1[&&NHX:species=Tomato Cherry],(Capana02g002378[&&NHX:species=Dom. pepper],Capana02g002375[&&NHX:species=Dom. pepper])D,Sopen02g026720.1[&&NHX:species=S. Pennelli],PGSC0003DMP400024107[&&NHX:species=Potato])S,((((((PGSC0003DMP400022672[&&NHX:species=Potato],PGSC0003DMP400017336[&&NHX:species=Potato])D,PGSC0003DMP400022673[&&NHX:species=Potato])D,(Solyc04g054256.1.1[&&NHX:species=Tomato],Solyc04g054258.1.1[&&NHX:species=Tomato])D,(SLYcer04g03884.1[&&NHX:species=Tomato Cherry],SLYcer04g03881.1[&&NHX:species=Tomato Cherry])D)S,(Capana12g001773[&&NHX:species=Dom. pepper],Capana05g000631[&&NHX:species=Dom. pepper])D)D,((Sopen04g025660.1[&&NHX:species=S. Pennelli],SPI04g03924.1[&&NHX:species=S. pimp],Solyc04g083150.2.1[&&NHX:species=Tomato],SLYcer04g04294.1[&&NHX:species=Tomato Cherry],PGSC0003DMP400016997[&&NHX:species=Potato])S,PGSC0003DMP400016996[&&NHX:species=Potato])D)D,(PGSC0003DMP400006328[&&NHX:species=Potato],Solyc02g084570.4.1[&&NHX:species=Tomato],Capang02g002364[&&NHX:species=Wild pepper],SPI02g03777.1[&&NHX:species=S. pimp],Capana02g002632[&&NHX:species=Dom. pepper],Sopen02g029240.1[&&NHX:species=S. Pennelli])S)D,((((((Solyc04g054220.3.1[&&NHX:species=Tomato],(PGSC0003DMP400034279[&&NHX:species=Potato],PGSC0003DMP400013524[&&NHX:species=Potato])D)S,((Sopen04g023710.1[&&NHX:species=S. Pennelli],PGSC0003DMP400013521[&&NHX:species=Potato])S,Sopen04g021540.1[&&NHX:species=S. Pennelli])D)D,(SPI04g03181.1[&&NHX:species=S. pimp],SPI04g03582.1[&&NHX:species=S. pimp])D,(SLYcer04g03872.1[&&NHX:species=Tomato Cherry],SLYcer04g03455.1[&&NHX:species=Tomato Cherry])D)S,(Capana12g001779[&&NHX:species=Dom. pepper],PGSC0003DMP400022927[&&NHX:species=Potato])S)D,((((SLYcer04g03885.1[&&NHX:species=Tomato Cherry],PGSC0003DMP400022660[&&NHX:species=Potato],SPI04g03593.1[&&NHX:species=S. pimp],Solyc04g054260.4.1[&&NHX:species=Tomato])S,PGSC0003DMP400022659[&&NHX:species=Potato])D,(SPI04g00753.1[&&NHX:species=S. pimp],SLYcer04g00937.1[&&NHX:species=Tomato Cherry],Sopen04g005860.1[&&NHX:species=S. Pennelli],PGSC0003DMP400011274[&&NHX:species=Potato],Solyc04g011690.4.1[&&NHX:species=Tomato])S)D,(((PGSC0003DMP400001287[&&NHX:species=Potato],((PGSC0003DMP400041234[&&NHX:species=Potato],PGSC0003DMP400041233[&&NHX:species=Potato])D,Sopen12g034890.1[&&NHX:species=S. Pennelli])S)D,SLYcer04g00936.1[&&NHX:species=Tomato Cherry])S,(Capang05g000284[&&NHX:species=Wild pepper],SPI04g04334.1[&&NHX:species=S. pimp],PGSC0003DMP400003411[&&NHX:species=Potato])S)D)D)D,((((PGSC0003DMP400024685[&&NHX:species=Potato],Capana11g000516[&&NHX:species=Dom. pepper])S,(((SPI12g04204.1[&&NHX:species=S. pimp],Solyc12g045020.2.1[&&NHX:species=Tomato],Sopen12g023380.1[&&NHX:species=S. Pennelli],(Capana12g001979[&&NHX:species=Dom. pepper],Capana12g002736[&&NHX:species=Dom. pepper])D,PGSC0003DMP400024686[&&NHX:species=Potato],SLYcer12g04262.1[&&NHX:species=Tomato Cherry])S,(PGSC0003DMP400025442[&&NHX:species=Potato],PGSC0003DMP400024687[&&NHX:species=Potato])D)D,(Sopen12g021540.1[&&NHX:species=S. Pennelli],Solyc12g042480.3.1[&&NHX:species=Tomato],Capana03g002068[&&NHX:species=Dom. pepper],SLYcer12g04008.1[&&NHX:species=Tomato Cherry],SPI12g03964.1[&&NHX:species=S. pimp],PGSC0003DMP400025441[&&NHX:species=Potato])S)D)D,(((PGSC0003DMP400024684[&&NHX:species=Potato],PGSC0003DMP400024679[&&NHX:species=Potato])D,Solyc12g044956.1.1[&&NHX:species=Tomato])S,((PGSC0003DMP400056122[&&NHX:species=Potato],SPI12g04200.1[&&NHX:species=S. pimp])S,(((SPI12g04199.1[&&NHX:species=S. pimp],Solyc12g044954.1.1[&&NHX:species=Tomato],SLYcer12g04260.1[&&NHX:species=Tomato Cherry])S,SLYcer12g04261.1[&&NHX:species=Tomato Cherry])D,Capang12g001661[&&NHX:species=Wild pepper])S)D)D)D,((Solyc04g050575.1.1[&&NHX:species=Tomato],Sopen04g021470.1[&&NHX:species=S. Pennelli],(Capang09g001464[&&NHX:species=Wild pepper],Capana09g001911[&&NHX:species=Dom. pepper])S)S,((((Solyc04g054250.4.1[&&NHX:species=Tomato],SLYcer04g03880.1[&&NHX:species=Tomato Cherry],Sopen04g023770.1[&&NHX:species=S. Pennelli],PGSC0003DMP400022658[&&NHX:species=Potato],SPI04g03589.1[&&NHX:species=S. pimp])S,PGSC0003DMP400044494[&&NHX:species=Potato])D,(PGSC0003DMP400044492[&&NHX:species=Potato],(Sopen04g023750.1[&&NHX:species=S. Pennelli],PGSC0003DMP400044493[&&NHX:species=Potato])S)D)D,(Sopen04g021480.1[&&NHX:species=S. Pennelli],Solyc04g050620.3.1[&&NHX:species=Tomato],SLYcer04g03443.1[&&NHX:species=Tomato Cherry],SPI04g03172.1[&&NHX:species=S. pimp])S)D)D)D)D,(((PGSC0003DMP400018146[&&NHX:species=Potato],SLYcer10g00876.1[&&NHX:species=Tomato Cherry],Capang10g000585[&&NHX:species=Wild pepper],Solyc10g017510.3.1[&&NHX:species=Tomato],Capana10g000761[&&NHX:species=Dom. pepper],SPI10g00747.1[&&NHX:species=S. pimp],Sopen10g006320.1[&&NHX:species=S. Pennelli])S,(Solyc03g111880.3.1[&&NHX:species=Tomato],Sopen03g031000.1[&&NHX:species=S. Pennelli],SPI03g04417.1[&&NHX:species=S. pimp],Capang03g001218[&&NHX:species=Wild pepper],Capana03g001270[&&NHX:species=Dom. pepper],PGSC0003DMP400026580[&&NHX:species=Potato],SLYcer03g04360.1[&&NHX:species=Tomato Cherry])S)D,((Solyc09g014900.3.1[&&NHX:species=Tomato],PGSC0003DMP400046237[&&NHX:species=Potato],SLYcer09g01296.1[&&NHX:species=Tomato Cherry],Sopen09g007810.1[&&NHX:species=S. Pennelli],SPI09g01159.1[&&NHX:species=S. pimp],Capana05g001954[&&NHX:species=Dom. pepper])S,(SLYcer06g05171.1[&&NHX:species=Tomato Cherry],Solyc06g076160.4.1[&&NHX:species=Tomato],Sopen06g032560.1[&&NHX:species=S. Pennelli],PGSC0003DMP400052932[&&NHX:species=Potato])S)D)D,(((PGSC0003DMP400005939[&&NHX:species=Potato],SPI04g04943.1[&&NHX:species=S. pimp],Solyc04g078370.3.1[&&NHX:species=Tomato],Sopen04g031960.1[&&NHX:species=S. Pennelli])S,(Capana00g004344[&&NHX:species=Dom. pepper],SPI07g00785.1[&&NHX:species=S. pimp],SLYcer07g00755.1[&&NHX:species=Tomato Cherry],PGSC0003DMP400052218[&&NHX:species=Potato],Capang04g000588[&&NHX:species=Wild pepper],Solyc07g014670.3.1[&&NHX:species=Tomato],Sopen07g005530.1[&&NHX:species=S. Pennelli])S)D,((Capang04g000590[&&NHX:species=Wild pepper],SLYcer04g05443.1[&&NHX:species=Tomato Cherry],PGSC0003DMP400005934[&&NHX:species=Potato],Capana04g000622[&&NHX:species=Dom. pepper],Solyc04g078325.1.1[&&NHX:species=Tomato],SPI04g04941.1[&&NHX:species=S. pimp])S,(((SLYcer04g05444.1[&&NHX:species=Tomato Cherry],SPI04g04942.1[&&NHX:species=S. pimp],Sopen04g031930.1[&&NHX:species=S. Pennelli],Capana04g000621[&&NHX:species=Dom. pepper],Solyc04g078340.3.1[&&NHX:species=Tomato])S,((PGSC0003DMP400005935[&&NHX:species=Potato],Capana04g000618[&&NHX:species=Dom. pepper])S,PGSC0003DMP400005936[&&NHX:species=Potato])D)D,Capana04g000617[&&NHX:species=Dom. pepper])D)D)D,((((Solyc03g122360.3.1[&&NHX:species=Tomato],Solyc03g122350.3.1[&&NHX:species=Tomato])D,((Sopen03g041130.2[&&NHX:species=S. Pennelli],Sopen03g041130.1[&&NHX:species=S. Pennelli:length=-0.38049])D,Sopen03g041120.1[&&NHX:species=S. Pennelli])D,((PGSC0003DMP400039697[&&NHX:species=Potato],PGSC0003DMP400039698[&&NHX:species=Potato])D,PGSC0003DMP400039699[&&NHX:species=Potato])D)S,((SLYcer11g02302.1[&&NHX:species=Tomato Cherry],Capang04g001398[&&NHX:species=Wild pepper],Solyc11g030730.2.1[&&NHX:species=Tomato],SPI11g02338.1[&&NHX:species=S. pimp],(PGSC0003DMP400008560[&&NHX:species=Potato],PGSC0003DMP400008561[&&NHX:species=Potato])D,Capana04g001495[&&NHX:species=Dom. pepper],Sopen11g013770.1[&&NHX:species=S. Pennelli])S,Capana01g001035[&&NHX:species=Dom. pepper])D)D,(((SLYcer04g03688.1[&&NHX:species=Tomato Cherry],Capang01g000881[&&NHX:species=Wild pepper],Solyc04g051244.1.1[&&NHX:species=Tomato],Sopen04g022650.1[&&NHX:species=S. Pennelli],SPI04g03409.1[&&NHX:species=S. pimp])S,((Capana04g001255[&&NHX:species=Dom. pepper],Sopen04g027810.1[&&NHX:species=S. Pennelli],SLYcer04g04848.1[&&NHX:species=Tomato Cherry],PGSC0003DMP400011296[&&NHX:species=Potato])S,Capana11g000425[&&NHX:species=Dom. pepper])D)D,((((PGSC0003DMP400031482[&&NHX:species=Potato],SPI04g04333.1[&&NHX:species=S. pimp])S,(PGSC0003DMP400002115[&&NHX:species=Potato],Sopen11g023190.1[&&NHX:species=S. Pennelli])S)D,Capana03g000101[&&NHX:species=Dom. pepper])S,((((((Solyc04g150164.1.1[&&NHX:species=Tomato],(Solyc04g071780.3.1[&&NHX:species=Tomato],Solyc04g071800.3.1[&&NHX:species=Tomato])D)D,Capana04g001298[&&NHX:species=Dom. pepper])S,(Capang04g001202[&&NHX:species=Wild pepper],(Capang04g001200[&&NHX:species=Wild pepper],Capang04g001199[&&NHX:species=Wild pepper])D)D)D,((Sopen04g027790.1[&&NHX:species=S. Pennelli],(PGSC0003DMP400031483[&&NHX:species=Potato],(Sopen04g027800.1[&&NHX:species=S. Pennelli],(PGSC0003DMP400009833[&&NHX:species=Potato],PGSC0003DMP400011295[&&NHX:species=Potato])D)S)D)D,SLYcer04g04850.1[&&NHX:species=Tomato Cherry])S)D,((Capana04g001257[&&NHX:species=Dom. pepper],(PGSC0003DMP400024563[&&NHX:species=Potato],SLYcer04g04849.1[&&NHX:species=Tomato Cherry],Capana04g001256[&&NHX:species=Dom. pepper])S)D,(PGSC0003DMP400002116[&&NHX:species=Potato],SLYcer04g04846.1[&&NHX:species=Tomato Cherry],SPI04g04332.1[&&NHX:species=S. pimp])S)D)D,(Solyc04g071790.3.1[&&NHX:species=Tomato],PGSC0003DMP400002317[&&NHX:species=Potato],Sopen04g027770.1[&&NHX:species=S. Pennelli],SLYcer04g04847.1[&&NHX:species=Tomato Cherry])S)D)D)D)D)D;	46	40	563	Capang12g002375,Capang03g001959,Sopen12g023370.1,Sopen12g023350.1,Sopen12g023330.1,Solyc03g111970.4.1,Solyc03g111990.4.1,Capana12g001774,SLYcer08g00226.1,SLYcer08g00217.1,SPI04g03590.1,SPI04g03592.1,Sopen04g027760.1,Sopen04g027780.1,Capana03g000100,Capana03g000102,Sopen09g028080.1,Sopen09g028100.1,Solyc04g071805.1.1,Solyc04g051246.1.1,SPI04g03169.1,Capang01g001485,Solyc03g046494.1.1,Sopen04g023810.1,Capang04g001241,Capang04g001201,PGSC0003DMP400022656,PGSC0003DMP400050870,Solyc03g046496.1.1,SLYcer02g05623.1,Solyc04g011680.3.1,Solyc06g060015.1.1,PGSC0003DMP400024678,Sopen08g027740.1,Sopen06g020140.1,SLYcer03g05052.1
OG27631	(((((Capang00g000792[&&NHX:species=Wild pepper],SLYcer02g03655.1[&&NHX:species=Tomato Cherry],Capana02g001207[&&NHX:species=Dom. pepper],Sopen02g017830.1[&&NHX:species=S. Pennelli],PGSC0003DMP400018434[&&NHX:species=Potato],SPI02g02556.1[&&NHX:species=S. pimp],Solyc02g068660.3.1[&&NHX:species=Tomato])S,(SLYcer09g00206.1[&&NHX:species=Tomato Cherry],(Sopen09g001150.1[&&NHX:species=S. Pennelli],Sopen09g001150.2[&&NHX:species=S. Pennelli])D,Solyc09g005170.3.1[&&NHX:species=Tomato],SPI09g00096.1[&&NHX:species=S. pimp],PGSC0003DMP400020909[&&NHX:species=Potato])S)D,(((((PGSC0003DMP400014886[&&NHX:species=Potato],Sopen09g007570.1[&&NHX:species=S. Pennelli],Solyc09g014730.3.1[&&NHX:species=Tomato],SPI09g01136.1[&&NHX:species=S. pimp],Capana11g000537[&&NHX:species=Dom. pepper])S,PGSC0003DMP400033301[&&NHX:species=Potato])D,((((PGSC0003DMP400033298[&&NHX:species=Potato],Solyc10g076550.1.1[&&NHX:species=Tomato],Sopen10g028160.1[&&NHX:species=S. Pennelli])S,(Solyc10g076530.2.1[&&NHX:species=Tomato],SLYcer10g05108.1[&&NHX:species=Tomato Cherry],Sopen10g028190.1[&&NHX:species=S. Pennelli])S)D,PGSC0003DMP400033305[&&NHX:species=Potato])D,((PGSC0003DMP400033303[&&NHX:species=Potato],PGSC0003DMP400033306[&&NHX:species=Potato])D,(Capang10g001139[&&NHX:species=Wild pepper],Capang10g001138[&&NHX:species=Wild pepper])D)S)D)D,(((Solyc09g014710.4.1[&&NHX:species=Tomato],PGSC0003DMP400014920[&&NHX:species=Potato],SLYcer09g01258.1[&&NHX:species=Tomato Cherry],SPI09g01133.1[&&NHX:species=S. pimp],Capang12g001881[&&NHX:species=Wild pepper],Sopen09g007550.1[&&NHX:species=S. Pennelli])S,((((PGSC0003DMP400014887[&&NHX:species=Potato],PGSC0003DMP400044476[&&NHX:species=Potato])D,Solyc09g014720.3.1[&&NHX:species=Tomato],SLYcer09g01259.1[&&NHX:species=Tomato Cherry],SPI09g01134.1[&&NHX:species=S. pimp],Sopen09g007560.1[&&NHX:species=S. Pennelli])S,PGSC0003DMP400020905[&&NHX:species=Potato])D,Capana05g002086[&&NHX:species=Dom. pepper])D)D,(((Solyc05g017770.1.1[&&NHX:species=Tomato],SLYcer05g01627.1[&&NHX:species=Tomato Cherry],Capang05g001653[&&NHX:species=Wild pepper],Capana05g002087[&&NHX:species=Dom. pepper],SPI05g02130.1[&&NHX:species=S. pimp])S,Capang06g001611[&&NHX:species=Wild pepper])D,(((SPI10g03593.1[&&NHX:species=S. pimp],PGSC0003DMP400044477[&&NHX:species=Potato])S,PGSC0003DMP400020907[&&NHX:species=Potato])D,Capana12g002195[&&NHX:species=Dom. pepper])S,(SLYcer09g01263.1[&&NHX:species=Tomato Cherry],Sopen09g007580.1[&&NHX:species=S. Pennelli],PGSC0003DMP400014885[&&NHX:species=Potato],Solyc09g014740.3.1[&&NHX:species=Tomato])S)D)D)D,(((Capana04g000426[&&NHX:species=Dom. pepper],Capang04g000396[&&NHX:species=Wild pepper])S,(Capang11g000495[&&NHX:species=Wild pepper],Solyc11g072140.3.1[&&NHX:species=Tomato],PGSC0003DMP400047630[&&NHX:species=Potato],SPI11g04175.1[&&NHX:species=S. pimp],SLYcer11g04108.1[&&NHX:species=Tomato Cherry],Sopen11g029790.1[&&NHX:species=S. Pennelli])S)D,((Capana05g002084[&&NHX:species=Dom. pepper],PGSC0003DMP400058148[&&NHX:species=Potato],Capang05g001652[&&NHX:species=Wild pepper])S,Capana10g001349[&&NHX:species=Dom. pepper])D)D)D)D,((SLYcer07g00340.1[&&NHX:species=Tomato Cherry],SPI07g00408.1[&&NHX:species=S. pimp],PGSC0003DMP400019378[&&NHX:species=Potato],Sopen07g003090.1[&&NHX:species=S. Pennelli],Solyc07g007020.3.1[&&NHX:species=Tomato],Capang07g000277[&&NHX:species=Wild pepper])S,PGSC0003DMP400053479[&&NHX:species=Potato],PGSC0003DMP400019379[&&NHX:species=Potato])D)D,(SPI02g02299.1[&&NHX:species=S. pimp],Solyc02g065520.1.1[&&NHX:species=Tomato],PGSC0003DMP400002170[&&NHX:species=Potato],Capang02g000708[&&NHX:species=Wild pepper],Sopen02g015720.1[&&NHX:species=S. Pennelli],SLYcer02g03410.1[&&NHX:species=Tomato Cherry],Capana02g000783[&&NHX:species=Dom. pepper])S,(((Sopen09g032120.1[&&NHX:species=S. Pennelli],(SPI09g04501.1[&&NHX:species=S. pimp],Solyc09g083210.3.1[&&NHX:species=Tomato],Sopen09g032130.1[&&NHX:species=S. Pennelli],SLYcer09g04840.1[&&NHX:species=Tomato Cherry])S)D,Capana03g004575[&&NHX:species=Dom. pepper])S,(PGSC0003DMP400010800[&&NHX:species=Potato],((PGSC0003DMP400010798[&&NHX:species=Potato],(PGSC0003DMP400010801[&&NHX:species=Potato],PGSC0003DMP400010799[&&NHX:species=Potato])D)D,Solyc09g083200.4.1[&&NHX:species=Tomato],Capang03g004377[&&NHX:species=Wild pepper])S)D)D,((((Capang05g000661[&&NHX:species=Wild pepper],(PGSC0003DMP400039508[&&NHX:species=Potato],Capang01g002861[&&NHX:species=Wild pepper])S)D,((((((PGSC0003DMP400039507[&&NHX:species=Potato],(PGSC0003DMP400051279[&&NHX:species=Potato],PGSC0003DMP400051278[&&NHX:species=Potato:length=-0.0])D)D,Sopen04g025900.1[&&NHX:species=S. Pennelli])S,((Sopen04g003540.1[&&NHX:species=S. Pennelli],PGSC0003DMP400051282[&&NHX:species=Potato])S,(Solyc04g008370.3.1[&&NHX:species=Tomato],PGSC0003DMP400051283[&&NHX:species=Potato])S)D)D,(SPI04g03955.1[&&NHX:species=S. pimp],SPI04g00440.1[&&NHX:species=S. pimp])D)S,(PGSC0003DMP400051284[&&NHX:species=Potato],Solyc04g058110.3.1[&&NHX:species=Tomato],SPI04g00438.1[&&NHX:species=S. pimp],SLYcer04g00466.1[&&NHX:species=Tomato Cherry],Sopen04g003520.1[&&NHX:species=S. Pennelli])S)D,((Capang05g000662[&&NHX:species=Wild pepper],SLYcer04g00468.1[&&NHX:species=Tomato Cherry],SPI04g00441.1[&&NHX:species=S. pimp],PGSC0003DMP400051277[&&NHX:species=Potato],Solyc04g008400.1.1[&&NHX:species=Tomato],Capana05g000771[&&NHX:species=Dom. pepper],Sopen04g003550.1[&&NHX:species=S. Pennelli])S,Capana05g000792[&&NHX:species=Dom. pepper])D)D)D,(((Capana09g001848[&&NHX:species=Dom. pepper],PGSC0003DMP400003612[&&NHX:species=Potato],Capang09g001408[&&NHX:species=Wild pepper])S,(((SPI02g03250.1[&&NHX:species=S. pimp],Capana02g002122[&&NHX:species=Dom. pepper],Sopen02g024360.1[&&NHX:species=S. Pennelli],SLYcer02g04355.1[&&NHX:species=Tomato Cherry],Capang02g001911[&&NHX:species=Wild pepper],Solyc02g079540.2.1[&&NHX:species=Tomato])S,Capana02g002120[&&NHX:species=Dom. pepper])D,(Sopen02g024350.1[&&NHX:species=S. Pennelli],(PGSC0003DMP400038812[&&NHX:species=Potato],(PGSC0003DMP400038810[&&NHX:species=Potato],PGSC0003DMP400038811[&&NHX:species=Potato:length=-0.49336])D)D,Solyc02g079530.4.1[&&NHX:species=Tomato],Capana02g002123[&&NHX:species=Dom. pepper],SPI02g03249.1[&&NHX:species=S. pimp])S)D)D,((PGSC0003DMP400024492[&&NHX:species=Potato],Solyc02g079550.3.1[&&NHX:species=Tomato],SPI02g03251.1[&&NHX:species=S. pimp],(Sopen02g024370.1[&&NHX:species=S. Pennelli],Sopen00g007450.1[&&NHX:species=S. Pennelli])D,Capana02g002119[&&NHX:species=Dom. pepper])S,(PGSC0003DMP400024491[&&NHX:species=Potato],PGSC0003DMP400024490[&&NHX:species=Potato:length=-0.0])D)D)D)D,((((((SLYcer03g00260.1[&&NHX:species=Tomato Cherry],(Sopen03g002750.1[&&NHX:species=S. Pennelli],Sopen03g002750.2[&&NHX:species=S. Pennelli])D,Capana00g002125[&&NHX:species=Dom. pepper],SPI03g00460.1[&&NHX:species=S. pimp])S,(SPI03g00458.1[&&NHX:species=S. pimp],Solyc03g006720.1.1[&&NHX:species=Tomato])S)D,(Capana00g002124[&&NHX:species=Dom. pepper],PGSC0003DMP400045380[&&NHX:species=Potato])S)D,(((Capang05g000655[&&NHX:species=Wild pepper],((SPI03g00459.1[&&NHX:species=S. pimp],Sopen03g002740.2[&&NHX:species=S. Pennelli])S,(Solyc03g006730.3.1[&&NHX:species=Tomato],Capang04g002250[&&NHX:species=Wild pepper],SLYcer03g00259.1[&&NHX:species=Tomato Cherry],Sopen03g002740.1[&&NHX:species=S. Pennelli])S)D)D,Capang07g001570[&&NHX:species=Wild pepper])D,SLYcer03g03052.1[&&NHX:species=Tomato Cherry])D)D,(Sopen02g024400.1[&&NHX:species=S. Pennelli],SLYcer02g04357.1[&&NHX:species=Tomato Cherry],Capana02g002116[&&NHX:species=Dom. pepper],SPI02g03256.1[&&NHX:species=S. pimp])S)D,((PGSC0003DMP400019915[&&NHX:species=Potato],Solyc10g005440.3.1[&&NHX:species=Tomato],SLYcer10g00268.1[&&NHX:species=Tomato Cherry],Sopen10g001420.1[&&NHX:species=S. Pennelli],Capang10g000426[&&NHX:species=Wild pepper],Capana10g000565[&&NHX:species=Dom. pepper])S,(PGSC0003DMP400024488[&&NHX:species=Potato],Sopen02g024390.1[&&NHX:species=S. Pennelli],Solyc02g079570.4.1[&&NHX:species=Tomato],Capana02g002117[&&NHX:species=Dom. pepper])S)D)D)D,((Capana04g002708[&&NHX:species=Dom. pepper],PGSC0003DMP400030889[&&NHX:species=Potato],SPI04g02600.1[&&NHX:species=S. pimp],Solyc04g045600.4.1[&&NHX:species=Tomato])S,((Sopen03g036080.1[&&NHX:species=S. Pennelli],Solyc03g117180.3.1[&&NHX:species=Tomato],SLYcer03g04913.1[&&NHX:species=Tomato Cherry],SPI03g04968.1[&&NHX:species=S. pimp],Capana03g000504[&&NHX:species=Dom. pepper],Capang03g000464[&&NHX:species=Wild pepper])S,((((PGSC0003DMP400024976[&&NHX:species=Potato],PGSC0003DMP400024974[&&NHX:species=Potato])D,PGSC0003DMP400024973[&&NHX:species=Potato])D,PGSC0003DMP400024975[&&NHX:species=Potato])D,PGSC0003DMP400024970[&&NHX:species=Potato])D)D)D,((((((Sopen02g005540.1[&&NHX:species=S. Pennelli],PGSC0003DMP400031306[&&NHX:species=Potato])S,Sopen02g009650.2[&&NHX:species=S. Pennelli])D,Capang02g000164[&&NHX:species=Wild pepper],Capana02g000162[&&NHX:species=Dom. pepper])S,((Capana02g003377[&&NHX:species=Dom. pepper],Capang02g003114[&&NHX:species=Wild pepper])S,(PGSC0003DMP400031307[&&NHX:species=Potato],(Capang02g000172[&&NHX:species=Wild pepper],Capana02g000175[&&NHX:species=Dom. pepper],Solyc02g030300.3.1[&&NHX:species=Tomato],PGSC0003DMP400031305[&&NHX:species=Potato],SLYcer02g02441.1[&&NHX:species=Tomato Cherry])S)D)D)D,((PGSC0003DMP400031299[&&NHX:species=Potato],PGSC0003DMP400031300[&&NHX:species=Potato],PGSC0003DMP400031298[&&NHX:species=Potato])D,Capang02g000165[&&NHX:species=Wild pepper],Capana02g000166[&&NHX:species=Dom. pepper])S)D,(((((Sopen02g009650.1[&&NHX:species=S. Pennelli],Capana04g000729[&&NHX:species=Dom. pepper])S,(PGSC0003DMP400008762[&&NHX:species=Potato],SLYcer04g05344.1[&&NHX:species=Tomato Cherry],SPI04g04839.1[&&NHX:species=S. pimp],Capana04g000745[&&NHX:species=Dom. pepper])S)D,((Solyc04g077310.3.1[&&NHX:species=Tomato],Capana04g000727[&&NHX:species=Dom. pepper],PGSC0003DMP400008764[&&NHX:species=Potato],SPI04g04834.1[&&NHX:species=S. pimp])S,((Sopen04g030900.1[&&NHX:species=S. Pennelli],SLYcer04g05341.1[&&NHX:species=Tomato Cherry])S,(SLYcer04g05339.1[&&NHX:species=Tomato Cherry],Capana04g000732[&&NHX:species=Dom. pepper],Sopen04g030880.1[&&NHX:species=S. Pennelli])S)D)D)D,(((((Capana04g000738[&&NHX:species=Dom. pepper],Capang11g000274[&&NHX:species=Wild pepper])S,(Capang04g000706[&&NHX:species=Wild pepper],Capana04g000742[&&NHX:species=Dom. pepper])S)D,(Sopen04g030890.2[&&NHX:species=S. Pennelli],Sopen04g030890.1[&&NHX:species=S. Pennelli])D)S,((Capana04g000725[&&NHX:species=Dom. pepper],(SLYcer04g05347.1[&&NHX:species=Tomato Cherry],Capana11g000300[&&NHX:species=Dom. pepper])S)D,(SLYcer04g05348.1[&&NHX:species=Tomato Cherry],Capang04g000699[&&NHX:species=Wild pepper],Solyc04g077360.3.1[&&NHX:species=Tomato],Sopen04g030930.1[&&NHX:species=S. Pennelli])S)D)D,(((Sopen04g030910.1[&&NHX:species=S. Pennelli],Sopen04g030910.2[&&NHX:species=S. Pennelli])D,((SLYcer04g05346.1[&&NHX:species=Tomato Cherry],SPI04g04842.1[&&NHX:species=S. pimp])S,SPI04g04843.1[&&NHX:species=S. pimp])D)S,Capana04g000743[&&NHX:species=Dom. pepper])D)D)D,((((SPI04g04828.1[&&NHX:species=S. pimp],SLYcer04g05335.1[&&NHX:species=Tomato Cherry])S,SLYcer04g05334.1[&&NHX:species=Tomato Cherry])D,(SPI04g04829.1[&&NHX:species=S. pimp],Solyc04g077280.3.1[&&NHX:species=Tomato],Capana04g000740[&&NHX:species=Dom. pepper],Sopen04g030860.1[&&NHX:species=S. Pennelli])S)D,((PGSC0003DMP400008765[&&NHX:species=Potato],Capana04g000737[&&NHX:species=Dom. pepper])S,((Sopen04g030850.1[&&NHX:species=S. Pennelli],Capana04g000739[&&NHX:species=Dom. pepper],Capang04g000708[&&NHX:species=Wild pepper],SLYcer04g05333.1[&&NHX:species=Tomato Cherry],Solyc04g077270.4.1[&&NHX:species=Tomato],PGSC0003DMP400008766[&&NHX:species=Potato],SPI04g04827.1[&&NHX:species=S. pimp])S,PGSC0003DMP400008763[&&NHX:species=Potato])D)D)D)D)D,(((Sopen02g024760.1[&&NHX:species=S. Pennelli],SPI02g03293.1[&&NHX:species=S. pimp])S,(PGSC0003DMP400023929[&&NHX:species=Potato],Sopen05g001070.1[&&NHX:species=S. Pennelli],Capana11g001240[&&NHX:species=Dom. pepper])S,((Sopen10g018150.1[&&NHX:species=S. Pennelli],SLYcer09g01085.1[&&NHX:species=Tomato Cherry])S,((Capang04g002367[&&NHX:species=Wild pepper],Sopen02g024790.1[&&NHX:species=S. Pennelli])S,(Capana04g002760[&&NHX:species=Dom. pepper],SLYcer05g00095.1[&&NHX:species=Tomato Cherry],SPI05g00106.1[&&NHX:species=S. pimp])S)D)D)D,((PGSC0003DMP400033433[&&NHX:species=Potato],Solyc07g063750.3.1[&&NHX:species=Tomato],SPI07g06131.1[&&NHX:species=S. pimp])S,((((SLYcer07g05413.1[&&NHX:species=Tomato Cherry],SPI07g06133.1[&&NHX:species=S. pimp])S,SPI05g00576.1[&&NHX:species=S. pimp])D,Capang07g002276[&&NHX:species=Wild pepper],Capana07g002262[&&NHX:species=Dom. pepper],Sopen07g031880.1[&&NHX:species=S. Pennelli])S,(((Capang07g002273[&&NHX:species=Wild pepper],((Solyc07g063720.1.1[&&NHX:species=Tomato],PGSC0003DMP400033498[&&NHX:species=Potato])S,Solyc07g063730.3.1[&&NHX:species=Tomato])D,SPI07g06129.1[&&NHX:species=S. pimp],SLYcer07g05411.1[&&NHX:species=Tomato Cherry])S,Capang10g000038[&&NHX:species=Wild pepper])D,(((SLYcer07g05410.1[&&NHX:species=Tomato Cherry],Solyc07g063700.2.1[&&NHX:species=Tomato],PGSC0003DMP400033435[&&NHX:species=Potato],SPI07g06128.1[&&NHX:species=S. pimp])S,((Solyc07g063710.2.1[&&NHX:species=Tomato],Capana07g002252[&&NHX:species=Dom. pepper])S,Capana07g002251[&&NHX:species=Dom. pepper])D)D,(Solyc10g006720.4.1[&&NHX:species=Tomato],SLYcer10g00403.1[&&NHX:species=Tomato Cherry],Sopen10g002640.1[&&NHX:species=S. Pennelli],PGSC0003DMP400043385[&&NHX:species=Potato])S)D)D)D)D)D,(((SLYcer11g03955.1[&&NHX:species=Tomato Cherry],Capana11g000063[&&NHX:species=Dom. pepper],Solyc11g069630.1.1[&&NHX:species=Tomato],Sopen11g028340.1[&&NHX:species=S. Pennelli],SPI11g04021.1[&&NHX:species=S. pimp],Capang11g000059[&&NHX:species=Wild pepper],PGSC0003DMP400014242[&&NHX:species=Potato])S,(((Capana02g003187[&&NHX:species=Dom. pepper],PGSC0003DMP400061022[&&NHX:species=Potato],Sopen02g034610.1[&&NHX:species=S. Pennelli],Solyc02g089920.1.1[&&NHX:species=Tomato])S,(Solyc12g089020.2.1[&&NHX:species=Tomato],Sopen12g030920.1[&&NHX:species=S. Pennelli],PGSC0003DMP400060418[&&NHX:species=Potato],SLYcer12g04727.1[&&NHX:species=Tomato Cherry],SPI12g04686.1[&&NHX:species=S. pimp],Capana12g000681[&&NHX:species=Dom. pepper],Capang00g005408[&&NHX:species=Wild pepper])S)D,(PGSC0003DMP400069450[&&NHX:species=Potato],SLYcer02g05402.1[&&NHX:species=Tomato Cherry],SPI02g04325.1[&&NHX:species=S. pimp],Solyc02g089900.1.1[&&NHX:species=Tomato],Capana02g003188[&&NHX:species=Dom. pepper],Sopen02g034600.1[&&NHX:species=S. Pennelli],Capang02g002892[&&NHX:species=Wild pepper])S)D)D,(PGSC0003DMP400035096[&&NHX:species=Potato],SPI02g04718.1[&&NHX:species=S. pimp],Sopen02g038660.1[&&NHX:species=S. Pennelli],Capana02g003631[&&NHX:species=Dom. pepper],Capang02g003351[&&NHX:species=Wild pepper],SLYcer02g05796.1[&&NHX:species=Tomato Cherry],Solyc02g094010.2.1[&&NHX:species=Tomato])S)D,((Solyc01g094830.4.1[&&NHX:species=Tomato],SLYcer01g06959.1[&&NHX:species=Tomato Cherry],Sopen01g038610.1[&&NHX:species=S. Pennelli],SPI01g07207.1[&&NHX:species=S. pimp],Capang01g003530[&&NHX:species=Wild pepper],(PGSC0003DMP400000385[&&NHX:species=Potato],PGSC0003DMP400000386[&&NHX:species=Potato])D,Capana08g000947[&&NHX:species=Dom. pepper])S,(((Capang07g001590[&&NHX:species=Wild pepper],Capana07g001598[&&NHX:species=Dom. pepper],PGSC0003DMP400064918[&&NHX:species=Potato],Sopen07g026780.1[&&NHX:species=S. Pennelli],Solyc07g053220.2.1[&&NHX:species=Tomato])S,Capana00g000372[&&NHX:species=Dom. pepper])D,(((((PGSC0003DMP400014968[&&NHX:species=Potato],PGSC0003DMP400014967[&&NHX:species=Potato:length=-2.21494])D,PGSC0003DMP400014969[&&NHX:species=Potato:length=-2.65872])D,((PGSC0003DMP400045438[&&NHX:species=Potato],PGSC0003DMP400045383[&&NHX:species=Potato])D,PGSC0003DMP400045382[&&NHX:species=Potato])D)D,(SLYcer07g00681.1[&&NHX:species=Tomato Cherry],SLYcer07g00679.1[&&NHX:species=Tomato Cherry])D)S,((SLYcer07g00684.1[&&NHX:species=Tomato Cherry],SLYcer07g00682.1[&&NHX:species=Tomato Cherry])D,SPI07g00717.1[&&NHX:species=S. pimp],Solyc07g009443.1.1[&&NHX:species=Tomato])S)D)D)D,(((PGSC0003DMP400012233[&&NHX:species=Potato:length=-1.63725],PGSC0003DMP400012235[&&NHX:species=Potato])D,((Capana02g000993[&&NHX:species=Dom. pepper],Sopen02g016890.1[&&NHX:species=S. Pennelli],PGSC0003DMP400012234[&&NHX:species=Potato],SPI02g02460.1[&&NHX:species=S. pimp],Solyc02g067780.3.1[&&NHX:species=Tomato],Capang02g000909[&&NHX:species=Wild pepper])S,PGSC0003DMP400012232[&&NHX:species=Potato])D)D,((Capang07g001721[&&NHX:species=Wild pepper],PGSC0003DMP400028706[&&NHX:species=Potato])S,(Solyc05g005070.2.1[&&NHX:species=Tomato],Sopen05g001090.1[&&NHX:species=S. Pennelli],Capang11g001243[&&NHX:species=Wild pepper])S,(Capana07g001729[&&NHX:species=Dom. pepper],PGSC0003DMP400023926[&&NHX:species=Potato])S)D,(((Solyc03g112730.4.1[&&NHX:species=Tomato],Solyc05g005050.3.1[&&NHX:species=Tomato])D,PGSC0003DMP400001024[&&NHX:species=Potato],Capang02g003247[&&NHX:species=Wild pepper])S,(((Capang02g003249[&&NHX:species=Wild pepper],Solyc02g086590.3.1[&&NHX:species=Tomato],Capana02g003525[&&NHX:species=Dom. pepper],PGSC0003DMP400001023[&&NHX:species=Potato],SLYcer02g05069.1[&&NHX:species=Tomato Cherry],Sopen02g031350.1[&&NHX:species=S. Pennelli],SPI02g04006.1[&&NHX:species=S. pimp])S,PGSC0003DMP400037082[&&NHX:species=Potato])D,SPI03g04504.1[&&NHX:species=S. pimp])D)D,(SLYcer05g01929.1[&&NHX:species=Tomato Cherry],Solyc05g018930.1.1[&&NHX:species=Tomato],Sopen05g016420.1[&&NHX:species=S. Pennelli])S,((((Capang08g000054[&&NHX:species=Wild pepper],Solyc01g007960.3.1[&&NHX:species=Tomato],Sopen01g003510.1[&&NHX:species=S. Pennelli])S,(Capana10g001366[&&NHX:species=Dom. pepper],Capang06g001840[&&NHX:species=Wild pepper])S)D,(Sopen01g003520.1[&&NHX:species=S. Pennelli],Solyc01g007980.4.1[&&NHX:species=Tomato])S)D,(((Sopen01g003540.1[&&NHX:species=S. Pennelli],Solyc01g007990.4.1[&&NHX:species=Tomato])S,Solyc01g007970.2.1[&&NHX:species=Tomato])D,PGSC0003DMP400023928[&&NHX:species=Potato])S)D)D,((((Capana02g002109[&&NHX:species=Dom. pepper],PGSC0003DMP400024482[&&NHX:species=Potato],SLYcer02g04360.1[&&NHX:species=Tomato Cherry],Solyc02g079640.3.1[&&NHX:species=Tomato],SPI02g03259.1[&&NHX:species=S. pimp])S,Capana02g002111[&&NHX:species=Dom. pepper])D,(Solyc03g006780.2.1[&&NHX:species=Tomato],Sopen03g002780.1[&&NHX:species=S. Pennelli])S)D,(((SLYcer03g00261.1[&&NHX:species=Tomato Cherry],SPI03g00461.1[&&NHX:species=S. pimp])S,(SPI03g00472.1[&&NHX:species=S. pimp],Sopen03g002770.1[&&NHX:species=S. Pennelli],PGSC0003DMP400008991[&&NHX:species=Potato],Solyc03g006770.4.1[&&NHX:species=Tomato],Capang04g002243[&&NHX:species=Wild pepper],Capana04g002585[&&NHX:species=Dom. pepper])S[&&NHX:length=-1.58761])D,((SLYcer02g04358.1[&&NHX:species=Tomato Cherry],Sopen02g024410.1[&&NHX:species=S. Pennelli],SPI02g03257.1[&&NHX:species=S. pimp],Solyc02g079590.3.1[&&NHX:species=Tomato],PGSC0003DMP400024486[&&NHX:species=Potato])S,(PGSC0003DMP400024485[&&NHX:species=Potato],Capana02g002115[&&NHX:species=Dom. pepper])S)D)D)D,((Capang07g001567[&&NHX:species=Wild pepper],Sopen07g026630.1[&&NHX:species=S. Pennelli],Capana07g001582[&&NHX:species=Dom. pepper],Solyc07g053080.4.1[&&NHX:species=Tomato],PGSC0003DMP400045385[&&NHX:species=Potato],SLYcer07g04814.1[&&NHX:species=Tomato Cherry],SPI07g05534.1[&&NHX:species=S. pimp])S,(Capana07g001584[&&NHX:species=Dom. pepper],(PGSC0003DMP400045434[&&NHX:species=Potato],PGSC0003DMP400045435[&&NHX:species=Potato],PGSC0003DMP400045433[&&NHX:species=Potato])D,Capang07g001569[&&NHX:species=Wild pepper],SPI07g05540.1[&&NHX:species=S. pimp],Solyc07g053100.4.1[&&NHX:species=Tomato],Sopen07g026640.1[&&NHX:species=S. Pennelli],SLYcer07g04818.1[&&NHX:species=Tomato Cherry])S)D,(((Sopen07g026670.1[&&NHX:species=S. Pennelli],PGSC0003DMP400045381[&&NHX:species=Potato])S,(Solyc09g018490.4.1[&&NHX:species=Tomato],SLYcer09g01695.1[&&NHX:species=Tomato Cherry],Sopen09g011740.1[&&NHX:species=S. Pennelli],PGSC0003DMP400029773[&&NHX:species=Potato])S)D,(Capana01g004124[&&NHX:species=Dom. pepper],Capana00g002225[&&NHX:species=Dom. pepper])D)S,(((SLYcer01g00442.1[&&NHX:species=Tomato Cherry],SPI01g00469.1[&&NHX:species=S. pimp])S,((SPI02g03258.1[&&NHX:species=S. pimp],SLYcer02g04359.1[&&NHX:species=Tomato Cherry],Capana02g002110[&&NHX:species=Dom. pepper],PGSC0003DMP400067047[&&NHX:species=Potato])S,PGSC0003DMP400056963[&&NHX:species=Potato])D)D,((((((Sopen07g031910.2[&&NHX:species=S. Pennelli],Sopen07g031910.1[&&NHX:species=S. Pennelli])D,Capana07g002261[&&NHX:species=Dom. pepper],PGSC0003DMP400033421[&&NHX:species=Potato],Solyc07g063800.2.1[&&NHX:species=Tomato])S,((PGSC0003DMP400033424[&&NHX:species=Potato],PGSC0003DMP400033428[&&NHX:species=Potato],PGSC0003DMP400033423[&&NHX:species=Potato],PGSC0003DMP400033425[&&NHX:species=Potato],PGSC0003DMP400033427[&&NHX:species=Potato])D,Solyc02g079620.3.1[&&NHX:species=Tomato])S)D,(((Solyc12g005290.2.1[&&NHX:species=Tomato],PGSC0003DMP400037773[&&NHX:species=Potato],Capang07g002274[&&NHX:species=Wild pepper],(Sopen12g001270.1[&&NHX:species=S. Pennelli],Sopen12g001270.2[&&NHX:species=S. Pennelli])D)S,PGSC0003DMP400037774[&&NHX:species=Potato])D,(((((SLYcer07g05415.1[&&NHX:species=Tomato Cherry],SPI07g06134.1[&&NHX:species=S. pimp],PGSC0003DMP400033491[&&NHX:species=Potato],Solyc07g063810.2.1[&&NHX:species=Tomato])S,PGSC0003DMP400033422[&&NHX:species=Potato])D,Solyc07g063780.2.1[&&NHX:species=Tomato])D,(Capana07g002257[&&NHX:species=Dom. pepper],(Capana09g000429[&&NHX:species=Dom. pepper],Capana07g002259[&&NHX:species=Dom. pepper])D)D)S,Capana07g002254[&&NHX:species=Dom. pepper])D)D)D,((((Sopen10g002630.3[&&NHX:species=S. Pennelli],Solyc10g006710.4.1[&&NHX:species=Tomato],SPI10g00272.1[&&NHX:species=S. pimp])S,Sopen10g002630.2[&&NHX:species=S. Pennelli])D,Capana10g000044[&&NHX:species=Dom. pepper])S,((Sopen07g031900.1[&&NHX:species=S. Pennelli],Solyc07g063770.3.1[&&NHX:species=Tomato],PGSC0003DMP400033493[&&NHX:species=Potato],SLYcer07g05414.1[&&NHX:species=Tomato Cherry],SPI07g06132.1[&&NHX:species=S. pimp])S,((PGSC0003DMP400033420[&&NHX:species=Potato],Sopen07g031920.1[&&NHX:species=S. Pennelli],(Capana07g002260[&&NHX:species=Dom. pepper],Capana07g002269[&&NHX:species=Dom. pepper])D,SLYcer07g05416.1[&&NHX:species=Tomato Cherry],Solyc07g063820.3.1[&&NHX:species=Tomato])S,PGSC0003DMP400033419[&&NHX:species=Potato])D)D)D)D,(Capana10g000040[&&NHX:species=Dom. pepper],((PGSC0003DMP400037772[&&NHX:species=Potato],PGSC0003DMP400033418[&&NHX:species=Potato])D,Solyc10g006690.4.1[&&NHX:species=Tomato],Sopen10g002610.1[&&NHX:species=S. Pennelli],SLYcer10g00400.1[&&NHX:species=Tomato Cherry],Capana10g000042[&&NHX:species=Dom. pepper])S)D)D)D,((SPI02g00380.1[&&NHX:species=S. pimp],SLYcer02g01418.1[&&NHX:species=Tomato Cherry])S,((SPI04g04831.1[&&NHX:species=S. pimp],SLYcer04g05337.1[&&NHX:species=Tomato Cherry],Capang04g000705[&&NHX:species=Wild pepper])S,(SLYcer03g05219.1[&&NHX:species=Tomato Cherry],PGSC0003DMP400010042[&&NHX:species=Potato])S,(((SLYcer10g00402.1[&&NHX:species=Tomato Cherry],SPI10g00271.1[&&NHX:species=S. pimp],Sopen10g002630.1[&&NHX:species=S. Pennelli])S,Sopen04g030960.1[&&NHX:species=S. Pennelli])D,Capang00g001442[&&NHX:species=Wild pepper])S)D,((PGSC0003DMP400038888[&&NHX:species=Potato],PGSC0003DMP400038889[&&NHX:species=Potato],PGSC0003DMP400038887[&&NHX:species=Potato],PGSC0003DMP400033492[&&NHX:species=Potato])D,SLYcer12g00112.1[&&NHX:species=Tomato Cherry],Solyc04g077320.2.1[&&NHX:species=Tomato])S,(((PGSC0003DMP400033494[&&NHX:species=Potato],PGSC0003DMP400033496[&&NHX:species=Potato],PGSC0003DMP400033495[&&NHX:species=Potato])D,SPI07g00712.1[&&NHX:species=S. pimp],Capana07g001909[&&NHX:species=Dom. pepper],SLYcer07g00674.1[&&NHX:species=Tomato Cherry])S,(Capang02g000013[&&NHX:species=Wild pepper],SLYcer07g00685.1[&&NHX:species=Tomato Cherry],Solyc07g009440.2.1[&&NHX:species=Tomato],Capana02g000074[&&NHX:species=Dom. pepper])S)D,(Capana04g000747[&&NHX:species=Dom. pepper],SLYcer04g05351.1[&&NHX:species=Tomato Cherry])S,(((Capang04g000701[&&NHX:species=Wild pepper],SLYcer05g01642.1[&&NHX:species=Tomato Cherry],SPI05g02147.1[&&NHX:species=S. pimp])S,(SLYcer11g03007.1[&&NHX:species=Tomato Cherry],PGSC0003DMP400057945[&&NHX:species=Potato])S)D,(SPI02g01353.1[&&NHX:species=S. pimp],Sopen02g009640.1[&&NHX:species=S. Pennelli],SLYcer02g02459.1[&&NHX:species=Tomato Cherry],Capana07g002255[&&NHX:species=Dom. pepper],Solyc02g030380.3.1[&&NHX:species=Tomato])S)D,((SLYcer12g00312.1[&&NHX:species=Tomato Cherry],SPI12g00339.1[&&NHX:species=S. pimp],Capana09g000349[&&NHX:species=Dom. pepper])S,Capana03g000341[&&NHX:species=Dom. pepper])D)D,(((((Solyc03g005960.3.1[&&NHX:species=Tomato],Sopen03g001960.1[&&NHX:species=S. Pennelli],SPI03g00309.1[&&NHX:species=S. pimp],Capana04g002757[&&NHX:species=Dom. pepper])S,((Capang04g002232[&&NHX:species=Wild pepper],Capana04g002752[&&NHX:species=Dom. pepper])S,((Capang04g002360[&&NHX:species=Wild pepper],Capang04g002364[&&NHX:species=Wild pepper])D,Capana00g001094[&&NHX:species=Dom. pepper])S)D)D,(((((Capana02g001684[&&NHX:species=Dom. pepper],Capana02g001686[&&NHX:species=Dom. pepper])D,Capang02g001513[&&NHX:species=Wild pepper])S,((Capang02g001514[&&NHX:species=Wild pepper],Capana02g001687[&&NHX:species=Dom. pepper],Solyc02g071800.3.1[&&NHX:species=Tomato],(Sopen02g020780.2[&&NHX:species=S. Pennelli],Sopen02g020780.1[&&NHX:species=S. Pennelli])D)S,Capana02g001682[&&NHX:species=Dom. pepper])D)D,((SLYcer02g03989.1[&&NHX:species=Tomato Cherry],SPI02g02885.1[&&NHX:species=S. pimp],Capana02g001681[&&NHX:species=Dom. pepper],(PGSC0003DMP400024273[&&NHX:species=Potato],PGSC0003DMP400024274[&&NHX:species=Potato])D,Sopen02g020860.1[&&NHX:species=S. Pennelli])S,(PGSC0003DMP400023346[&&NHX:species=Potato],Sopen02g020790.1[&&NHX:species=S. Pennelli],Capana04g002753[&&NHX:species=Dom. pepper])S)D)D,Capana04g002758[&&NHX:species=Dom. pepper])D)D,((Capana09g000758[&&NHX:species=Dom. pepper],((Solyc12g014350.3.1[&&NHX:species=Tomato],PGSC0003DMP400026987[&&NHX:species=Potato],SLYcer12g00858.1[&&NHX:species=Tomato Cherry],SPI12g00907.1[&&NHX:species=S. pimp],Sopen12g006120.1[&&NHX:species=S. Pennelli])S,PGSC0003DMP400049858[&&NHX:species=Potato])D,Capang09g000693[&&NHX:species=Wild pepper])S,(PGSC0003DMP400049857[&&NHX:species=Potato],PGSC0003DMP400049859[&&NHX:species=Potato])D)D)D,(((Capana07g002465[&&NHX:species=Dom. pepper],(Capang07g002458[&&NHX:species=Wild pepper],SLYcer07g05693.1[&&NHX:species=Tomato Cherry],Solyc07g066550.4.1[&&NHX:species=Tomato],SPI07g06410.1[&&NHX:species=S. pimp],Capana07g002464[&&NHX:species=Dom. pepper],Sopen07g034710.1[&&NHX:species=S. Pennelli])S)D,((SLYcer07g05093.1[&&NHX:species=Tomato Cherry],Sopen02g020860.2[&&NHX:species=S. Pennelli],Solyc02g071870.4.1[&&NHX:species=Tomato])S,((SLYcer02g03992.1[&&NHX:species=Tomato Cherry],Sopen02g020860.3[&&NHX:species=S. Pennelli])S,Sopen02g020800.1[&&NHX:species=S. Pennelli])D,((PGSC0003DMP400049536[&&NHX:species=Potato],Solyc02g071880.3.1[&&NHX:species=Tomato],Sopen02g020870.1[&&NHX:species=S. Pennelli])S,(Capana02g001676[&&NHX:species=Dom. pepper],Capang02g001506[&&NHX:species=Wild pepper],PGSC0003DMP400049530[&&NHX:species=Potato])S)D)D)D,((((Solyc02g071820.4.1[&&NHX:species=Tomato],Sopen02g020810.1[&&NHX:species=S. Pennelli],SLYcer02g03983.1[&&NHX:species=Tomato Cherry],SPI02g02874.1[&&NHX:species=S. pimp])S,Sopen08g031250.1[&&NHX:species=S. Pennelli])D,(PGSC0003DMP400049533[&&NHX:species=Potato],Solyc02g071810.4.1[&&NHX:species=Tomato],SPI02g02873.1[&&NHX:species=S. pimp],SLYcer02g03982.1[&&NHX:species=Tomato Cherry],Capana02g001679[&&NHX:species=Dom. pepper],Capang02g001510[&&NHX:species=Wild pepper])S)D,(Capang02g001507[&&NHX:species=Wild pepper],Sopen02g020850.1[&&NHX:species=S. Pennelli],SLYcer02g03988.1[&&NHX:species=Tomato Cherry],Capana02g001677[&&NHX:species=Dom. pepper],Solyc02g071860.4.1[&&NHX:species=Tomato],SPI02g02884.1[&&NHX:species=S. pimp])S)D)D)D,(((Solyc02g079690.1.1[&&NHX:species=Tomato],PGSC0003DMP400024475[&&NHX:species=Potato])S,((PGSC0003DMP400024471[&&NHX:species=Potato],SLYcer02g04362.1[&&NHX:species=Tomato Cherry],Sopen02g024470.1[&&NHX:species=S. Pennelli],Solyc02g079710.4.1[&&NHX:species=Tomato])S,(PGSC0003DMP400024476[&&NHX:species=Potato],Capana02g002108[&&NHX:species=Dom. pepper],Capang02g001908[&&NHX:species=Wild pepper])S)D[&&NHX:length=-2.45037])D,((SLYcer04g05350.1[&&NHX:species=Tomato Cherry],Capana04g000724[&&NHX:species=Dom. pepper],(Sopen04g030950.1[&&NHX:species=S. Pennelli],Sopen04g030950.2[&&NHX:species=S. Pennelli])D,Solyc04g077370.2.1[&&NHX:species=Tomato],PGSC0003DMP400008760[&&NHX:species=Potato],SPI04g04847.1[&&NHX:species=S. pimp])S,(((SLYcer04g05353.1[&&NHX:species=Tomato Cherry],SPI04g04849.1[&&NHX:species=S. pimp],Solyc04g077390.3.1[&&NHX:species=Tomato],PGSC0003DMP400008805[&&NHX:species=Potato],Sopen04g030980.1[&&NHX:species=S. Pennelli],Capana04g000723[&&NHX:species=Dom. pepper])S,PGSC0003DMP400008803[&&NHX:species=Potato])D,(SLYcer04g05352.1[&&NHX:species=Tomato Cherry],SPI04g04848.1[&&NHX:species=S. pimp],Solyc04g077380.2.1[&&NHX:species=Tomato])S)D)D)D,((((Capana03g003639[&&NHX:species=Dom. pepper],Sopen09g008910.1[&&NHX:species=S. Pennelli],PGSC0003DMP400034728[&&NHX:species=Potato])S,PGSC0003DMP400029894[&&NHX:species=Potato])D,((SLYcer09g01365.1[&&NHX:species=Tomato Cherry],SPI09g01219.1[&&NHX:species=S. pimp],Capang03g003547[&&NHX:species=Wild pepper],PGSC0003DMP400011517[&&NHX:species=Potato],Solyc09g015240.1.1[&&NHX:species=Tomato])S,(PGSC0003DMP400029893[&&NHX:species=Potato],((Sopen09g008900.1[&&NHX:species=S. Pennelli],PGSC0003DMP400011516[&&NHX:species=Potato])S,PGSC0003DMP400011896[&&NHX:species=Potato])D)D)D)D,(SPI06g03808.1[&&NHX:species=S. pimp],SLYcer06g03936.1[&&NHX:species=Tomato Cherry])S)D,((Solyc02g094580.3.1[&&NHX:species=Tomato],Capana02g003684[&&NHX:species=Dom. pepper],Capang02g003407[&&NHX:species=Wild pepper],PGSC0003DMP400035046[&&NHX:species=Potato])S,(Capana04g002581[&&NHX:species=Dom. pepper],(Capang00g002665[&&NHX:species=Wild pepper],Capana01g004044[&&NHX:species=Dom. pepper])S)D,(Capang07g000275[&&NHX:species=Wild pepper],Capana07g000274[&&NHX:species=Dom. pepper])S)D)D;	52	37	457	Sopen07g005210.2,Sopen07g005210.1,Capang00g000836,Sopen02g009620.1,Sopen02g009620.2,Capang09g000392,SLYcer04g04320.1,Solyc04g077340.3.1,PGSC0003DMP400016452,SPI04g04844.1,SPI04g04845.1,SLYcer02g03563.1,Capang08g001005,Capana07g001585,Capana07g002253,Solyc04g077300.3.1,SPI04g04833.1,Capana00g001988,Sopen02g024450.1,SLYcer04g05342.1,SPI04g04836.1,SPI02g02887.1,PGSC0003DMP400014939,Capana02g002113,SPI10g00269.1,Capana04g000730,Capang10g000041,Capana07g000281,Capana06g001960,Solyc09g015230.1.1,PGSC0003DMP400033434,Sopen07g031890.1
OG27634	((((Solyc12g036150.1.1[&&NHX:species=Tomato],SPI12g03164.1[&&NHX:species=S. pimp],SLYcer12g03177.1[&&NHX:species=Tomato Cherry])S,((SPI10g01223.1[&&NHX:species=S. pimp],Solyc05g014390.4.1[&&NHX:species=Tomato],SLYcer10g01364.1[&&NHX:species=Tomato Cherry],PGSC0003DMP400054453[&&NHX:species=Potato])S,((PGSC0003DMP400015070[&&NHX:species=Potato],Capana09g000830[&&NHX:species=Dom. pepper])S,PGSC0003DMP400016015[&&NHX:species=Potato])D)D)D,(Solyc11g065720.2.1[&&NHX:species=Tomato],PGSC0003DMP400013020[&&NHX:species=Potato])S,((Solyc06g036480.2.1[&&NHX:species=Tomato],PGSC0003DMP400011653[&&NHX:species=Potato])S,(Capana01g002893[&&NHX:species=Dom. pepper],PGSC0003DMP400030466[&&NHX:species=Potato])S)D,(((Capang08g000818[&&NHX:species=Wild pepper],PGSC0003DMP400007794[&&NHX:species=Potato],SPI12g03165.1[&&NHX:species=S. pimp],SLYcer12g03178.1[&&NHX:species=Tomato Cherry],Solyc12g036160.3.1[&&NHX:species=Tomato],Capana01g002484[&&NHX:species=Dom. pepper])S,Capang03g003678[&&NHX:species=Wild pepper])D,(((PGSC0003DMP400024880[&&NHX:species=Potato],PGSC0003DMP400024879[&&NHX:species=Potato])D,Capang00g005033[&&NHX:species=Wild pepper])S,PGSC0003DMP400016013[&&NHX:species=Potato])D)D,((Sopen10g009540.1[&&NHX:species=S. Pennelli],Capana03g002854[&&NHX:species=Dom. pepper],Capang03g002841[&&NHX:species=Wild pepper])S,(SPI12g04178.1[&&NHX:species=S. pimp],PGSC0003DMP400017296[&&NHX:species=Potato],SLYcer12g04240.1[&&NHX:species=Tomato Cherry],Sopen12g023180.1[&&NHX:species=S. Pennelli])S)D)D,((Sopen09g029840.1[&&NHX:species=S. Pennelli],(PGSC0003DMP400020140[&&NHX:species=Potato],PGSC0003DMP400020141[&&NHX:species=Potato])D,Capana00g003079[&&NHX:species=Dom. pepper],Capang00g000757[&&NHX:species=Wild pepper],SPI09g04148.1[&&NHX:species=S. pimp],Solyc09g075020.3.1[&&NHX:species=Tomato],SLYcer09g04339.1[&&NHX:species=Tomato Cherry])S,((Sopen01g032440.1[&&NHX:species=S. Pennelli],PGSC0003DMP400011135[&&NHX:species=Potato])S,(((PGSC0003DMP400011133[&&NHX:species=Potato],Capang01g002750[&&NHX:species=Wild pepper])S,(Capana01g003075[&&NHX:species=Dom. pepper],Capang01g002753[&&NHX:species=Wild pepper])S)D,(PGSC0003DMP400011134[&&NHX:species=Potato],Solyc01g080640.3.1[&&NHX:species=Tomato],SPI01g06503.1[&&NHX:species=S. pimp],SLYcer01g06203.1[&&NHX:species=Tomato Cherry],Capana01g003068[&&NHX:species=Dom. pepper])S)D)D)D,(((((PGSC0003DMP400030607[&&NHX:species=Potato],(PGSC0003DMP400008122[&&NHX:species=Potato],Capang02g001416[&&NHX:species=Wild pepper])S)D,(PGSC0003DMP400013130[&&NHX:species=Potato],Capang11g000283[&&NHX:species=Wild pepper],Capana11g000302[&&NHX:species=Dom. pepper])S)D,(Capang02g001415[&&NHX:species=Wild pepper],Capana07g000371[&&NHX:species=Dom. pepper])S)D,(SLYcer12g04281.1[&&NHX:species=Tomato Cherry],Solyc12g049130.1.1[&&NHX:species=Tomato],Capang00g005471[&&NHX:species=Wild pepper],Capana11g001083[&&NHX:species=Dom. pepper])S)D,((Sopen03g034030.1[&&NHX:species=S. Pennelli],SLYcer03g04689.1[&&NHX:species=Tomato Cherry],Capang03g000829[&&NHX:species=Wild pepper],PGSC0003DMP400042445[&&NHX:species=Potato],Capana03g000902[&&NHX:species=Dom. pepper],SPI03g04745.1[&&NHX:species=S. pimp])S,(Solyc03g114950.2.1[&&NHX:species=Tomato],SPI05g01099.1[&&NHX:species=S. pimp],Capana00g000195[&&NHX:species=Dom. pepper],PGSC0003DMP400042448[&&NHX:species=Potato])S)D,(Capana02g002282[&&NHX:species=Dom. pepper],((Capana04g002006[&&NHX:species=Dom. pepper],Capang04g001818[&&NHX:species=Wild pepper])S,(Solyc05g013890.3.1[&&NHX:species=Tomato],Capana11g000311[&&NHX:species=Dom. pepper],Capang11g000282[&&NHX:species=Wild pepper],PGSC0003DMP400002560[&&NHX:species=Potato])S)D)D,((Sopen09g017780.1[&&NHX:species=S. Pennelli],Capana09g001350[&&NHX:species=Dom. pepper],Capang09g000936[&&NHX:species=Wild pepper],Solyc09g055350.3.1[&&NHX:species=Tomato])S,(SLYcer09g02432.1[&&NHX:species=Tomato Cherry],Capana09g001348[&&NHX:species=Dom. pepper],SPI09g02349.1[&&NHX:species=S. pimp],Capang09g000934[&&NHX:species=Wild pepper])S)D,((Capang03g002322[&&NHX:species=Wild pepper],Sopen03g005200.4[&&NHX:species=S. Pennelli],Capana03g002400[&&NHX:species=Dom. pepper])S,(Solyc03g026310.4.1[&&NHX:species=Tomato],Sopen03g005200.3[&&NHX:species=S. Pennelli])S)D,((Capang04g001820[&&NHX:species=Wild pepper],Capana04g002008[&&NHX:species=Dom. pepper],Solyc12g070270.2.1[&&NHX:species=Tomato])S,(Capana12g000726[&&NHX:species=Dom. pepper],Capang12g000607[&&NHX:species=Wild pepper],Sopen12g027430.1[&&NHX:species=S. Pennelli],SPI12g02351.1[&&NHX:species=S. pimp],SLYcer12g02578.1[&&NHX:species=Tomato Cherry],Solyc03g122070.3.1[&&NHX:species=Tomato])S)D)D,((((Capana10g000944[&&NHX:species=Dom. pepper],Capana10g000926[&&NHX:species=Dom. pepper])D,Capang10g000738[&&NHX:species=Wild pepper])S,(Capang03g003082[&&NHX:species=Wild pepper],Capana03g003186[&&NHX:species=Dom. pepper])S)D,(Capang12g000899[&&NHX:species=Wild pepper],Solyc07g065770.3.1[&&NHX:species=Tomato],SPI07g06333.1[&&NHX:species=S. pimp])S)D,((((((Solyc02g071340.2.1[&&NHX:species=Tomato],Capang02g001417[&&NHX:species=Wild pepper],Capana02g001595[&&NHX:species=Dom. pepper],SLYcer02g03934.1[&&NHX:species=Tomato Cherry],SPI02g02830.1[&&NHX:species=S. pimp])S,(Solyc02g071350.3.1[&&NHX:species=Tomato],PGSC0003DMP400005531[&&NHX:species=Potato],Sopen02g020400.1[&&NHX:species=S. Pennelli],Capana02g001602[&&NHX:species=Dom. pepper],Capang02g001425[&&NHX:species=Wild pepper])S)D,(Capang02g001422[&&NHX:species=Wild pepper],Capana02g001600[&&NHX:species=Dom. pepper])S)D,Capana02g001593[&&NHX:species=Dom. pepper])D,(Capana04g002807[&&NHX:species=Dom. pepper],SLYcer03g00157.1[&&NHX:species=Tomato Cherry],PGSC0003DMP400023753[&&NHX:species=Potato],Sopen03g001870.1[&&NHX:species=S. Pennelli],Solyc03g005860.4.1[&&NHX:species=Tomato],Capang04g002405[&&NHX:species=Wild pepper],SPI03g00300.1[&&NHX:species=S. pimp])S)D,(((Solyc12g098840.3.1[&&NHX:species=Tomato],SPI12g05037.1[&&NHX:species=S. pimp],SLYcer12g05085.1[&&NHX:species=Tomato Cherry],Capang12g000180[&&NHX:species=Wild pepper],Sopen12g033590.1[&&NHX:species=S. Pennelli])S,((SLYcer12g05088.1[&&NHX:species=Tomato Cherry],SPI12g05040.1[&&NHX:species=S. pimp],Solyc12g098870.3.1[&&NHX:species=Tomato],PGSC0003DMP400008291[&&NHX:species=Potato],Sopen12g033620.1[&&NHX:species=S. Pennelli])S,Sopen00g008460.1[&&NHX:species=S. Pennelli])D)D,((Solyc06g009290.4.1[&&NHX:species=Tomato],Capang00g000672[&&NHX:species=Wild pepper],Sopen06g004030.1[&&NHX:species=S. Pennelli],SPI06g00424.1[&&NHX:species=S. pimp],SLYcer06g00642.1[&&NHX:species=Tomato Cherry],PGSC0003DMP400012921[&&NHX:species=Potato])S,(SPI06g00423.1[&&NHX:species=S. pimp],PGSC0003DMP400012920[&&NHX:species=Potato],Sopen06g004020.1[&&NHX:species=S. Pennelli],Solyc06g009280.1.1[&&NHX:species=Tomato])S)D)D)D,(((SPI02g03466.1[&&NHX:species=S. pimp],Solyc02g081870.4.1[&&NHX:species=Tomato],SLYcer02g04572.1[&&NHX:species=Tomato Cherry],Capana02g002352[&&NHX:species=Dom. pepper],Sopen02g026490.1[&&NHX:species=S. Pennelli])S,(SPI06g05138.1[&&NHX:species=S. pimp],Capang06g000321[&&NHX:species=Wild pepper],Capana06g000355[&&NHX:species=Dom. pepper],SLYcer06g05248.1[&&NHX:species=Tomato Cherry],Solyc06g076930.2.1[&&NHX:species=Tomato],Sopen06g033330.1[&&NHX:species=S. Pennelli])S)D,((((((Capana12g000324[&&NHX:species=Dom. pepper],Solyc12g098210.3.1[&&NHX:species=Tomato],SLYcer12g04997.1[&&NHX:species=Tomato Cherry],SPI12g04955.1[&&NHX:species=S. pimp],Sopen12g033030.1[&&NHX:species=S. Pennelli],Capang12g000266[&&NHX:species=Wild pepper])S,(((PGSC0003DMP400051611[&&NHX:species=Potato],Capana12g000323[&&NHX:species=Dom. pepper])S,PGSC0003DMP400051609[&&NHX:species=Potato])D,(SLYcer09g05103.1[&&NHX:species=Tomato Cherry],Capana03g004014[&&NHX:species=Dom. pepper],Sopen09g034570.1[&&NHX:species=S. Pennelli],Solyc09g091660.3.1[&&NHX:species=Tomato],Capang04g002279[&&NHX:species=Wild pepper])S)D)D,((Solyc12g100190.2.1[&&NHX:species=Tomato],Solyc12g100180.2.1[&&NHX:species=Tomato])D,(Sopen12g034820.1[&&NHX:species=S. Pennelli],Sopen12g034810.1[&&NHX:species=S. Pennelli])D,((Capana12g000038[&&NHX:species=Dom. pepper],(Capang12g000042[&&NHX:species=Wild pepper],Capana12g000039[&&NHX:species=Dom. pepper])S)D,(Capang12g000034[&&NHX:species=Wild pepper],Capana12g000032[&&NHX:species=Dom. pepper])S)D)S)D,(PGSC0003DMP400051612[&&NHX:species=Potato],Sopen09g034580.1[&&NHX:species=S. Pennelli],Capana03g004013[&&NHX:species=Dom. pepper],Solyc09g091670.3.1[&&NHX:species=Tomato],SPI09g04779.1[&&NHX:species=S. pimp],SLYcer09g05104.1[&&NHX:species=Tomato Cherry])S)D,((((((SLYcer10g02283.1[&&NHX:species=Tomato Cherry],SPI05g04677.1[&&NHX:species=S. pimp])S,SPI05g04678.1[&&NHX:species=S. pimp])D,SLYcer10g02284.1[&&NHX:species=Tomato Cherry])D,((Sopen05g032100.1[&&NHX:species=S. Pennelli],Sopen05g032120.1[&&NHX:species=S. Pennelli])D,Sopen05g032110.1[&&NHX:species=S. Pennelli])D)S,((Solyc05g053610.2.1[&&NHX:species=Tomato],Sopen05g032130.1[&&NHX:species=S. Pennelli],PGSC0003DMP400023214[&&NHX:species=Potato],SLYcer10g02282.1[&&NHX:species=Tomato Cherry],SPI05g04679.1[&&NHX:species=S. pimp])S,PGSC0003DMP400023219[&&NHX:species=Potato])D)D,(Capang05g001816[&&NHX:species=Wild pepper],(Capang05g001818[&&NHX:species=Wild pepper],Capang05g001817[&&NHX:species=Wild pepper])D)D,((Capana05g002268[&&NHX:species=Dom. pepper],Capana05g002267[&&NHX:species=Dom. pepper])D,Capana05g002266[&&NHX:species=Dom. pepper])D)S)D,(((PGSC0003DMP400004676[&&NHX:species=Potato],(SPI03g05357.1[&&NHX:species=S. pimp],SLYcer03g05317.1[&&NHX:species=Tomato Cherry],PGSC0003DMP400004674[&&NHX:species=Potato],Solyc03g120980.3.1[&&NHX:species=Tomato],Capana03g000253[&&NHX:species=Dom. pepper],Capang03g000241[&&NHX:species=Wild pepper],Sopen03g039810.1[&&NHX:species=S. Pennelli])S)D,PGSC0003DMP400062414[&&NHX:species=Potato])D,(Sopen01g044530.1[&&NHX:species=S. Pennelli],(Capang01g004238[&&NHX:species=Wild pepper],Capang01g004239[&&NHX:species=Wild pepper])D,Solyc01g101070.3.1[&&NHX:species=Tomato])S)D)D)D,((Solyc12g019620.2.1[&&NHX:species=Tomato],SPI06g02723.1[&&NHX:species=S. pimp])S,(SPI06g02724.1[&&NHX:species=S. pimp],Capana04g002608[&&NHX:species=Dom. pepper],Capang00g002217[&&NHX:species=Wild pepper],Solyc06g036240.2.1[&&NHX:species=Tomato],SLYcer06g02922.1[&&NHX:species=Tomato Cherry])S,(Capana12g002282[&&NHX:species=Dom. pepper],(((Capana12g002302[&&NHX:species=Dom. pepper],Capana12g002283[&&NHX:species=Dom. pepper])D,SLYcer11g00333.1[&&NHX:species=Tomato Cherry],PGSC0003DMP400033861[&&NHX:species=Potato],SPI11g00484.1[&&NHX:species=S. pimp])S,((Sopen11g003170.1[&&NHX:species=S. Pennelli],Solyc11g007280.3.1[&&NHX:species=Tomato],Capana12g002300[&&NHX:species=Dom. pepper])S,(Sopen11g003180.1[&&NHX:species=S. Pennelli],Solyc11g007290.1.1[&&NHX:species=Tomato])S)D)D)D,((Solyc11g007300.2.1[&&NHX:species=Tomato],SLYcer11g00334.1[&&NHX:species=Tomato Cherry],PGSC0003DMP400033862[&&NHX:species=Potato],Capana12g002281[&&NHX:species=Dom. pepper],Sopen11g003190.1[&&NHX:species=S. Pennelli])S,(Capang11g000231[&&NHX:species=Wild pepper],SLYcer11g03764.1[&&NHX:species=Tomato Cherry],Sopen11g026710.1[&&NHX:species=S. Pennelli],PGSC0003DMP400046125[&&NHX:species=Potato],Solyc11g067000.3.1[&&NHX:species=Tomato],SPI11g03829.1[&&NHX:species=S. pimp],Capana11g000224[&&NHX:species=Dom. pepper])S)D,((((Capang05g002003[&&NHX:species=Wild pepper],PGSC0003DMP400040659[&&NHX:species=Potato])S,Capang05g002004[&&NHX:species=Wild pepper])D,((Capana05g002458[&&NHX:species=Dom. pepper],Capana05g002457[&&NHX:species=Dom. pepper])D,Sopen05g033770.1[&&NHX:species=S. Pennelli],SLYcer10g02107.1[&&NHX:species=Tomato Cherry],PGSC0003DMP400040660[&&NHX:species=Potato],SPI05g04874.1[&&NHX:species=S. pimp],Solyc05g055330.3.1[&&NHX:species=Tomato])S)D,PGSC0003DMP400040443[&&NHX:species=Potato])D)D,(((Solyc08g005580.3.1[&&NHX:species=Tomato],Sopen08g001610.1[&&NHX:species=S. Pennelli],(PGSC0003DMP400032198[&&NHX:species=Potato],PGSC0003DMP400032197[&&NHX:species=Potato])D,SPI08g00132.1[&&NHX:species=S. pimp],SLYcer08g00206.1[&&NHX:species=Tomato Cherry],Capang08g001100[&&NHX:species=Wild pepper],Capana01g004235[&&NHX:species=Dom. pepper])S,PGSC0003DMP400032196[&&NHX:species=Potato])D,(((((Capana04g002036[&&NHX:species=Dom. pepper],Capang07g002239[&&NHX:species=Wild pepper])S,Capana04g002607[&&NHX:species=Dom. pepper])D,(PGSC0003DMP400013235[&&NHX:species=Potato],PGSC0003DMP400003530[&&NHX:species=Potato])D)S,Capana12g000858[&&NHX:species=Dom. pepper])D,Capana12g000800[&&NHX:species=Dom. pepper],(SPI01g07825.1[&&NHX:species=S. pimp],Capana05g002459[&&NHX:species=Dom. pepper])S,Capang03g002007[&&NHX:species=Wild pepper])D,(Capang00g004237[&&NHX:species=Wild pepper],Solyc08g075430.3.1[&&NHX:species=Tomato],Sopen08g024060.1[&&NHX:species=S. Pennelli],PGSC0003DMP400003531[&&NHX:species=Potato],Capana01g000966[&&NHX:species=Dom. pepper],SPI08g05646.1[&&NHX:species=S. pimp],SLYcer08g05761.1[&&NHX:species=Tomato Cherry])S,((SPI04g00259.1[&&NHX:species=S. pimp],SLYcer04g00283.1[&&NHX:species=Tomato Cherry],Sopen04g002010.1[&&NHX:species=S. Pennelli],Solyc04g006960.3.1[&&NHX:species=Tomato],PGSC0003DMP400013236[&&NHX:species=Potato])S,PGSC0003DMP400013237[&&NHX:species=Potato])D,((Capana12g000367[&&NHX:species=Dom. pepper],Capang00g000774[&&NHX:species=Wild pepper])S,Capana05g002456[&&NHX:species=Dom. pepper],Capana04g001407[&&NHX:species=Dom. pepper],(SPI09g04776.1[&&NHX:species=S. pimp],Capana12g000040[&&NHX:species=Dom. pepper],Sopen00g010410.1[&&NHX:species=S. Pennelli])S)D,((Capana06g000839[&&NHX:species=Dom. pepper],SPI01g08166.1[&&NHX:species=S. pimp],PGSC0003DMP400022198[&&NHX:species=Potato])S,(PGSC0003DMP400021233[&&NHX:species=Potato],Capana06g000916[&&NHX:species=Dom. pepper],Capang06g000859[&&NHX:species=Wild pepper],SLYcer01g07815.1[&&NHX:species=Tomato Cherry])S)D)D,((((Solyc01g096740.4.1[&&NHX:species=Tomato],Capana08g001167[&&NHX:species=Dom. pepper],Capang01g003740[&&NHX:species=Wild pepper],Sopen01g040450.1[&&NHX:species=S. Pennelli],SLYcer01g07877.1[&&NHX:species=Tomato Cherry],SPI01g07396.1[&&NHX:species=S. pimp],PGSC0003DMP400047828[&&NHX:species=Potato])S,(((SPI01g07394.1[&&NHX:species=S. pimp],Solyc01g096730.2.1[&&NHX:species=Tomato],PGSC0003DMP400005916[&&NHX:species=Potato],Sopen01g040440.1[&&NHX:species=S. Pennelli],SLYcer01g07878.1[&&NHX:species=Tomato Cherry])S,Solyc01g096720.4.1[&&NHX:species=Tomato])D,((Capang01g003739[&&NHX:species=Wild pepper],Capana08g001165[&&NHX:species=Dom. pepper])S,Capana08g001166[&&NHX:species=Dom. pepper])D)S)D,(Solyc12g038220.3.1[&&NHX:species=Tomato],SPI12g03453.1[&&NHX:species=S. pimp],Sopen01g040430.1[&&NHX:species=S. Pennelli],PGSC0003DMP400005914[&&NHX:species=Potato],SLYcer12g03465.1[&&NHX:species=Tomato Cherry])S)D,(SLYcer01g05123.1[&&NHX:species=Tomato Cherry],SPI01g05266.1[&&NHX:species=S. pimp],Solyc01g058360.1.1[&&NHX:species=Tomato])S)D,(((Sopen03g040850.1[&&NHX:species=S. Pennelli],Capang03g000120[&&NHX:species=Wild pepper],PGSC0003DMP400039733[&&NHX:species=Potato],Capana03g000127[&&NHX:species=Dom. pepper],SLYcer03g05429.1[&&NHX:species=Tomato Cherry],SPI03g05465.1[&&NHX:species=S. pimp])S,((SPI09g00337.1[&&NHX:species=S. pimp],Sopen09g003060.1[&&NHX:species=S. Pennelli],SLYcer09g00424.1[&&NHX:species=Tomato Cherry],Capana09g002235[&&NHX:species=Dom. pepper],Capang09g001747[&&NHX:species=Wild pepper],PGSC0003DMP400006917[&&NHX:species=Potato],Solyc09g008240.3.1[&&NHX:species=Tomato])S,((Solyc08g076720.4.1[&&NHX:species=Tomato],Capana01g001066[&&NHX:species=Dom. pepper],Capang01g000916[&&NHX:species=Wild pepper],PGSC0003DMP400030606[&&NHX:species=Potato],Sopen08g025270.1[&&NHX:species=S. Pennelli],SPI08g05777.1[&&NHX:species=S. pimp],SLYcer08g05890.1[&&NHX:species=Tomato Cherry])S,(((SPI02g04125.1[&&NHX:species=S. pimp],PGSC0003DMP400002562[&&NHX:species=Potato],SLYcer02g05195.1[&&NHX:species=Tomato Cherry],Solyc02g087870.3.1[&&NHX:species=Tomato],Sopen02g032590.1[&&NHX:species=S. Pennelli])S,PGSC0003DMP400002561[&&NHX:species=Potato])D,Capang02g003117[&&NHX:species=Wild pepper])S)D)D)D,((Sopen04g005490.1[&&NHX:species=S. Pennelli],SLYcer04g00675.1[&&NHX:species=Tomato Cherry],SPI04g00648.1[&&NHX:species=S. pimp],Solyc04g010310.4.1[&&NHX:species=Tomato],Capana05g000408[&&NHX:species=Dom. pepper],Capang05g000328[&&NHX:species=Wild pepper])S,(Sopen06g029310.1[&&NHX:species=S. Pennelli],PGSC0003DMP400046927[&&NHX:species=Potato],Capana06g000764[&&NHX:species=Dom. pepper],Capang06g000717[&&NHX:species=Wild pepper],SPI06g04713.1[&&NHX:species=S. pimp],Solyc06g072960.1.1[&&NHX:species=Tomato],SLYcer06g04854.1[&&NHX:species=Tomato Cherry])S)D)D,(((((Capang02g000120[&&NHX:species=Wild pepper],(PGSC0003DMP400021501[&&NHX:species=Potato],PGSC0003DMP400021502[&&NHX:species=Potato])D)S,PGSC0003DMP400021500[&&NHX:species=Potato])D,(Capang01g000146[&&NHX:species=Wild pepper],SPI08g06314.1[&&NHX:species=S. pimp],Capana01g000154[&&NHX:species=Dom. pepper],SLYcer08g06401.1[&&NHX:species=Tomato Cherry],Sopen08g030180.1[&&NHX:species=S. Pennelli],Solyc08g081890.4.1[&&NHX:species=Tomato])S)D,((Solyc06g036490.3.1[&&NHX:species=Tomato],Capana06g002473[&&NHX:species=Dom. pepper],PGSC0003DMP400050342[&&NHX:species=Potato],Capang06g002290[&&NHX:species=Wild pepper],SLYcer06g02959.1[&&NHX:species=Tomato Cherry],SPI06g02760.1[&&NHX:species=S. pimp],Sopen06g012460.1[&&NHX:species=S. Pennelli])S,((Sopen03g003490.1[&&NHX:species=S. Pennelli],SPI03g00568.1[&&NHX:species=S. pimp],Capana03g002092[&&NHX:species=Dom. pepper],SLYcer03g00348.1[&&NHX:species=Tomato Cherry],PGSC0003DMP400016014[&&NHX:species=Potato],Capang03g001976[&&NHX:species=Wild pepper],Solyc03g007530.3.1[&&NHX:species=Tomato])S,PGSC0003DMP400011652[&&NHX:species=Potato])D)D)D,((((Sopen11g025470.1[&&NHX:species=S. Pennelli],Sopen11g025460.1[&&NHX:species=S. Pennelli])D,SLYcer11g03617.1[&&NHX:species=Tomato Cherry],SPI11g03679.1[&&NHX:species=S. pimp],PGSC0003DMP400012998[&&NHX:species=Potato])S,PGSC0003DMP400013019[&&NHX:species=Potato])D,(SLYcer11g03616.1[&&NHX:species=Tomato Cherry],Solyc11g065710.3.1[&&NHX:species=Tomato],SPI11g03678.1[&&NHX:species=S. pimp],PGSC0003DMP400013021[&&NHX:species=Potato],Sopen10g009550.1[&&NHX:species=S. Pennelli])S)D)D,((((SLYcer06g04757.1[&&NHX:species=Tomato Cherry],Sopen12g006980.1[&&NHX:species=S. Pennelli],SPI06g04620.1[&&NHX:species=S. pimp])S,((Capang00g005434[&&NHX:species=Wild pepper],Capang02g000609[&&NHX:species=Wild pepper])D,SLYcer07g05378.1[&&NHX:species=Tomato Cherry],Sopen07g031560.1[&&NHX:species=S. Pennelli],(Capana07g002218[&&NHX:species=Dom. pepper],Capana02g000694[&&NHX:species=Dom. pepper])D,SPI07g06097.1[&&NHX:species=S. pimp],PGSC0003DMP400033525[&&NHX:species=Potato],Solyc07g063400.3.1[&&NHX:species=Tomato])S)D,(((Capang00g001729[&&NHX:species=Wild pepper],Capana09g000914[&&NHX:species=Dom. pepper])S,(SPI12g00822.1[&&NHX:species=S. pimp],Solyc12g013640.2.1[&&NHX:species=Tomato],PGSC0003DMP400026905[&&NHX:species=Potato])S)D,(Solyc12g013630.1.1[&&NHX:species=Tomato],SLYcer12g00777.1[&&NHX:species=Tomato Cherry],Capang00g000186[&&NHX:species=Wild pepper],Capana00g003935[&&NHX:species=Dom. pepper],PGSC0003DMP400026904[&&NHX:species=Potato])S)D)D,((PGSC0003DMP400013234[&&NHX:species=Potato],SPI04g04237.1[&&NHX:species=S. pimp])S,(Capana04g002032[&&NHX:species=Dom. pepper],Solyc11g018680.1.1[&&NHX:species=Tomato],PGSC0003DMP400001666[&&NHX:species=Potato])S,(SPI11g01278.1[&&NHX:species=S. pimp],Capang04g001841[&&NHX:species=Wild pepper],SLYcer11g01147.1[&&NHX:species=Tomato Cherry],Sopen11g009680.1[&&NHX:species=S. Pennelli],PGSC0003DMP400001665[&&NHX:species=Potato])S)D)D,((SPI07g05570.1[&&NHX:species=S. pimp],Solyc07g053300.1.1[&&NHX:species=Tomato],Capana00g003546[&&NHX:species=Dom. pepper],Sopen07g027260.1[&&NHX:species=S. Pennelli],SLYcer07g04847.1[&&NHX:species=Tomato Cherry],PGSC0003DMP400035518[&&NHX:species=Potato],Capang00g001723[&&NHX:species=Wild pepper])S,(Sopen07g030860.1[&&NHX:species=S. Pennelli],SLYcer07g05296.1[&&NHX:species=Tomato Cherry],PGSC0003DMP400021989[&&NHX:species=Potato],Capana07g002135[&&NHX:species=Dom. pepper],Capang07g002153[&&NHX:species=Wild pepper],SPI07g06020.1[&&NHX:species=S. pimp],Solyc07g062630.1.1[&&NHX:species=Tomato])S)D,((Solyc03g113690.1.1[&&NHX:species=Tomato],Sopen03g032740.1[&&NHX:species=S. Pennelli],Capang03g000992[&&NHX:species=Wild pepper],Capana03g001034[&&NHX:species=Dom. pepper],SLYcer03g04543.1[&&NHX:species=Tomato Cherry],SPI03g04593.1[&&NHX:species=S. pimp],PGSC0003DMP400042299[&&NHX:species=Potato])S,(Solyc03g007690.1.1[&&NHX:species=Tomato],SLYcer03g00371.1[&&NHX:species=Tomato Cherry],SPI03g00581.1[&&NHX:species=S. pimp],Sopen03g003620.1[&&NHX:species=S. Pennelli],PGSC0003DMP400036286[&&NHX:species=Potato],Capana03g002125[&&NHX:species=Dom. pepper])S)D,(((((PGSC0003DMP400033296[&&NHX:species=Potato],PGSC0003DMP400033294[&&NHX:species=Potato])D,Capana03g002032[&&NHX:species=Dom. pepper],Capang06g002298[&&NHX:species=Wild pepper])S,Capana09g001753[&&NHX:species=Dom. pepper])D,(((PGSC0003DMP400004040[&&NHX:species=Potato],SPI09g04780.1[&&NHX:species=S. pimp],Solyc12g019640.2.1[&&NHX:species=Tomato],Capana04g002609[&&NHX:species=Dom. pepper])S,Capana12g000798[&&NHX:species=Dom. pepper])D,SPI03g00196.1[&&NHX:species=S. pimp])D)D,((PGSC0003DMP400004675[&&NHX:species=Potato],Solyc12g044580.3.1[&&NHX:species=Tomato],SLYcer12g04185.1[&&NHX:species=Tomato Cherry])S,(Capang00g005297[&&NHX:species=Wild pepper],PGSC0003DMP400029466[&&NHX:species=Potato])S)D,(SLYcer05g00479.1[&&NHX:species=Tomato Cherry],Solyc05g008350.3.1[&&NHX:species=Tomato],(PGSC0003DMP400053075[&&NHX:species=Potato],PGSC0003DMP400053076[&&NHX:species=Potato])D,SPI05g00510.1[&&NHX:species=S. pimp],Sopen05g004180.1[&&NHX:species=S. Pennelli],Capang11g002266[&&NHX:species=Wild pepper],Capana11g002390[&&NHX:species=Dom. pepper])S,(((SPI02g00058.1[&&NHX:species=S. pimp],Solyc02g055530.4.1[&&NHX:species=Tomato],SLYcer02g00052.1[&&NHX:species=Tomato Cherry],PGSC0003DMP400060265[&&NHX:species=Potato])S,SPI09g01791.1[&&NHX:species=S. pimp])D,SLYcer12g04184.1[&&NHX:species=Tomato Cherry])D,((SPI11g01374.1[&&NHX:species=S. pimp],Sopen05g014090.1[&&NHX:species=S. Pennelli],PGSC0003DMP400012958[&&NHX:species=Potato],Capana02g002353[&&NHX:species=Dom. pepper],SLYcer11g01241.1[&&NHX:species=Tomato Cherry],Solyc02g055540.1.1[&&NHX:species=Tomato])S,(Solyc09g150122.1.1[&&NHX:species=Tomato],SLYcer09g01904.1[&&NHX:species=Tomato Cherry])S,PGSC0003DMP400033860[&&NHX:species=Potato])D,((((Capana08g000419[&&NHX:species=Dom. pepper],Capana12g002046[&&NHX:species=Dom. pepper])D,Capang03g002471[&&NHX:species=Wild pepper],PGSC0003DMP400033295[&&NHX:species=Potato],Solyc04g076170.1.1[&&NHX:species=Tomato])S,((Solyc09g042280.1.1[&&NHX:species=Tomato],Capana06g000139[&&NHX:species=Dom. pepper],Capang00g000954[&&NHX:species=Wild pepper])S,(Capana01g002074[&&NHX:species=Dom. pepper],Capana12g001750[&&NHX:species=Dom. pepper])D)D)D,(Solyc09g042300.2.1[&&NHX:species=Tomato],SPI04g04718.1[&&NHX:species=S. pimp])S)D)D,(SPI08g05073.1[&&NHX:species=S. pimp],Sopen12g022860.1[&&NHX:species=S. Pennelli],PGSC0003DMP400050378[&&NHX:species=Potato],SLYcer08g05186.1[&&NHX:species=Tomato Cherry],Capang00g004884[&&NHX:species=Wild pepper])S,(((((PGSC0003DMP400015592[&&NHX:species=Potato],SLYcer09g00823.1[&&NHX:species=Tomato Cherry],Solyc09g009910.4.1[&&NHX:species=Tomato],Sopen09g004660.1[&&NHX:species=S. Pennelli],SPI09g00754.1[&&NHX:species=S. pimp])S,PGSC0003DMP400015593[&&NHX:species=Potato])D,Capana09g002424[&&NHX:species=Dom. pepper])S,PGSC0003DMP400015591[&&NHX:species=Potato])D,(Capana12g001420[&&NHX:species=Dom. pepper],Solyc04g056650.4.1[&&NHX:species=Tomato],Capang12g001220[&&NHX:species=Wild pepper],(Sopen04g025570.1[&&NHX:species=S. Pennelli],Sopen04g025570.2[&&NHX:species=S. Pennelli])D,SPI04g03880.1[&&NHX:species=S. pimp],SLYcer04g04242.1[&&NHX:species=Tomato Cherry])S,(Sopen00g003360.1[&&NHX:species=S. Pennelli],SLYcer06g01071.1[&&NHX:species=Tomato Cherry],SPI06g00887.1[&&NHX:species=S. pimp],Solyc06g011660.3.1[&&NHX:species=Tomato])S,(Sopen02g017280.1[&&NHX:species=S. Pennelli],SPI02g02500.1[&&NHX:species=S. pimp],Capana02g001057[&&NHX:species=Dom. pepper],Solyc02g068180.3.1[&&NHX:species=Tomato],SLYcer02g03603.1[&&NHX:species=Tomato Cherry],Capang02g000977[&&NHX:species=Wild pepper])S)D,(((SLYcer11g03794.1[&&NHX:species=Tomato Cherry],SPI11g03858.1[&&NHX:species=S. pimp],Solyc11g067310.3.1[&&NHX:species=Tomato],Sopen11g027010.1[&&NHX:species=S. Pennelli],Capana11g000312[&&NHX:species=Dom. pepper],Capang11g000275[&&NHX:species=Wild pepper],PGSC0003DMP400013095[&&NHX:species=Potato])S,Capana11g000303[&&NHX:species=Dom. pepper])D,(SPI11g03857.1[&&NHX:species=S. pimp],Sopen11g026980.1[&&NHX:species=S. Pennelli],Solyc11g067300.2.1[&&NHX:species=Tomato],SLYcer11g03793.1[&&NHX:species=Tomato Cherry],PGSC0003DMP400013129[&&NHX:species=Potato])S)D,(((((SPI11g03629.1[&&NHX:species=S. pimp],Sopen11g025140.2[&&NHX:species=S. Pennelli])S,((Sopen11g025140.3[&&NHX:species=S. Pennelli],PGSC0003DMP400046818[&&NHX:species=Potato],Capana06g000857[&&NHX:species=Dom. pepper])S,PGSC0003DMP400021239[&&NHX:species=Potato])D)D,PGSC0003DMP400026779[&&NHX:species=Potato])D,(Sopen11g025140.1[&&NHX:species=S. Pennelli],Capana00g001964[&&NHX:species=Dom. pepper],Solyc11g065360.2.1[&&NHX:species=Tomato],SLYcer11g03558.1[&&NHX:species=Tomato Cherry],Capang11g000773[&&NHX:species=Wild pepper])S)D,((Capang11g000772[&&NHX:species=Wild pepper],Solyc11g065350.2.1[&&NHX:species=Tomato],SLYcer11g03557.1[&&NHX:species=Tomato Cherry],SPI11g03628.1[&&NHX:species=S. pimp],Sopen11g025110.1[&&NHX:species=S. Pennelli],PGSC0003DMP400052248[&&NHX:species=Potato],Capana11g000785[&&NHX:species=Dom. pepper])S,(PGSC0003DMP400052246[&&NHX:species=Potato],PGSC0003DMP400052247[&&NHX:species=Potato])D)D)D,((Sopen03g029870.1[&&NHX:species=S. Pennelli],Capana03g001458[&&NHX:species=Dom. pepper],SPI03g04300.1[&&NHX:species=S. pimp],Solyc03g019760.4.1[&&NHX:species=Tomato],PGSC0003DMP400026780[&&NHX:species=Potato],SLYcer03g04241.1[&&NHX:species=Tomato Cherry],Capang03g001386[&&NHX:species=Wild pepper])S,(((Capana06g000856[&&NHX:species=Dom. pepper],Sopen06g028380.1[&&NHX:species=S. Pennelli])S,((Sopen06g028390.1[&&NHX:species=S. Pennelli],Sopen06g028390.2[&&NHX:species=S. Pennelli])D,Capang06g000805[&&NHX:species=Wild pepper],PGSC0003DMP400046817[&&NHX:species=Potato])S)D,(Capana06g001338[&&NHX:species=Dom. pepper],Capang06g001221[&&NHX:species=Wild pepper])S)D)D,((PGSC0003DMP400036990[&&NHX:species=Potato],Capang07g002404[&&NHX:species=Wild pepper],Capana07g002406[&&NHX:species=Dom. pepper],Solyc07g065780.2.1[&&NHX:species=Tomato])S,((SLYcer04g04749.1[&&NHX:species=Tomato Cherry],Capana04g001404[&&NHX:species=Dom. pepper],(Sopen04g026900.2[&&NHX:species=S. Pennelli],Sopen04g026900.1[&&NHX:species=S. Pennelli])D,Solyc04g070970.4.1[&&NHX:species=Tomato],(PGSC0003DMP400001505[&&NHX:species=Potato],PGSC0003DMP400001504[&&NHX:species=Potato])D,Capang04g001340[&&NHX:species=Wild pepper])S,(Capang01g001405[&&NHX:species=Wild pepper],SLYcer01g00348.1[&&NHX:species=Tomato Cherry],Solyc01g006720.4.1[&&NHX:species=Tomato],SPI01g00374.1[&&NHX:species=S. pimp],PGSC0003DMP400036989[&&NHX:species=Potato],(Sopen01g002710.1[&&NHX:species=S. Pennelli],Sopen01g002710.2[&&NHX:species=S. Pennelli])D,Capana01g001697[&&NHX:species=Dom. pepper])S)D)D,((Solyc12g044820.3.1[&&NHX:species=Tomato],PGSC0003DMP400056135[&&NHX:species=Potato],Sopen12g023190.1[&&NHX:species=S. Pennelli],SPI12g04179.1[&&NHX:species=S. pimp],SLYcer12g04241.1[&&NHX:species=Tomato Cherry],Capana00g003600[&&NHX:species=Dom. pepper])S,((PGSC0003DMP400056134[&&NHX:species=Potato],PGSC0003DMP400056133[&&NHX:species=Potato])D,Capana03g003620[&&NHX:species=Dom. pepper],Capang03g003528[&&NHX:species=Wild pepper])S)D,((Capana06g002380[&&NHX:species=Dom. pepper],SPI06g03090.1[&&NHX:species=S. pimp],Capang06g002201[&&NHX:species=Wild pepper],Solyc06g048540.3.1[&&NHX:species=Tomato],Sopen06g014710.1[&&NHX:species=S. Pennelli],PGSC0003DMP400047990[&&NHX:species=Potato],SLYcer06g03186.1[&&NHX:species=Tomato Cherry])S,(SPI02g00008.1[&&NHX:species=S. pimp],Solyc02g044050.1.1[&&NHX:species=Tomato],SLYcer02g00011.1[&&NHX:species=Tomato Cherry],Sopen12g016590.1[&&NHX:species=S. Pennelli])S)D,(((SLYcer03g04948.1[&&NHX:species=Tomato Cherry],Capang03g000496[&&NHX:species=Wild pepper],SPI03g05005.1[&&NHX:species=S. pimp],Capana03g000541[&&NHX:species=Dom. pepper],Sopen03g036450.2[&&NHX:species=S. Pennelli],Solyc03g117540.4.1[&&NHX:species=Tomato])S,Capana01g002483[&&NHX:species=Dom. pepper])D,(((((SPI10g01222.1[&&NHX:species=S. pimp],PGSC0003DMP400007796[&&NHX:species=Potato],SLYcer10g01363.1[&&NHX:species=Tomato Cherry])S,(SLYcer10g01402.1[&&NHX:species=Tomato Cherry],Capang10g000690[&&NHX:species=Wild pepper],Solyc10g024420.3.1[&&NHX:species=Tomato],PGSC0003DMP400037962[&&NHX:species=Potato],SPI01g04416.1[&&NHX:species=S. pimp],Capana10g000878[&&NHX:species=Dom. pepper])S)D,((Sopen07g033520.1[&&NHX:species=S. Pennelli],Capang07g002351[&&NHX:species=Wild pepper],SLYcer07g05574.1[&&NHX:species=Tomato Cherry],Solyc07g065320.4.1[&&NHX:species=Tomato],SPI07g06290.1[&&NHX:species=S. pimp],Capana07g002357[&&NHX:species=Dom. pepper],PGSC0003DMP400038391[&&NHX:species=Potato])S,(((PGSC0003DMP400030462[&&NHX:species=Potato],Sopen05g009510.1[&&NHX:species=S. Pennelli],SPI05g01178.1[&&NHX:species=S. pimp],SLYcer05g01105.1[&&NHX:species=Tomato Cherry])S,PGSC0003DMP400030495[&&NHX:species=Potato])D,Capang11g001169[&&NHX:species=Wild pepper],Capana11g001166[&&NHX:species=Dom. pepper])S)D)D,((SLYcer12g03176.1[&&NHX:species=Tomato Cherry],Capana09g000832[&&NHX:species=Dom. pepper],SPI12g03163.1[&&NHX:species=S. pimp],PGSC0003DMP400015068[&&NHX:species=Potato])S,((PGSC0003DMP400015066[&&NHX:species=Potato],PGSC0003DMP400015067[&&NHX:species=Potato])D,Capang09g000756[&&NHX:species=Wild pepper],SPI09g03453.1[&&NHX:species=S. pimp],SLYcer09g03560.1[&&NHX:species=Tomato Cherry],Solyc09g064440.4.1[&&NHX:species=Tomato],Sopen09g025580.1[&&NHX:species=S. Pennelli])S)D)D,((Solyc08g006880.3.1[&&NHX:species=Tomato],SLYcer08g00352.1[&&NHX:species=Tomato Cherry],Sopen08g002840.1[&&NHX:species=S. Pennelli],Capang08g000822[&&NHX:species=Wild pepper],Capana01g003904[&&NHX:species=Dom. pepper],SPI08g00288.1[&&NHX:species=S. pimp])S,(Capang01g002143[&&NHX:species=Wild pepper],Sopen12g016260.2[&&NHX:species=S. Pennelli])S)D)D)D,((SLYcer05g01823.1[&&NHX:species=Tomato Cherry],Sopen05g015600.1[&&NHX:species=S. Pennelli],SPI05g02381.1[&&NHX:species=S. pimp],Solyc05g018510.3.1[&&NHX:species=Tomato])S,(SLYcer06g04266.1[&&NHX:species=Tomato Cherry],SPI06g04127.1[&&NHX:species=S. pimp],PGSC0003DMP400045340[&&NHX:species=Potato],((Capang01g002270[&&NHX:species=Wild pepper],Capana00g002920[&&NHX:species=Dom. pepper])S,Capana00g002921[&&NHX:species=Dom. pepper])D,Sopen06g024190.1[&&NHX:species=S. Pennelli],Solyc06g065670.4.1[&&NHX:species=Tomato])S)D,((Solyc12g049120.2.1[&&NHX:species=Tomato],SPI12g04221.1[&&NHX:species=S. pimp],Capana07g000370[&&NHX:species=Dom. pepper],SLYcer12g04280.1[&&NHX:species=Tomato Cherry],Capang00g005458[&&NHX:species=Wild pepper])S,(SPI03g03627.1[&&NHX:species=S. pimp],SLYcer03g03551.1[&&NHX:species=Tomato Cherry],Sopen03g024530.1[&&NHX:species=S. Pennelli],PGSC0003DMP400032760[&&NHX:species=Potato],Capang03g002587[&&NHX:species=Wild pepper],Solyc03g093650.3.1[&&NHX:species=Tomato],Capana03g002685[&&NHX:species=Dom. pepper])S,((SLYcer07g01101.1[&&NHX:species=Tomato Cherry],Sopen07g007050.1[&&NHX:species=S. Pennelli],SPI07g01121.1[&&NHX:species=S. pimp],Solyc07g018130.2.1[&&NHX:species=Tomato],PGSC0003DMP400009670[&&NHX:species=Potato])S,(Capang04g001131[&&NHX:species=Wild pepper],PGSC0003DMP400019053[&&NHX:species=Potato],Sopen05g008830.1[&&NHX:species=S. Pennelli],Capana04g001198[&&NHX:species=Dom. pepper],SLYcer05g01036.1[&&NHX:species=Tomato Cherry],SPI05g01098.1[&&NHX:species=S. pimp],Solyc03g122050.1.1[&&NHX:species=Tomato])S)D,((Sopen07g032260.2[&&NHX:species=S. Pennelli],Sopen07g032260.1[&&NHX:species=S. Pennelli])D,PGSC0003DMP400033463[&&NHX:species=Potato],SLYcer07g05449.1[&&NHX:species=Tomato Cherry],Capana00g004148[&&NHX:species=Dom. pepper],Capang00g002422[&&NHX:species=Wild pepper],SPI07g06161.1[&&NHX:species=S. pimp],Solyc07g064120.2.1[&&NHX:species=Tomato])S,((Sopen12g023550.1[&&NHX:species=S. Pennelli],PGSC0003DMP400020609[&&NHX:species=Potato])S,((Capana02g003433[&&NHX:species=Dom. pepper],Sopen02g032160.1[&&NHX:species=S. Pennelli],PGSC0003DMP400020610[&&NHX:species=Potato],Capang02g003161[&&NHX:species=Wild pepper])S,(Capana02g003432[&&NHX:species=Dom. pepper],SPI02g04084.1[&&NHX:species=S. pimp],Solyc02g087410.4.1[&&NHX:species=Tomato],PGSC0003DMP400002531[&&NHX:species=Potato])S)D)D)D,((SPI12g01303.1[&&NHX:species=S. pimp],SLYcer12g01266.1[&&NHX:species=Tomato Cherry],Sopen12g009950.1[&&NHX:species=S. Pennelli],PGSC0003DMP400032813[&&NHX:species=Potato])S,((((SLYcer08g05188.1[&&NHX:species=Tomato Cherry],Sopen08g021570.1[&&NHX:species=S. Pennelli],SPI08g05075.1[&&NHX:species=S. pimp])S,(SPI08g05074.1[&&NHX:species=S. pimp],SLYcer08g05187.1[&&NHX:species=Tomato Cherry],Sopen08g021560.1[&&NHX:species=S. Pennelli])S)D,Capana08g000765[&&NHX:species=Dom. pepper])S,(Capana06g002767[&&NHX:species=Dom. pepper],Capana08g000766[&&NHX:species=Dom. pepper])D)D)D)D;	35	23	545	Solyc08g067610.3.1,Solyc08g067620.2.1,Capang06g002551,Capang01g003370,PGSC0003DMP400041247,PGSC0003DMP400050766,PGSC0003DMP400050764,PGSC0003DMP400054454,Capang12g001981,Capang12g001979,SPI12g05170.1,SLYcer12g05219.1,Solyc06g072100.3.1,Solyc06g072090.3.1,Solyc12g044810.3.1,Sopen01g030860.1,Solyc05g053590.4.1,Solyc05g053570.4.1,Solyc05g053600.3.1,SLYcer01g07443.1,Solyc10g019270.3.1,PGSC0003DMP400004038,Capang09g001924,Capana02g003380,Solyc11g018690.2.1,PGSC0003DMP400031791,Capana01g003898
OG27637	(((SLYcer02g03348.1[&&NHX:species=Tomato Cherry],Capana02g000687[&&NHX:species=Dom. pepper],PGSC0003DMP400044175[&&NHX:species=Potato],Solyc02g064980.1.1[&&NHX:species=Tomato],SPI02g02233.1[&&NHX:species=S. pimp],Sopen02g015110.1[&&NHX:species=S. Pennelli],Capang02g000603[&&NHX:species=Wild pepper])S,((Solyc06g066130.1.1[&&NHX:species=Tomato],SPI06g04175.1[&&NHX:species=S. pimp],SLYcer06g04317.1[&&NHX:species=Tomato Cherry])S,(((SPI06g04136.1[&&NHX:species=S. pimp],SLYcer06g04274.1[&&NHX:species=Tomato Cherry],Solyc06g065750.1.1[&&NHX:species=Tomato])S,(PGSC0003DMP400035535[&&NHX:species=Potato],(PGSC0003DMP400035533[&&NHX:species=Potato],(PGSC0003DMP400045281[&&NHX:species=Potato],SPI12g01138.1[&&NHX:species=S. pimp])S)D)D)D,((SPI06g04177.1[&&NHX:species=S. pimp],PGSC0003DMP400063696[&&NHX:species=Potato])S,((PGSC0003DMP400035555[&&NHX:species=Potato],PGSC0003DMP400035528[&&NHX:species=Potato])D,(SLYcer06g04277.1[&&NHX:species=Tomato Cherry],SLYcer06g04319.1[&&NHX:species=Tomato Cherry])D,Sopen06g021830.1[&&NHX:species=S. Pennelli],SPI06g04139.1[&&NHX:species=S. pimp],Solyc06g065790.1.1[&&NHX:species=Tomato])S)D)D)D,((((Sopen02g015040.1[&&NHX:species=S. Pennelli],PGSC0003DMP400062328[&&NHX:species=Potato])S,PGSC0003DMP400063479[&&NHX:species=Potato])D,SLYcer02g03340.1[&&NHX:species=Tomato Cherry],SPI02g02225.1[&&NHX:species=S. pimp])S,((Solyc02g064920.1.1[&&NHX:species=Tomato],(SPI02g02217.1[&&NHX:species=S. pimp],Solyc02g064870.1.1[&&NHX:species=Tomato],Sopen02g014990.1[&&NHX:species=S. Pennelli])S)D,(Solyc02g064880.1.1[&&NHX:species=Tomato],SLYcer02g03332.1[&&NHX:species=Tomato Cherry])S)D)D,(PGSC0003DMP400025003[&&NHX:species=Potato],Capang00g001228[&&NHX:species=Wild pepper],Capana03g000553[&&NHX:species=Dom. pepper],SPI03g05012.1[&&NHX:species=S. pimp],SLYcer03g04956.1[&&NHX:species=Tomato Cherry],Solyc03g117640.1.1[&&NHX:species=Tomato],Sopen03g036550.1[&&NHX:species=S. Pennelli])S,((SLYcer12g01083.1[&&NHX:species=Tomato Cherry],Solyc12g017760.2.1[&&NHX:species=Tomato],PGSC0003DMP400067876[&&NHX:species=Potato])S,(SLYcer12g01080.1[&&NHX:species=Tomato Cherry],SPI12g01135.1[&&NHX:species=S. pimp],Sopen12g008540.1[&&NHX:species=S. Pennelli],Solyc12g017740.1.1[&&NHX:species=Tomato],PGSC0003DMP400062157[&&NHX:species=Potato])S)D,(((SPI02g04421.1[&&NHX:species=S. pimp],Capang02g002796[&&NHX:species=Wild pepper],PGSC0003DMP400007207[&&NHX:species=Potato],Capana02g003087[&&NHX:species=Dom. pepper],Sopen02g035620.1[&&NHX:species=S. Pennelli],SLYcer02g05496.1[&&NHX:species=Tomato Cherry],Solyc02g090970.1.1[&&NHX:species=Tomato])S,((Capana02g003085[&&NHX:species=Dom. pepper],Capang02g002794[&&NHX:species=Wild pepper])S,(Capang02g002795[&&NHX:species=Wild pepper],Capana02g003086[&&NHX:species=Dom. pepper])S)D)D,((Solyc02g090980.1.1[&&NHX:species=Tomato],SPI02g04422.1[&&NHX:species=S. pimp],PGSC0003DMP400007206[&&NHX:species=Potato],Sopen02g035630.1[&&NHX:species=S. Pennelli])S,(Sopen02g035640.1[&&NHX:species=S. Pennelli],PGSC0003DMP400007205[&&NHX:species=Potato],SLYcer02g05497.1[&&NHX:species=Tomato Cherry],Solyc02g090990.1.1[&&NHX:species=Tomato])S)D)D,((((Sopen00g012910.1[&&NHX:species=S. Pennelli],Solyc12g017770.1.1[&&NHX:species=Tomato],SLYcer12g01084.1[&&NHX:species=Tomato Cherry],PGSC0003DMP400065292[&&NHX:species=Potato])S,((SPI12g01127.1[&&NHX:species=S. pimp],Solyc12g017710.1.1[&&NHX:species=Tomato])S,(Capang00g005391[&&NHX:species=Wild pepper],SPI12g01128.1[&&NHX:species=S. pimp],PGSC0003DMP400005852[&&NHX:species=Potato],SLYcer12g01074.1[&&NHX:species=Tomato Cherry])S)D)D,(SLYcer11g03610.1[&&NHX:species=Tomato Cherry],Capana06g001186[&&NHX:species=Dom. pepper],PGSC0003DMP400052146[&&NHX:species=Potato])S)D,Capana01g003922[&&NHX:species=Dom. pepper])D,(PGSC0003DMP400015471[&&NHX:species=Potato],(PGSC0003DMP400045271[&&NHX:species=Potato],(SLYcer06g04265.1[&&NHX:species=Tomato Cherry],(Sopen06g024000.1[&&NHX:species=S. Pennelli],Sopen06g024180.2[&&NHX:species=S. Pennelli])D,Solyc06g065660.1.1[&&NHX:species=Tomato],SPI06g04128.1[&&NHX:species=S. pimp],PGSC0003DMP400045331[&&NHX:species=Potato])S)D,(Sopen06g012000.1[&&NHX:species=S. Pennelli],(PGSC0003DMP400029865[&&NHX:species=Potato],PGSC0003DMP400029864[&&NHX:species=Potato])D)S)D)D,(((SLYcer06g03191.1[&&NHX:species=Tomato Cherry],SPI06g03094.1[&&NHX:species=S. pimp],(Sopen06g014730.1[&&NHX:species=S. Pennelli],Sopen06g014730.2[&&NHX:species=S. Pennelli])D,Capang06g002211[&&NHX:species=Wild pepper],PGSC0003DMP400047972[&&NHX:species=Potato],Capana06g002392[&&NHX:species=Dom. pepper],Solyc06g048560.2.1[&&NHX:species=Tomato])S,((Solyc03g095490.3.1[&&NHX:species=Tomato],Capang03g002564[&&NHX:species=Wild pepper],SLYcer03g03696.1[&&NHX:species=Tomato Cherry],SPI03g03770.1[&&NHX:species=S. pimp],Sopen03g025480.1[&&NHX:species=S. Pennelli],Capana03g002664[&&NHX:species=Dom. pepper],PGSC0003DMP400009334[&&NHX:species=Potato])S,PGSC0003DMP400009335[&&NHX:species=Potato])D)D,(((PGSC0003DMP400015966[&&NHX:species=Potato],SLYcer03g00342.1[&&NHX:species=Tomato Cherry],Sopen03g003440.1[&&NHX:species=S. Pennelli],Capang03g001981[&&NHX:species=Wild pepper],Solyc03g007485.1.1[&&NHX:species=Tomato],Capana03g002099[&&NHX:species=Dom. pepper],SPI03g00562.1[&&NHX:species=S. pimp])S,PGSC0003DMP400015965[&&NHX:species=Potato])D,(PGSC0003DMP400023341[&&NHX:species=Potato],((SLYcer08g06406.1[&&NHX:species=Tomato Cherry],SPI08g06319.1[&&NHX:species=S. pimp],Solyc08g081940.3.1[&&NHX:species=Tomato],Capang04g001518[&&NHX:species=Wild pepper],Capana00g003436[&&NHX:species=Dom. pepper],Sopen08g030230.1[&&NHX:species=S. Pennelli],PGSC0003DMP400021777[&&NHX:species=Potato])S,Capang05g001612[&&NHX:species=Wild pepper])D)D)D)D,(((Capang00g001287[&&NHX:species=Wild pepper],Capana07g002268[&&NHX:species=Dom. pepper])S,Capana06g002907[&&NHX:species=Dom. pepper])D,(((SPI01g05988.1[&&NHX:species=S. pimp],Sopen12g004310.1[&&NHX:species=S. Pennelli],Solyc01g067320.1.1[&&NHX:species=Tomato],SLYcer01g05806.1[&&NHX:species=Tomato Cherry])S,(Capana12g000972[&&NHX:species=Dom. pepper],PGSC0003DMP400037359[&&NHX:species=Potato],Solyc02g021670.2.1[&&NHX:species=Tomato])S)D,Capana01g000852[&&NHX:species=Dom. pepper])D,(((Capana07g002293[&&NHX:species=Dom. pepper],Capana00g002598[&&NHX:species=Dom. pepper])D,Capang09g001472[&&NHX:species=Wild pepper])S,((Capang00g005376[&&NHX:species=Wild pepper],Capang10g001738[&&NHX:species=Wild pepper])D,SLYcer10g04590.1[&&NHX:species=Tomato Cherry])S)D,((Solyc07g063760.1.1[&&NHX:species=Tomato],Capana06g002638[&&NHX:species=Dom. pepper],PGSC0003DMP400016455[&&NHX:species=Potato],Capang00g004674[&&NHX:species=Wild pepper])S,((SLYcer02g02071.1[&&NHX:species=Tomato Cherry],((Capang00g003220[&&NHX:species=Wild pepper],Capana00g000002[&&NHX:species=Dom. pepper])S,Capang00g005179[&&NHX:species=Wild pepper])D)S,((PGSC0003DMP400024472[&&NHX:species=Potato],Capang00g004747[&&NHX:species=Wild pepper],Solyc02g079670.1.1[&&NHX:species=Tomato])S,(PGSC0003DMP400030205[&&NHX:species=Potato],Capana03g003990[&&NHX:species=Dom. pepper])S)D)D)D,((Capang11g001544[&&NHX:species=Wild pepper],((Capang09g000382[&&NHX:species=Wild pepper],Capana00g002015[&&NHX:species=Dom. pepper])S,Capang12g001329[&&NHX:species=Wild pepper])D,Capang01g001548[&&NHX:species=Wild pepper],((Capang07g000601[&&NHX:species=Wild pepper],Capana07g000577[&&NHX:species=Dom. pepper])S,Capang07g000578[&&NHX:species=Wild pepper])D,Capang00g003222[&&NHX:species=Wild pepper])D,PGSC0003DMP400030206[&&NHX:species=Potato],Sopen04g031750.1[&&NHX:species=S. Pennelli],SPI04g05266.1[&&NHX:species=S. pimp])S,(((Capang00g004756[&&NHX:species=Wild pepper],Capana07g002296[&&NHX:species=Dom. pepper],PGSC0003DMP400047096[&&NHX:species=Potato])S,(((Capang02g000933[&&NHX:species=Wild pepper],(Capang07g002291[&&NHX:species=Wild pepper],Capang06g002679[&&NHX:species=Wild pepper])D)D,Capana00g004233[&&NHX:species=Dom. pepper])S,(Capang03g002020[&&NHX:species=Wild pepper],Capana03g002137[&&NHX:species=Dom. pepper])S)D)D,Capang00g000690[&&NHX:species=Wild pepper])D)D,(((PGSC0003DMP400010693[&&NHX:species=Potato],Capana04g001586[&&NHX:species=Dom. pepper],Capang04g001488[&&NHX:species=Wild pepper])S,(SLYcer01g07243.1[&&NHX:species=Tomato Cherry],Capang01g004473[&&NHX:species=Wild pepper],PGSC0003DMP400041196[&&NHX:species=Potato],Solyc01g104050.4.1[&&NHX:species=Tomato],SPI01g08019.1[&&NHX:species=S. pimp],Sopen01g046460.1[&&NHX:species=S. Pennelli])S)D,SPI10g03591.1[&&NHX:species=S. pimp])D,(((Capang03g003921[&&NHX:species=Wild pepper],PGSC0003DMP400045913[&&NHX:species=Potato])S,(((Capang10g000200[&&NHX:species=Wild pepper],Capana10g000291[&&NHX:species=Dom. pepper])S,Capang10g000183[&&NHX:species=Wild pepper])D,(PGSC0003DMP400021054[&&NHX:species=Potato],PGSC0003DMP400024363[&&NHX:species=Potato])D)S)D,(((((((((PGSC0003DMP400050918[&&NHX:species=Potato],Solyc06g060690.3.1[&&NHX:species=Tomato])S,PGSC0003DMP400034747[&&NHX:species=Potato])D,SLYcer06g03947.1[&&NHX:species=Tomato Cherry],SPI06g03820.1[&&NHX:species=S. pimp])S,(PGSC0003DMP400021042[&&NHX:species=Potato],(Capana06g001641[&&NHX:species=Dom. pepper],Capang06g001553[&&NHX:species=Wild pepper],PGSC0003DMP400041759[&&NHX:species=Potato])S)D)D,(Capang06g001537[&&NHX:species=Wild pepper],Capana06g001625[&&NHX:species=Dom. pepper],PGSC0003DMP400024361[&&NHX:species=Potato])S)D,PGSC0003DMP400024360[&&NHX:species=Potato])D,((((PGSC0003DMP400041758[&&NHX:species=Potato],PGSC0003DMP400024362[&&NHX:species=Potato],PGSC0003DMP400024364[&&NHX:species=Potato],PGSC0003DMP400021055[&&NHX:species=Potato])D,Capana06g001636[&&NHX:species=Dom. pepper],Capang06g001549[&&NHX:species=Wild pepper])S,((PGSC0003DMP400024358[&&NHX:species=Potato],PGSC0003DMP400021051[&&NHX:species=Potato])D,Sopen06g020810.1[&&NHX:species=S. Pennelli])S)D,(Capana00g002193[&&NHX:species=Dom. pepper],PGSC0003DMP400021052[&&NHX:species=Potato])S)D)D,(Capang06g001555[&&NHX:species=Wild pepper],PGSC0003DMP400050917[&&NHX:species=Potato])S)D,(((PGSC0003DMP400041756[&&NHX:species=Potato],PGSC0003DMP400041757[&&NHX:species=Potato])D,Capana06g001638[&&NHX:species=Dom. pepper])S,(PGSC0003DMP400024357[&&NHX:species=Potato],Solyc06g060680.2.1[&&NHX:species=Tomato],Sopen06g020910.1[&&NHX:species=S. Pennelli],Capana06g001643[&&NHX:species=Dom. pepper],Capang06g001550[&&NHX:species=Wild pepper])S)D)D)D,((((Capana00g002168[&&NHX:species=Dom. pepper],PGSC0003DMP400013465[&&NHX:species=Potato])S,Capana04g002741[&&NHX:species=Dom. pepper])D,(((SPI02g02931.1[&&NHX:species=S. pimp],Capana02g001700[&&NHX:species=Dom. pepper],PGSC0003DMP400038071[&&NHX:species=Potato])S,(SPI10g03272.1[&&NHX:species=S. pimp],SLYcer10g04775.1[&&NHX:species=Tomato Cherry])S)D,(Sopen09g026710.1[&&NHX:species=S. Pennelli],(Capana01g001038[&&NHX:species=Dom. pepper],Capana04g002463[&&NHX:species=Dom. pepper])D)S)D)D,((Capana10g001021[&&NHX:species=Dom. pepper],Capang10g000855[&&NHX:species=Wild pepper])S,((Solyc01g014690.2.1[&&NHX:species=Tomato],Sopen03g038110.1[&&NHX:species=S. Pennelli],Capana03g001983[&&NHX:species=Dom. pepper])S,Capana07g000273[&&NHX:species=Dom. pepper])D)D,(((((Capana05g000254[&&NHX:species=Dom. pepper],SPI04g00861.1[&&NHX:species=S. pimp],SLYcer04g01124.1[&&NHX:species=Tomato Cherry])S,Capana04g002456[&&NHX:species=Dom. pepper])D,((PGSC0003DMP400068564[&&NHX:species=Potato],SPI04g00794.1[&&NHX:species=S. pimp])S,PGSC0003DMP400024594[&&NHX:species=Potato])D)D,(PGSC0003DMP400034405[&&NHX:species=Potato],(Capang04g002397[&&NHX:species=Wild pepper],PGSC0003DMP400000598[&&NHX:species=Potato],Capana02g000536[&&NHX:species=Dom. pepper])S)D)D,((Sopen10g006190.1[&&NHX:species=S. Pennelli],PGSC0003DMP400023870[&&NHX:species=Potato])S,(Capana04g002633[&&NHX:species=Dom. pepper],Capang04g002197[&&NHX:species=Wild pepper],Sopen10g034580.1[&&NHX:species=S. Pennelli])S)D)D,((Capana12g001561[&&NHX:species=Dom. pepper],Capang12g001300[&&NHX:species=Wild pepper])S,Capang02g000698[&&NHX:species=Wild pepper])D,(((Capana09g000844[&&NHX:species=Dom. pepper],Capana04g002672[&&NHX:species=Dom. pepper],Capana04g002461[&&NHX:species=Dom. pepper],Capana04g002315[&&NHX:species=Dom. pepper])D,SLYcer06g00374.1[&&NHX:species=Tomato Cherry],SPI06g00160.1[&&NHX:species=S. pimp])S,(((Capang04g002340[&&NHX:species=Wild pepper],(Capana04g002720[&&NHX:species=Dom. pepper],Capana04g002796[&&NHX:species=Dom. pepper])D)S,((Capana00g002680[&&NHX:species=Dom. pepper],Capana00g001524[&&NHX:species=Dom. pepper],Capana04g002790[&&NHX:species=Dom. pepper],Capana04g002451[&&NHX:species=Dom. pepper],Capana04g002466[&&NHX:species=Dom. pepper],((Capang04g002315[&&NHX:species=Wild pepper],Capang04g002160[&&NHX:species=Wild pepper])D,(Capana04g002660[&&NHX:species=Dom. pepper],(Capana04g002430[&&NHX:species=Dom. pepper],Capana00g001259[&&NHX:species=Dom. pepper])D)D)S)D,Solyc10g045610.1.1[&&NHX:species=Tomato])S)D,((Capana00g001161[&&NHX:species=Dom. pepper],PGSC0003DMP400064231[&&NHX:species=Potato])S,((Capana04g002420[&&NHX:species=Dom. pepper],Capang02g002927[&&NHX:species=Wild pepper])S,(((Capana00g000564[&&NHX:species=Dom. pepper],Capana04g002729[&&NHX:species=Dom. pepper])D,SLYcer07g00701.1[&&NHX:species=Tomato Cherry],SPI07g00732.1[&&NHX:species=S. pimp])S[&&NHX:length=-0.56348],(PGSC0003DMP400044423[&&NHX:species=Potato],Capana00g002144[&&NHX:species=Dom. pepper])S)D)D)D)D)D,(((Capang04g002203[&&NHX:species=Wild pepper],(Capana04g002453[&&NHX:species=Dom. pepper],Capana04g002662[&&NHX:species=Dom. pepper])D)S,(PGSC0003DMP400027985[&&NHX:species=Potato],Capana04g002447[&&NHX:species=Dom. pepper])S)D,(SPI01g05838.1[&&NHX:species=S. pimp],SLYcer01g05664.1[&&NHX:species=Tomato Cherry])S,(SPI09g03546.1[&&NHX:species=S. pimp],SLYcer09g03649.1[&&NHX:species=Tomato Cherry],Capana04g002775[&&NHX:species=Dom. pepper])S,((Capang00g004764[&&NHX:species=Wild pepper],Capang08g000980[&&NHX:species=Wild pepper])D,(SPI04g00974.1[&&NHX:species=S. pimp],PGSC0003DMP400019323[&&NHX:species=Potato],SLYcer04g01251.1[&&NHX:species=Tomato Cherry])S)S)D,(Sopen02g014260.1[&&NHX:species=S. Pennelli],Capana00g002679[&&NHX:species=Dom. pepper])S,(((Capana03g001863[&&NHX:species=Dom. pepper],PGSC0003DMP400058878[&&NHX:species=Potato])S,(PGSC0003DMP400040768[&&NHX:species=Potato],Capana03g001878[&&NHX:species=Dom. pepper])S)D,(PGSC0003DMP400024592[&&NHX:species=Potato],SLYcer04g01186.1[&&NHX:species=Tomato Cherry],Capana05g000274[&&NHX:species=Dom. pepper],Capang05g000597[&&NHX:species=Wild pepper])S)D,(((PGSC0003DMP400034253[&&NHX:species=Potato],PGSC0003DMP400034252[&&NHX:species=Potato])D,Capang01g001389[&&NHX:species=Wild pepper])S,(Capana00g001899[&&NHX:species=Dom. pepper],Capang00g003546[&&NHX:species=Wild pepper],SLYcer02g03674.1[&&NHX:species=Tomato Cherry])S,Capang07g001901[&&NHX:species=Wild pepper])D)D,((Sopen01g030990.2[&&NHX:species=S. Pennelli],Sopen01g030990.1[&&NHX:species=S. Pennelli])D,Solyc01g079210.3.1[&&NHX:species=Tomato],Capang01g002482[&&NHX:species=Wild pepper],PGSC0003DMP400015940[&&NHX:species=Potato],SLYcer01g06045.1[&&NHX:species=Tomato Cherry],Capana01g002810[&&NHX:species=Dom. pepper],SPI01g06341.1[&&NHX:species=S. pimp])S,((PGSC0003DMP400027728[&&NHX:species=Potato],Capana03g003382[&&NHX:species=Dom. pepper],Capang03g003313[&&NHX:species=Wild pepper],Sopen09g025010.1[&&NHX:species=S. Pennelli],Solyc09g061930.4.1[&&NHX:species=Tomato],SLYcer09g03472.1[&&NHX:species=Tomato Cherry],SPI09g03371.1[&&NHX:species=S. pimp])S,(Capang09g000815[&&NHX:species=Wild pepper],Capana09g001108[&&NHX:species=Dom. pepper])S)D,((((Sopen07g025520.1[&&NHX:species=S. Pennelli],SLYcer07g04687.1[&&NHX:species=Tomato Cherry],((Capang07g001435[&&NHX:species=Wild pepper],Capana07g001392[&&NHX:species=Dom. pepper])S,(Capana07g001402[&&NHX:species=Dom. pepper],Capang07g001433[&&NHX:species=Wild pepper])S)D,Solyc07g051930.3.1[&&NHX:species=Tomato],SPI07g05402.1[&&NHX:species=S. pimp])S,((((Solyc07g051880.1.1[&&NHX:species=Tomato],Solyc07g051860.1.1[&&NHX:species=Tomato])D,Solyc07g051920.1.1[&&NHX:species=Tomato])D,(Solyc07g051870.1.1[&&NHX:species=Tomato],Solyc07g051890.1.1[&&NHX:species=Tomato])D)D,(((Sopen07g025470.1[&&NHX:species=S. Pennelli],Sopen07g025490.1[&&NHX:species=S. Pennelli])D,Sopen07g025460.1[&&NHX:species=S. Pennelli])D,Sopen07g025510.1[&&NHX:species=S. Pennelli])D,((Capana00g002534[&&NHX:species=Dom. pepper],(Capang07g001424[&&NHX:species=Wild pepper],Capang07g001423[&&NHX:species=Wild pepper])D)S,((Capana00g002532[&&NHX:species=Dom. pepper],Capana00g002533[&&NHX:species=Dom. pepper])D,(Capang07g001412[&&NHX:species=Wild pepper],Capang07g001422[&&NHX:species=Wild pepper])D)S)D,(((PGSC0003DMP400026414[&&NHX:species=Potato],PGSC0003DMP400026412[&&NHX:species=Potato])D,PGSC0003DMP400026415[&&NHX:species=Potato])D,PGSC0003DMP400062651[&&NHX:species=Potato])D,(SLYcer07g04685.1[&&NHX:species=Tomato Cherry],SLYcer07g04681.1[&&NHX:species=Tomato Cherry])D)S)D,((((Capang05g000623[&&NHX:species=Wild pepper],Capang00g000805[&&NHX:species=Wild pepper])D,Capana00g001376[&&NHX:species=Dom. pepper],PGSC0003DMP400056168[&&NHX:species=Potato])S,PGSC0003DMP400068568[&&NHX:species=Potato])D,(Capang00g004923[&&NHX:species=Wild pepper],(Capang02g000688[&&NHX:species=Wild pepper],(Capana02g000768[&&NHX:species=Dom. pepper],Capang00g001692[&&NHX:species=Wild pepper])S[&&NHX:length=-2.90204])D)D)D)D,(SLYcer01g07325.1[&&NHX:species=Tomato Cherry],Capana08g001798[&&NHX:species=Dom. pepper],Sopen01g045660.1[&&NHX:species=S. Pennelli],Solyc01g103240.4.1[&&NHX:species=Tomato],Capang01g004372[&&NHX:species=Wild pepper],PGSC0003DMP400043252[&&NHX:species=Potato],(SPI07g05401.1[&&NHX:species=S. pimp],SPI07g05397.1[&&NHX:species=S. pimp])D)S)D,((Capana00g003454[&&NHX:species=Dom. pepper],((Solyc12g005360.3.1[&&NHX:species=Tomato],SPI12g00168.1[&&NHX:species=S. pimp],PGSC0003DMP400037781[&&NHX:species=Potato],SLYcer12g00122.1[&&NHX:species=Tomato Cherry])S,PGSC0003DMP400056502[&&NHX:species=Potato])D,Capang01g001086[&&NHX:species=Wild pepper])S,((((((Capana00g002697[&&NHX:species=Dom. pepper],Capana00g002698[&&NHX:species=Dom. pepper])D,PGSC0003DMP400026063[&&NHX:species=Potato])S,PGSC0003DMP400016390[&&NHX:species=Potato])D,(((Capana00g002244[&&NHX:species=Dom. pepper],Capana00g002418[&&NHX:species=Dom. pepper])D,Solyc08g076490.2.1[&&NHX:species=Tomato],SLYcer08g05866.1[&&NHX:species=Tomato Cherry],SPI08g05753.1[&&NHX:species=S. pimp],Sopen08g025080.1[&&NHX:species=S. Pennelli])S,(Capana00g002554[&&NHX:species=Dom. pepper],Capang00g000029[&&NHX:species=Wild pepper])S)D)D,(((PGSC0003DMP400046363[&&NHX:species=Potato],SPI02g02223.1[&&NHX:species=S. pimp],SLYcer02g03338.1[&&NHX:species=Tomato Cherry],Capang03g003944[&&NHX:species=Wild pepper])S,(SPI02g02222.1[&&NHX:species=S. pimp],SLYcer02g03337.1[&&NHX:species=Tomato Cherry])S)D,(((PGSC0003DMP400045272[&&NHX:species=Potato],PGSC0003DMP400045282[&&NHX:species=Potato])D,Capana00g002706[&&NHX:species=Dom. pepper],Capang07g001963[&&NHX:species=Wild pepper])S,(Capang01g000968[&&NHX:species=Wild pepper],Capana00g002416[&&NHX:species=Dom. pepper],PGSC0003DMP400016391[&&NHX:species=Potato])S)D)D)D,((PGSC0003DMP400048685[&&NHX:species=Potato],Sopen07g024340.1[&&NHX:species=S. Pennelli],SPI07g04923.1[&&NHX:species=S. pimp],Solyc07g047910.2.1[&&NHX:species=Tomato],Capang01g001081[&&NHX:species=Wild pepper],SLYcer07g04249.1[&&NHX:species=Tomato Cherry])S,((((Sopen08g022720.1[&&NHX:species=S. Pennelli],PGSC0003DMP400064081[&&NHX:species=Potato])S,PGSC0003DMP400060362[&&NHX:species=Potato])D,SLYcer08g05338.1[&&NHX:species=Tomato Cherry])S,((SLYcer08g05341.1[&&NHX:species=Tomato Cherry],SPI08g05230.1[&&NHX:species=S. pimp],Sopen08g022740.1[&&NHX:species=S. Pennelli],Solyc08g069090.1.1[&&NHX:species=Tomato],PGSC0003DMP400051445[&&NHX:species=Potato])S,PGSC0003DMP400051511[&&NHX:species=Potato])D)D)D)D)D,(((((((Capang00g004799[&&NHX:species=Wild pepper],SLYcer03g00183.1[&&NHX:species=Tomato Cherry],PGSC0003DMP400027987[&&NHX:species=Potato])S,((PGSC0003DMP400060295[&&NHX:species=Potato],PGSC0003DMP400065902[&&NHX:species=Potato])D,Capana04g002670[&&NHX:species=Dom. pepper],Capang00g004170[&&NHX:species=Wild pepper])S,(Capang00g000375[&&NHX:species=Wild pepper],Capana04g002774[&&NHX:species=Dom. pepper])S)D,(((Capang02g001103[&&NHX:species=Wild pepper],Capana04g002721[&&NHX:species=Dom. pepper])S,Capana04g002786[&&NHX:species=Dom. pepper])D,((Capana04g002634[&&NHX:species=Dom. pepper],Capana04g002789[&&NHX:species=Dom. pepper])D,Capang04g002198[&&NHX:species=Wild pepper])S)D)D,(((((Capana04g002724[&&NHX:species=Dom. pepper],Capana04g002484[&&NHX:species=Dom. pepper])D,Solyc10g012140.2.1[&&NHX:species=Tomato])S,(Capana04g002454[&&NHX:species=Dom. pepper],(Capang00g004119[&&NHX:species=Wild pepper],Capana04g002780[&&NHX:species=Dom. pepper])S)D)D,((Capang00g004986[&&NHX:species=Wild pepper],PGSC0003DMP400023871[&&NHX:species=Potato],Capana04g002467[&&NHX:species=Dom. pepper])S,Capana04g002681[&&NHX:species=Dom. pepper])D)D,((PGSC0003DMP400046471[&&NHX:species=Potato],Capana04g002661[&&NHX:species=Dom. pepper],Capang04g002200[&&NHX:species=Wild pepper])S,((Capana06g002935[&&NHX:species=Dom. pepper],Capana00g002146[&&NHX:species=Dom. pepper])D,Capang00g003945[&&NHX:species=Wild pepper])S)D)D)D,((((((Capang04g002154[&&NHX:species=Wild pepper],Capang09g000862[&&NHX:species=Wild pepper])D,Capana04g002486[&&NHX:species=Dom. pepper])S,((Capana04g002477[&&NHX:species=Dom. pepper],Capana04g002432[&&NHX:species=Dom. pepper])D,Capang04g002395[&&NHX:species=Wild pepper])S)D,Capana02g001224[&&NHX:species=Dom. pepper])D,(SPI04g00992.1[&&NHX:species=S. pimp],SPI04g00981.1[&&NHX:species=S. pimp])D)S,((Capang04g002333[&&NHX:species=Wild pepper],Capang04g002091[&&NHX:species=Wild pepper])D,Capana04g002364[&&NHX:species=Dom. pepper])S,Capana06g002526[&&NHX:species=Dom. pepper])D)D,((SPI02g02940.1[&&NHX:species=S. pimp],PGSC0003DMP400049469[&&NHX:species=Potato],Capana02g001712[&&NHX:species=Dom. pepper])S,Capana04g002728[&&NHX:species=Dom. pepper])D)D,(((((((Capana04g002435[&&NHX:species=Dom. pepper],(((Capana04g002637[&&NHX:species=Dom. pepper],Capana04g002418[&&NHX:species=Dom. pepper])D,Capang00g000797[&&NHX:species=Wild pepper])S,(Capana04g002638[&&NHX:species=Dom. pepper],Capang04g002168[&&NHX:species=Wild pepper])S)D)D,Capana04g002539[&&NHX:species=Dom. pepper])D,((((Capana06g002934[&&NHX:species=Dom. pepper],((PGSC0003DMP400027986[&&NHX:species=Potato],Capana04g002792[&&NHX:species=Dom. pepper])S,Capana04g002704[&&NHX:species=Dom. pepper])D)D,Capana04g002685[&&NHX:species=Dom. pepper])D,Solyc03g118330.3.1[&&NHX:species=Tomato])D,Capana04g002635[&&NHX:species=Dom. pepper])D)D,(((Capana00g001564[&&NHX:species=Dom. pepper],PGSC0003DMP400049476[&&NHX:species=Potato],Sopen03g002110.1[&&NHX:species=S. Pennelli],SLYcer03g05025.1[&&NHX:species=Tomato Cherry])S,Capana04g002478[&&NHX:species=Dom. pepper])D,PGSC0003DMP400048390[&&NHX:species=Potato])D)D,((Capang04g002202[&&NHX:species=Wild pepper],Capana04g002636[&&NHX:species=Dom. pepper],Sopen11g010560.1[&&NHX:species=S. Pennelli])S,Capana04g002802[&&NHX:species=Dom. pepper])D)D,((((SPI02g01466.1[&&NHX:species=S. pimp],Capana06g002655[&&NHX:species=Dom. pepper],Solyc06g006017.1.1[&&NHX:species=Tomato],SLYcer06g00375.1[&&NHX:species=Tomato Cherry])S,((((Capana04g002458[&&NHX:species=Dom. pepper],Capang04g002155[&&NHX:species=Wild pepper])S,Capana04g002538[&&NHX:species=Dom. pepper])D,Capang02g001538[&&NHX:species=Wild pepper])D,(PGSC0003DMP400012846[&&NHX:species=Potato],PGSC0003DMP400012848[&&NHX:species=Potato],PGSC0003DMP400012847[&&NHX:species=Potato])D)S)D,((((SLYcer04g00976.1[&&NHX:species=Tomato Cherry],Capang04g002343[&&NHX:species=Wild pepper],Capana04g002488[&&NHX:species=Dom. pepper])S,Capana04g002727[&&NHX:species=Dom. pepper],Capana00g002172[&&NHX:species=Dom. pepper])D,((PGSC0003DMP400000608[&&NHX:species=Potato],Capana09g000288[&&NHX:species=Dom. pepper])S,(Capana04g002667[&&NHX:species=Dom. pepper],Capang00g004407[&&NHX:species=Wild pepper])S)D)D,((Capana00g001092[&&NHX:species=Dom. pepper],PGSC0003DMP400033107[&&NHX:species=Potato])S,Capana04g002707[&&NHX:species=Dom. pepper],Capana04g002366[&&NHX:species=Dom. pepper],Capana04g002776[&&NHX:species=Dom. pepper],Capana02g001243[&&NHX:species=Dom. pepper],Capana04g002745[&&NHX:species=Dom. pepper])D)D)D,((((PGSC0003DMP400001925[&&NHX:species=Potato],(Capana00g001098[&&NHX:species=Dom. pepper],Capana07g000850[&&NHX:species=Dom. pepper])D)S,((Capana00g002285[&&NHX:species=Dom. pepper],Capana00g001762[&&NHX:species=Dom. pepper],Capana04g002718[&&NHX:species=Dom. pepper],Capana00g002676[&&NHX:species=Dom. pepper],Capana04g002471[&&NHX:species=Dom. pepper],Capana04g002427[&&NHX:species=Dom. pepper],Capana04g002795[&&NHX:species=Dom. pepper],Capana04g002743[&&NHX:species=Dom. pepper],Capana04g002630[&&NHX:species=Dom. pepper],Capana06g002933[&&NHX:species=Dom. pepper],Capana00g001756[&&NHX:species=Dom. pepper],Capana00g002167[&&NHX:species=Dom. pepper],Capana00g000721[&&NHX:species=Dom. pepper])D,Sopen03g002100.1[&&NHX:species=S. Pennelli],PGSC0003DMP400026483[&&NHX:species=Potato],Capang00g002005[&&NHX:species=Wild pepper])S)D,((SPI06g03120.1[&&NHX:species=S. pimp],SLYcer06g03218.1[&&NHX:species=Tomato Cherry],Capana06g002633[&&NHX:species=Dom. pepper],PGSC0003DMP400036215[&&NHX:species=Potato])S,((Capana06g002637[&&NHX:species=Dom. pepper],Capana04g002781[&&NHX:species=Dom. pepper])D,((SPI06g00157.1[&&NHX:species=S. pimp],PGSC0003DMP400001889[&&NHX:species=Potato])S,SPI06g00149.1[&&NHX:species=S. pimp])D)S)D)D,((PGSC0003DMP400018243[&&NHX:species=Potato],SPI02g02575.1[&&NHX:species=S. pimp],Capana02g001233[&&NHX:species=Dom. pepper],SLYcer02g03677.1[&&NHX:species=Tomato Cherry],Solyc02g068880.2.1[&&NHX:species=Tomato])S,SPI07g01171.1[&&NHX:species=S. pimp],(PGSC0003DMP400018385[&&NHX:species=Potato],Capang02g000478[&&NHX:species=Wild pepper])S,PGSC0003DMP400033728[&&NHX:species=Potato])D)D)D)D,(((Capana04g002703[&&NHX:species=Dom. pepper],Capana04g002705[&&NHX:species=Dom. pepper])D,PGSC0003DMP400068815[&&NHX:species=Potato],Solyc06g005880.4.1[&&NHX:species=Tomato])S,(SLYcer08g05780.1[&&NHX:species=Tomato Cherry],Solyc08g075620.3.1[&&NHX:species=Tomato],Capana04g002465[&&NHX:species=Dom. pepper])S)D)D)D,(((PGSC0003DMP400053278[&&NHX:species=Potato],SPI02g04435.1[&&NHX:species=S. pimp],Sopen02g035800.1[&&NHX:species=S. Pennelli],Capana02g002841[&&NHX:species=Dom. pepper],Capang02g002567[&&NHX:species=Wild pepper])S,(PGSC0003DMP400053277[&&NHX:species=Potato],Sopen02g035800.2[&&NHX:species=S. Pennelli],SLYcer02g05515.1[&&NHX:species=Tomato Cherry],Solyc02g091160.4.1[&&NHX:species=Tomato])S)D,(PGSC0003DMP400053279[&&NHX:species=Potato],Solyc02g091170.4.1[&&NHX:species=Tomato])S)D,((((Capang04g001970[&&NHX:species=Wild pepper],PGSC0003DMP400042151[&&NHX:species=Potato],Capana00g001166[&&NHX:species=Dom. pepper])S,(((Capang09g000586[&&NHX:species=Wild pepper],Capang12g000433[&&NHX:species=Wild pepper])D,PGSC0003DMP400024590[&&NHX:species=Potato],Capana05g000278[&&NHX:species=Dom. pepper])S,PGSC0003DMP400056635[&&NHX:species=Potato])D)D,((SPI04g00973.1[&&NHX:species=S. pimp],SLYcer04g01249.1[&&NHX:species=Tomato Cherry],PGSC0003DMP400021386[&&NHX:species=Potato],Capang00g004538[&&NHX:species=Wild pepper])S,SPI04g00993.1[&&NHX:species=S. pimp])D)D,(PGSC0003DMP400018025[&&NHX:species=Potato],(Capang03g001470[&&NHX:species=Wild pepper],PGSC0003DMP400044425[&&NHX:species=Potato])S)D,(Capana05g000765[&&NHX:species=Dom. pepper],Capang05g000652[&&NHX:species=Wild pepper])S,(((Capana07g000959[&&NHX:species=Dom. pepper],PGSC0003DMP400040291[&&NHX:species=Potato],Capang07g000698[&&NHX:species=Wild pepper])S,(SLYcer11g01264.1[&&NHX:species=Tomato Cherry],PGSC0003DMP400034724[&&NHX:species=Potato],Solyc11g020270.1.1[&&NHX:species=Tomato],SPI11g01391.1[&&NHX:species=S. pimp])S)D,(((PGSC0003DMP400044424[&&NHX:species=Potato],SLYcer07g01152.1[&&NHX:species=Tomato Cherry])S,SLYcer10g05821.1[&&NHX:species=Tomato Cherry])D,Capang01g001505[&&NHX:species=Wild pepper])S)D,(((Solyc10g055280.1.1[&&NHX:species=Tomato],Solyc10g055310.1.1[&&NHX:species=Tomato])D,SLYcer10g04777.1[&&NHX:species=Tomato Cherry],SPI10g03274.1[&&NHX:species=S. pimp])S,(Capana01g001036[&&NHX:species=Dom. pepper],Solyc09g064950.1.1[&&NHX:species=Tomato],SLYcer09g03646.1[&&NHX:species=Tomato Cherry],SPI09g03543.1[&&NHX:species=S. pimp])S)D)D,(((((SLYcer02g03336.1[&&NHX:species=Tomato Cherry],SLYcer02g03333.1[&&NHX:species=Tomato Cherry])D,(SPI02g02221.1[&&NHX:species=S. pimp],SPI02g02218.1[&&NHX:species=S. pimp])D)S,Solyc02g064890.1.1[&&NHX:species=Tomato])S,(SLYcer02g03339.1[&&NHX:species=Tomato Cherry],SPI02g02224.1[&&NHX:species=S. pimp])S)D,PGSC0003DMP400064862[&&NHX:species=Potato])D,(((SLYcer12g00965.1[&&NHX:species=Tomato Cherry],SPI12g01018.1[&&NHX:species=S. pimp])S,((SPI12g00528.1[&&NHX:species=S. pimp],Solyc12g009370.3.1[&&NHX:species=Tomato],Sopen12g004360.1[&&NHX:species=S. Pennelli],SLYcer12g00497.1[&&NHX:species=Tomato Cherry])S,SLYcer06g00415.1[&&NHX:species=Tomato Cherry])D)D,((SLYcer12g00960.1[&&NHX:species=Tomato Cherry],SPI12g01013.1[&&NHX:species=S. pimp])S,((((SPI12g01022.1[&&NHX:species=S. pimp],SLYcer12g00974.1[&&NHX:species=Tomato Cherry])S,SPI06g00193.1[&&NHX:species=S. pimp])D,Solyc12g016120.3.1[&&NHX:species=Tomato])S,SLYcer12g00970.1[&&NHX:species=Tomato Cherry])D)D)D,(((Sopen04g026530.2[&&NHX:species=S. Pennelli],Sopen04g026530.1[&&NHX:species=S. Pennelli])D,SPI04g04026.1[&&NHX:species=S. pimp],SLYcer04g04398.1[&&NHX:species=Tomato Cherry],((Capana06g002035[&&NHX:species=Dom. pepper],Capana04g001474[&&NHX:species=Dom. pepper])D,Capang04g001378[&&NHX:species=Wild pepper])S)S,(((PGSC0003DMP400045369[&&NHX:species=Potato],PGSC0003DMP400045362[&&NHX:species=Potato])D,PGSC0003DMP400045363[&&NHX:species=Potato])D,PGSC0003DMP400041077[&&NHX:species=Potato])D)D,((((SPI12g01016.1[&&NHX:species=S. pimp],SLYcer12g00963.1[&&NHX:species=Tomato Cherry],Solyc12g016040.3.1[&&NHX:species=Tomato])S,(SPI12g00526.1[&&NHX:species=S. pimp],Solyc12g016020.3.1[&&NHX:species=Tomato],Capana00g002578[&&NHX:species=Dom. pepper])S)D,((((Capang12g002344[&&NHX:species=Wild pepper],Capana00g002569[&&NHX:species=Dom. pepper])S,Capang00g000875[&&NHX:species=Wild pepper])D,((Sopen04g014290.1[&&NHX:species=S. Pennelli],Capana12g002705[&&NHX:species=Dom. pepper],SLYcer04g02093.1[&&NHX:species=Tomato Cherry],PGSC0003DMP400034579[&&NHX:species=Potato])S,SLYcer04g02099.1[&&NHX:species=Tomato Cherry])D)D,Capana06g002766[&&NHX:species=Dom. pepper])D)D,((SPI12g03701.1[&&NHX:species=S. pimp],(((Sopen12g019830.1[&&NHX:species=S. Pennelli],Sopen12g019820.1[&&NHX:species=S. Pennelli],Sopen12g019910.1[&&NHX:species=S. Pennelli])D,Solyc12g040365.1.1[&&NHX:species=Tomato])S,Solyc12g040395.1.1[&&NHX:species=Tomato])D)S,(SPI03g05437.1[&&NHX:species=S. pimp],Sopen03g040590.1[&&NHX:species=S. Pennelli],SLYcer03g05399.1[&&NHX:species=Tomato Cherry],Solyc03g121780.1.1[&&NHX:species=Tomato],PGSC0003DMP400053977[&&NHX:species=Potato])S)D)D,((Sopen01g041560.1[&&NHX:species=S. Pennelli],SLYcer01g07759.1[&&NHX:species=Tomato Cherry],SPI01g07511.1[&&NHX:species=S. pimp],Capang01g003917[&&NHX:species=Wild pepper],Capana03g004629[&&NHX:species=Dom. pepper],Solyc01g097980.3.1[&&NHX:species=Tomato])S,((SLYcer02g04074.1[&&NHX:species=Tomato Cherry],Solyc02g076780.3.1[&&NHX:species=Tomato],SPI02g02968.1[&&NHX:species=S. pimp],Sopen02g021680.1[&&NHX:species=S. Pennelli])S,(((Capana02g001764[&&NHX:species=Dom. pepper],PGSC0003DMP400051585[&&NHX:species=Potato])S,Capana10g000305[&&NHX:species=Dom. pepper])D,(Solyc08g080457.1.1[&&NHX:species=Tomato],Sopen04g030230.1[&&NHX:species=S. Pennelli],PGSC0003DMP400026864[&&NHX:species=Potato],Capang02g001571[&&NHX:species=Wild pepper])S)D)D,(Solyc10g083610.2.1[&&NHX:species=Tomato],Capang10g001715[&&NHX:species=Wild pepper],PGSC0003DMP400014715[&&NHX:species=Potato],SLYcer10g05666.1[&&NHX:species=Tomato Cherry],Sopen10g033090.1[&&NHX:species=S. Pennelli],Capana10g001950[&&NHX:species=Dom. pepper],SPI10g04195.1[&&NHX:species=S. pimp])S,(SPI08g04780.1[&&NHX:species=S. pimp],Capana08g000322[&&NHX:species=Dom. pepper],Capang01g002935[&&NHX:species=Wild pepper],SLYcer08g04881.1[&&NHX:species=Tomato Cherry],Sopen08g018850.1[&&NHX:species=S. Pennelli])S,((Capana00g004660[&&NHX:species=Dom. pepper],PGSC0003DMP400050129[&&NHX:species=Potato],Capang06g000990[&&NHX:species=Wild pepper],SPI06g04394.1[&&NHX:species=S. pimp],SLYcer06g04535.1[&&NHX:species=Tomato Cherry],Solyc06g068980.4.1[&&NHX:species=Tomato],(Sopen06g026270.2[&&NHX:species=S. Pennelli],Sopen06g026270.1[&&NHX:species=S. Pennelli])D)S,PGSC0003DMP400050133[&&NHX:species=Potato])D,((Sopen07g027100.2[&&NHX:species=S. Pennelli],PGSC0003DMP400050128[&&NHX:species=Potato],Capana02g001763[&&NHX:species=Dom. pepper],Capang02g001570[&&NHX:species=Wild pepper])S,((Capang10g000212[&&NHX:species=Wild pepper],Sopen12g005730.1[&&NHX:species=S. Pennelli],Solyc12g013970.3.1[&&NHX:species=Tomato],Capana10g000302[&&NHX:species=Dom. pepper])S,(Capang07g001828[&&NHX:species=Wild pepper],(Sopen07g027100.1[&&NHX:species=S. Pennelli],Sopen07g027100.3[&&NHX:species=S. Pennelli])D,Solyc07g055130.4.1[&&NHX:species=Tomato],Capana07g001827[&&NHX:species=Dom. pepper])S)D)D,(((Solyc03g119140.4.1[&&NHX:species=Tomato],(Sopen03g038030.2[&&NHX:species=S. Pennelli],Sopen03g038030.3[&&NHX:species=S. Pennelli])D,SLYcer03g05109.1[&&NHX:species=Tomato Cherry])S,(Sopen03g038030.1[&&NHX:species=S. Pennelli],SPI03g05169.1[&&NHX:species=S. pimp])S)D,Capang00g002639[&&NHX:species=Wild pepper])S)D,((Solyc03g093460.3.1[&&NHX:species=Tomato],Capana03g002733[&&NHX:species=Dom. pepper],SPI03g03591.1[&&NHX:species=S. pimp],PGSC0003DMP400032842[&&NHX:species=Potato],Capang03g002635[&&NHX:species=Wild pepper],SLYcer03g03516.1[&&NHX:species=Tomato Cherry],Sopen03g024290.1[&&NHX:species=S. Pennelli])S,Capana12g000093[&&NHX:species=Dom. pepper])D,((Capana03g001864[&&NHX:species=Dom. pepper],(PGSC0003DMP400040899[&&NHX:species=Potato],Capana05g000270[&&NHX:species=Dom. pepper])S)D,(((PGSC0003DMP400064733[&&NHX:species=Potato],SLYcer04g00979.1[&&NHX:species=Tomato Cherry])S,PGSC0003DMP400024593[&&NHX:species=Potato])D,Capana05g000248[&&NHX:species=Dom. pepper])S,((PGSC0003DMP400040767[&&NHX:species=Potato],(PGSC0003DMP400040765[&&NHX:species=Potato],Solyc04g012185.1.1[&&NHX:species=Tomato])S)D,Capana05g000263[&&NHX:species=Dom. pepper])S,((((SPI07g00883.1[&&NHX:species=S. pimp],SLYcer07g00855.1[&&NHX:species=Tomato Cherry],PGSC0003DMP400036470[&&NHX:species=Potato])S,SLYcer04g00978.1[&&NHX:species=Tomato Cherry])D,(((PGSC0003DMP400040856[&&NHX:species=Potato],PGSC0003DMP400042232[&&NHX:species=Potato])D,Capana07g000049[&&NHX:species=Dom. pepper])S,(PGSC0003DMP400033119[&&NHX:species=Potato],Capana05g000252[&&NHX:species=Dom. pepper])S)D)D,(PGSC0003DMP400024589[&&NHX:species=Potato],(PGSC0003DMP400052731[&&NHX:species=Potato],Capana05g000273[&&NHX:species=Dom. pepper],SPI04g00975.1[&&NHX:species=S. pimp])S)D)D,(((PGSC0003DMP400058554[&&NHX:species=Potato],Solyc04g014645.1.1[&&NHX:species=Tomato])S,(PGSC0003DMP400033117[&&NHX:species=Potato],Capana04g002452[&&NHX:species=Dom. pepper],SLYcer04g01260.1[&&NHX:species=Tomato Cherry])S)D,(SPI04g00994.1[&&NHX:species=S. pimp],Capana05g000272[&&NHX:species=Dom. pepper],(Sopen04g006300.2[&&NHX:species=S. Pennelli],Sopen04g006300.1[&&NHX:species=S. Pennelli])D)S)D,(((Solyc04g014883.1.1[&&NHX:species=Tomato],SLYcer04g01252.1[&&NHX:species=Tomato Cherry],PGSC0003DMP400040817[&&NHX:species=Potato],Capana05g000251[&&NHX:species=Dom. pepper])S,(Capana05g000253[&&NHX:species=Dom. pepper],(PGSC0003DMP400040900[&&NHX:species=Potato],(Solyc04g015000.2.1[&&NHX:species=Tomato],PGSC0003DMP400040898[&&NHX:species=Potato])S)D)S)D,(Capana03g001866[&&NHX:species=Dom. pepper],Capang03g001789[&&NHX:species=Wild pepper])S)D)D,((((((Capana04g002779[&&NHX:species=Dom. pepper],Capana04g002747[&&NHX:species=Dom. pepper])D,PGSC0003DMP400031433[&&NHX:species=Potato],Capang00g004184[&&NHX:species=Wild pepper])S,((Capang04g002293[&&NHX:species=Wild pepper],PGSC0003DMP400019345[&&NHX:species=Potato])S,(PGSC0003DMP400019347[&&NHX:species=Potato],Capang00g000766[&&NHX:species=Wild pepper])S)D)D,(((Capana04g002715[&&NHX:species=Dom. pepper],Capana04g002449[&&NHX:species=Dom. pepper])D,PGSC0003DMP400048397[&&NHX:species=Potato],(Capang04g002310[&&NHX:species=Wild pepper],Capang00g002239[&&NHX:species=Wild pepper])D)S,((Capang04g002153[&&NHX:species=Wild pepper],Capang00g000327[&&NHX:species=Wild pepper])D,Capana04g002455[&&NHX:species=Dom. pepper])S)D)D,((Capana01g004419[&&NHX:species=Dom. pepper],Capang03g002185[&&NHX:species=Wild pepper])S,(SPI02g02942.1[&&NHX:species=S. pimp],Capang04g002199[&&NHX:species=Wild pepper],Sopen02g021400.1[&&NHX:species=S. Pennelli])S)D)D,(((Capang02g001077[&&NHX:species=Wild pepper],SLYcer06g00372.1[&&NHX:species=Tomato Cherry],(Capana02g001244[&&NHX:species=Dom. pepper],Capana02g001229[&&NHX:species=Dom. pepper])D,PGSC0003DMP400036233[&&NHX:species=Potato])S,(Sopen06g014980.1[&&NHX:species=S. Pennelli],SLYcer06g00383.1[&&NHX:species=Tomato Cherry],SPI04g00976.1[&&NHX:species=S. pimp])S)D,SLYcer04g01259.1[&&NHX:species=Tomato Cherry])D)D)D;	63	41	426	SPI07g05396.1,Sopen06g001850.1,PGSC0003DMP400023237,PGSC0003DMP400036232,PGSC0003DMP400026413,Solyc04g064590.3.1,Capang06g002696,SLYcer04g01258.1,Solyc04g014887.1.1,PGSC0003DMP400060608,PGSC0003DMP400043019,PGSC0003DMP400043020,SLYcer06g03051.1,PGSC0003DMP400026494,Capana06g001043,Sopen02g015020.1,Solyc05g013290.2.1,PGSC0003DMP400062250,PGSC0003DMP400025091,Capana03g000745,Capang04g002162,SPI08g05227.1,Capana04g002489,Capana05g000258,Capana10g000277,SPI03g05083.1,SLYcer12g03746.1,Sopen10g025090.1,Capana00g000173,Capana04g002744,Capang00g002579,SPI10g01778.1,SPI10g04354.1,Solyc10g085110.3.1,Solyc08g069070.3.1,SLYcer04g00985.1,Solyc02g064930.1.1,Sopen06g024620.1
OG27639	((((Sopen04g006550.1[&&NHX:species=S. Pennelli],SPI04g00887.1[&&NHX:species=S. pimp],SLYcer04g01158.1[&&NHX:species=Tomato Cherry],Capang05g000208[&&NHX:species=Wild pepper],Capana00g002030[&&NHX:species=Dom. pepper],PGSC0003DMP400040797[&&NHX:species=Potato],Solyc04g014410.4.1[&&NHX:species=Tomato])S,PGSC0003DMP400040796[&&NHX:species=Potato])D,((SLYcer11g02722.1[&&NHX:species=Tomato Cherry],Solyc11g044370.1.1[&&NHX:species=Tomato],SPI11g02781.1[&&NHX:species=S. pimp],PGSC0003DMP400014778[&&NHX:species=Potato])S,PGSC0003DMP400014779[&&NHX:species=Potato])D,((PGSC0003DMP400028169[&&NHX:species=Potato],Sopen11g005540.1[&&NHX:species=S. Pennelli],Solyc11g010730.3.1[&&NHX:species=Tomato],Capang12g002363[&&NHX:species=Wild pepper],SLYcer11g00599.1[&&NHX:species=Tomato Cherry])S,(PGSC0003DMP400028168[&&NHX:species=Potato],Capana12g002723[&&NHX:species=Dom. pepper])S)D)D,((Sopen11g009170.1[&&NHX:species=S. Pennelli],Capana04g001610[&&NHX:species=Dom. pepper])S,((((PGSC0003DMP400007369[&&NHX:species=Potato],SPI05g00192.1[&&NHX:species=S. pimp],Sopen05g001910.2[&&NHX:species=S. Pennelli])S,PGSC0003DMP400007367[&&NHX:species=Potato])D,(Capana00g003978[&&NHX:species=Dom. pepper],PGSC0003DMP400007368[&&NHX:species=Potato],SLYcer05g00174.1[&&NHX:species=Tomato Cherry],Capang00g002711[&&NHX:species=Wild pepper],Sopen05g001910.1[&&NHX:species=S. Pennelli])S)D,PGSC0003DMP400027703[&&NHX:species=Potato])D,(Capang11g000709[&&NHX:species=Wild pepper],PGSC0003DMP400053305[&&NHX:species=Potato])S,(PGSC0003DMP400037015[&&NHX:species=Potato],Capana01g003640[&&NHX:species=Dom. pepper])S,((Capang07g001819[&&NHX:species=Wild pepper],SLYcer07g05043.1[&&NHX:species=Tomato Cherry],Capana04g002675[&&NHX:species=Dom. pepper],SPI07g05777.1[&&NHX:species=S. pimp])S,(PGSC0003DMP400035500[&&NHX:species=Potato],Capang06g002602[&&NHX:species=Wild pepper],Capana07g001819[&&NHX:species=Dom. pepper],Sopen07g027050.1[&&NHX:species=S. Pennelli],Solyc07g055180.3.1[&&NHX:species=Tomato])S)D,((SPI11g02113.1[&&NHX:species=S. pimp],PGSC0003DMP400000866[&&NHX:species=Potato])S,(Capana09g000822[&&NHX:species=Dom. pepper],Sopen01g004370.1[&&NHX:species=S. Pennelli],PGSC0003DMP400011602[&&NHX:species=Potato])S)D)D,((Capang07g000060[&&NHX:species=Wild pepper],Capana07g000022[&&NHX:species=Dom. pepper],SPI07g00401.1[&&NHX:species=S. pimp],Solyc07g006940.3.1[&&NHX:species=Tomato],PGSC0003DMP400060501[&&NHX:species=Potato],SLYcer07g00333.1[&&NHX:species=Tomato Cherry])S,(Capana05g001109[&&NHX:species=Dom. pepper],Solyc04g007880.4.1[&&NHX:species=Tomato],PGSC0003DMP400051419[&&NHX:species=Potato],Capang05g000943[&&NHX:species=Wild pepper])S,((SPI09g04049.1[&&NHX:species=S. pimp],SLYcer09g04254.1[&&NHX:species=Tomato Cherry],Capana03g003473[&&NHX:species=Dom. pepper],Capang03g003413[&&NHX:species=Wild pepper],Sopen09g029060.1[&&NHX:species=S. Pennelli],Solyc09g074240.1.1[&&NHX:species=Tomato])S,(Capana06g000053[&&NHX:species=Dom. pepper],Capang06g000037[&&NHX:species=Wild pepper])S)D,((SLYcer09g00367.1[&&NHX:species=Tomato Cherry],(Sopen09g002590.2[&&NHX:species=S. Pennelli],Sopen09g002590.1[&&NHX:species=S. Pennelli])D,Solyc09g007730.4.1[&&NHX:species=Tomato],Capang09g001669[&&NHX:species=Wild pepper],SPI09g00274.1[&&NHX:species=S. pimp],Capana09g002159[&&NHX:species=Dom. pepper],PGSC0003DMP400036314[&&NHX:species=Potato])S,PGSC0003DMP400036315[&&NHX:species=Potato])D,((Solyc10g047740.1.1[&&NHX:species=Tomato],SPI10g02123.1[&&NHX:species=S. pimp],SLYcer10g03775.1[&&NHX:species=Tomato Cherry])S,((SLYcer10g03806.1[&&NHX:species=Tomato Cherry],Capana00g000484[&&NHX:species=Dom. pepper],Capang00g002067[&&NHX:species=Wild pepper],SPI10g02166.1[&&NHX:species=S. pimp])S,(SLYcer01g08005.1[&&NHX:species=Tomato Cherry],(PGSC0003DMP400016644[&&NHX:species=Potato],PGSC0003DMP400032554[&&NHX:species=Potato])D)S)D)D,((SPI05g02493.1[&&NHX:species=S. pimp],SLYcer05g01927.1[&&NHX:species=Tomato Cherry],Capang00g005250[&&NHX:species=Wild pepper],Sopen05g016410.1[&&NHX:species=S. Pennelli],Solyc05g018910.2.1[&&NHX:species=Tomato])S,(Capang00g001572[&&NHX:species=Wild pepper],Solyc05g005060.3.1[&&NHX:species=Tomato],Capana03g000221[&&NHX:species=Dom. pepper])S)D)D,((Sopen11g030330.2[&&NHX:species=S. Pennelli],(Capang11g000565[&&NHX:species=Wild pepper],SPI11g04244.1[&&NHX:species=S. pimp],PGSC0003DMP400044002[&&NHX:species=Potato],Sopen11g030330.1[&&NHX:species=S. Pennelli],Solyc11g072660.2.1[&&NHX:species=Tomato],Capana11g000622[&&NHX:species=Dom. pepper])S)D,(PGSC0003DMP400011678[&&NHX:species=Potato],(PGSC0003DMP400011679[&&NHX:species=Potato],(PGSC0003DMP400011680[&&NHX:species=Potato],Capana06g000478[&&NHX:species=Dom. pepper],Solyc06g075550.3.1[&&NHX:species=Tomato],Capang06g000446[&&NHX:species=Wild pepper],Sopen06g031930.1[&&NHX:species=S. Pennelli],SLYcer06g05116.1[&&NHX:species=Tomato Cherry],SPI06g04986.1[&&NHX:species=S. pimp])S)D)D)D,((((Capana05g002196[&&NHX:species=Dom. pepper],SPI05g04608.1[&&NHX:species=S. pimp],Capang05g001751[&&NHX:species=Wild pepper],Solyc05g053010.1.1[&&NHX:species=Tomato],Sopen05g031530.1[&&NHX:species=S. Pennelli],PGSC0003DMP400047157[&&NHX:species=Potato],SLYcer10g02364.1[&&NHX:species=Tomato Cherry])S,PGSC0003DMP400047156[&&NHX:species=Potato])D,((PGSC0003DMP400019557[&&NHX:species=Potato],SLYcer10g05793.1[&&NHX:species=Tomato Cherry],Capana10g001693[&&NHX:species=Dom. pepper],Sopen10g034300.1[&&NHX:species=S. Pennelli],Capang10g001437[&&NHX:species=Wild pepper],SPI10g04327.1[&&NHX:species=S. pimp],Solyc10g084860.1.1[&&NHX:species=Tomato])S,(SPI09g00887.1[&&NHX:species=S. pimp],Sopen09g005820.1[&&NHX:species=S. Pennelli],Capana09g001784[&&NHX:species=Dom. pepper],Solyc09g011070.1.1[&&NHX:species=Tomato],SLYcer09g00976.1[&&NHX:species=Tomato Cherry],Capang09g001357[&&NHX:species=Wild pepper])S)D)D,((((Sopen09g006780.1[&&NHX:species=S. Pennelli],Capang09g001209[&&NHX:species=Wild pepper],Capana09g001623[&&NHX:species=Dom. pepper],PGSC0003DMP400035301[&&NHX:species=Potato])S,PGSC0003DMP400015651[&&NHX:species=Potato])D,(Capana09g001631[&&NHX:species=Dom. pepper],Capang09g001215[&&NHX:species=Wild pepper])S)D,(((Capang09g001220[&&NHX:species=Wild pepper],Capang09g001356[&&NHX:species=Wild pepper])D,(Capana09g001782[&&NHX:species=Dom. pepper],Capana09g001638[&&NHX:species=Dom. pepper])D,((Sopen09g005810.1[&&NHX:species=S. Pennelli],PGSC0003DMP400015493[&&NHX:species=Potato])S,(Solyc09g011060.2.1[&&NHX:species=Tomato],(PGSC0003DMP400035300[&&NHX:species=Potato],Solyc09g011990.1.1[&&NHX:species=Tomato])S)D)D)S,(((Solyc09g012000.1.1[&&NHX:species=Tomato],PGSC0003DMP400035298[&&NHX:species=Potato])S,(PGSC0003DMP400035299[&&NHX:species=Potato],Sopen09g006810.1[&&NHX:species=S. Pennelli])S)D,(Capang10g000143[&&NHX:species=Wild pepper],Capang09g001219[&&NHX:species=Wild pepper])D)S)D)D)D,(((Capana03g003844[&&NHX:species=Dom. pepper],Capang03g003735[&&NHX:species=Wild pepper],SLYcer09g04944.1[&&NHX:species=Tomato Cherry],Sopen09g033120.1[&&NHX:species=S. Pennelli],Solyc09g090210.3.1[&&NHX:species=Tomato],SPI09g04608.1[&&NHX:species=S. pimp],PGSC0003DMP400029980[&&NHX:species=Potato])S,PGSC0003DMP400019321[&&NHX:species=Potato])D,((SLYcer10g05260.1[&&NHX:species=Tomato Cherry],Sopen10g029570.1[&&NHX:species=S. Pennelli],Capang10g002186[&&NHX:species=Wild pepper],PGSC0003DMP400020231[&&NHX:species=Potato],SPI10g03747.1[&&NHX:species=S. pimp],Capana10g002429[&&NHX:species=Dom. pepper],Solyc10g078940.2.1[&&NHX:species=Tomato])S,((PGSC0003DMP400045699[&&NHX:species=Potato],SLYcer03g02259.1[&&NHX:species=Tomato Cherry],Solyc03g059080.3.1[&&NHX:species=Tomato],(Sopen03g013240.3[&&NHX:species=S. Pennelli],(Sopen03g013240.1[&&NHX:species=S. Pennelli],Sopen03g013240.2[&&NHX:species=S. Pennelli])D)D,SPI03g02387.1[&&NHX:species=S. pimp])S,(SPI10g03917.1[&&NHX:species=S. pimp],Capana10g002184[&&NHX:species=Dom. pepper],PGSC0003DMP400041017[&&NHX:species=Potato],Sopen10g031120.1[&&NHX:species=S. Pennelli],Solyc10g080580.1.1[&&NHX:species=Tomato],SLYcer10g05432.1[&&NHX:species=Tomato Cherry],Capang10g001940[&&NHX:species=Wild pepper])S)D)D)D,((PGSC0003DMP400022307[&&NHX:species=Potato],Sopen01g047490.1[&&NHX:species=S. Pennelli],Solyc01g104970.3.1[&&NHX:species=Tomato],Capang01g004565[&&NHX:species=Wild pepper],SPI01g08122.1[&&NHX:species=S. pimp],Capana08g002002[&&NHX:species=Dom. pepper],SLYcer01g07139.1[&&NHX:species=Tomato Cherry])S,(SPI10g01988.1[&&NHX:species=S. pimp],Solyc10g047140.2.1[&&NHX:species=Tomato],SLYcer10g03648.1[&&NHX:species=Tomato Cherry],PGSC0003DMP400030908[&&NHX:species=Potato],Sopen10g017310.1[&&NHX:species=S. Pennelli])S)D,(((PGSC0003DMP400048364[&&NHX:species=Potato],(Capang10g002023[&&NHX:species=Wild pepper],Capang03g001268[&&NHX:species=Wild pepper])D)S,Capang00g000324[&&NHX:species=Wild pepper])D,(SPI09g01082.1[&&NHX:species=S. pimp],((PGSC0003DMP400014907[&&NHX:species=Potato],Sopen09g007270.1[&&NHX:species=S. Pennelli])S,PGSC0003DMP400014906[&&NHX:species=Potato])D,SLYcer09g01201.1[&&NHX:species=Tomato Cherry])S,(Capang10g001159[&&NHX:species=Wild pepper],Solyc10g076760.3.1[&&NHX:species=Tomato],SLYcer10g05135.1[&&NHX:species=Tomato Cherry],SPI10g03616.1[&&NHX:species=S. pimp],PGSC0003DMP400033228[&&NHX:species=Potato],Sopen10g028400.1[&&NHX:species=S. Pennelli])S,(PGSC0003DMP400048365[&&NHX:species=Potato],(Capang04g002359[&&NHX:species=Wild pepper],PGSC0003DMP400048366[&&NHX:species=Potato])S)D)D,(PGSC0003DMP400007821[&&NHX:species=Potato],((Sopen06g001490.1[&&NHX:species=S. Pennelli],Capana06g002720[&&NHX:species=Dom. pepper],SPI06g00083.1[&&NHX:species=S. pimp],Solyc06g005520.4.1[&&NHX:species=Tomato],PGSC0003DMP400007820[&&NHX:species=Potato],Capang06g002512[&&NHX:species=Wild pepper])S,PGSC0003DMP400007819[&&NHX:species=Potato])D)D,((PGSC0003DMP400041518[&&NHX:species=Potato],PGSC0003DMP400041519[&&NHX:species=Potato])D,Sopen01g016890.1[&&NHX:species=S. Pennelli],SPI01g04271.1[&&NHX:species=S. pimp],Capana01g002031[&&NHX:species=Dom. pepper],SLYcer01g04242.1[&&NHX:species=Tomato Cherry],Capang01g001739[&&NHX:species=Wild pepper],Solyc01g028830.3.1[&&NHX:species=Tomato])S,((Capana10g001193[&&NHX:species=Dom. pepper],Solyc10g074900.2.1[&&NHX:species=Tomato],SLYcer10g04993.1[&&NHX:species=Tomato Cherry],SPI10g03487.1[&&NHX:species=S. pimp],Capang10g001009[&&NHX:species=Wild pepper],PGSC0003DMP400054421[&&NHX:species=Potato],Sopen10g027390.1[&&NHX:species=S. Pennelli])S,Sopen10g024210.1[&&NHX:species=S. Pennelli])D,(((PGSC0003DMP400033735[&&NHX:species=Potato],Capang07g000402[&&NHX:species=Wild pepper],Capana07g000364[&&NHX:species=Dom. pepper])S,Capana01g001165[&&NHX:species=Dom. pepper])D,((SPI03g03175.1[&&NHX:species=S. pimp],PGSC0003DMP400032134[&&NHX:species=Potato],Sopen03g021350.1[&&NHX:species=S. Pennelli],SLYcer03g03075.1[&&NHX:species=Tomato Cherry])S,PGSC0003DMP400032132[&&NHX:species=Potato])D,((((Solyc09g015220.3.1[&&NHX:species=Tomato],Capana00g000449[&&NHX:species=Dom. pepper],SPI09g01215.1[&&NHX:species=S. pimp],SLYcer09g01362.1[&&NHX:species=Tomato Cherry])S,(Capana07g000275[&&NHX:species=Dom. pepper],PGSC0003DMP400019377[&&NHX:species=Potato])S)D,((SLYcer10g05109.1[&&NHX:species=Tomato Cherry],Solyc10g076560.1.1[&&NHX:species=Tomato],Capana10g001348[&&NHX:species=Dom. pepper],Capang00g005310[&&NHX:species=Wild pepper])S,Solyc09g005190.3.1[&&NHX:species=Tomato])D)D,SLYcer05g01626.1[&&NHX:species=Tomato Cherry])D,(Sopen09g001170.1[&&NHX:species=S. Pennelli],Capana11g000536[&&NHX:species=Dom. pepper])S,(((Solyc10g012170.3.1[&&NHX:species=Tomato],(Sopen10g005930.1[&&NHX:species=S. Pennelli],Sopen10g005930.2[&&NHX:species=S. Pennelli])D,PGSC0003DMP400033737[&&NHX:species=Potato],SPI10g00675.1[&&NHX:species=S. pimp])S,(PGSC0003DMP400033736[&&NHX:species=Potato],SLYcer10g00801.1[&&NHX:species=Tomato Cherry])S)D,Capang10g000486[&&NHX:species=Wild pepper],Capana10g000638[&&NHX:species=Dom. pepper])S)D,(((((PGSC0003DMP400046489[&&NHX:species=Potato],PGSC0003DMP400052318[&&NHX:species=Potato],PGSC0003DMP400021776[&&NHX:species=Potato],PGSC0003DMP400034201[&&NHX:species=Potato])D,Capana01g003181[&&NHX:species=Dom. pepper])S,(SPI02g02709.1[&&NHX:species=S. pimp],PGSC0003DMP400025679[&&NHX:species=Potato])S)D,((Capana07g001547[&&NHX:species=Dom. pepper],Capang07g001531[&&NHX:species=Wild pepper])S,(PGSC0003DMP400026601[&&NHX:species=Potato],(PGSC0003DMP400024950[&&NHX:species=Potato],Capana11g001588[&&NHX:species=Dom. pepper])S)D)D)D,((((((SPI09g00204.1[&&NHX:species=S. pimp],Capang09g001426[&&NHX:species=Wild pepper],Solyc09g007170.4.1[&&NHX:species=Tomato],Capana09g001867[&&NHX:species=Dom. pepper],PGSC0003DMP400048528[&&NHX:species=Potato],Sopen09g002040.1[&&NHX:species=S. Pennelli],SLYcer09g00305.1[&&NHX:species=Tomato Cherry])S,(Capang12g001210[&&NHX:species=Wild pepper],PGSC0003DMP400014932[&&NHX:species=Potato],Capana02g001706[&&NHX:species=Dom. pepper])S)D,((((PGSC0003DMP400030729[&&NHX:species=Potato],Sopen10g035360.1[&&NHX:species=S. Pennelli],Solyc10g085990.3.1[&&NHX:species=Tomato],SPI10g04437.1[&&NHX:species=S. pimp])S,PGSC0003DMP400030730[&&NHX:species=Potato])D,Capana10g001495[&&NHX:species=Dom. pepper])S,(SPI10g04280.1[&&NHX:species=S. pimp],(Sopen10g033830.2[&&NHX:species=S. Pennelli],Sopen10g033830.1[&&NHX:species=S. Pennelli])D,SLYcer10g05745.1[&&NHX:species=Tomato Cherry],Solyc10g084390.2.1[&&NHX:species=Tomato])S)D)D,((SLYcer01g05818.1[&&NHX:species=Tomato Cherry],PGSC0003DMP400014934[&&NHX:species=Potato],Capana01g003141[&&NHX:species=Dom. pepper],Sopen01g029290.1[&&NHX:species=S. Pennelli],SPI01g05998.1[&&NHX:species=S. pimp],Solyc01g067400.3.1[&&NHX:species=Tomato],Capang11g000819[&&NHX:species=Wild pepper])S,((SPI05g02866.1[&&NHX:species=S. pimp],PGSC0003DMP400014933[&&NHX:species=Potato],Capang11g000889[&&NHX:species=Wild pepper],Solyc05g024290.3.1[&&NHX:species=Tomato],Sopen05g019190.1[&&NHX:species=S. Pennelli])S,PGSC0003DMP400035177[&&NHX:species=Potato],PGSC0003DMP400014936[&&NHX:species=Potato],(Capana11g000963[&&NHX:species=Dom. pepper],PGSC0003DMP400014935[&&NHX:species=Potato])S)D)D)D,(((((PGSC0003DMP400041909[&&NHX:species=Potato],PGSC0003DMP400054433[&&NHX:species=Potato])D,Capang03g001940[&&NHX:species=Wild pepper])S,(SPI08g05140.1[&&NHX:species=S. pimp],Capana03g002048[&&NHX:species=Dom. pepper],(Capang03g002113[&&NHX:species=Wild pepper],Capang02g002785[&&NHX:species=Wild pepper])D,PGSC0003DMP400016923[&&NHX:species=Potato])S)D,Capang00g000443[&&NHX:species=Wild pepper])D,((Capana12g001270[&&NHX:species=Dom. pepper],Capang12g001073[&&NHX:species=Wild pepper])S,Capana02g001209[&&NHX:species=Dom. pepper])D,(Capang02g001007[&&NHX:species=Wild pepper],Capana02g001107[&&NHX:species=Dom. pepper],PGSC0003DMP400016647[&&NHX:species=Potato])S,((Capana09g001109[&&NHX:species=Dom. pepper],PGSC0003DMP400030892[&&NHX:species=Potato],SLYcer07g03671.1[&&NHX:species=Tomato Cherry])S,(SLYcer02g01428.1[&&NHX:species=Tomato Cherry],Capang09g001422[&&NHX:species=Wild pepper])S)D,((((PGSC0003DMP400001625[&&NHX:species=Potato],PGSC0003DMP400041912[&&NHX:species=Potato],PGSC0003DMP400050519[&&NHX:species=Potato])D,Sopen04g019830.1[&&NHX:species=S. Pennelli])S,Sopen07g007110.1[&&NHX:species=S. Pennelli])D,SLYcer10g04963.1[&&NHX:species=Tomato Cherry])S)D)D,(((PGSC0003DMP400013612[&&NHX:species=Potato],Capana06g002500[&&NHX:species=Dom. pepper],Capang06g002313[&&NHX:species=Wild pepper],Solyc05g005140.4.1[&&NHX:species=Tomato])S,(((Solyc01g101100.4.1[&&NHX:species=Tomato],PGSC0003DMP400008145[&&NHX:species=Potato])S,PGSC0003DMP400013610[&&NHX:species=Potato])D,SPI04g04244.1[&&NHX:species=S. pimp],SLYcer04g04757.1[&&NHX:species=Tomato Cherry])S)D,PGSC0003DMP400031289[&&NHX:species=Potato],PGSC0003DMP400052463[&&NHX:species=Potato])D)D)D,(PGSC0003DMP400039155[&&NHX:species=Potato],SPI05g00324.1[&&NHX:species=S. pimp],SLYcer05g00295.1[&&NHX:species=Tomato Cherry],Solyc05g006770.4.1[&&NHX:species=Tomato],Sopen05g002710.1[&&NHX:species=S. Pennelli],Capana11g001539[&&NHX:species=Dom. pepper])S,((Sopen08g030710.1[&&NHX:species=S. Pennelli],Solyc08g082460.4.1[&&NHX:species=Tomato],Capang00g003705[&&NHX:species=Wild pepper],Capana00g003375[&&NHX:species=Dom. pepper],SPI08g06372.1[&&NHX:species=S. pimp],PGSC0003DMP400021465[&&NHX:species=Potato],SLYcer08g06464.1[&&NHX:species=Tomato Cherry])S,(Capang07g001420[&&NHX:species=Wild pepper],Capana08g000142[&&NHX:species=Dom. pepper])S)D,((PGSC0003DMP400020567[&&NHX:species=Potato],PGSC0003DMP400020566[&&NHX:species=Potato])D,SPI09g04724.1[&&NHX:species=S. pimp],Sopen09g034230.1[&&NHX:species=S. Pennelli],Capang03g004204[&&NHX:species=Wild pepper],Solyc09g091260.3.1[&&NHX:species=Tomato],SLYcer09g05056.1[&&NHX:species=Tomato Cherry])S,(((((PGSC0003DMP400007825[&&NHX:species=Potato],Sopen06g001480.3[&&NHX:species=S. Pennelli])S,PGSC0003DMP400048245[&&NHX:species=Potato])D,SPI04g05364.1[&&NHX:species=S. pimp])S,PGSC0003DMP400019438[&&NHX:species=Potato],PGSC0003DMP400023977[&&NHX:species=Potato])D,(((Solyc02g079700.1.1[&&NHX:species=Tomato],PGSC0003DMP400031304[&&NHX:species=Potato],Capang04g000700[&&NHX:species=Wild pepper])S,((Capang10g000427[&&NHX:species=Wild pepper],PGSC0003DMP400024487[&&NHX:species=Potato],Capana10g000566[&&NHX:species=Dom. pepper])S,PGSC0003DMP400033431[&&NHX:species=Potato])D)D,((SLYcer07g00683.1[&&NHX:species=Tomato Cherry],(PGSC0003DMP400045439[&&NHX:species=Potato],PGSC0003DMP400045384[&&NHX:species=Potato])D)S,((PGSC0003DMP400026813[&&NHX:species=Potato],Capana03g001316[&&NHX:species=Dom. pepper])S,PGSC0003DMP400037775[&&NHX:species=Potato])D)D)D,((Capana12g001800[&&NHX:species=Dom. pepper],Solyc07g055430.1.1[&&NHX:species=Tomato],PGSC0003DMP400030279[&&NHX:species=Potato],Capang12g001456[&&NHX:species=Wild pepper])S,((PGSC0003DMP400032856[&&NHX:species=Potato],SLYcer06g03516.1[&&NHX:species=Tomato Cherry])S,(PGSC0003DMP400052377[&&NHX:species=Potato],Capang10g001426[&&NHX:species=Wild pepper],Solyc04g150137.1.1[&&NHX:species=Tomato],Capana10g001678[&&NHX:species=Dom. pepper],SPI04g04975.1[&&NHX:species=S. pimp])S)D)D,((PGSC0003DMP400049526[&&NHX:species=Potato],(Sopen01g042000.1[&&NHX:species=S. Pennelli],PGSC0003DMP400028170[&&NHX:species=Potato])S)D,SLYcer02g03991.1[&&NHX:species=Tomato Cherry])S,((Sopen04g003020.4[&&NHX:species=S. Pennelli],PGSC0003DMP400051418[&&NHX:species=Potato])S,Sopen04g003020.3[&&NHX:species=S. Pennelli])D,((PGSC0003DMP400022703[&&NHX:species=Potato],PGSC0003DMP400038905[&&NHX:species=Potato])D,Capana10g001365[&&NHX:species=Dom. pepper],Solyc09g014460.1.1[&&NHX:species=Tomato])S,((PGSC0003DMP400024493[&&NHX:species=Potato],Solyc02g079560.1.1[&&NHX:species=Tomato])S,(PGSC0003DMP400008988[&&NHX:species=Potato],SPI02g01121.1[&&NHX:species=S. pimp],Capana00g002122[&&NHX:species=Dom. pepper],Capang04g002242[&&NHX:species=Wild pepper])S,PGSC0003DMP400008804[&&NHX:species=Potato])D,((Sopen11g023400.1[&&NHX:species=S. Pennelli],PGSC0003DMP400048619[&&NHX:species=Potato])S,(PGSC0003DMP400049735[&&NHX:species=Potato],Capana02g000994[&&NHX:species=Dom. pepper],SLYcer10g03454.1[&&NHX:species=Tomato Cherry],Capang02g000910[&&NHX:species=Wild pepper],SPI10g01777.1[&&NHX:species=S. pimp])S,(Capana08g002695[&&NHX:species=Dom. pepper],SPI07g05900.1[&&NHX:species=S. pimp],PGSC0003DMP400007044[&&NHX:species=Potato])S)D,((PGSC0003DMP400010156[&&NHX:species=Potato],PGSC0003DMP400010158[&&NHX:species=Potato])D,(((Solyc02g080020.1.1[&&NHX:species=Tomato],SLYcer02g04392.1[&&NHX:species=Tomato Cherry],PGSC0003DMP400051281[&&NHX:species=Potato],Capana00g004818[&&NHX:species=Dom. pepper])S,(Solyc04g008390.3.1[&&NHX:species=Tomato],PGSC0003DMP400051280[&&NHX:species=Potato])S)D,(PGSC0003DMP400044451[&&NHX:species=Potato],(Capana07g001581[&&NHX:species=Dom. pepper],PGSC0003DMP400045386[&&NHX:species=Potato])S)D)D)D,((PGSC0003DMP400051645[&&NHX:species=Potato],Capana07g000256[&&NHX:species=Dom. pepper],(SPI07g00081.1[&&NHX:species=S. pimp],SPI07g00137.1[&&NHX:species=S. pimp])D,SLYcer07g00069.1[&&NHX:species=Tomato Cherry],Solyc07g150100.1.1[&&NHX:species=Tomato])S,((SPI04g04841.1[&&NHX:species=S. pimp],PGSC0003DMP400033499[&&NHX:species=Potato],SLYcer04g05345.1[&&NHX:species=Tomato Cherry])S,(Solyc02g079660.1.1[&&NHX:species=Tomato],PGSC0003DMP400024474[&&NHX:species=Potato])S)D)D,((PGSC0003DMP400023925[&&NHX:species=Potato],PGSC0003DMP400029695[&&NHX:species=Potato])D,Capang00g000558[&&NHX:species=Wild pepper])S,(((PGSC0003DMP400044669[&&NHX:species=Potato],Capang01g004905[&&NHX:species=Wild pepper])S,(Capana12g000092[&&NHX:species=Dom. pepper],PGSC0003DMP400031671[&&NHX:species=Potato])S,((PGSC0003DMP400023397[&&NHX:species=Potato],PGSC0003DMP400023398[&&NHX:species=Potato])D,Solyc02g089760.3.1[&&NHX:species=Tomato])S,((PGSC0003DMP400042969[&&NHX:species=Potato],PGSC0003DMP400048902[&&NHX:species=Potato],PGSC0003DMP400037360[&&NHX:species=Potato],PGSC0003DMP400038885[&&NHX:species=Potato])D,Capana00g000395[&&NHX:species=Dom. pepper])S)D,Capana05g001266[&&NHX:species=Dom. pepper])D,((Capana00g003828[&&NHX:species=Dom. pepper],PGSC0003DMP400004417[&&NHX:species=Potato])S,PGSC0003DMP400017195[&&NHX:species=Potato])D)D,((PGSC0003DMP400012295[&&NHX:species=Potato],Capana02g000943[&&NHX:species=Dom. pepper],Solyc02g067560.1.1[&&NHX:species=Tomato],SLYcer02g03542.1[&&NHX:species=Tomato Cherry],Capang02g000863[&&NHX:species=Wild pepper],Sopen02g016690.1[&&NHX:species=S. Pennelli],SPI02g02436.1[&&NHX:species=S. pimp])S,(((PGSC0003DMP400027736[&&NHX:species=Potato],(Sopen08g020100.1[&&NHX:species=S. Pennelli],Solyc08g066310.3.1[&&NHX:species=Tomato],PGSC0003DMP400052453[&&NHX:species=Potato])S)D,SLYcer08g05028.1[&&NHX:species=Tomato Cherry])S,(Solyc05g007230.4.1[&&NHX:species=Tomato],Capana11g001678[&&NHX:species=Dom. pepper])S,Capana00g002804[&&NHX:species=Dom. pepper])D,(Capana04g000788[&&NHX:species=Dom. pepper],SLYcer04g05308.1[&&NHX:species=Tomato Cherry],PGSC0003DMP400008852[&&NHX:species=Potato],SPI04g04799.1[&&NHX:species=S. pimp],Solyc04g076990.3.1[&&NHX:species=Tomato],Capang04g000750[&&NHX:species=Wild pepper],Sopen11g021050.1[&&NHX:species=S. Pennelli])S,(Solyc01g106500.4.1[&&NHX:species=Tomato],SPI01g08272.1[&&NHX:species=S. pimp],SLYcer01g08040.1[&&NHX:species=Tomato Cherry],Capang01g004685[&&NHX:species=Wild pepper],PGSC0003DMP400009071[&&NHX:species=Potato],Capana08g002140[&&NHX:species=Dom. pepper],Sopen01g048860.1[&&NHX:species=S. Pennelli])S)D,(((SLYcer05g02479.1[&&NHX:species=Tomato Cherry],PGSC0003DMP400005885[&&NHX:species=Potato],Solyc05g025780.4.1[&&NHX:species=Tomato],SPI05g03052.1[&&NHX:species=S. pimp],Capana00g004480[&&NHX:species=Dom. pepper],Sopen05g020750.1[&&NHX:species=S. Pennelli],Capang00g003578[&&NHX:species=Wild pepper])S,(Capana09g000147[&&NHX:species=Dom. pepper],PGSC0003DMP400005230[&&NHX:species=Potato],Capang09g000142[&&NHX:species=Wild pepper],Solyc12g009190.2.1[&&NHX:species=Tomato],SLYcer12g00477.1[&&NHX:species=Tomato Cherry],Sopen12g004140.1[&&NHX:species=S. Pennelli],SPI12g00505.1[&&NHX:species=S. pimp])S)D,(Solyc03g122230.2.1[&&NHX:species=Tomato],PGSC0003DMP400039714[&&NHX:species=Potato],Sopen03g040970.1[&&NHX:species=S. Pennelli],Capang03g000112[&&NHX:species=Wild pepper],SLYcer03g05445.1[&&NHX:species=Tomato Cherry],SPI03g05479.1[&&NHX:species=S. pimp])S)D,((Solyc10g005300.3.1[&&NHX:species=Tomato],PGSC0003DMP400019984[&&NHX:species=Potato],Capana10g000593[&&NHX:species=Dom. pepper],SPI10g00128.1[&&NHX:species=S. pimp],SLYcer10g00253.1[&&NHX:species=Tomato Cherry],Capang10g000445[&&NHX:species=Wild pepper],Sopen10g001290.1[&&NHX:species=S. Pennelli])S,(((SLYcer07g04975.1[&&NHX:species=Tomato Cherry],PGSC0003DMP400032008[&&NHX:species=Potato],SPI07g05703.1[&&NHX:species=S. pimp],Solyc07g054500.4.1[&&NHX:species=Tomato],Sopen07g028440.1[&&NHX:species=S. Pennelli])S,PGSC0003DMP400032007[&&NHX:species=Potato])D,Capana07g001669[&&NHX:species=Dom. pepper])S)D,(Capana03g000243[&&NHX:species=Dom. pepper],PGSC0003DMP400004478[&&NHX:species=Potato],Solyc03g121050.3.1[&&NHX:species=Tomato],SLYcer03g05327.1[&&NHX:species=Tomato Cherry],Capang03g000232[&&NHX:species=Wild pepper],SPI03g05368.1[&&NHX:species=S. pimp],Sopen03g039880.1[&&NHX:species=S. Pennelli])S,((SLYcer03g02697.1[&&NHX:species=Tomato Cherry],Capang03g003004[&&NHX:species=Wild pepper],Solyc03g064010.4.1[&&NHX:species=Tomato],PGSC0003DMP400022894[&&NHX:species=Potato],SPI03g02841.1[&&NHX:species=S. pimp],Sopen03g017660.1[&&NHX:species=S. Pennelli],Capana03g003119[&&NHX:species=Dom. pepper])S,(SPI05g01680.1[&&NHX:species=S. pimp],SLYcer05g01224.1[&&NHX:species=Tomato Cherry],Sopen05g010360.1[&&NHX:species=S. Pennelli],PGSC0003DMP400026250[&&NHX:species=Potato],Capang11g001110[&&NHX:species=Wild pepper],Solyc05g015150.3.1[&&NHX:species=Tomato])S)D,(((Capang01g003515[&&NHX:species=Wild pepper],Capana08g000932[&&NHX:species=Dom. pepper],(Sopen01g038470.2[&&NHX:species=S. Pennelli],Sopen01g038470.1[&&NHX:species=S. Pennelli])D,SPI01g07187.1[&&NHX:species=S. pimp],Solyc01g094660.3.1[&&NHX:species=Tomato],SLYcer01g06941.1[&&NHX:species=Tomato Cherry],PGSC0003DMP400000107[&&NHX:species=Potato])S,(PGSC0003DMP400000108[&&NHX:species=Potato],PGSC0003DMP400000109[&&NHX:species=Potato])D)D,(Sopen11g025690.1[&&NHX:species=S. Pennelli],Solyc11g065950.3.1[&&NHX:species=Tomato],Capang11g000710[&&NHX:species=Wild pepper],SPI11g03706.1[&&NHX:species=S. pimp],Capana00g001099[&&NHX:species=Dom. pepper],SLYcer11g03643.1[&&NHX:species=Tomato Cherry])S)D,((PGSC0003DMP400030950[&&NHX:species=Potato],SLYcer04g05017.1[&&NHX:species=Tomato Cherry])S,((Sopen02g003690.1[&&NHX:species=S. Pennelli],SLYcer02g01422.1[&&NHX:species=Tomato Cherry],Solyc02g014070.2.1[&&NHX:species=Tomato],Capana02g000114[&&NHX:species=Dom. pepper],PGSC0003DMP400018703[&&NHX:species=Potato])S,((Solyc02g014030.3.1[&&NHX:species=Tomato],Sopen02g003740.1[&&NHX:species=S. Pennelli],Capang12g002307[&&NHX:species=Wild pepper],SLYcer02g01420.1[&&NHX:species=Tomato Cherry],Capana12g002664[&&NHX:species=Dom. pepper],PGSC0003DMP400063175[&&NHX:species=Potato])S,(Capang00g005394[&&NHX:species=Wild pepper],SPI02g00392.1[&&NHX:species=S. pimp])S)D)D)D,(((Sopen06g003640.1[&&NHX:species=S. Pennelli],Capang06g002794[&&NHX:species=Wild pepper],Capana06g003045[&&NHX:species=Dom. pepper],SPI06g00368.1[&&NHX:species=S. pimp],PGSC0003DMP400038060[&&NHX:species=Potato],Solyc06g008890.4.1[&&NHX:species=Tomato],SLYcer06g00584.1[&&NHX:species=Tomato Cherry])S,PGSC0003DMP400025758[&&NHX:species=Potato],PGSC0003DMP400047326[&&NHX:species=Potato])D,((SLYcer04g04854.1[&&NHX:species=Tomato Cherry],SPI04g04338.1[&&NHX:species=S. pimp],Capana04g001249[&&NHX:species=Dom. pepper],(PGSC0003DMP400043527[&&NHX:species=Potato],PGSC0003DMP400043526[&&NHX:species=Potato])D,Solyc04g071870.1.1[&&NHX:species=Tomato],Sopen04g027840.1[&&NHX:species=S. Pennelli])S,((Capana02g001983[&&NHX:species=Dom. pepper],Capang02g001766[&&NHX:species=Wild pepper],PGSC0003DMP400038906[&&NHX:species=Potato],SLYcer02g04247.1[&&NHX:species=Tomato Cherry],Sopen02g023380.1[&&NHX:species=S. Pennelli],Solyc02g078530.3.1[&&NHX:species=Tomato],SPI02g03147.1[&&NHX:species=S. pimp])S,(((Capana04g002611[&&NHX:species=Dom. pepper],Solyc03g006500.3.1[&&NHX:species=Tomato],SPI03g00364.1[&&NHX:species=S. pimp],Sopen03g002500.1[&&NHX:species=S. Pennelli],PGSC0003DMP400022704[&&NHX:species=Potato],Capang00g005415[&&NHX:species=Wild pepper],SLYcer03g00224.1[&&NHX:species=Tomato Cherry])S,PGSC0003DMP400032462[&&NHX:species=Potato])D,(PGSC0003DMP400041966[&&NHX:species=Potato],Capang07g001593[&&NHX:species=Wild pepper])S)D)D)D)D,(((SPI04g05064.1[&&NHX:species=S. pimp],Capana04g000455[&&NHX:species=Dom. pepper],Sopen04g033290.1[&&NHX:species=S. Pennelli],SLYcer04g05568.1[&&NHX:species=Tomato Cherry],Capang04g000424[&&NHX:species=Wild pepper],Solyc04g079710.4.1[&&NHX:species=Tomato],PGSC0003DMP400005988[&&NHX:species=Potato])S,((((Capang05g000446[&&NHX:species=Wild pepper],Capang00g000441[&&NHX:species=Wild pepper])D,Capana05g000537[&&NHX:species=Dom. pepper])S,Capana03g002265[&&NHX:species=Dom. pepper])D,PGSC0003DMP400005987[&&NHX:species=Potato])S)D,((PGSC0003DMP400017741[&&NHX:species=Potato],PGSC0003DMP400017740[&&NHX:species=Potato])D,Sopen02g034800.1[&&NHX:species=S. Pennelli],Solyc02g090110.3.1[&&NHX:species=Tomato],SPI02g04343.1[&&NHX:species=S. pimp],Capana02g003168[&&NHX:species=Dom. pepper])S)D,((((PGSC0003DMP400015669[&&NHX:species=Potato],Capana09g001828[&&NHX:species=Dom. pepper],SLYcer09g00951.1[&&NHX:species=Tomato Cherry],SPI09g00855.1[&&NHX:species=S. pimp],Solyc09g010850.4.1[&&NHX:species=Tomato],Sopen09g005590.1[&&NHX:species=S. Pennelli],Capang09g001395[&&NHX:species=Wild pepper])S,PGSC0003DMP400015666[&&NHX:species=Potato])D,(Capana00g002160[&&NHX:species=Dom. pepper],Capang01g002573[&&NHX:species=Wild pepper],PGSC0003DMP400015668[&&NHX:species=Potato])S)D,PGSC0003DMP400015667[&&NHX:species=Potato])D,((((Sopen03g002890.1[&&NHX:species=S. Pennelli],Capana03g002433[&&NHX:species=Dom. pepper],Solyc03g006890.3.1[&&NHX:species=Tomato],SLYcer03g00273.1[&&NHX:species=Tomato Cherry],Capang03g002355[&&NHX:species=Wild pepper],PGSC0003DMP400063831[&&NHX:species=Potato],SPI03g00484.1[&&NHX:species=S. pimp])S,PGSC0003DMP400066849[&&NHX:species=Potato],PGSC0003DMP400019343[&&NHX:species=Potato])D,((Capana07g000066[&&NHX:species=Dom. pepper],Capang07g000017[&&NHX:species=Wild pepper],PGSC0003DMP400047758[&&NHX:species=Potato],SPI07g00364.1[&&NHX:species=S. pimp],Sopen07g002720.1[&&NHX:species=S. Pennelli],Solyc07g006610.3.1[&&NHX:species=Tomato])S,Capana09g002176[&&NHX:species=Dom. pepper])D)D,((((Capana03g000116[&&NHX:species=Dom. pepper],PGSC0003DMP400005229[&&NHX:species=Potato])S,(SPI08g06342.1[&&NHX:species=S. pimp],PGSC0003DMP400021482[&&NHX:species=Potato],SLYcer08g06430.1[&&NHX:species=Tomato Cherry])S)D,((Capang11g002222[&&NHX:species=Wild pepper],Capana05g001817[&&NHX:species=Dom. pepper])S,Capana06g002393[&&NHX:species=Dom. pepper])D,(Solyc08g150147.1.1[&&NHX:species=Tomato],Capang00g001821[&&NHX:species=Wild pepper],Capana00g003409[&&NHX:species=Dom. pepper])S)D,(Sopen08g023930.1[&&NHX:species=S. Pennelli],SPI08g05630.1[&&NHX:species=S. pimp],Solyc08g075330.3.1[&&NHX:species=Tomato],Capang00g004215[&&NHX:species=Wild pepper],Capana01g000980[&&NHX:species=Dom. pepper],PGSC0003DMP400065003[&&NHX:species=Potato],SLYcer08g05747.1[&&NHX:species=Tomato Cherry])S)D)D,(((((PGSC0003DMP400040692[&&NHX:species=Potato],(Sopen05g033330.1[&&NHX:species=S. Pennelli],Solyc05g054860.1.1[&&NHX:species=Tomato],PGSC0003DMP400040693[&&NHX:species=Potato])S)D,Capang05g001961[&&NHX:species=Wild pepper])S,((Capana06g002808[&&NHX:species=Dom. pepper],PGSC0003DMP400017117[&&NHX:species=Potato],Capang07g000851[&&NHX:species=Wild pepper],SLYcer06g00276.1[&&NHX:species=Tomato Cherry],Sopen06g001210.1[&&NHX:species=S. Pennelli],SPI06g00046.1[&&NHX:species=S. pimp])S,(SPI11g04273.1[&&NHX:species=S. pimp],SLYcer11g04199.1[&&NHX:species=Tomato Cherry],Capang12g000559[&&NHX:species=Wild pepper],PGSC0003DMP400027254[&&NHX:species=Potato],Solyc11g072910.1.1[&&NHX:species=Tomato],Capana00g000664[&&NHX:species=Dom. pepper],Sopen11g030570.1[&&NHX:species=S. Pennelli])S)D)D,((Capana07g002225[&&NHX:species=Dom. pepper],Sopen07g031660.1[&&NHX:species=S. Pennelli],(PGSC0003DMP400062170[&&NHX:species=Potato],PGSC0003DMP400033454[&&NHX:species=Potato])D,Capang07g002247[&&NHX:species=Wild pepper])S,((Capang10g000059[&&NHX:species=Wild pepper],Sopen10g002780.1[&&NHX:species=S. Pennelli],PGSC0003DMP400043438[&&NHX:species=Potato],SLYcer10g02176.1[&&NHX:species=Tomato Cherry],Solyc10g006870.1.1[&&NHX:species=Tomato])S,(SPI10g00286.1[&&NHX:species=S. pimp],PGSC0003DMP400043439[&&NHX:species=Potato],SLYcer10g00417.1[&&NHX:species=Tomato Cherry],Capana10g000061[&&NHX:species=Dom. pepper])S)D)D)D,((SPI02g00383.1[&&NHX:species=S. pimp],PGSC0003DMP400057920[&&NHX:species=Potato],Solyc02g150103.1.1[&&NHX:species=Tomato],Capang12g001331[&&NHX:species=Wild pepper],Capana12g001591[&&NHX:species=Dom. pepper])S,(Solyc02g021660.2.1[&&NHX:species=Tomato],SPI02g01182.1[&&NHX:species=S. pimp],SLYcer02g02143.1[&&NHX:species=Tomato Cherry])S)D)D,(Solyc03g007910.3.1[&&NHX:species=Tomato],Capana03g002147[&&NHX:species=Dom. pepper],PGSC0003DMP400016804[&&NHX:species=Potato],Capang03g002033[&&NHX:species=Wild pepper],SPI03g00605.1[&&NHX:species=S. pimp],Sopen03g003860.1[&&NHX:species=S. Pennelli],SLYcer03g00386.1[&&NHX:species=Tomato Cherry])S,(((Capana02g001678[&&NHX:species=Dom. pepper],Capang02g001508[&&NHX:species=Wild pepper],Solyc09g091990.3.1[&&NHX:species=Tomato],PGSC0003DMP400049532[&&NHX:species=Potato])S,((PGSC0003DMP400032460[&&NHX:species=Potato],SPI05g04819.1[&&NHX:species=S. pimp],SLYcer10g02161.1[&&NHX:species=Tomato Cherry])S,((PGSC0003DMP400003109[&&NHX:species=Potato],PGSC0003DMP400003111[&&NHX:species=Potato])D,SPI05g01154.1[&&NHX:species=S. pimp])S)D)D,((((SLYcer07g05387.1[&&NHX:species=Tomato Cherry],Capana11g001236[&&NHX:species=Dom. pepper],SPI07g06106.1[&&NHX:species=S. pimp],PGSC0003DMP400029699[&&NHX:species=Potato])S,(((PGSC0003DMP400023865[&&NHX:species=Potato],PGSC0003DMP400023866[&&NHX:species=Potato])D,PGSC0003DMP400029701[&&NHX:species=Potato])D,Capana02g003627[&&NHX:species=Dom. pepper],SPI02g00389.1[&&NHX:species=S. pimp],Solyc06g005230.3.1[&&NHX:species=Tomato])S)D,((((Capang05g000490[&&NHX:species=Wild pepper],(PGSC0003DMP400002468[&&NHX:species=Potato],Capana02g003524[&&NHX:species=Dom. pepper],Capang02g003248[&&NHX:species=Wild pepper])S)D,((Solyc05g013310.1.1[&&NHX:species=Tomato],PGSC0003DMP400029700[&&NHX:species=Potato])S,(SLYcer05g00954.1[&&NHX:species=Tomato Cherry],PGSC0003DMP400029698[&&NHX:species=Potato])S)D)D,((((PGSC0003DMP400029697[&&NHX:species=Potato],Sopen05g008080.1[&&NHX:species=S. Pennelli],Solyc05g013300.1.1[&&NHX:species=Tomato])S,(Sopen05g008050.1[&&NHX:species=S. Pennelli],SPI05g01013.1[&&NHX:species=S. pimp],SLYcer05g00953.1[&&NHX:species=Tomato Cherry])S)D,(((PGSC0003DMP400016875[&&NHX:species=Potato],PGSC0003DMP400023869[&&NHX:species=Potato])D,Sopen04g027660.1[&&NHX:species=S. Pennelli],SPI05g01014.1[&&NHX:species=S. pimp],Solyc05g013320.1.1[&&NHX:species=Tomato],SLYcer05g00955.1[&&NHX:species=Tomato Cherry])S,(((SPI05g01016.1[&&NHX:species=S. pimp],Sopen05g008090.1[&&NHX:species=S. Pennelli])S,Sopen05g008100.1[&&NHX:species=S. Pennelli])D,Capana03g000819[&&NHX:species=Dom. pepper])S)D)D,(SPI02g00384.1[&&NHX:species=S. pimp],PGSC0003DMP400062833[&&NHX:species=Potato])S)D)D,(((Solyc04g050933.1.1[&&NHX:species=Tomato],Solyc02g014060.1.1[&&NHX:species=Tomato])D,(PGSC0003DMP400029689[&&NHX:species=Potato],PGSC0003DMP400029687[&&NHX:species=Potato],PGSC0003DMP400029688[&&NHX:species=Potato])D,Capang05g001251[&&NHX:species=Wild pepper],Capana12g000671[&&NHX:species=Dom. pepper],Sopen05g008020.1[&&NHX:species=S. Pennelli])S,(SPI05g01011.1[&&NHX:species=S. pimp],(Sopen05g008030.1[&&NHX:species=S. Pennelli],Sopen05g008030.2[&&NHX:species=S. Pennelli])D,PGSC0003DMP400046649[&&NHX:species=Potato],SLYcer05g00951.1[&&NHX:species=Tomato Cherry],Solyc05g013270.2.1[&&NHX:species=Tomato])S)D)D)D,((PGSC0003DMP400014752[&&NHX:species=Potato],(PGSC0003DMP400059564[&&NHX:species=Potato],((Capana02g003523[&&NHX:species=Dom. pepper],Capana00g004762[&&NHX:species=Dom. pepper])D,(PGSC0003DMP400029706[&&NHX:species=Potato],PGSC0003DMP400029705[&&NHX:species=Potato],PGSC0003DMP400029707[&&NHX:species=Potato])D,SPI05g01017.1[&&NHX:species=S. pimp])S)D)D,(Capana10g000898[&&NHX:species=Dom. pepper],Solyc07g063480.3.1[&&NHX:species=Tomato])S,(Capang02g002243[&&NHX:species=Wild pepper],Capana02g002512[&&NHX:species=Dom. pepper],Sopen02g028200.1[&&NHX:species=S. Pennelli],SLYcer02g04735.1[&&NHX:species=Tomato Cherry],SPI02g03646.1[&&NHX:species=S. pimp])S,(Solyc02g021780.3.1[&&NHX:species=Tomato],SPI02g01203.1[&&NHX:species=S. pimp],SLYcer02g02153.1[&&NHX:species=Tomato Cherry])S)D)D)D,(((((Capana12g000388[&&NHX:species=Dom. pepper],Capang12g000318[&&NHX:species=Wild pepper])S,((Sopen12g032550.1[&&NHX:species=S. Pennelli],SLYcer12g04942.1[&&NHX:species=Tomato Cherry])S,Sopen12g032540.1[&&NHX:species=S. Pennelli])D)D,(PGSC0003DMP400051124[&&NHX:species=Potato],(Capana01g001021[&&NHX:species=Dom. pepper],PGSC0003DMP400051125[&&NHX:species=Potato])S)D)D,(Capang12g000319[&&NHX:species=Wild pepper],SLYcer07g00278.1[&&NHX:species=Tomato Cherry],Solyc12g096710.2.1[&&NHX:species=Tomato],Capana12g000389[&&NHX:species=Dom. pepper],SPI12g04900.1[&&NHX:species=S. pimp])S)D,((Solyc06g082920.3.1[&&NHX:species=Tomato],(SPI06g05423.1[&&NHX:species=S. pimp],SPI06g05240.1[&&NHX:species=S. pimp])D,Sopen06g034280.1[&&NHX:species=S. Pennelli],PGSC0003DMP400048141[&&NHX:species=Potato],Capang06g000221[&&NHX:species=Wild pepper],Capana06g000234[&&NHX:species=Dom. pepper])S,((SLYcer05g00256.1[&&NHX:species=Tomato Cherry],Sopen05g002520.1[&&NHX:species=S. Pennelli],Solyc05g006570.1.1[&&NHX:species=Tomato],SPI05g00273.1[&&NHX:species=S. pimp],Capana11g001496[&&NHX:species=Dom. pepper],Capang11g001433[&&NHX:species=Wild pepper],PGSC0003DMP400039234[&&NHX:species=Potato])S,(Capana02g003427[&&NHX:species=Dom. pepper],SPI02g04089.1[&&NHX:species=S. pimp],Sopen02g032210.1[&&NHX:species=S. Pennelli],Solyc02g087460.1.1[&&NHX:species=Tomato],SLYcer02g05157.1[&&NHX:species=Tomato Cherry],Capang02g003156[&&NHX:species=Wild pepper],PGSC0003DMP400002331[&&NHX:species=Potato])S)D)D)D,(Capang07g001760[&&NHX:species=Wild pepper],SLYcer06g05411.1[&&NHX:species=Tomato Cherry],Capana09g001158[&&NHX:species=Dom. pepper],Sopen09g024090.1[&&NHX:species=S. Pennelli],PGSC0003DMP400030833[&&NHX:species=Potato],SPI09g03242.1[&&NHX:species=S. pimp],Solyc09g061330.3.1[&&NHX:species=Tomato])S,((((PGSC0003DMP400017641[&&NHX:species=Potato],PGSC0003DMP400017642[&&NHX:species=Potato])D,Capang04g000065[&&NHX:species=Wild pepper],Sopen04g036130.1[&&NHX:species=S. Pennelli],SLYcer04g05853.1[&&NHX:species=Tomato Cherry],Capana04g000075[&&NHX:species=Dom. pepper],Solyc04g082510.3.1[&&NHX:species=Tomato])S,(SLYcer02g04621.1[&&NHX:species=Tomato Cherry],Sopen02g026970.1[&&NHX:species=S. Pennelli],Solyc02g082310.2.1[&&NHX:species=Tomato])S)D,(Capana12g000546[&&NHX:species=Dom. pepper],SLYcer12g04822.1[&&NHX:species=Tomato Cherry],Solyc12g094680.3.1[&&NHX:species=Tomato],Capang12g000450[&&NHX:species=Wild pepper],Sopen12g031580.1[&&NHX:species=S. Pennelli],SPI12g04782.1[&&NHX:species=S. pimp])S)D,((SPI03g00853.1[&&NHX:species=S. pimp],Solyc03g031980.4.1[&&NHX:species=Tomato],SLYcer03g00696.1[&&NHX:species=Tomato Cherry],PGSC0003DMP400032555[&&NHX:species=Potato],Capang04g002177[&&NHX:species=Wild pepper],Sopen03g005830.1[&&NHX:species=S. Pennelli])S,(((SPI10g02104.1[&&NHX:species=S. pimp],SLYcer10g03758.1[&&NHX:species=Tomato Cherry])S,SLYcer01g08006.1[&&NHX:species=Tomato Cherry])D,PGSC0003DMP400007798[&&NHX:species=Potato])S,((Capana10g002194[&&NHX:species=Dom. pepper],((Capang10g001948[&&NHX:species=Wild pepper],Capana10g002193[&&NHX:species=Dom. pepper])S,(Capana10g002195[&&NHX:species=Dom. pepper],PGSC0003DMP400040948[&&NHX:species=Potato],SLYcer10g05425.1[&&NHX:species=Tomato Cherry],Solyc10g080510.1.1[&&NHX:species=Tomato],SPI10g03910.1[&&NHX:species=S. pimp])S)D)D,(Sopen12g018640.1[&&NHX:species=S. Pennelli],Capana00g000485[&&NHX:species=Dom. pepper])S)D,((PGSC0003DMP400016642[&&NHX:species=Potato],SPI02g02512.1[&&NHX:species=S. pimp],Sopen02g017400.1[&&NHX:species=S. Pennelli],Capang02g001001[&&NHX:species=Wild pepper],Solyc02g068300.3.1[&&NHX:species=Tomato],Capana02g001100[&&NHX:species=Dom. pepper],SLYcer02g03615.1[&&NHX:species=Tomato Cherry])S,PGSC0003DMP400016643[&&NHX:species=Potato])D,(Capana01g003696[&&NHX:species=Dom. pepper],Solyc08g060950.3.1[&&NHX:species=Tomato],SLYcer08g04352.1[&&NHX:species=Tomato Cherry],Sopen08g016100.1[&&NHX:species=S. Pennelli],Capang00g001200[&&NHX:species=Wild pepper],PGSC0003DMP400058481[&&NHX:species=Potato],SPI08g04252.1[&&NHX:species=S. pimp])S)D,(((Sopen01g045130.1[&&NHX:species=S. Pennelli],PGSC0003DMP400031817[&&NHX:species=Potato],Capana08g001724[&&NHX:species=Dom. pepper],SPI01g07884.1[&&NHX:species=S. pimp],Capang01g004299[&&NHX:species=Wild pepper],Solyc01g102710.2.1[&&NHX:species=Tomato])S,(Sopen01g045090.1[&&NHX:species=S. Pennelli],SPI01g07881.1[&&NHX:species=S. pimp],Solyc01g102680.4.1[&&NHX:species=Tomato],Capana08g001720[&&NHX:species=Dom. pepper],Capang01g004295[&&NHX:species=Wild pepper])S)D,((Capana08g001721[&&NHX:species=Dom. pepper],Solyc01g102700.4.1[&&NHX:species=Tomato],Sopen01g045110.1[&&NHX:species=S. Pennelli],Capang01g004296[&&NHX:species=Wild pepper],SLYcer01g07383.1[&&NHX:species=Tomato Cherry],SPI01g07882.1[&&NHX:species=S. pimp])S,(PGSC0003DMP400031818[&&NHX:species=Potato],Capana08g001722[&&NHX:species=Dom. pepper],Capang01g004297[&&NHX:species=Wild pepper])S)D)D,((((Sopen02g033870.1[&&NHX:species=S. Pennelli],PGSC0003DMP400002464[&&NHX:species=Potato],SPI02g04242.1[&&NHX:species=S. pimp],SLYcer02g05319.1[&&NHX:species=Tomato Cherry],Solyc02g089090.3.1[&&NHX:species=Tomato])S,PGSC0003DMP400002465[&&NHX:species=Potato])D,(PGSC0003DMP400002467[&&NHX:species=Potato],(Capana02g003265[&&NHX:species=Dom. pepper],((Capang02g003008[&&NHX:species=Wild pepper],Capana02g003263[&&NHX:species=Dom. pepper])S,Capana02g003264[&&NHX:species=Dom. pepper])D)D,SPI02g04243.1[&&NHX:species=S. pimp],SLYcer02g05320.1[&&NHX:species=Tomato Cherry])S)D,(Capana02g003266[&&NHX:species=Dom. pepper],SLYcer06g00684.1[&&NHX:species=Tomato Cherry],Capang02g003009[&&NHX:species=Wild pepper],SPI06g00524.1[&&NHX:species=S. pimp])S)D,((Capana12g001029[&&NHX:species=Dom. pepper],SPI12g04353.1[&&NHX:species=S. pimp],Sopen12g024190.1[&&NHX:species=S. Pennelli],Capang12g000881[&&NHX:species=Wild pepper],Solyc12g055720.2.1[&&NHX:species=Tomato],SLYcer12g04400.1[&&NHX:species=Tomato Cherry])S,((SPI06g03989.1[&&NHX:species=S. pimp],Capana00g004901[&&NHX:species=Dom. pepper],Capang00g002698[&&NHX:species=Wild pepper],Sopen06g022830.2[&&NHX:species=S. Pennelli],SLYcer06g04122.1[&&NHX:species=Tomato Cherry],Solyc06g063360.4.1[&&NHX:species=Tomato])S,Sopen06g022830.1[&&NHX:species=S. Pennelli])D)D)D;	52	26	654	SPI09g00991.1,SPI09g00992.1,PGSC0003DMP400050258,PGSC0003DMP400050259,PGSC0003DMP400016186,PGSC0003DMP400023927,Sopen10g031060.1,SLYcer03g04872.1,SLYcer06g00317.1,Capana12g001471,Sopen02g033880.1,Capana03g004390,Sopen04g017530.1,Capang09g001115,Capana09g001538,Capana09g001637,Capana10g000142,SLYcer11g02073.1,Capang07g001663,Capana09g001866,SPI04g02926.1,Capang10g001270,Capana05g002410,SPI08g04919.1,Solyc10g047780.1.1,Capana12g002725,Capana05g000344,SLYcer01g07382.1,SLYcer03g05230.1,Solyc09g014470.2.1,Capana04g002495
OG27645	(((((Solyc09g008860.4.1[&&NHX:species=Tomato],Sopen09g003650.1[&&NHX:species=S. Pennelli],SPI09g00402.1[&&NHX:species=S. pimp],PGSC0003DMP400004821[&&NHX:species=Potato],Capana09g002329[&&NHX:species=Dom. pepper],SLYcer09g00485.1[&&NHX:species=Tomato Cherry],Capang09g001831[&&NHX:species=Wild pepper])S,PGSC0003DMP400004820[&&NHX:species=Potato])D,(SPI05g00588.1[&&NHX:species=S. pimp],SLYcer05g00553.1[&&NHX:species=Tomato Cherry],Capana11g002327[&&NHX:species=Dom. pepper],Solyc05g009100.4.1[&&NHX:species=Tomato],Sopen05g004830.1[&&NHX:species=S. Pennelli],PGSC0003DMP400025680[&&NHX:species=Potato])S)D,(SPI11g04056.1[&&NHX:species=S. pimp],Solyc11g069960.2.1[&&NHX:species=Tomato],Sopen11g028640.1[&&NHX:species=S. Pennelli],PGSC0003DMP400034203[&&NHX:species=Potato],Capang00g000747[&&NHX:species=Wild pepper],SLYcer11g03990.1[&&NHX:species=Tomato Cherry])S)D,((Solyc12g009310.2.1[&&NHX:species=Tomato],(PGSC0003DMP400005217[&&NHX:species=Potato],PGSC0003DMP400005218[&&NHX:species=Potato])D,Capana09g000137[&&NHX:species=Dom. pepper],Sopen12g004290.1[&&NHX:species=S. Pennelli],Capang09g000128[&&NHX:species=Wild pepper],SPI12g00518.1[&&NHX:species=S. pimp],SLYcer12g00490.1[&&NHX:species=Tomato Cherry])S,(Capana07g000043[&&NHX:species=Dom. pepper],Capang07g000030[&&NHX:species=Wild pepper])S)D,((Sopen10g001600.1[&&NHX:species=S. Pennelli],Capang00g003030[&&NHX:species=Wild pepper],SPI10g00163.1[&&NHX:species=S. pimp],SLYcer10g00297.1[&&NHX:species=Tomato Cherry],PGSC0003DMP400019968[&&NHX:species=Potato],Capana10g000211[&&NHX:species=Dom. pepper],Solyc10g005630.3.1[&&NHX:species=Tomato])S,(Capana07g002134[&&NHX:species=Dom. pepper],Sopen07g030850.1[&&NHX:species=S. Pennelli],Capang07g002152[&&NHX:species=Wild pepper],Solyc07g062620.3.1[&&NHX:species=Tomato],PGSC0003DMP400021906[&&NHX:species=Potato])S)D,((((Capang01g005081[&&NHX:species=Wild pepper],Capana12g001802[&&NHX:species=Dom. pepper])S,Capana01g002982[&&NHX:species=Dom. pepper])D,(PGSC0003DMP400027760[&&NHX:species=Potato],PGSC0003DMP400027761[&&NHX:species=Potato])D)S,(((((PGSC0003DMP400027759[&&NHX:species=Potato],Capang12g001762[&&NHX:species=Wild pepper],Capana12g002052[&&NHX:species=Dom. pepper])S,((Capang01g002662[&&NHX:species=Wild pepper],Capang12g001462[&&NHX:species=Wild pepper])D,PGSC0003DMP400027762[&&NHX:species=Potato])S)D,Capana08g002548[&&NHX:species=Dom. pepper])D,(PGSC0003DMP400010170[&&NHX:species=Potato],Capang03g000649[&&NHX:species=Wild pepper],Capana03g000718[&&NHX:species=Dom. pepper])S)D,(((SLYcer05g00549.1[&&NHX:species=Tomato Cherry],PGSC0003DMP400053243[&&NHX:species=Potato],SPI05g00584.1[&&NHX:species=S. pimp],(Sopen05g004790.1[&&NHX:species=S. Pennelli],Sopen05g004790.2[&&NHX:species=S. Pennelli])D,Solyc05g009050.3.1[&&NHX:species=Tomato])S,((PGSC0003DMP400025681[&&NHX:species=Potato],SLYcer05g00552.1[&&NHX:species=Tomato Cherry],SPI05g00587.1[&&NHX:species=S. pimp],Solyc05g009090.3.1[&&NHX:species=Tomato])S,((Solyc05g009040.3.1[&&NHX:species=Tomato],Sopen05g004780.1[&&NHX:species=S. Pennelli],PGSC0003DMP400053239[&&NHX:species=Potato],SLYcer05g00548.1[&&NHX:species=Tomato Cherry])S,(Capang01g000812[&&NHX:species=Wild pepper],PGSC0003DMP400021364[&&NHX:species=Potato])S,PGSC0003DMP400053240[&&NHX:species=Potato],(PGSC0003DMP400002296[&&NHX:species=Potato],Capana00g002623[&&NHX:species=Dom. pepper])S)D)D)D,(Sopen02g030890.1[&&NHX:species=S. Pennelli],(PGSC0003DMP400045809[&&NHX:species=Potato],PGSC0003DMP400045807[&&NHX:species=Potato])D,(Capana02g002803[&&NHX:species=Dom. pepper],Capana02g002802[&&NHX:species=Dom. pepper])D)S)D)D,((Capana02g002303[&&NHX:species=Dom. pepper],(PGSC0003DMP400018561[&&NHX:species=Potato],PGSC0003DMP400018922[&&NHX:species=Potato])D)S,((Capana09g002020[&&NHX:species=Dom. pepper],Capang09g001554[&&NHX:species=Wild pepper])S,(Capang03g002748[&&NHX:species=Wild pepper],(Capana00g002619[&&NHX:species=Dom. pepper],Capana11g002328[&&NHX:species=Dom. pepper])D,PGSC0003DMP400024753[&&NHX:species=Potato])S)D)D,(Solyc01g008570.1.1[&&NHX:species=Tomato],((PGSC0003DMP400018541[&&NHX:species=Potato],((PGSC0003DMP400018540[&&NHX:species=Potato],PGSC0003DMP400018542[&&NHX:species=Potato])D,Solyc01g008500.4.1[&&NHX:species=Tomato])S)D,(PGSC0003DMP400052725[&&NHX:species=Potato],PGSC0003DMP400052726[&&NHX:species=Potato])D)D)D,((((Capana00g003844[&&NHX:species=Dom. pepper],(PGSC0003DMP400050727[&&NHX:species=Potato],PGSC0003DMP400050726[&&NHX:species=Potato])D)S,(Sopen01g006570.1[&&NHX:species=S. Pennelli],((PGSC0003DMP400033980[&&NHX:species=Potato],PGSC0003DMP400044363[&&NHX:species=Potato])D,(PGSC0003DMP400036299[&&NHX:species=Potato],PGSC0003DMP400036298[&&NHX:species=Potato])D)D,Solyc02g081470.4.1[&&NHX:species=Tomato])S)D,(((PGSC0003DMP400008038[&&NHX:species=Potato],(PGSC0003DMP400030972[&&NHX:species=Potato],Solyc02g079600.3.1[&&NHX:species=Tomato])S,PGSC0003DMP400030998[&&NHX:species=Potato],PGSC0003DMP400034275[&&NHX:species=Potato])D,(((Solyc02g081510.3.1[&&NHX:species=Tomato],Sopen02g026110.1[&&NHX:species=S. Pennelli])S,Sopen02g024420.1[&&NHX:species=S. Pennelli])D,(((PGSC0003DMP400044361[&&NHX:species=Potato],PGSC0003DMP400034273[&&NHX:species=Potato])D,PGSC0003DMP400024484[&&NHX:species=Potato])D,PGSC0003DMP400036302[&&NHX:species=Potato])D)S)D,(Capana02g002306[&&NHX:species=Dom. pepper],Capana02g002300[&&NHX:species=Dom. pepper])D)S)D,(Capang04g002485[&&NHX:species=Wild pepper],PGSC0003DMP400023683[&&NHX:species=Potato])S)D,(PGSC0003DMP400044357[&&NHX:species=Potato],((((PGSC0003DMP400024752[&&NHX:species=Potato],(PGSC0003DMP400053242[&&NHX:species=Potato],(PGSC0003DMP400024750[&&NHX:species=Potato:length=-0.29447],PGSC0003DMP400025682[&&NHX:species=Potato])D)D)D,SLYcer12g03749.1[&&NHX:species=Tomato Cherry],Solyc12g040370.1.1[&&NHX:species=Tomato],SPI12g03695.1[&&NHX:species=S. pimp])S,PGSC0003DMP400053241[&&NHX:species=Potato])D,(((PGSC0003DMP400024756[&&NHX:species=Potato],Capang01g000815[&&NHX:species=Wild pepper])S,(Sopen04g002440.1[&&NHX:species=S. Pennelli],Solyc04g007380.3.1[&&NHX:species=Tomato],PGSC0003DMP400010663[&&NHX:species=Potato])S)D,(Capang02g002524[&&NHX:species=Wild pepper],(PGSC0003DMP400045808[&&NHX:species=Potato],Capang02g002530[&&NHX:species=Wild pepper])S)D)D)D)D,(Solyc03g007210.3.1[&&NHX:species=Tomato],Capang07g001014[&&NHX:species=Wild pepper],(PGSC0003DMP400016043[&&NHX:species=Potato],PGSC0003DMP400016044[&&NHX:species=Potato])D,Capana00g003840[&&NHX:species=Dom. pepper])S,((((Sopen01g004040.1[&&NHX:species=S. Pennelli],(PGSC0003DMP400052724[&&NHX:species=Potato],PGSC0003DMP400018928[&&NHX:species=Potato])D,SPI01g00542.1[&&NHX:species=S. pimp])S,PGSC0003DMP400054807[&&NHX:species=Potato])D,(((Capang02g002061[&&NHX:species=Wild pepper],Capana02g002304[&&NHX:species=Dom. pepper])S,Capang02g002062[&&NHX:species=Wild pepper])D,(Solyc11g007410.3.1[&&NHX:species=Tomato],Solyc11g007430.3.1[&&NHX:species=Tomato])D,(Sopen02g026130.1[&&NHX:species=S. Pennelli],Sopen11g003290.1[&&NHX:species=S. Pennelli])D)S)D,((SPI03g00536.1[&&NHX:species=S. pimp],Capana00g003846[&&NHX:species=Dom. pepper],Sopen03g003200.1[&&NHX:species=S. Pennelli])S,Capana00g003845[&&NHX:species=Dom. pepper])D)D)D,((((SLYcer01g06625.1[&&NHX:species=Tomato Cherry],Solyc01g088690.3.1[&&NHX:species=Tomato],Sopen01g035530.1[&&NHX:species=S. Pennelli],SPI01g06887.1[&&NHX:species=S. pimp],Capang08g000345[&&NHX:species=Wild pepper],PGSC0003DMP400003094[&&NHX:species=Potato],Capana01g003406[&&NHX:species=Dom. pepper])S,Capang01g000764[&&NHX:species=Wild pepper])D,Sopen09g021300.1[&&NHX:species=S. Pennelli])D,(SLYcer02g01466.1[&&NHX:species=Tomato Cherry],SPI02g00425.1[&&NHX:species=S. pimp],Solyc02g014320.1.1[&&NHX:species=Tomato])S)D,(((Capana01g003839[&&NHX:species=Dom. pepper],SPI08g04921.1[&&NHX:species=S. pimp],Sopen08g020060.1[&&NHX:species=S. Pennelli],PGSC0003DMP400052466[&&NHX:species=Potato],Capang00g002464[&&NHX:species=Wild pepper])S,Capana12g001123[&&NHX:species=Dom. pepper])D,((((SLYcer08g05021.1[&&NHX:species=Tomato Cherry],Solyc08g066270.3.1[&&NHX:species=Tomato],SPI08g04911.1[&&NHX:species=S. pimp],PGSC0003DMP400052462[&&NHX:species=Potato])S,((Sopen08g020110.1[&&NHX:species=S. Pennelli],(PGSC0003DMP400052449[&&NHX:species=Potato],PGSC0003DMP400052450[&&NHX:species=Potato])D,Solyc08g066320.4.1[&&NHX:species=Tomato],SLYcer08g05029.1[&&NHX:species=Tomato Cherry])S,Sopen08g020090.1[&&NHX:species=S. Pennelli])D)D,(((SLYcer08g05026.1[&&NHX:species=Tomato Cherry],SPI08g04915.1[&&NHX:species=S. pimp])S,SPI08g04920.1[&&NHX:species=S. pimp])D,PGSC0003DMP400052448[&&NHX:species=Potato])S)D,Capana04g001433[&&NHX:species=Dom. pepper])S,(((Sopen04g029230.1[&&NHX:species=S. Pennelli],(PGSC0003DMP400038138[&&NHX:species=Potato],PGSC0003DMP400030957[&&NHX:species=Potato])D)S,((Sopen04g029220.1[&&NHX:species=S. Pennelli],PGSC0003DMP400030956[&&NHX:species=Potato])S,PGSC0003DMP400048615[&&NHX:species=Potato])D)D,(((Capana07g000690[&&NHX:species=Dom. pepper],SPI08g05544.1[&&NHX:species=S. pimp])S,(Capana07g002049[&&NHX:species=Dom. pepper],SLYcer07g05239.1[&&NHX:species=Tomato Cherry],Capang07g002084[&&NHX:species=Wild pepper],Sopen07g030300.1[&&NHX:species=S. Pennelli],Solyc07g062040.3.1[&&NHX:species=Tomato],PGSC0003DMP400012560[&&NHX:species=Potato],SPI07g05963.1[&&NHX:species=S. pimp])S)D,(PGSC0003DMP400024727[&&NHX:species=Potato],Capang00g000344[&&NHX:species=Wild pepper])S)D)D,(((Capana01g004184[&&NHX:species=Dom. pepper],Capang08g001043[&&NHX:species=Wild pepper])S,(Solyc08g074760.3.1[&&NHX:species=Tomato],Capang01g001004[&&NHX:species=Wild pepper],SLYcer08g05667.1[&&NHX:species=Tomato Cherry],Capana01g001151[&&NHX:species=Dom. pepper],Sopen08g023360.1[&&NHX:species=S. Pennelli])S)D,((SLYcer03g04522.1[&&NHX:species=Tomato Cherry],Capang03g001016[&&NHX:species=Wild pepper],Capana03g001061[&&NHX:species=Dom. pepper],Sopen03g032500.1[&&NHX:species=S. Pennelli],PGSC0003DMP400043942[&&NHX:species=Potato],Solyc03g113450.4.1[&&NHX:species=Tomato],SPI03g04571.1[&&NHX:species=S. pimp])S,PGSC0003DMP400029128[&&NHX:species=Potato])D)D)D,(((PGSC0003DMP400030909[&&NHX:species=Potato],PGSC0003DMP400013312[&&NHX:species=Potato])D,(SLYcer02g04034.1[&&NHX:species=Tomato Cherry],(PGSC0003DMP400049463[&&NHX:species=Potato],PGSC0003DMP400049464[&&NHX:species=Potato])D,Capana02g001722[&&NHX:species=Dom. pepper],Sopen02g021300.1[&&NHX:species=S. Pennelli],Solyc02g072310.3.1[&&NHX:species=Tomato],Capang02g001536[&&NHX:species=Wild pepper],SPI02g02928.1[&&NHX:species=S. pimp])S)D,(((Solyc03g078520.4.1[&&NHX:species=Tomato],SLYcer03g03080.1[&&NHX:species=Tomato Cherry],Capang03g002721[&&NHX:species=Wild pepper],Sopen03g021400.1[&&NHX:species=S. Pennelli],SPI03g03180.1[&&NHX:species=S. pimp],PGSC0003DMP400037749[&&NHX:species=Potato])S,PGSC0003DMP400037750[&&NHX:species=Potato])D,((PGSC0003DMP400028239[&&NHX:species=Potato],(PGSC0003DMP400028238[&&NHX:species=Potato],Capana00g003739[&&NHX:species=Dom. pepper])S)D,(Solyc11g008960.3.1[&&NHX:species=Tomato],Sopen11g004740.1[&&NHX:species=S. Pennelli],SLYcer11g00514.1[&&NHX:species=Tomato Cherry],Capang12g002278[&&NHX:species=Wild pepper],Capana12g002635[&&NHX:species=Dom. pepper],SPI11g00658.1[&&NHX:species=S. pimp])S)D)D)D,(((SPI11g00860.1[&&NHX:species=S. pimp],Capang12g002476[&&NHX:species=Wild pepper],Capana12g002828[&&NHX:species=Dom. pepper],Solyc11g011880.2.1[&&NHX:species=Tomato],SLYcer11g00709.1[&&NHX:species=Tomato Cherry],Sopen11g006710.1[&&NHX:species=S. Pennelli])S,Solyc11g011870.3.1[&&NHX:species=Tomato])D,(SLYcer03g05131.1[&&NHX:species=Tomato Cherry],Sopen03g038210.1[&&NHX:species=S. Pennelli],PGSC0003DMP400010157[&&NHX:species=Potato],Capang03g000662[&&NHX:species=Wild pepper],Solyc03g119340.3.1[&&NHX:species=Tomato],SPI03g05191.1[&&NHX:species=S. pimp],Capana03g000705[&&NHX:species=Dom. pepper])S)D,(((Solyc07g055690.1.1[&&NHX:species=Tomato],Capana07g001902[&&NHX:species=Dom. pepper],SPI02g02903.1[&&NHX:species=S. pimp],PGSC0003DMP400030283[&&NHX:species=Potato],SLYcer02g04008.1[&&NHX:species=Tomato Cherry],Sopen07g029050.1[&&NHX:species=S. Pennelli])S,Capana07g001903[&&NHX:species=Dom. pepper])D,(SPI07g05797.1[&&NHX:species=S. pimp],Capang07g001896[&&NHX:species=Wild pepper],PGSC0003DMP400030280[&&NHX:species=Potato],(Capana00g002221[&&NHX:species=Dom. pepper],Capana00g001239[&&NHX:species=Dom. pepper])D,Solyc07g055415.1.1[&&NHX:species=Tomato])S)D,(((PGSC0003DMP400025061[&&NHX:species=Potato],Capana03g001094[&&NHX:species=Dom. pepper])S,Capana01g000126[&&NHX:species=Dom. pepper])D,(((Capang03g001122[&&NHX:species=Wild pepper],Capana03g001170[&&NHX:species=Dom. pepper],SLYcer03g04461.1[&&NHX:species=Tomato Cherry],SPI03g04512.1[&&NHX:species=S. pimp])S,Capana03g001144[&&NHX:species=Dom. pepper])D,(SPI06g03619.1[&&NHX:species=S. pimp],(SLYcer06g03709.1[&&NHX:species=Tomato Cherry],SLYcer06g03714.1[&&NHX:species=Tomato Cherry])D,Capang03g001050[&&NHX:species=Wild pepper],PGSC0003DMP400017377[&&NHX:species=Potato])S)D,(((SPI04g03779.1[&&NHX:species=S. pimp],SLYcer04g04137.1[&&NHX:species=Tomato Cherry],Sopen04g025070.1[&&NHX:species=S. Pennelli])S,(PGSC0003DMP400061075[&&NHX:species=Potato],Solyc04g055220.2.1[&&NHX:species=Tomato],SPI04g03780.1[&&NHX:species=S. pimp],SLYcer04g04134.1[&&NHX:species=Tomato Cherry])S)D,Capana04g000991[&&NHX:species=Dom. pepper])S,((PGSC0003DMP400053073[&&NHX:species=Potato],Capana11g000725[&&NHX:species=Dom. pepper],Capang04g001370[&&NHX:species=Wild pepper])S,((SPI05g00774.1[&&NHX:species=S. pimp],Sopen05g006300.1[&&NHX:species=S. Pennelli],Capang11g002249[&&NHX:species=Wild pepper],PGSC0003DMP400040845[&&NHX:species=Potato],Solyc05g010540.2.1[&&NHX:species=Tomato])S,(Capang00g005073[&&NHX:species=Wild pepper],PGSC0003DMP400058020[&&NHX:species=Potato])S)D)D,((Sopen08g030610.1[&&NHX:species=S. Pennelli],Solyc08g082350.4.1[&&NHX:species=Tomato],PGSC0003DMP400021741[&&NHX:species=Potato],SPI08g06361.1[&&NHX:species=S. pimp],SLYcer08g06451.1[&&NHX:species=Tomato Cherry])S,((((PGSC0003DMP400021470[&&NHX:species=Potato],PGSC0003DMP400021471[&&NHX:species=Potato])D,PGSC0003DMP400021472[&&NHX:species=Potato])D,Capang00g001805[&&NHX:species=Wild pepper])S,(SLYcer08g06447.1[&&NHX:species=Tomato Cherry],SPI08g06357.1[&&NHX:species=S. pimp],Sopen08g030590.1[&&NHX:species=S. Pennelli],Capang04g000944[&&NHX:species=Wild pepper],PGSC0003DMP400021744[&&NHX:species=Potato])S)D)D,((PGSC0003DMP400017378[&&NHX:species=Potato],((SLYcer03g04496.1[&&NHX:species=Tomato Cherry],(PGSC0003DMP400031494[&&NHX:species=Potato],PGSC0003DMP400031495[&&NHX:species=Potato])D,Solyc03g113160.1.1[&&NHX:species=Tomato])S,(PGSC0003DMP400031493[&&NHX:species=Potato],Sopen03g032220.1[&&NHX:species=S. Pennelli])S)D)D,(((Sopen03g031860.1[&&NHX:species=S. Pennelli],PGSC0003DMP400031642[&&NHX:species=Potato])S,PGSC0003DMP400031544[&&NHX:species=Potato])D,Capang03g001174[&&NHX:species=Wild pepper],Capana03g001226[&&NHX:species=Dom. pepper])S)D,((((PGSC0003DMP400031515[&&NHX:species=Potato],SPI04g01231.1[&&NHX:species=S. pimp],Solyc04g016580.1.1[&&NHX:species=Tomato],SLYcer04g01498.1[&&NHX:species=Tomato Cherry])S,((SPI12g00812.1[&&NHX:species=S. pimp],(SLYcer04g01502.1[&&NHX:species=Tomato Cherry],SPI04g01234.1[&&NHX:species=S. pimp])S)D,((PGSC0003DMP400065510[&&NHX:species=Potato],PGSC0003DMP400064043[&&NHX:species=Potato])D,Capana03g001043[&&NHX:species=Dom. pepper],SLYcer04g01501.1[&&NHX:species=Tomato Cherry])S)D)D,((SLYcer04g01505.1[&&NHX:species=Tomato Cherry],PGSC0003DMP400031516[&&NHX:species=Potato],Sopen12g006910.1[&&NHX:species=S. Pennelli],Solyc04g017610.2.1[&&NHX:species=Tomato],SPI04g01238.1[&&NHX:species=S. pimp])S,Sopen04g008640.1[&&NHX:species=S. Pennelli])D)D,((Sopen03g034420.1[&&NHX:species=S. Pennelli],SLYcer03g04732.1[&&NHX:species=Tomato Cherry],PGSC0003DMP400042668[&&NHX:species=Potato],Solyc03g115420.3.1[&&NHX:species=Tomato],SPI03g04788.1[&&NHX:species=S. pimp])S,((Capana03g001112[&&NHX:species=Dom. pepper],PGSC0003DMP400042669[&&NHX:species=Potato])S,((PGSC0003DMP400031514[&&NHX:species=Potato],Capana03g001111[&&NHX:species=Dom. pepper])S,PGSC0003DMP400025260[&&NHX:species=Potato])D)D)D)D)D,((PGSC0003DMP400002295[&&NHX:species=Potato],Sopen05g004730.1[&&NHX:species=S. Pennelli])S,((PGSC0003DMP400002294[&&NHX:species=Potato],Capana00g002633[&&NHX:species=Dom. pepper])S,((((Solyc05g008960.3.1[&&NHX:species=Tomato],Capang01g000809[&&NHX:species=Wild pepper],Capana00g002629[&&NHX:species=Dom. pepper],PGSC0003DMP400053147[&&NHX:species=Potato])S,(Solyc05g008970.1.1[&&NHX:species=Tomato],PGSC0003DMP400053150[&&NHX:species=Potato])S)D,((PGSC0003DMP400053143[&&NHX:species=Potato],Solyc05g008980.2.1[&&NHX:species=Tomato],Capana00g002628[&&NHX:species=Dom. pepper])S,Capana00g002630[&&NHX:species=Dom. pepper])D)D,((Sopen05g004710.1[&&NHX:species=S. Pennelli],Sopen05g004710.2[&&NHX:species=S. Pennelli])D,PGSC0003DMP400053140[&&NHX:species=Potato])S)D)D,(((PGSC0003DMP400053146[&&NHX:species=Potato],PGSC0003DMP400053142[&&NHX:species=Potato])D,(Capana00g002626[&&NHX:species=Dom. pepper],Sopen05g004750.1[&&NHX:species=S. Pennelli],PGSC0003DMP400053152[&&NHX:species=Potato],SLYcer05g00544.1[&&NHX:species=Tomato Cherry])S)D,(((Sopen05g004740.1[&&NHX:species=S. Pennelli],Sopen05g004740.2[&&NHX:species=S. Pennelli])D,Capana00g002627[&&NHX:species=Dom. pepper],Solyc05g008990.3.1[&&NHX:species=Tomato],PGSC0003DMP400053151[&&NHX:species=Potato])S,(Solyc04g007390.4.1[&&NHX:species=Tomato],SPI04g00326.1[&&NHX:species=S. pimp],Sopen04g002450.1[&&NHX:species=S. Pennelli],SLYcer04g00344.1[&&NHX:species=Tomato Cherry])S)D)D,(((Solyc05g008930.3.1[&&NHX:species=Tomato],Sopen05g004690.1[&&NHX:species=S. Pennelli],PGSC0003DMP400053132[&&NHX:species=Potato])S,(SPI05g00575.1[&&NHX:species=S. pimp],PGSC0003DMP400053134[&&NHX:species=Potato])S)D,Capang12g001763[&&NHX:species=Wild pepper])S,((Capana11g002329[&&NHX:species=Dom. pepper],(PGSC0003DMP400025683[&&NHX:species=Potato],PGSC0003DMP400024755[&&NHX:species=Potato])D)S,(PGSC0003DMP400053137[&&NHX:species=Potato],((Sopen05g004700.1[&&NHX:species=S. Pennelli],Solyc05g008940.3.1[&&NHX:species=Tomato],Capang00g005478[&&NHX:species=Wild pepper],PGSC0003DMP400053135[&&NHX:species=Potato])S,(Capana00g002634[&&NHX:species=Dom. pepper],PGSC0003DMP400053136[&&NHX:species=Potato])S)D)D)D,(((Capang02g002874[&&NHX:species=Wild pepper],Capang11g001484[&&NHX:species=Wild pepper])D,Capana00g002632[&&NHX:species=Dom. pepper],SLYcer05g00741.1[&&NHX:species=Tomato Cherry],PGSC0003DMP400053148[&&NHX:species=Potato])S,((((((((PGSC0003DMP400053145[&&NHX:species=Potato],PGSC0003DMP400053139[&&NHX:species=Potato])D,Solyc05g008950.4.1[&&NHX:species=Tomato])S,PGSC0003DMP400053144[&&NHX:species=Potato])D,(Solyc05g009010.1.1[&&NHX:species=Tomato],PGSC0003DMP400053153[&&NHX:species=Potato])S)D,(PGSC0003DMP400010612[&&NHX:species=Potato],PGSC0003DMP400010613[&&NHX:species=Potato])D)D,PGSC0003DMP400053131[&&NHX:species=Potato])D,PGSC0003DMP400053138[&&NHX:species=Potato])D,((SPI05g00770.1[&&NHX:species=S. pimp],SPI05g00773.1[&&NHX:species=S. pimp])D,PGSC0003DMP400053149[&&NHX:species=Potato],Solyc05g010530.3.1[&&NHX:species=Tomato])S)D)D)D,(((PGSC0003DMP400009106[&&NHX:species=Potato],PGSC0003DMP400009105[&&NHX:species=Potato])D,Capana08g000117[&&NHX:species=Dom. pepper])S,((((((SPI04g04835.1[&&NHX:species=S. pimp],Solyc04g077330.4.1[&&NHX:species=Tomato],Capang04g000703[&&NHX:species=Wild pepper])S,(Capana04g000728[&&NHX:species=Dom. pepper],((Capana04g000726[&&NHX:species=Dom. pepper],(Capana04g000733[&&NHX:species=Dom. pepper],Capana04g000746[&&NHX:species=Dom. pepper])D)D,PGSC0003DMP400037748[&&NHX:species=Potato])S)D)D,(((PGSC0003DMP400033489[&&NHX:species=Potato],Solyc02g030360.3.1[&&NHX:species=Tomato])S,PGSC0003DMP400033490[&&NHX:species=Potato])D,SPI02g01349.1[&&NHX:species=S. pimp],SLYcer02g02453.1[&&NHX:species=Tomato Cherry])S)D,((SPI02g01361.1[&&NHX:species=S. pimp],SLYcer02g02467.1[&&NHX:species=Tomato Cherry])S,(Capana04g000731[&&NHX:species=Dom. pepper],SPI01g01958.1[&&NHX:species=S. pimp],PGSC0003DMP400065507[&&NHX:species=Potato])S,Capana04g001747[&&NHX:species=Dom. pepper])D)D,(((((SPI02g01341.1[&&NHX:species=S. pimp],Solyc07g009437.1.1[&&NHX:species=Tomato],PGSC0003DMP400033436[&&NHX:species=Potato])S,PGSC0003DMP400049531[&&NHX:species=Potato])D,Capana03g000700[&&NHX:species=Dom. pepper])S,(PGSC0003DMP400058208[&&NHX:species=Potato],(PGSC0003DMP400008989[&&NHX:species=Potato],Solyc02g079630.3.1[&&NHX:species=Tomato],Capang04g002244[&&NHX:species=Wild pepper])S)D)D,Capana03g000342[&&NHX:species=Dom. pepper])D)D,(((PGSC0003DMP400024473[&&NHX:species=Potato],SPI02g03261.1[&&NHX:species=S. pimp])S,(SPI02g03260.1[&&NHX:species=S. pimp],Sopen02g024460.1[&&NHX:species=S. Pennelli],SLYcer02g04361.1[&&NHX:species=Tomato Cherry])S)D,Capana03g001318[&&NHX:species=Dom. pepper])S)D,((((PGSC0003DMP400026617[&&NHX:species=Potato],PGSC0003DMP400026616[&&NHX:species=Potato])D,Capana03g001315[&&NHX:species=Dom. pepper])S,Capana02g002143[&&NHX:species=Dom. pepper])D,((PGSC0003DMP400026615[&&NHX:species=Potato],Capana03g001319[&&NHX:species=Dom. pepper])S,(PGSC0003DMP400026620[&&NHX:species=Potato],Solyc03g111540.2.1[&&NHX:species=Tomato],SLYcer03g04324.1[&&NHX:species=Tomato Cherry],Sopen03g030670.1[&&NHX:species=S. Pennelli],SPI03g04381.1[&&NHX:species=S. pimp],Capang03g001250[&&NHX:species=Wild pepper],Capana03g001317[&&NHX:species=Dom. pepper])S)D)D,(Solyc02g080060.1.1[&&NHX:species=Tomato],SLYcer02g04396.1[&&NHX:species=Tomato Cherry],Sopen02g024780.1[&&NHX:species=S. Pennelli],Capana02g002137[&&NHX:species=Dom. pepper],PGSC0003DMP400026619[&&NHX:species=Potato])S,((((Sopen01g006600.1[&&NHX:species=S. Pennelli],Capana02g002112[&&NHX:species=Dom. pepper])S,((((PGSC0003DMP400033432[&&NHX:species=Potato],PGSC0003DMP400045436[&&NHX:species=Potato])D,Capana00g004817[&&NHX:species=Dom. pepper])S,(PGSC0003DMP400033430[&&NHX:species=Potato],SPI12g00159.1[&&NHX:species=S. pimp])S)D,((Capana02g002141[&&NHX:species=Dom. pepper],(SPI02g03296.1[&&NHX:species=S. pimp],SLYcer02g04395.1[&&NHX:species=Tomato Cherry],Capana02g002138[&&NHX:species=Dom. pepper],Solyc02g080040.4.1[&&NHX:species=Tomato],Capang02g001936[&&NHX:species=Wild pepper])S)D,Capana07g000259[&&NHX:species=Dom. pepper])D)D)D,((PGSC0003DMP400008992[&&NHX:species=Potato],PGSC0003DMP400024489[&&NHX:species=Potato])D,SPI03g00470.1[&&NHX:species=S. pimp],Capang09g000330[&&NHX:species=Wild pepper],Solyc02g079580.4.1[&&NHX:species=Tomato],Capana09g000350[&&NHX:species=Dom. pepper])S)D,(((SPI03g00808.1[&&NHX:species=S. pimp],Capana00g004819[&&NHX:species=Dom. pepper],Capang02g001914[&&NHX:species=Wild pepper])S,((Capang03g000664[&&NHX:species=Wild pepper],Sopen07g026680.1[&&NHX:species=S. Pennelli],PGSC0003DMP400045379[&&NHX:species=Potato])S,Sopen02g023580.3[&&NHX:species=S. Pennelli])D)D,((Solyc03g031540.2.1[&&NHX:species=Tomato],Capana02g001986[&&NHX:species=Dom. pepper],PGSC0003DMP400045378[&&NHX:species=Potato])S,(Capang07g000271[&&NHX:species=Wild pepper],Sopen07g005190.1[&&NHX:species=S. Pennelli],Solyc07g009420.1.1[&&NHX:species=Tomato],SPI07g00713.1[&&NHX:species=S. pimp],SLYcer07g00675.1[&&NHX:species=Tomato Cherry],PGSC0003DMP400033143[&&NHX:species=Potato])S)D)D)D,((((SLYcer02g04398.1[&&NHX:species=Tomato Cherry],Solyc02g080080.3.1[&&NHX:species=Tomato],Capana02g002144[&&NHX:species=Dom. pepper],Sopen02g024800.1[&&NHX:species=S. Pennelli])S,((Capana02g002139[&&NHX:species=Dom. pepper],Solyc02g080070.3.1[&&NHX:species=Tomato],SPI02g03295.1[&&NHX:species=S. pimp],SLYcer02g04397.1[&&NHX:species=Tomato Cherry],Capang02g001933[&&NHX:species=Wild pepper])S,(Solyc02g080090.1.1[&&NHX:species=Tomato],SLYcer02g04399.1[&&NHX:species=Tomato Cherry])S)D)D,(((Sopen02g024740.1[&&NHX:species=S. Pennelli],Sopen02g024740.2[&&NHX:species=S. Pennelli])D,SPI02g03292.1[&&NHX:species=S. pimp],Solyc02g079990.3.1[&&NHX:species=Tomato],Capana02g002146[&&NHX:species=Dom. pepper])S,(Capang02g001935[&&NHX:species=Wild pepper],Capana02g002142[&&NHX:species=Dom. pepper])S)D)D,((SLYcer02g04390.1[&&NHX:species=Tomato Cherry],Capana02g002145[&&NHX:species=Dom. pepper],Solyc02g080010.2.1[&&NHX:species=Tomato])S,Capana02g002140[&&NHX:species=Dom. pepper])D)D,((((Capang04g002213[&&NHX:species=Wild pepper],Capana04g002561[&&NHX:species=Dom. pepper],Sopen03g005430.1[&&NHX:species=S. Pennelli])S,((Capana04g002666[&&NHX:species=Dom. pepper],SLYcer03g00646.1[&&NHX:species=Tomato Cherry])S,Capana04g002562[&&NHX:species=Dom. pepper])D)D,(Capang04g002212[&&NHX:species=Wild pepper],Capana04g002560[&&NHX:species=Dom. pepper])S)D,((Capana12g000878[&&NHX:species=Dom. pepper],Sopen12g029950.1[&&NHX:species=S. Pennelli],PGSC0003DMP400003658[&&NHX:species=Potato],SLYcer12g04613.1[&&NHX:species=Tomato Cherry],Capang12g000562[&&NHX:species=Wild pepper],SPI12g04567.1[&&NHX:species=S. pimp],Solyc12g087920.2.1[&&NHX:species=Tomato])S,(Capang02g001916[&&NHX:species=Wild pepper],Capana00g004816[&&NHX:species=Dom. pepper])S)D)D)D,((Capang07g000253[&&NHX:species=Wild pepper],Sopen07g001250.1[&&NHX:species=S. Pennelli],SPI07g00077.1[&&NHX:species=S. pimp],SLYcer07g00064.1[&&NHX:species=Tomato Cherry],Solyc07g005110.4.1[&&NHX:species=Tomato],PGSC0003DMP400021006[&&NHX:species=Potato])S,(PGSC0003DMP400059584[&&NHX:species=Potato],(Sopen07g001230.1[&&NHX:species=S. Pennelli],(Capang07g000260[&&NHX:species=Wild pepper],Capang07g000261[&&NHX:species=Wild pepper])D,Capana07g000257[&&NHX:species=Dom. pepper],PGSC0003DMP400005765[&&NHX:species=Potato])S)D)D,(Solyc03g116760.3.1[&&NHX:species=Tomato],Capana03g000456[&&NHX:species=Dom. pepper],PGSC0003DMP400001272[&&NHX:species=Potato],Sopen03g035680.1[&&NHX:species=S. Pennelli],SPI03g04930.1[&&NHX:species=S. pimp],Capang03g000413[&&NHX:species=Wild pepper])S,(((SPI02g04263.1[&&NHX:species=S. pimp],PGSC0003DMP400002669[&&NHX:species=Potato],Solyc02g089290.3.1[&&NHX:species=Tomato],Sopen02g034070.1[&&NHX:species=S. Pennelli],Capana02g003220[&&NHX:species=Dom. pepper],SLYcer02g05340.1[&&NHX:species=Tomato Cherry],Capang02g002966[&&NHX:species=Wild pepper])S,Capana02g003221[&&NHX:species=Dom. pepper])D,(PGSC0003DMP400002667[&&NHX:species=Potato],Capang02g002965[&&NHX:species=Wild pepper],Capana02g003219[&&NHX:species=Dom. pepper])S)D,((Solyc02g072070.4.1[&&NHX:species=Tomato],Capana02g001659[&&NHX:species=Dom. pepper],Capang02g001483[&&NHX:species=Wild pepper],PGSC0003DMP400049549[&&NHX:species=Potato],Sopen02g021030.1[&&NHX:species=S. Pennelli])S,(((SPI07g05811.1[&&NHX:species=S. pimp],SLYcer07g05074.1[&&NHX:species=Tomato Cherry],PGSC0003DMP400030278[&&NHX:species=Potato],Capang07g001880[&&NHX:species=Wild pepper],Sopen07g028970.1[&&NHX:species=S. Pennelli])S,((((Sopen07g029010.2[&&NHX:species=S. Pennelli],(Sopen07g029000.1[&&NHX:species=S. Pennelli],Sopen07g029010.1[&&NHX:species=S. Pennelli])D)D,((PGSC0003DMP400030198[&&NHX:species=Potato],PGSC0003DMP400030255[&&NHX:species=Potato])D,PGSC0003DMP400030196[&&NHX:species=Potato])D)S,(((SPI07g05814.1[&&NHX:species=S. pimp],SPI07g05813.1[&&NHX:species=S. pimp])D,SPI07g05816.1[&&NHX:species=S. pimp])D,((SLYcer07g05077.1[&&NHX:species=Tomato Cherry],SLYcer07g05076.1[&&NHX:species=Tomato Cherry])D,SLYcer07g05078.1[&&NHX:species=Tomato Cherry])D)D)D,((PGSC0003DMP400030187[&&NHX:species=Potato],Sopen07g028990.1[&&NHX:species=S. Pennelli],Solyc07g055630.4.1[&&NHX:species=Tomato])S,Solyc07g055640.1.1[&&NHX:species=Tomato])D)D)D,((PGSC0003DMP400068428[&&NHX:species=Potato],PGSC0003DMP400030193[&&NHX:species=Potato])D,Capang07g001881[&&NHX:species=Wild pepper])S)D,(SPI07g05796.1[&&NHX:species=S. pimp],PGSC0003DMP400030258[&&NHX:species=Potato],Sopen07g028840.1[&&NHX:species=S. Pennelli],SLYcer07g05062.1[&&NHX:species=Tomato Cherry])S,(SLYcer01g01834.1[&&NHX:species=Tomato Cherry],Sopen09g030730.1[&&NHX:species=S. Pennelli],(Capang09g000236[&&NHX:species=Wild pepper],Capang09g000247[&&NHX:species=Wild pepper])D,SPI01g01915.1[&&NHX:species=S. pimp],Capana01g001621[&&NHX:species=Dom. pepper])S,((Solyc12g008330.3.1[&&NHX:species=Tomato],Capana09g000272[&&NHX:species=Dom. pepper],SPI12g00403.1[&&NHX:species=S. pimp])S,(SPI01g01910.1[&&NHX:species=S. pimp],SLYcer01g01829.1[&&NHX:species=Tomato Cherry])S)D,(((SLYcer07g05080.1[&&NHX:species=Tomato Cherry],Capana07g001908[&&NHX:species=Dom. pepper],(Sopen07g028960.1[&&NHX:species=S. Pennelli],Solyc07g055670.1.1[&&NHX:species=Tomato])S)S,Capana09g001920[&&NHX:species=Dom. pepper])D,(((((PGSC0003DMP400030189[&&NHX:species=Potato],SLYcer07g05063.1[&&NHX:species=Tomato Cherry],Sopen07g028850.1[&&NHX:species=S. Pennelli],SPI07g05798.1[&&NHX:species=S. pimp])S,(Solyc07g055650.2.1[&&NHX:species=Tomato],Capang07g001895[&&NHX:species=Wild pepper],PGSC0003DMP400030188[&&NHX:species=Potato])S)D,(Capana02g001654[&&NHX:species=Dom. pepper],Capang02g001488[&&NHX:species=Wild pepper])S)D,(((PGSC0003DMP400030324[&&NHX:species=Potato],(PGSC0003DMP400030195[&&NHX:species=Potato],Capana00g002220[&&NHX:species=Dom. pepper],SLYcer07g05072.1[&&NHX:species=Tomato Cherry],Solyc07g055400.2.1[&&NHX:species=Tomato])S)D,((Solyc07g055580.3.1[&&NHX:species=Tomato],Capang03g003824[&&NHX:species=Wild pepper])S,Capang07g001894[&&NHX:species=Wild pepper])D)D,Capang07g001900[&&NHX:species=Wild pepper])D)D,(((SLYcer07g05073.1[&&NHX:species=Tomato Cherry],Solyc07g055570.1.1[&&NHX:species=Tomato],SPI07g05810.1[&&NHX:species=S. pimp])S,SPI07g05818.1[&&NHX:species=S. pimp])D,Capana07g001911[&&NHX:species=Dom. pepper])S)D)D,((((Capang07g001891[&&NHX:species=Wild pepper],Capana07g001904[&&NHX:species=Dom. pepper])S,Capang07g001897[&&NHX:species=Wild pepper])D,PGSC0003DMP400030281[&&NHX:species=Potato])S,(Capang07g001893[&&NHX:species=Wild pepper],PGSC0003DMP400030282[&&NHX:species=Potato],Sopen07g029040.1[&&NHX:species=S. Pennelli])S)D)D,(PGSC0003DMP400024749[&&NHX:species=Potato],Sopen05g004720.1[&&NHX:species=S. Pennelli],SLYcer05g00740.1[&&NHX:species=Tomato Cherry],SPI05g00769.1[&&NHX:species=S. pimp])S,((PGSC0003DMP400028741[&&NHX:species=Potato],Sopen02g025710.1[&&NHX:species=S. Pennelli],SLYcer02g04490.1[&&NHX:species=Tomato Cherry],Solyc02g081040.4.1[&&NHX:species=Tomato],Capang02g002019[&&NHX:species=Wild pepper],Capana02g002250[&&NHX:species=Dom. pepper],SPI02g03385.1[&&NHX:species=S. pimp])S,((Capang06g002510[&&NHX:species=Wild pepper],Sopen06g001480.2[&&NHX:species=S. Pennelli],SPI06g00082.1[&&NHX:species=S. pimp],SLYcer06g00313.1[&&NHX:species=Tomato Cherry],Solyc06g005500.4.1[&&NHX:species=Tomato],PGSC0003DMP400007826[&&NHX:species=Potato],Capana06g002718[&&NHX:species=Dom. pepper])S,Sopen06g001480.1[&&NHX:species=S. Pennelli])D,((PGSC0003DMP400049737[&&NHX:species=Potato],SPI01g07556.1[&&NHX:species=S. pimp],Solyc01g098420.3.1[&&NHX:species=Tomato])S,((Capang02g002020[&&NHX:species=Wild pepper],PGSC0003DMP400028742[&&NHX:species=Potato])S,PGSC0003DMP400001332[&&NHX:species=Potato])D)D,((SLYcer02g04491.1[&&NHX:species=Tomato Cherry],Capana02g002251[&&NHX:species=Dom. pepper],SPI02g03386.1[&&NHX:species=S. pimp],Solyc02g081050.4.1[&&NHX:species=Tomato],Sopen02g025720.1[&&NHX:species=S. Pennelli])S,((PGSC0003DMP400001331[&&NHX:species=Potato],Sopen07g025160.1[&&NHX:species=S. Pennelli],Capang07g001324[&&NHX:species=Wild pepper],Capana07g001312[&&NHX:species=Dom. pepper],SPI07g05022.1[&&NHX:species=S. pimp],Solyc07g049180.3.1[&&NHX:species=Tomato])S,(PGSC0003DMP400001330[&&NHX:species=Potato],Capang07g001325[&&NHX:species=Wild pepper],Capana07g001296[&&NHX:species=Dom. pepper])S)D)D,(Capana08g001382[&&NHX:species=Dom. pepper],(((Sopen01g041980.3[&&NHX:species=S. Pennelli],Sopen01g041980.1[&&NHX:species=S. Pennelli])D,Sopen01g041980.2[&&NHX:species=S. Pennelli])D,SLYcer01g07714.1[&&NHX:species=Tomato Cherry],SPI01g07555.1[&&NHX:species=S. pimp],Capana08g001381[&&NHX:species=Dom. pepper],Capang01g003954[&&NHX:species=Wild pepper],Solyc01g098410.4.1[&&NHX:species=Tomato],PGSC0003DMP400049736[&&NHX:species=Potato])S)D,(((PGSC0003DMP400017237[&&NHX:species=Potato],PGSC0003DMP400017239[&&NHX:species=Potato],PGSC0003DMP400009103[&&NHX:species=Potato],PGSC0003DMP400017240[&&NHX:species=Potato],PGSC0003DMP400017236[&&NHX:species=Potato],PGSC0003DMP400017238[&&NHX:species=Potato])D,SPI01g08305.1[&&NHX:species=S. pimp],SLYcer01g08073.1[&&NHX:species=Tomato Cherry],Sopen01g049150.1[&&NHX:species=S. Pennelli],Solyc01g106870.4.1[&&NHX:species=Tomato],Capang07g000132[&&NHX:species=Wild pepper],Capana07g000123[&&NHX:species=Dom. pepper])S,(Sopen01g048450.1[&&NHX:species=S. Pennelli],(Solyc01g106055.1.1[&&NHX:species=Tomato],Sopen01g048440.1[&&NHX:species=S. Pennelli],SPI01g08226.1[&&NHX:species=S. pimp],SLYcer01g07993.1[&&NHX:species=Tomato Cherry])S)D)D,(Capang06g000979[&&NHX:species=Wild pepper],Solyc06g069610.1.1[&&NHX:species=Tomato],SPI06g04469.1[&&NHX:species=S. pimp],Capana00g004743[&&NHX:species=Dom. pepper],SLYcer06g04610.1[&&NHX:species=Tomato Cherry],Sopen06g026910.1[&&NHX:species=S. Pennelli])S)D,((Solyc07g053130.4.1[&&NHX:species=Tomato],SPI07g05543.1[&&NHX:species=S. pimp],Capana07g001587[&&NHX:species=Dom. pepper],SLYcer07g04821.1[&&NHX:species=Tomato Cherry])S,(SPI07g05542.1[&&NHX:species=S. pimp],SLYcer07g04820.1[&&NHX:species=Tomato Cherry],Capana07g001586[&&NHX:species=Dom. pepper],Solyc07g053120.4.1[&&NHX:species=Tomato])S,((Solyc02g078750.3.1[&&NHX:species=Tomato],SLYcer02g04269.1[&&NHX:species=Tomato Cherry],Capana02g001985[&&NHX:species=Dom. pepper],SPI02g03171.1[&&NHX:species=S. pimp],Capang02g001769[&&NHX:species=Wild pepper],Sopen02g023580.1[&&NHX:species=S. Pennelli])S,Sopen02g023580.2[&&NHX:species=S. Pennelli])D,((PGSC0003DMP400053181[&&NHX:species=Potato],SPI05g00506.1[&&NHX:species=S. pimp])S,(PGSC0003DMP400053182[&&NHX:species=Potato],Capana00g002502[&&NHX:species=Dom. pepper],Solyc05g008310.4.1[&&NHX:species=Tomato],SLYcer05g00475.1[&&NHX:species=Tomato Cherry])S)D)D,(((Capana03g001322[&&NHX:species=Dom. pepper],Capang03g001253[&&NHX:species=Wild pepper])S,(Capana00g004492[&&NHX:species=Dom. pepper],Capang04g002036[&&NHX:species=Wild pepper],PGSC0003DMP400042589[&&NHX:species=Potato])S)D,((Capang03g001370[&&NHX:species=Wild pepper],Capana03g001435[&&NHX:species=Dom. pepper])S,(((Capana06g001057[&&NHX:species=Dom. pepper],Capang06g001009[&&NHX:species=Wild pepper])S,Capang07g002243[&&NHX:species=Wild pepper])D,(((Capang06g001260[&&NHX:species=Wild pepper],Capana06g001295[&&NHX:species=Dom. pepper])S,Capang06g001087[&&NHX:species=Wild pepper])D,(Capana08g001436[&&NHX:species=Dom. pepper],Capang01g003998[&&NHX:species=Wild pepper])S)D)D)D)D,(((Solyc02g080030.2.1[&&NHX:species=Tomato],Sopen01g029180.1[&&NHX:species=S. Pennelli],SLYcer02g04393.1[&&NHX:species=Tomato Cherry],((Capang03g002747[&&NHX:species=Wild pepper],Capana03g002861[&&NHX:species=Dom. pepper])S,Capang12g001675[&&NHX:species=Wild pepper])D)S,(Solyc03g051800.1.1[&&NHX:species=Tomato],SLYcer03g02023.1[&&NHX:species=Tomato Cherry],SPI03g02147.1[&&NHX:species=S. pimp])S,(Capana08g000116[&&NHX:species=Dom. pepper],Solyc03g078470.3.1[&&NHX:species=Tomato],PGSC0003DMP400045437[&&NHX:species=Potato])S,(Capana04g000734[&&NHX:species=Dom. pepper],SPI04g04840.1[&&NHX:species=S. pimp],PGSC0003DMP400023345[&&NHX:species=Potato],Capang02g001511[&&NHX:species=Wild pepper],SLYcer03g05221.1[&&NHX:species=Tomato Cherry])S,(Solyc08g076070.1.1[&&NHX:species=Tomato],Sopen08g024720.1[&&NHX:species=S. Pennelli],SPI08g05712.1[&&NHX:species=S. pimp])S,(((SPI02g01122.1[&&NHX:species=S. pimp],SLYcer02g02072.1[&&NHX:species=Tomato Cherry],Solyc02g021190.1.1[&&NHX:species=Tomato])S,(SPI02g01120.1[&&NHX:species=S. pimp],Solyc02g021180.1.1[&&NHX:species=Tomato])S)D,Capana00g002123[&&NHX:species=Dom. pepper])S,((SPI12g04565.1[&&NHX:species=S. pimp],Solyc12g087910.1.1[&&NHX:species=Tomato],Capana02g002114[&&NHX:species=Dom. pepper],SLYcer12g04612.1[&&NHX:species=Tomato Cherry])S,Capana07g001838[&&NHX:species=Dom. pepper])D)D,(((((PGSC0003DMP400002454[&&NHX:species=Potato],PGSC0003DMP400002455[&&NHX:species=Potato])D,PGSC0003DMP400002453[&&NHX:species=Potato])D,Solyc02g150146.1.1[&&NHX:species=Tomato])S,PGSC0003DMP400002456[&&NHX:species=Potato])D,(Capang09g001158[&&NHX:species=Wild pepper],(Capang10g000332[&&NHX:species=Wild pepper],Capana10g000438[&&NHX:species=Dom. pepper])S)D,SLYcer10g04212.1[&&NHX:species=Tomato Cherry],SPI10g02720.1[&&NHX:species=S. pimp])S,(((PGSC0003DMP400051417[&&NHX:species=Potato],Sopen04g003020.2[&&NHX:species=S. Pennelli])S,(SLYcer04g00398.1[&&NHX:species=Tomato Cherry],SPI04g00383.1[&&NHX:species=S. pimp],Sopen04g003020.1[&&NHX:species=S. Pennelli])S)D,Capana09g001573[&&NHX:species=Dom. pepper])S,(Solyc10g047770.1.1[&&NHX:species=Tomato],SLYcer10g03792.1[&&NHX:species=Tomato Cherry],SPI10g02153.1[&&NHX:species=S. pimp])S,(((Capang07g000087[&&NHX:species=Wild pepper],Capang00g005097[&&NHX:species=Wild pepper])D,Capana07g000091[&&NHX:species=Dom. pepper])S,((PGSC0003DMP400047791[&&NHX:species=Potato],Capang00g000635[&&NHX:species=Wild pepper])S,PGSC0003DMP400047773[&&NHX:species=Potato])D)D,((SLYcer04g03193.1[&&NHX:species=Tomato Cherry],PGSC0003DMP400030844[&&NHX:species=Potato],Sopen01g029160.1[&&NHX:species=S. Pennelli],Solyc10g054300.1.1[&&NHX:species=Tomato],Capang04g001985[&&NHX:species=Wild pepper],SPI10g03095.1[&&NHX:species=S. pimp])S,(((Capang01g004904[&&NHX:species=Wild pepper],(Capang09g001097[&&NHX:species=Wild pepper],Capana00g002292[&&NHX:species=Dom. pepper])S)D,(Capana00g004645[&&NHX:species=Dom. pepper],Capang00g000697[&&NHX:species=Wild pepper])S,Capang04g001188[&&NHX:species=Wild pepper])D,PGSC0003DMP400002668[&&NHX:species=Potato])S,(Capang04g001771[&&NHX:species=Wild pepper],SLYcer01g01828.1[&&NHX:species=Tomato Cherry],Solyc01g014650.1.1[&&NHX:species=Tomato],SPI01g01909.1[&&NHX:species=S. pimp],PGSC0003DMP400024728[&&NHX:species=Potato])S,(PGSC0003DMP400036316[&&NHX:species=Potato],SPI10g02950.1[&&NHX:species=S. pimp],SLYcer10g04465.1[&&NHX:species=Tomato Cherry],Capang12g001127[&&NHX:species=Wild pepper],Capana12g001376[&&NHX:species=Dom. pepper])S)D,((((Capana09g001596[&&NHX:species=Dom. pepper],Capang09g001184[&&NHX:species=Wild pepper])S,Capana03g000542[&&NHX:species=Dom. pepper])D,PGSC0003DMP400008037[&&NHX:species=Potato],SLYcer08g05825.1[&&NHX:species=Tomato Cherry])S,((PGSC0003DMP400018584[&&NHX:species=Potato],Solyc07g055420.1.1[&&NHX:species=Tomato])S,(Capang00g001946[&&NHX:species=Wild pepper],PGSC0003DMP400021365[&&NHX:species=Potato])S)D,(Capang00g005242[&&NHX:species=Wild pepper],SLYcer07g00486.1[&&NHX:species=Tomato Cherry],Capana00g000058[&&NHX:species=Dom. pepper])S,(PGSC0003DMP400052451[&&NHX:species=Potato],Solyc02g089750.4.1[&&NHX:species=Tomato],Capana04g002175[&&NHX:species=Dom. pepper],SLYcer07g00295.1[&&NHX:species=Tomato Cherry],Capang04g001184[&&NHX:species=Wild pepper])S,(Capang08g000560[&&NHX:species=Wild pepper],Capana01g003634[&&NHX:species=Dom. pepper])S)D,(((((SPI09g00990.1[&&NHX:species=S. pimp],PGSC0003DMP400030894[&&NHX:species=Potato],SLYcer09g01084.1[&&NHX:species=Tomato Cherry])S,(((PGSC0003DMP400030893[&&NHX:species=Potato],(PGSC0003DMP400030890[&&NHX:species=Potato],PGSC0003DMP400030891[&&NHX:species=Potato])D)D,SLYcer04g02837.1[&&NHX:species=Tomato Cherry])S,PGSC0003DMP400058306[&&NHX:species=Potato])D)D,(((PGSC0003DMP400021907[&&NHX:species=Potato],SLYcer07g05295.1[&&NHX:species=Tomato Cherry],SPI07g06019.1[&&NHX:species=S. pimp])S,(PGSC0003DMP400031000[&&NHX:species=Potato],PGSC0003DMP400030999[&&NHX:species=Potato:length=-0.76234])D)D,PGSC0003DMP400000140[&&NHX:species=Potato])D)D,SLYcer05g00539.1[&&NHX:species=Tomato Cherry],(Solyc07g055360.1.1[&&NHX:species=Tomato],SPI05g02494.1[&&NHX:species=S. pimp])S)D,Capana01g003410[&&NHX:species=Dom. pepper])S,(((((PGSC0003DMP400048363[&&NHX:species=Potato],PGSC0003DMP400066103[&&NHX:species=Potato])D,Capang01g000871[&&NHX:species=Wild pepper],Capana07g001894[&&NHX:species=Dom. pepper])S,((PGSC0003DMP400036292[&&NHX:species=Potato],SLYcer01g00520.1[&&NHX:species=Tomato Cherry],SPI01g00551.1[&&NHX:species=S. pimp])S,((PGSC0003DMP400034276[&&NHX:species=Potato],PGSC0003DMP400018560[&&NHX:species=Potato],PGSC0003DMP400036293[&&NHX:species=Potato])D,Capana10g000321[&&NHX:species=Dom. pepper],SPI02g03428.1[&&NHX:species=S. pimp])S)D)D,(PGSC0003DMP400031001[&&NHX:species=Potato],Solyc07g055410.2.1[&&NHX:species=Tomato],Capana01g001567[&&NHX:species=Dom. pepper],Capang01g001336[&&NHX:species=Wild pepper])S)D,((Capang04g002163[&&NHX:species=Wild pepper],Capana04g002460[&&NHX:species=Dom. pepper])S,Capang11g001240[&&NHX:species=Wild pepper])D)D,((((((SPI10g02963.1[&&NHX:species=S. pimp],Capang02g001915[&&NHX:species=Wild pepper])S,(SLYcer10g04441.1[&&NHX:species=Tomato Cherry],(SPI10g02709.1[&&NHX:species=S. pimp],SLYcer10g04200.1[&&NHX:species=Tomato Cherry])S)D)D,SLYcer10g04464.1[&&NHX:species=Tomato Cherry])D,(SPI10g02968.1[&&NHX:species=S. pimp],SLYcer10g04472.1[&&NHX:species=Tomato Cherry])S)D,(((SLYcer10g04456.1[&&NHX:species=Tomato Cherry],SPI10g02956.1[&&NHX:species=S. pimp])S,SLYcer10g04417.1[&&NHX:species=Tomato Cherry])D,(SPI10g02722.1[&&NHX:species=S. pimp],SLYcer10g04214.1[&&NHX:species=Tomato Cherry])S)D)D,(SPI02g01360.1[&&NHX:species=S. pimp],SLYcer02g02466.1[&&NHX:species=Tomato Cherry])S,SPI10g02958.1[&&NHX:species=S. pimp])D)D,((Sopen05g018380.1[&&NHX:species=S. Pennelli],SPI05g02719.1[&&NHX:species=S. pimp],(PGSC0003DMP400004022[&&NHX:species=Potato],PGSC0003DMP400004024[&&NHX:species=Potato])D,Capana06g000920[&&NHX:species=Dom. pepper])S,(PGSC0003DMP400004023[&&NHX:species=Potato],Solyc05g023760.3.1[&&NHX:species=Tomato],Capana11g000887[&&NHX:species=Dom. pepper],SLYcer05g02132.1[&&NHX:species=Tomato Cherry],Capang11g000972[&&NHX:species=Wild pepper])S)D,((Capang00g005306[&&NHX:species=Wild pepper],SLYcer09g05307.1[&&NHX:species=Tomato Cherry],SPI09g04997.1[&&NHX:species=S. pimp],PGSC0003DMP400023396[&&NHX:species=Potato])S,((PGSC0003DMP400008625[&&NHX:species=Potato],Capana01g002030[&&NHX:species=Dom. pepper])S,(Capana06g001032[&&NHX:species=Dom. pepper],Capang01g000573[&&NHX:species=Wild pepper])S)D,(SPI02g04778.1[&&NHX:species=S. pimp],PGSC0003DMP400039289[&&NHX:species=Potato],SLYcer10g05901.1[&&NHX:species=Tomato Cherry])S,(SLYcer07g00485.1[&&NHX:species=Tomato Cherry],(PGSC0003DMP400053809[&&NHX:species=Potato],PGSC0003DMP400053811[&&NHX:species=Potato])D)S)D,(((SPI12g04254.1[&&NHX:species=S. pimp],SLYcer12g04314.1[&&NHX:species=Tomato Cherry],Capang12g000841[&&NHX:species=Wild pepper],Sopen12g023840.1[&&NHX:species=S. Pennelli],PGSC0003DMP400007758[&&NHX:species=Potato],Solyc12g049360.2.1[&&NHX:species=Tomato],Capana12g000976[&&NHX:species=Dom. pepper])S,PGSC0003DMP400008627[&&NHX:species=Potato])D,Capana07g000133[&&NHX:species=Dom. pepper])D,((Solyc03g111530.4.1[&&NHX:species=Tomato],SLYcer03g04323.1[&&NHX:species=Tomato Cherry],SPI03g04380.1[&&NHX:species=S. pimp],Sopen03g030660.1[&&NHX:species=S. Pennelli],PGSC0003DMP400026623[&&NHX:species=Potato])S,(((Capang09g000508[&&NHX:species=Wild pepper],Capana09g000572[&&NHX:species=Dom. pepper])S,(Sopen12g001650.1[&&NHX:species=S. Pennelli],(Capang01g003307[&&NHX:species=Wild pepper],Capang01g003308[&&NHX:species=Wild pepper])D,SPI12g00203.1[&&NHX:species=S. pimp],Capana08g000700[&&NHX:species=Dom. pepper],SLYcer12g00158.1[&&NHX:species=Tomato Cherry],Solyc12g005720.1.1[&&NHX:species=Tomato],PGSC0003DMP400023312[&&NHX:species=Potato])S)D,PGSC0003DMP400023311[&&NHX:species=Potato],PGSC0003DMP400026624[&&NHX:species=Potato],PGSC0003DMP400024314[&&NHX:species=Potato])D,(SLYcer02g04394.1[&&NHX:species=Tomato Cherry],Solyc02g080050.1.1[&&NHX:species=Tomato])S)D,(((((PGSC0003DMP400037357[&&NHX:species=Potato],PGSC0003DMP400037358[&&NHX:species=Potato])D,PGSC0003DMP400037355[&&NHX:species=Potato])D,PGSC0003DMP400037356[&&NHX:species=Potato])D,SPI09g00300.1[&&NHX:species=S. pimp],Capang09g001721[&&NHX:species=Wild pepper],SLYcer09g00392.1[&&NHX:species=Tomato Cherry],Solyc09g008010.3.1[&&NHX:species=Tomato],Capana09g002212[&&NHX:species=Dom. pepper])S,((PGSC0003DMP400037353[&&NHX:species=Potato],PGSC0003DMP400037352[&&NHX:species=Potato])D,Capang09g001722[&&NHX:species=Wild pepper],Capana09g002213[&&NHX:species=Dom. pepper])S)D)D;	75	50	759	Sopen11g006700.1,Capang03g001065,Capang03g000998,Sopen09g002810.2,Sopen09g002810.1,Capana00g002622,Capana00g002650,Capana03g002947,Capang02g002910,Sopen02g024770.1,Sopen05g004140.1,Capang01g000813,Solyc03g006790.3.1,SLYcer07g05081.1,SPI07g05819.1,SPI03g04545.1,PGSC0003DMP400048362,PGSC0003DMP400041911,PGSC0003DMP400044321,Capana07g001912,Capana00g002222,Capana02g002305,Solyc02g079680.1.1,PGSC0003DMP400033429,Capang00g005251,PGSC0003DMP400009104,Capang02g001905,Capana00g002635,PGSC0003DMP400036301,Capang08g000348,Capang10g000225,Capang03g001049,SLYcer01g00513.1,Capang02g001934,PGSC0003DMP400036300,Solyc08g066300.3.1,SPI03g00809.1
OG27646	(((Capana06g000464[&&NHX:species=Dom. pepper],(Capana06g000463[&&NHX:species=Dom. pepper],Capang06g000432[&&NHX:species=Wild pepper])S)D,(Capana01g001946[&&NHX:species=Dom. pepper],PGSC0003DMP400063204[&&NHX:species=Potato],Solyc01g010260.3.1[&&NHX:species=Tomato],SPI01g00926.1[&&NHX:species=S. pimp],Sopen01g005880.1[&&NHX:species=S. Pennelli],SLYcer01g00867.1[&&NHX:species=Tomato Cherry])S)D,(((((PGSC0003DMP400048738[&&NHX:species=Potato],Solyc08g083500.2.1[&&NHX:species=Tomato],SPI08g06063.1[&&NHX:species=S. pimp])S,PGSC0003DMP400048739[&&NHX:species=Potato])D,((((PGSC0003DMP400008473[&&NHX:species=Potato],PGSC0003DMP400048737[&&NHX:species=Potato])D,(Solyc08g083510.3.1[&&NHX:species=Tomato],Solyc08g083410.1.1[&&NHX:species=Tomato])D)S,SPI08g06064.1[&&NHX:species=S. pimp])D,((((SPI08g06062.1[&&NHX:species=S. pimp],Sopen08g027760.1[&&NHX:species=S. Pennelli],Solyc08g079370.2.1[&&NHX:species=Tomato])S,Sopen08g027730.1[&&NHX:species=S. Pennelli])D,((PGSC0003DMP400048741[&&NHX:species=Potato],Solyc08g083520.2.1[&&NHX:species=Tomato])S,PGSC0003DMP400008472[&&NHX:species=Potato])D)D,((Solyc08g079330.2.1[&&NHX:species=Tomato],SPI08g06057.1[&&NHX:species=S. pimp],PGSC0003DMP400008474[&&NHX:species=Potato])S,(SLYcer08g06166.1[&&NHX:species=Tomato Cherry],Solyc08g079310.4.1[&&NHX:species=Tomato])S)D)D)D)D,((SPI08g06055.1[&&NHX:species=S. pimp],(Capana01g000492[&&NHX:species=Dom. pepper],Capana01g000488[&&NHX:species=Dom. pepper])D)S,(((SLYcer08g06164.1[&&NHX:species=Tomato Cherry],Solyc08g079280.3.1[&&NHX:species=Tomato])S,(PGSC0003DMP400008477[&&NHX:species=Potato],Solyc08g079300.3.1[&&NHX:species=Tomato],SLYcer08g06165.1[&&NHX:species=Tomato Cherry])S)D,(((Solyc08g079350.3.1[&&NHX:species=Tomato],PGSC0003DMP400008471[&&NHX:species=Potato])S,PGSC0003DMP400008475[&&NHX:species=Potato])D,SPI08g06054.1[&&NHX:species=S. pimp],Capang01g000434[&&NHX:species=Wild pepper])S)D)D)D,((Capana01g000373[&&NHX:species=Dom. pepper],PGSC0003DMP400008478[&&NHX:species=Potato])S,((SPI08g06056.1[&&NHX:species=S. pimp],(PGSC0003DMP400001653[&&NHX:species=Potato],PGSC0003DMP400029914[&&NHX:species=Potato])D,Solyc08g079315.1.1[&&NHX:species=Tomato])S,(((PGSC0003DMP400029915[&&NHX:species=Potato],PGSC0003DMP400048742[&&NHX:species=Potato])D,(Capana01g000494[&&NHX:species=Dom. pepper],Capana01g000490[&&NHX:species=Dom. pepper])D)S,((Capana01g000489[&&NHX:species=Dom. pepper],Capana01g000491[&&NHX:species=Dom. pepper])D,(PGSC0003DMP400048740[&&NHX:species=Potato],PGSC0003DMP400008479[&&NHX:species=Potato])D)S)D)D)D)D,((Capang06g002135[&&NHX:species=Wild pepper],PGSC0003DMP400004427[&&NHX:species=Potato],Capana06g002278[&&NHX:species=Dom. pepper])S,(((PGSC0003DMP400010314[&&NHX:species=Potato],PGSC0003DMP400010315[&&NHX:species=Potato])D,Sopen01g018020.1[&&NHX:species=S. Pennelli])S,(Sopen01g014150.1[&&NHX:species=S. Pennelli],Capang07g000593[&&NHX:species=Wild pepper],SPI01g02676.1[&&NHX:species=S. pimp],PGSC0003DMP400005858[&&NHX:species=Potato])S)D,(Capana09g001519[&&NHX:species=Dom. pepper],(Capang09g001014[&&NHX:species=Wild pepper],Capang00g001545[&&NHX:species=Wild pepper],Capang10g000549[&&NHX:species=Wild pepper],Capang00g001191[&&NHX:species=Wild pepper],Capang11g001026[&&NHX:species=Wild pepper],Capang01g004124[&&NHX:species=Wild pepper],Capang12g002061[&&NHX:species=Wild pepper],Capang12g001064[&&NHX:species=Wild pepper],Capang07g000334[&&NHX:species=Wild pepper],Capang01g003177[&&NHX:species=Wild pepper])D)S,((Capana00g000630[&&NHX:species=Dom. pepper],SLYcer07g03775.1[&&NHX:species=Tomato Cherry],SPI07g04488.1[&&NHX:species=S. pimp],Sopen06g023920.1[&&NHX:species=S. Pennelli],Capang07g001425[&&NHX:species=Wild pepper])S,(SPI11g03668.1[&&NHX:species=S. pimp],SLYcer11g03604.1[&&NHX:species=Tomato Cherry],PGSC0003DMP400055985[&&NHX:species=Potato])S,Capana00g002445[&&NHX:species=Dom. pepper])D,((Capang06g002100[&&NHX:species=Wild pepper],Capang01g001512[&&NHX:species=Wild pepper])D,(SLYcer01g02604.1[&&NHX:species=Tomato Cherry],SPI01g02677.1[&&NHX:species=S. pimp])S)S)D,((((Solyc01g009370.2.1[&&NHX:species=Tomato],SPI01g00762.1[&&NHX:species=S. pimp],SLYcer01g00712.1[&&NHX:species=Tomato Cherry],Capana00g002716[&&NHX:species=Dom. pepper],(PGSC0003DMP400025956[&&NHX:species=Potato],PGSC0003DMP400025953[&&NHX:species=Potato])D,Capang01g001535[&&NHX:species=Wild pepper],Sopen01g004880.1[&&NHX:species=S. Pennelli])S,(((Capang10g002241[&&NHX:species=Wild pepper],Capana10g002485[&&NHX:species=Dom. pepper],PGSC0003DMP400050911[&&NHX:species=Potato])S,(Capana10g002484[&&NHX:species=Dom. pepper],Capang10g001758[&&NHX:species=Wild pepper])S)D,(((Sopen10g028890.1[&&NHX:species=S. Pennelli],PGSC0003DMP400012730[&&NHX:species=Potato],Solyc10g078220.2.1[&&NHX:species=Tomato])S,PGSC0003DMP400012731[&&NHX:species=Potato])D,(Solyc10g078230.3.1[&&NHX:species=Tomato],PGSC0003DMP400012729[&&NHX:species=Potato],Capana10g002483[&&NHX:species=Dom. pepper],Sopen10g028900.1[&&NHX:species=S. Pennelli])S)D)D)D,((SLYcer01g07884.1[&&NHX:species=Tomato Cherry],Solyc01g096670.4.1[&&NHX:species=Tomato],Sopen01g040390.1[&&NHX:species=S. Pennelli],SPI01g07388.1[&&NHX:species=S. pimp],Capang01g003733[&&NHX:species=Wild pepper],Capana08g001159[&&NHX:species=Dom. pepper])S,(PGSC0003DMP400012728[&&NHX:species=Potato],SPI10g03671.1[&&NHX:species=S. pimp],Sopen10g028910.1[&&NHX:species=S. Pennelli],Capana10g002482[&&NHX:species=Dom. pepper],Solyc10g078240.2.1[&&NHX:species=Tomato])S)D)D,(SPI04g05053.1[&&NHX:species=S. pimp],PGSC0003DMP400020698[&&NHX:species=Potato],SLYcer04g05556.1[&&NHX:species=Tomato Cherry],Solyc04g083160.2.1[&&NHX:species=Tomato],Sopen04g033160.1[&&NHX:species=S. Pennelli])S)D,((((((Capana03g003392[&&NHX:species=Dom. pepper],Capang03g003339[&&NHX:species=Wild pepper])S,(Capang03g003338[&&NHX:species=Wild pepper],Capana03g003391[&&NHX:species=Dom. pepper])S)D,((SLYcer09g02990.1[&&NHX:species=Tomato Cherry],PGSC0003DMP400026307[&&NHX:species=Potato],Solyc09g059240.3.1[&&NHX:species=Tomato],SPI09g02922.1[&&NHX:species=S. pimp],Sopen09g022320.1[&&NHX:species=S. Pennelli])S,PGSC0003DMP400003395[&&NHX:species=Potato])D)S,PGSC0003DMP400003393[&&NHX:species=Potato])D,(PGSC0003DMP400027018[&&NHX:species=Potato],Solyc12g088970.1.1[&&NHX:species=Tomato],SLYcer12g04722.1[&&NHX:species=Tomato Cherry],Capang12g000571[&&NHX:species=Wild pepper],SPI12g04681.1[&&NHX:species=S. pimp],Sopen12g030870.1[&&NHX:species=S. Pennelli])S)D,((((((Capang04g000436[&&NHX:species=Wild pepper],Capana04g000471[&&NHX:species=Dom. pepper])S,((((Capana04g000470[&&NHX:species=Dom. pepper],Capana04g000468[&&NHX:species=Dom. pepper])D,Capang04g000435[&&NHX:species=Wild pepper])S,Capang04g000434[&&NHX:species=Wild pepper])D,Capana04g000467[&&NHX:species=Dom. pepper])D)D,((((Capang04g000433[&&NHX:species=Wild pepper],Capana04g000466[&&NHX:species=Dom. pepper])S,(Capana04g000465[&&NHX:species=Dom. pepper],Capang04g000460[&&NHX:species=Wild pepper])S)D,Capana04g000463[&&NHX:species=Dom. pepper])D,(PGSC0003DMP400005986[&&NHX:species=Potato],PGSC0003DMP400038164[&&NHX:species=Potato])D)S)D,(PGSC0003DMP400038165[&&NHX:species=Potato],Capana04g000469[&&NHX:species=Dom. pepper])S)D,((Sopen04g033230.1[&&NHX:species=S. Pennelli],Solyc04g079680.4.1[&&NHX:species=Tomato])S,((SPI04g05058.1[&&NHX:species=S. pimp],Solyc04g079640.3.1[&&NHX:species=Tomato],Sopen04g033210.1[&&NHX:species=S. Pennelli],Capang04g000430[&&NHX:species=Wild pepper])S,(SPI04g05059.1[&&NHX:species=S. pimp],Capana04g000461[&&NHX:species=Dom. pepper],SLYcer04g05563.1[&&NHX:species=Tomato Cherry],Solyc04g079660.2.1[&&NHX:species=Tomato],Sopen04g033220.1[&&NHX:species=S. Pennelli])S)D)D)D,(((Capana04g000505[&&NHX:species=Dom. pepper],Capang04g000462[&&NHX:species=Wild pepper])S,Capana04g000462[&&NHX:species=Dom. pepper])D,((((Capana04g000504[&&NHX:species=Dom. pepper],Capang04g000461[&&NHX:species=Wild pepper])S,Capang04g000431[&&NHX:species=Wild pepper])D,PGSC0003DMP400005985[&&NHX:species=Potato])S,(Capang04g000432[&&NHX:species=Wild pepper],PGSC0003DMP400005984[&&NHX:species=Potato],Sopen04g033200.1[&&NHX:species=S. Pennelli])S)D)D)D)D,((((Sopen04g001340.1[&&NHX:species=S. Pennelli],PGSC0003DMP400003465[&&NHX:species=Potato])S,(SLYcer04g02225.1[&&NHX:species=Tomato Cherry],SPI04g02012.1[&&NHX:species=S. pimp],PGSC0003DMP400029931[&&NHX:species=Potato])S)D,((SLYcer04g00212.1[&&NHX:species=Tomato Cherry],SPI04g00184.1[&&NHX:species=S. pimp],Sopen04g001350.1[&&NHX:species=S. Pennelli])S,((Sopen04g001360.1[&&NHX:species=S. Pennelli],PGSC0003DMP400003467[&&NHX:species=Potato],Capana01g000021[&&NHX:species=Dom. pepper])S,PGSC0003DMP400056100[&&NHX:species=Potato])D,((PGSC0003DMP400003468[&&NHX:species=Potato],SLYcer04g00213.1[&&NHX:species=Tomato Cherry],Solyc04g005370.2.1[&&NHX:species=Tomato])S,Solyc04g005360.1.1[&&NHX:species=Tomato])D)D)D,((((Capana05g000003[&&NHX:species=Dom. pepper],Capana05g002223[&&NHX:species=Dom. pepper])D,(Solyc08g083450.2.1[&&NHX:species=Tomato],Sopen08g021700.1[&&NHX:species=S. Pennelli],SLYcer08g05207.1[&&NHX:species=Tomato Cherry],Capang05g000002[&&NHX:species=Wild pepper],SPI08g05093.1[&&NHX:species=S. pimp])S)D,((Capang05g001772[&&NHX:species=Wild pepper],Capang01g000013[&&NHX:species=Wild pepper])D,Sopen04g012340.1[&&NHX:species=S. Pennelli],SPI04g02123.1[&&NHX:species=S. pimp],PGSC0003DMP400003462[&&NHX:species=Potato],SLYcer04g02343.1[&&NHX:species=Tomato Cherry],Solyc04g025410.1.1[&&NHX:species=Tomato])S)D,(SPI12g00147.1[&&NHX:species=S. pimp],Solyc12g005170.2.1[&&NHX:species=Tomato],PGSC0003DMP400002041[&&NHX:species=Potato],SLYcer12g00101.1[&&NHX:species=Tomato Cherry],Sopen12g001160.1[&&NHX:species=S. Pennelli])S)D)D,(((((SLYcer10g05546.1[&&NHX:species=Tomato Cherry],SPI10g04051.1[&&NHX:species=S. pimp],Capang05g000629[&&NHX:species=Wild pepper],PGSC0003DMP400049048[&&NHX:species=Potato],Capana00g004777[&&NHX:species=Dom. pepper],Sopen10g032060.1[&&NHX:species=S. Pennelli],Solyc10g081550.2.1[&&NHX:species=Tomato])S,(SPI05g01265.1[&&NHX:species=S. pimp],Solyc10g039210.4.1[&&NHX:species=Tomato],Sopen10g012220.1[&&NHX:species=S. Pennelli],Capang08g000445[&&NHX:species=Wild pepper],SLYcer10g01854.1[&&NHX:species=Tomato Cherry],Capana01g003493[&&NHX:species=Dom. pepper])S)D,((PGSC0003DMP400035006[&&NHX:species=Potato],Capana06g000206[&&NHX:species=Dom. pepper],Capang06g000184[&&NHX:species=Wild pepper])S,(Capana12g000098[&&NHX:species=Dom. pepper],PGSC0003DMP400035005[&&NHX:species=Potato])S)D)D,((Sopen04g003080.1[&&NHX:species=S. Pennelli],SLYcer04g00403.1[&&NHX:species=Tomato Cherry],SPI04g00388.1[&&NHX:species=S. pimp],Solyc04g007940.4.1[&&NHX:species=Tomato])S,((PGSC0003DMP400051353[&&NHX:species=Potato],Sopen04g003070.1[&&NHX:species=S. Pennelli],Capana05g000942[&&NHX:species=Dom. pepper],Capang05g000758[&&NHX:species=Wild pepper])S,PGSC0003DMP400051352[&&NHX:species=Potato])D)D)D,(((((Capana10g002062[&&NHX:species=Dom. pepper],PGSC0003DMP400008219[&&NHX:species=Potato])S,PGSC0003DMP400008220[&&NHX:species=Potato])D,(PGSC0003DMP400057494[&&NHX:species=Potato],Capang04g000467[&&NHX:species=Wild pepper],Capana00g000548[&&NHX:species=Dom. pepper])S)D,Capana00g001389[&&NHX:species=Dom. pepper])D,(((Capana00g001637[&&NHX:species=Dom. pepper],Capang10g001824[&&NHX:species=Wild pepper],PGSC0003DMP400008221[&&NHX:species=Potato])S,(Capang12g000082[&&NHX:species=Wild pepper],(Capana12g000079[&&NHX:species=Dom. pepper],Capang12g000070[&&NHX:species=Wild pepper])S)D,(Solyc04g007925.1.1[&&NHX:species=Tomato],Capana12g000077[&&NHX:species=Dom. pepper])S)D,Capana00g001027[&&NHX:species=Dom. pepper])D)D)D,(((PGSC0003DMP400046512[&&NHX:species=Potato],Sopen01g006100.1[&&NHX:species=S. Pennelli],SPI01g00957.1[&&NHX:species=S. pimp],SLYcer01g00898.1[&&NHX:species=Tomato Cherry],Solyc01g010490.4.1[&&NHX:species=Tomato])S,((((Capana03g004146[&&NHX:species=Dom. pepper],PGSC0003DMP400054850[&&NHX:species=Potato],Capang12g001659[&&NHX:species=Wild pepper])S,(PGSC0003DMP400037885[&&NHX:species=Potato],Solyc09g092640.3.1[&&NHX:species=Tomato],SLYcer09g05212.1[&&NHX:species=Tomato Cherry],(Capang03g003996[&&NHX:species=Wild pepper],Capang03g003995[&&NHX:species=Wild pepper])D)S)D,(((SPI11g00405.1[&&NHX:species=S. pimp],Sopen11g002530.1[&&NHX:species=S. Pennelli],PGSC0003DMP400010695[&&NHX:species=Potato],Solyc11g006590.2.1[&&NHX:species=Tomato])S,Sopen09g035560.1[&&NHX:species=S. Pennelli])D,(Sopen09g035550.1[&&NHX:species=S. Pennelli],Capang12g001660[&&NHX:species=Wild pepper],Solyc09g092620.3.1[&&NHX:species=Tomato],PGSC0003DMP400029044[&&NHX:species=Potato])S)D)D,((Solyc09g092600.3.1[&&NHX:species=Tomato],Capang00g004472[&&NHX:species=Wild pepper],PGSC0003DMP400020052[&&NHX:species=Potato])S,(((Solyc09g092670.3.1[&&NHX:species=Tomato],SLYcer09g05213.1[&&NHX:species=Tomato Cherry],PGSC0003DMP400054857[&&NHX:species=Potato],SPI09g04893.1[&&NHX:species=S. pimp])S,PGSC0003DMP400054854[&&NHX:species=Potato])D,(Solyc09g092590.2.1[&&NHX:species=Tomato],SPI09g04890.1[&&NHX:species=S. pimp],SLYcer09g05210.1[&&NHX:species=Tomato Cherry],Capang03g003998[&&NHX:species=Wild pepper])S)D)D)D)D,(((((Capang00g005064[&&NHX:species=Wild pepper],PGSC0003DMP400037889[&&NHX:species=Potato])S,(PGSC0003DMP400037887[&&NHX:species=Potato],Capana03g004165[&&NHX:species=Dom. pepper])S)D,(((Capana03g004150[&&NHX:species=Dom. pepper],Solyc09g092645.1.1[&&NHX:species=Tomato],PGSC0003DMP400054852[&&NHX:species=Potato])S,PGSC0003DMP400054856[&&NHX:species=Potato])D,Capana12g001977[&&NHX:species=Dom. pepper])D)D,(Solyc03g150105.1.1[&&NHX:species=Tomato],Capana03g001276[&&NHX:species=Dom. pepper])S,(PGSC0003DMP400017353[&&NHX:species=Potato],(PGSC0003DMP400037884[&&NHX:species=Potato],Capana03g004144[&&NHX:species=Dom. pepper])S)D,((SLYcer09g05211.1[&&NHX:species=Tomato Cherry],(Capana03g004158[&&NHX:species=Dom. pepper],Capana03g004148[&&NHX:species=Dom. pepper])D)S,Capana03g001254[&&NHX:species=Dom. pepper])D)D,((((((Sopen09g035600.1[&&NHX:species=S. Pennelli],Capana03g004143[&&NHX:species=Dom. pepper])S,(Sopen09g035530.1[&&NHX:species=S. Pennelli],Capana06g002842[&&NHX:species=Dom. pepper],Capang06g002625[&&NHX:species=Wild pepper])S)D,((Capana03g004155[&&NHX:species=Dom. pepper],Capana03g004152[&&NHX:species=Dom. pepper])D,(Sopen09g035540.1[&&NHX:species=S. Pennelli],Sopen09g035570.1[&&NHX:species=S. Pennelli])D,SLYcer11g00257.1[&&NHX:species=Tomato Cherry])S)D,(((Capang03g003994[&&NHX:species=Wild pepper],((Capang03g003997[&&NHX:species=Wild pepper],Capang05g000092[&&NHX:species=Wild pepper])D,Capana03g004324[&&NHX:species=Dom. pepper])S)D,SPI09g04892.1[&&NHX:species=S. pimp])S,SPI09g04891.1[&&NHX:species=S. pimp])D)D,(((Sopen09g035520.1[&&NHX:species=S. Pennelli],PGSC0003DMP400036513[&&NHX:species=Potato])S,PGSC0003DMP400054849[&&NHX:species=Potato])D,(((Capana01g001312[&&NHX:species=Dom. pepper],Capana03g004154[&&NHX:species=Dom. pepper])D,Sopen09g035460.1[&&NHX:species=S. Pennelli])S,Capana03g004147[&&NHX:species=Dom. pepper])D)D)D,(((((PGSC0003DMP400036515[&&NHX:species=Potato],(Sopen09g035500.1[&&NHX:species=S. Pennelli],PGSC0003DMP400036514[&&NHX:species=Potato])S)D,(Capang03g004000[&&NHX:species=Wild pepper],(Capang03g003999[&&NHX:species=Wild pepper],Capang03g004001[&&NHX:species=Wild pepper])D)D)S,PGSC0003DMP400034549[&&NHX:species=Potato])D,(PGSC0003DMP400037886[&&NHX:species=Potato],SPI09g04888.1[&&NHX:species=S. pimp],Solyc09g092560.4.1[&&NHX:species=Tomato])S)D,((Capana03g004160[&&NHX:species=Dom. pepper],(((PGSC0003DMP400036516[&&NHX:species=Potato],PGSC0003DMP400037896[&&NHX:species=Potato:length=-0.26139])D,PGSC0003DMP400060233[&&NHX:species=Potato])D,PGSC0003DMP400054844[&&NHX:species=Potato])D)S,(Capana03g004161[&&NHX:species=Dom. pepper],Capana03g004167[&&NHX:species=Dom. pepper])D)D)D)D)D)D,((SPI01g08527.1[&&NHX:species=S. pimp],PGSC0003DMP400043670[&&NHX:species=Potato])S,(PGSC0003DMP400002125[&&NHX:species=Potato],Capang11g000030[&&NHX:species=Wild pepper],Solyc11g069800.1.1[&&NHX:species=Tomato],Sopen11g028480.1[&&NHX:species=S. Pennelli],SLYcer11g03973.1[&&NHX:species=Tomato Cherry],Capana11g000038[&&NHX:species=Dom. pepper],SPI11g04039.1[&&NHX:species=S. pimp])S,(Sopen07g025290.1[&&NHX:species=S. Pennelli],Solyc07g049690.3.1[&&NHX:species=Tomato],SPI07g05088.1[&&NHX:species=S. pimp],PGSC0003DMP400002008[&&NHX:species=Potato],Capana03g003513[&&NHX:species=Dom. pepper],Capang00g003840[&&NHX:species=Wild pepper],SLYcer07g04381.1[&&NHX:species=Tomato Cherry])S,(SLYcer04g05570.1[&&NHX:species=Tomato Cherry],Capang04g000423[&&NHX:species=Wild pepper],Sopen04g033310.1[&&NHX:species=S. Pennelli],SPI04g05066.1[&&NHX:species=S. pimp],Capana04g000454[&&NHX:species=Dom. pepper],Solyc04g079730.1.1[&&NHX:species=Tomato],PGSC0003DMP400029511[&&NHX:species=Potato])S)D,((((((Solyc03g150160.1.1[&&NHX:species=Tomato],PGSC0003DMP400043096[&&NHX:species=Potato],Capang11g000544[&&NHX:species=Wild pepper])S,(((Capang04g001403[&&NHX:species=Wild pepper],PGSC0003DMP400034361[&&NHX:species=Potato])S,(PGSC0003DMP400011838[&&NHX:species=Potato],Capang06g002583[&&NHX:species=Wild pepper])S)D,PGSC0003DMP400056583[&&NHX:species=Potato])D)D,(PGSC0003DMP400035526[&&NHX:species=Potato],PGSC0003DMP400035525[&&NHX:species=Potato])D)D,(Solyc04g063245.1.1[&&NHX:species=Tomato],PGSC0003DMP400023391[&&NHX:species=Potato])S)D,((PGSC0003DMP400017230[&&NHX:species=Potato],(Solyc03g150127.1.1[&&NHX:species=Tomato],Sopen03g012630.1[&&NHX:species=S. Pennelli],PGSC0003DMP400056336[&&NHX:species=Potato])S)D,Capang07g001463[&&NHX:species=Wild pepper])S)D,(((Capana01g000890[&&NHX:species=Dom. pepper],PGSC0003DMP400016427[&&NHX:species=Potato],SLYcer10g00880.1[&&NHX:species=Tomato Cherry])S,((PGSC0003DMP400004187[&&NHX:species=Potato],PGSC0003DMP400031383[&&NHX:species=Potato])D,Capana12g002422[&&NHX:species=Dom. pepper],SLYcer02g03084.1[&&NHX:species=Tomato Cherry])S)D,((SPI10g00752.1[&&NHX:species=S. pimp],PGSC0003DMP400054906[&&NHX:species=Potato],SLYcer10g05763.1[&&NHX:species=Tomato Cherry])S,(PGSC0003DMP400019417[&&NHX:species=Potato],((PGSC0003DMP400052077[&&NHX:species=Potato],PGSC0003DMP400024237[&&NHX:species=Potato])D,(PGSC0003DMP400017288[&&NHX:species=Potato],SPI01g00563.1[&&NHX:species=S. pimp])S)D)D)D)D,(((PGSC0003DMP400017233[&&NHX:species=Potato],(PGSC0003DMP400004181[&&NHX:species=Potato],((Capana01g001603[&&NHX:species=Dom. pepper],PGSC0003DMP400046653[&&NHX:species=Potato],SPI01g00561.1[&&NHX:species=S. pimp])S,(Capana01g001767[&&NHX:species=Dom. pepper],PGSC0003DMP400017314[&&NHX:species=Potato],SLYcer01g00529.1[&&NHX:species=Tomato Cherry])S)D)D)D,((Capang01g000822[&&NHX:species=Wild pepper],PGSC0003DMP400046511[&&NHX:species=Potato])S,((PGSC0003DMP400031380[&&NHX:species=Potato],PGSC0003DMP400017284[&&NHX:species=Potato])D,(Capang00g000198[&&NHX:species=Wild pepper],Capang01g001443[&&NHX:species=Wild pepper])D)S)D)D,(((Sopen08g023800.1[&&NHX:species=S. Pennelli],PGSC0003DMP400036172[&&NHX:species=Potato],Solyc08g150142.1.1[&&NHX:species=Tomato])S,(PGSC0003DMP400036174[&&NHX:species=Potato],Capana05g001955[&&NHX:species=Dom. pepper])S)D,(SPI08g00162.1[&&NHX:species=S. pimp],(PGSC0003DMP400024236[&&NHX:species=Potato],PGSC0003DMP400037155[&&NHX:species=Potato])D)S)D)D,((((SLYcer04g04281.1[&&NHX:species=Tomato Cherry],SLYcer04g04284.1[&&NHX:species=Tomato Cherry])D,SPI04g03913.1[&&NHX:species=S. pimp])S,SPI04g03918.1[&&NHX:species=S. pimp])D,(((PGSC0003DMP400004188[&&NHX:species=Potato],Capang01g001374[&&NHX:species=Wild pepper])S,((PGSC0003DMP400017317[&&NHX:species=Potato],Capana12g002444[&&NHX:species=Dom. pepper])S,(PGSC0003DMP400019418[&&NHX:species=Potato],SLYcer12g03342.1[&&NHX:species=Tomato Cherry],Capana12g002423[&&NHX:species=Dom. pepper],SPI12g03316.1[&&NHX:species=S. pimp])S)D)D,((Capana12g002419[&&NHX:species=Dom. pepper],Capana12g002425[&&NHX:species=Dom. pepper])D,Capang00g003766[&&NHX:species=Wild pepper],((PGSC0003DMP400018617[&&NHX:species=Potato],Solyc09g150146.1.1[&&NHX:species=Tomato])S,PGSC0003DMP400016992[&&NHX:species=Potato])D,SPI07g00483.1[&&NHX:species=S. pimp],SLYcer07g00429.1[&&NHX:species=Tomato Cherry])S)D)D,(((Solyc07g007460.3.1[&&NHX:species=Tomato],PGSC0003DMP400053506[&&NHX:species=Potato])S,((PGSC0003DMP400028019[&&NHX:species=Potato],PGSC0003DMP400066587[&&NHX:species=Potato])D,(Solyc07g052370.4.1[&&NHX:species=Tomato],Sopen07g026000.1[&&NHX:species=S. Pennelli],SPI07g05463.1[&&NHX:species=S. pimp],PGSC0003DMP400050453[&&NHX:species=Potato])S)D)D,(Capang07g000353[&&NHX:species=Wild pepper],Capang07g001460[&&NHX:species=Wild pepper])D)S,((((SPI09g03656.1[&&NHX:species=S. pimp],SLYcer09g03734.1[&&NHX:species=Tomato Cherry],PGSC0003DMP400031714[&&NHX:species=Potato],Capang01g001828[&&NHX:species=Wild pepper])S,PGSC0003DMP400010025[&&NHX:species=Potato])D,SPI10g00750.1[&&NHX:species=S. pimp])D,(((Capana03g004151[&&NHX:species=Dom. pepper],PGSC0003DMP400019402[&&NHX:species=Potato])S,(Sopen11g002540.1[&&NHX:species=S. Pennelli],Capana12g001976[&&NHX:species=Dom. pepper],PGSC0003DMP400054851[&&NHX:species=Potato])S)D,(PGSC0003DMP400054855[&&NHX:species=Potato],Sopen09g035590.1[&&NHX:species=S. Pennelli])S)D)D)D,(((((Capana10g001925[&&NHX:species=Dom. pepper],Capana10g001936[&&NHX:species=Dom. pepper])D,(PGSC0003DMP400028057[&&NHX:species=Potato],PGSC0003DMP400023835[&&NHX:species=Potato])D,Capang10g001704[&&NHX:species=Wild pepper])S,((Capana10g001945[&&NHX:species=Dom. pepper],Capang10g001701[&&NHX:species=Wild pepper])S,((Capana10g001928[&&NHX:species=Dom. pepper],Capang10g001694[&&NHX:species=Wild pepper])S,(Capang09g001833[&&NHX:species=Wild pepper],PGSC0003DMP400004819[&&NHX:species=Potato])S)D)D)D,((((Sopen02g034970.1[&&NHX:species=S. Pennelli],PGSC0003DMP400061082[&&NHX:species=Potato])S,((SPI09g04456.1[&&NHX:species=S. pimp],Sopen09g031760.1[&&NHX:species=S. Pennelli],PGSC0003DMP400010775[&&NHX:species=Potato])S,PGSC0003DMP400049920[&&NHX:species=Potato])D)D,((((PGSC0003DMP400017722[&&NHX:species=Potato],Sopen02g035020.1[&&NHX:species=S. Pennelli])S,PGSC0003DMP400017723[&&NHX:species=Potato])D,Capana02g003143[&&NHX:species=Dom. pepper],SLYcer02g05439.1[&&NHX:species=Tomato Cherry])S,((PGSC0003DMP400001442[&&NHX:species=Potato],PGSC0003DMP400001465[&&NHX:species=Potato])D,PGSC0003DMP400029050[&&NHX:species=Potato])D)D)D,(PGSC0003DMP400025152[&&NHX:species=Potato],PGSC0003DMP400025146[&&NHX:species=Potato],(Capang11g001203[&&NHX:species=Wild pepper],PGSC0003DMP400019504[&&NHX:species=Potato])S,PGSC0003DMP400010773[&&NHX:species=Potato],PGSC0003DMP400025153[&&NHX:species=Potato])D)D)D,(PGSC0003DMP400017352[&&NHX:species=Potato],SLYcer07g00691.1[&&NHX:species=Tomato Cherry])S,(((PGSC0003DMP400029046[&&NHX:species=Potato],SPI08g00635.1[&&NHX:species=S. pimp],Sopen09g035920.1[&&NHX:species=S. Pennelli])S,PGSC0003DMP400004367[&&NHX:species=Potato],PGSC0003DMP400048256[&&NHX:species=Potato],(PGSC0003DMP400029047[&&NHX:species=Potato],Capana02g003142[&&NHX:species=Dom. pepper])S)D,(((PGSC0003DMP400031472[&&NHX:species=Potato],(PGSC0003DMP400029293[&&NHX:species=Potato],((PGSC0003DMP400035553[&&NHX:species=Potato],PGSC0003DMP400029318[&&NHX:species=Potato])D,Sopen06g021740.1[&&NHX:species=S. Pennelli])S)D)D,Capana03g001747[&&NHX:species=Dom. pepper])S,(((PGSC0003DMP400035523[&&NHX:species=Potato],Capang06g001420[&&NHX:species=Wild pepper])S,PGSC0003DMP400005450[&&NHX:species=Potato])D,(Capana00g005081[&&NHX:species=Dom. pepper],SPI06g02830.1[&&NHX:species=S. pimp],Capang00g000247[&&NHX:species=Wild pepper],SLYcer06g02857.1[&&NHX:species=Tomato Cherry])S)D)D)D,(PGSC0003DMP400047537[&&NHX:species=Potato],Capana06g000624[&&NHX:species=Dom. pepper],Capang06g000573[&&NHX:species=Wild pepper])S,(((((Sopen04g031920.1[&&NHX:species=S. Pennelli],(PGSC0003DMP400005940[&&NHX:species=Potato],PGSC0003DMP400052217[&&NHX:species=Potato])D,Capana04g000620[&&NHX:species=Dom. pepper])S,(Capana12g000789[&&NHX:species=Dom. pepper],Sopen04g031950.1[&&NHX:species=S. Pennelli])S)D,((PGSC0003DMP400043293[&&NHX:species=Potato],((Capana01g003880[&&NHX:species=Dom. pepper],Capana00g001630[&&NHX:species=Dom. pepper])D,PGSC0003DMP400046370[&&NHX:species=Potato])S)D,((Capana02g000678[&&NHX:species=Dom. pepper],Sopen02g014960.1[&&NHX:species=S. Pennelli],Capang00g003058[&&NHX:species=Wild pepper])S,(Capang02g000592[&&NHX:species=Wild pepper],Capana02g000679[&&NHX:species=Dom. pepper])S)D)D)D,(Capana01g001789[&&NHX:species=Dom. pepper],PGSC0003DMP400009834[&&NHX:species=Potato])S)D,(((SLYcer10g05186.1[&&NHX:species=Tomato Cherry],Capang10g002243[&&NHX:species=Wild pepper],PGSC0003DMP400055510[&&NHX:species=Potato])S,PGSC0003DMP400005902[&&NHX:species=Potato])D,PGSC0003DMP400029932[&&NHX:species=Potato])D)D,(((Capang12g001377[&&NHX:species=Wild pepper],Capang05g000540[&&NHX:species=Wild pepper])D,((SLYcer03g01412.1[&&NHX:species=Tomato Cherry],PGSC0003DMP400017339[&&NHX:species=Potato],SPI03g01616.1[&&NHX:species=S. pimp])S,PGSC0003DMP400022661[&&NHX:species=Potato])D)S,(SPI04g03581.1[&&NHX:species=S. pimp],SLYcer04g03871.1[&&NHX:species=Tomato Cherry])S,(Capang01g001655[&&NHX:species=Wild pepper],(((SLYcer04g03879.1[&&NHX:species=Tomato Cherry],(PGSC0003DMP400022938[&&NHX:species=Potato],PGSC0003DMP400013518[&&NHX:species=Potato])D,SPI04g03588.1[&&NHX:species=S. pimp])S,(PGSC0003DMP400013517[&&NHX:species=Potato],Sopen04g023820.1[&&NHX:species=S. Pennelli])S)D,Capang00g004075[&&NHX:species=Wild pepper])S)D,((PGSC0003DMP400006329[&&NHX:species=Potato],Capana04g002317[&&NHX:species=Dom. pepper])S,(((PGSC0003DMP400016587[&&NHX:species=Potato],PGSC0003DMP400003463[&&NHX:species=Potato])D,SPI04g03183.1[&&NHX:species=S. pimp],Capana10g001188[&&NHX:species=Dom. pepper],SLYcer04g03457.1[&&NHX:species=Tomato Cherry])S,(((Sopen04g021550.1[&&NHX:species=S. Pennelli],Solyc04g050622.1.1[&&NHX:species=Tomato])S,(Sopen04g005850.1[&&NHX:species=S. Pennelli],PGSC0003DMP400011272[&&NHX:species=Potato])S)D,SLYcer04g03225.1[&&NHX:species=Tomato Cherry],SPI04g02962.1[&&NHX:species=S. pimp])S)D)D,((((PGSC0003DMP400022939[&&NHX:species=Potato],PGSC0003DMP400011259[&&NHX:species=Potato])D,Capana12g001604[&&NHX:species=Dom. pepper],SPI04g00752.1[&&NHX:species=S. pimp])S,(SPI03g01617.1[&&NHX:species=S. pimp],SLYcer03g01414.1[&&NHX:species=Tomato Cherry],PGSC0003DMP400011273[&&NHX:species=Potato])S)D,(SLYcer03g01408.1[&&NHX:species=Tomato Cherry],Solyc03g046492.1.1[&&NHX:species=Tomato],SPI03g01614.1[&&NHX:species=S. pimp])S)D)D,((((((PGSC0003DMP400051354[&&NHX:species=Potato],PGSC0003DMP400008223[&&NHX:species=Potato])D,Sopen00g008720.1[&&NHX:species=S. Pennelli],Capang00g005120[&&NHX:species=Wild pepper])S,PGSC0003DMP400003394[&&NHX:species=Potato])D,Capana04g000503[&&NHX:species=Dom. pepper])D,(Capang12g000067[&&NHX:species=Wild pepper],PGSC0003DMP400035004[&&NHX:species=Potato])S)D,(SPI05g01711.1[&&NHX:species=S. pimp],PGSC0003DMP400009739[&&NHX:species=Potato])S)D,((SLYcer04g03440.1[&&NHX:species=Tomato Cherry],((PGSC0003DMP400043292[&&NHX:species=Potato],PGSC0003DMP400043291[&&NHX:species=Potato])D,SPI01g08369.1[&&NHX:species=S. pimp],SLYcer01g08141.1[&&NHX:species=Tomato Cherry])S)D,Capana02g003026[&&NHX:species=Dom. pepper])S,(((Capang00g002001[&&NHX:species=Wild pepper],PGSC0003DMP400034550[&&NHX:species=Potato])S,(SPI01g00562.1[&&NHX:species=S. pimp],PGSC0003DMP400036538[&&NHX:species=Potato])S,(SPI03g00752.1[&&NHX:species=S. pimp],Solyc03g026375.1.1[&&NHX:species=Tomato],Capana03g001453[&&NHX:species=Dom. pepper],SLYcer03g00530.1[&&NHX:species=Tomato Cherry])S,(((PGSC0003DMP400005668[&&NHX:species=Potato],PGSC0003DMP400022657[&&NHX:species=Potato])D,Sopen02g034950.1[&&NHX:species=S. Pennelli],Capana03g004286[&&NHX:species=Dom. pepper])S,(Capana09g000926[&&NHX:species=Dom. pepper],SLYcer02g05437.1[&&NHX:species=Tomato Cherry],PGSC0003DMP400059651[&&NHX:species=Potato],Capang03g004090[&&NHX:species=Wild pepper])S)D)D,(SLYcer08g04771.1[&&NHX:species=Tomato Cherry],SPI08g04673.1[&&NHX:species=S. pimp])S)D)D,((((SLYcer03g03948.1[&&NHX:species=Tomato Cherry],PGSC0003DMP400058162[&&NHX:species=Potato],SPI03g04007.1[&&NHX:species=S. pimp])S,(PGSC0003DMP400001075[&&NHX:species=Potato],Sopen03g027730.1[&&NHX:species=S. Pennelli],Solyc03g096980.1.1[&&NHX:species=Tomato])S)D,(((Capang03g001678[&&NHX:species=Wild pepper],Capang03g001674[&&NHX:species=Wild pepper])D,Sopen03g027740.1[&&NHX:species=S. Pennelli],SLYcer03g03949.1[&&NHX:species=Tomato Cherry],Solyc03g096990.4.1[&&NHX:species=Tomato],SPI03g04008.1[&&NHX:species=S. pimp],(PGSC0003DMP400005669[&&NHX:species=Potato],PGSC0003DMP400005670[&&NHX:species=Potato])D,Capana03g001745[&&NHX:species=Dom. pepper])S,((Capana03g001752[&&NHX:species=Dom. pepper],Capang03g001680[&&NHX:species=Wild pepper])S,(Capang03g001679[&&NHX:species=Wild pepper],Capana03g001749[&&NHX:species=Dom. pepper])S)D)D)D,(((Capana03g001743[&&NHX:species=Dom. pepper],Capana03g001738[&&NHX:species=Dom. pepper])D,(Capana03g001744[&&NHX:species=Dom. pepper],SPI03g04006.1[&&NHX:species=S. pimp],SLYcer03g03947.1[&&NHX:species=Tomato Cherry],PGSC0003DMP400005667[&&NHX:species=Potato])S)D,((Sopen03g027720.1[&&NHX:species=S. Pennelli],PGSC0003DMP400001129[&&NHX:species=Potato])S,(PGSC0003DMP400001130[&&NHX:species=Potato],Capang03g001676[&&NHX:species=Wild pepper])S)D)D)D,(((((SLYcer09g00488.1[&&NHX:species=Tomato Cherry],Sopen09g003680.1[&&NHX:species=S. Pennelli],SPI09g00405.1[&&NHX:species=S. pimp],Solyc09g008910.2.1[&&NHX:species=Tomato],Capang09g001834[&&NHX:species=Wild pepper],PGSC0003DMP400004902[&&NHX:species=Potato])S,PGSC0003DMP400004901[&&NHX:species=Potato])D,((SPI09g00404.1[&&NHX:species=S. pimp],Sopen09g003670.1[&&NHX:species=S. Pennelli],PGSC0003DMP400004818[&&NHX:species=Potato],Solyc09g008913.1.1[&&NHX:species=Tomato],SLYcer09g00487.1[&&NHX:species=Tomato Cherry])S,((Solyc10g083690.3.1[&&NHX:species=Tomato],Solyc10g083700.4.1[&&NHX:species=Tomato])D,((Capang10g001691[&&NHX:species=Wild pepper],(Capang10g001696[&&NHX:species=Wild pepper],(Capana10g001946[&&NHX:species=Dom. pepper],Capang10g001702[&&NHX:species=Wild pepper])S)D)D,Capang10g001703[&&NHX:species=Wild pepper])D,(Sopen10g033140.1[&&NHX:species=S. Pennelli],(Sopen10g033160.1[&&NHX:species=S. Pennelli],Sopen10g033150.1[&&NHX:species=S. Pennelli])D)D,(SLYcer10g05675.1[&&NHX:species=Tomato Cherry],SLYcer10g05674.1[&&NHX:species=Tomato Cherry])D)S)D)D,(Capana11g001197[&&NHX:species=Dom. pepper],PGSC0003DMP400019503[&&NHX:species=Potato],SLYcer10g05857.1[&&NHX:species=Tomato Cherry],Sopen10g034930.1[&&NHX:species=S. Pennelli],SPI10g04392.1[&&NHX:species=S. pimp],Solyc10g085500.2.1[&&NHX:species=Tomato])S)D,((Solyc09g098620.2.1[&&NHX:species=Tomato],PGSC0003DMP400069032[&&NHX:species=Potato],Sopen09g003660.1[&&NHX:species=S. Pennelli],Capana09g002330[&&NHX:species=Dom. pepper],SLYcer09g00486.1[&&NHX:species=Tomato Cherry],Capang09g001832[&&NHX:species=Wild pepper])S,(PGSC0003DMP400029042[&&NHX:species=Potato],Capang00g005132[&&NHX:species=Wild pepper],SLYcer02g05438.1[&&NHX:species=Tomato Cherry],Capana02g003145[&&NHX:species=Dom. pepper])S)D)D,((((PGSC0003DMP400029319[&&NHX:species=Potato],SPI06g04204.1[&&NHX:species=S. pimp],Capana06g001488[&&NHX:species=Dom. pepper],SLYcer06g04344.1[&&NHX:species=Tomato Cherry],Capang06g001415[&&NHX:species=Wild pepper],Sopen06g021760.1[&&NHX:species=S. Pennelli])S,SPI06g04205.1[&&NHX:species=S. pimp])D,((SPI06g04203.1[&&NHX:species=S. pimp],SLYcer06g04343.1[&&NHX:species=Tomato Cherry],Capang06g001414[&&NHX:species=Wild pepper],PGSC0003DMP400029292[&&NHX:species=Potato],Sopen06g021770.1[&&NHX:species=S. Pennelli],Solyc06g084820.2.1[&&NHX:species=Tomato],Capana06g001487[&&NHX:species=Dom. pepper])S,Solyc06g066270.1.1[&&NHX:species=Tomato])D)D,(Sopen06g021750.1[&&NHX:species=S. Pennelli],((Capang06g001417[&&NHX:species=Wild pepper],Capana06g001493[&&NHX:species=Dom. pepper])S,Capana06g001491[&&NHX:species=Dom. pepper])D)S)D,(((((((Capana02g003140[&&NHX:species=Dom. pepper],Capang02g002851[&&NHX:species=Wild pepper])S,Capana02g003144[&&NHX:species=Dom. pepper])D,(Sopen02g035040.1[&&NHX:species=S. Pennelli],(PGSC0003DMP400017724[&&NHX:species=Potato],PGSC0003DMP400017725[&&NHX:species=Potato])D,Solyc02g090340.2.1[&&NHX:species=Tomato])S)D,((PGSC0003DMP400017721[&&NHX:species=Potato],Capang02g002852[&&NHX:species=Wild pepper],Solyc02g090350.4.1[&&NHX:species=Tomato],SPI02g04362.1[&&NHX:species=S. pimp],SLYcer02g05440.1[&&NHX:species=Tomato Cherry],Sopen02g035050.1[&&NHX:species=S. Pennelli],Capana02g003141[&&NHX:species=Dom. pepper])S,Sopen03g008990.1[&&NHX:species=S. Pennelli])D)D,(((Solyc02g065220.4.1[&&NHX:species=Tomato],(PGSC0003DMP400001440[&&NHX:species=Potato],PGSC0003DMP400001443[&&NHX:species=Potato])D,Sopen02g015360.1[&&NHX:species=S. Pennelli],SLYcer02g03374.1[&&NHX:species=Tomato Cherry],SPI02g02261.1[&&NHX:species=S. pimp],Capang02g000643[&&NHX:species=Wild pepper])S,(SLYcer02g03372.1[&&NHX:species=Tomato Cherry],Sopen02g015320.1[&&NHX:species=S. Pennelli],Solyc02g065190.3.1[&&NHX:species=Tomato],SPI02g02260.1[&&NHX:species=S. pimp],PGSC0003DMP400001449[&&NHX:species=Potato])S)D,(((((Solyc02g065210.4.1[&&NHX:species=Tomato],Sopen02g015350.1[&&NHX:species=S. Pennelli],SLYcer02g03373.1[&&NHX:species=Tomato Cherry],PGSC0003DMP400001445[&&NHX:species=Potato])S,PGSC0003DMP400001446[&&NHX:species=Potato])D,Capana00g003034[&&NHX:species=Dom. pepper],Capang02g000648[&&NHX:species=Wild pepper])S,((Capang02g000653[&&NHX:species=Wild pepper],SPI02g02262.1[&&NHX:species=S. pimp],Solyc02g065230.3.1[&&NHX:species=Tomato],SLYcer02g03375.1[&&NHX:species=Tomato Cherry],(PGSC0003DMP400001466[&&NHX:species=Potato],PGSC0003DMP400001468[&&NHX:species=Potato])D,Sopen02g015370.1[&&NHX:species=S. Pennelli])S,PGSC0003DMP400001467[&&NHX:species=Potato])D)D,PGSC0003DMP400001447[&&NHX:species=Potato])D)D)D,(SLYcer09g03442.1[&&NHX:species=Tomato Cherry],SPI09g03344.1[&&NHX:species=S. pimp],Capang02g000646[&&NHX:species=Wild pepper],PGSC0003DMP400004362[&&NHX:species=Potato],Sopen09g024790.1[&&NHX:species=S. Pennelli])S)D,((Capana00g003030[&&NHX:species=Dom. pepper],(PGSC0003DMP400001444[&&NHX:species=Potato],PGSC0003DMP400001441[&&NHX:species=Potato])D)S,((PGSC0003DMP400004364[&&NHX:species=Potato],PGSC0003DMP400004363[&&NHX:species=Potato])D,Capana00g003028[&&NHX:species=Dom. pepper],SLYcer09g03443.1[&&NHX:species=Tomato Cherry],SPI09g03345.1[&&NHX:species=S. pimp],Solyc09g061792.1.1[&&NHX:species=Tomato])S)D)D,(((PGSC0003DMP400042656[&&NHX:species=Potato],Solyc03g115220.4.1[&&NHX:species=Tomato],SLYcer03g04717.1[&&NHX:species=Tomato Cherry],Capang00g000585[&&NHX:species=Wild pepper],Sopen03g034260.1[&&NHX:species=S. Pennelli],SPI03g04772.1[&&NHX:species=S. pimp],Capana03g000892[&&NHX:species=Dom. pepper])S,PGSC0003DMP400042655[&&NHX:species=Potato])D,((Capana04g000631[&&NHX:species=Dom. pepper],Capana12g000790[&&NHX:species=Dom. pepper])D,PGSC0003DMP400037340[&&NHX:species=Potato])S,((PGSC0003DMP400000835[&&NHX:species=Potato],Solyc11g066580.3.1[&&NHX:species=Tomato],Sopen11g026310.1[&&NHX:species=S. Pennelli],SPI11g03785.1[&&NHX:species=S. pimp])S,(SLYcer11g03721.1[&&NHX:species=Tomato Cherry],PGSC0003DMP400000836[&&NHX:species=Potato])S)D)D,((Capang04g000442[&&NHX:species=Wild pepper],(PGSC0003DMP400020701[&&NHX:species=Potato],PGSC0003DMP400020700[&&NHX:species=Potato])D)S,(((Capana03g001253[&&NHX:species=Dom. pepper],((PGSC0003DMP400031598[&&NHX:species=Potato],Capana02g001809[&&NHX:species=Dom. pepper],SLYcer03g04368.1[&&NHX:species=Tomato Cherry])S,PGSC0003DMP400031596[&&NHX:species=Potato])D)D,(PGSC0003DMP400015376[&&NHX:species=Potato],((SLYcer01g07967.1[&&NHX:species=Tomato Cherry],Capana03g001286[&&NHX:species=Dom. pepper],PGSC0003DMP400031601[&&NHX:species=Potato])S,(SPI01g08202.1[&&NHX:species=S. pimp],Capana03g001283[&&NHX:species=Dom. pepper])S)D)D)D,(SPI03g04424.1[&&NHX:species=S. pimp],SLYcer03g04365.1[&&NHX:species=Tomato Cherry],PGSC0003DMP400031597[&&NHX:species=Potato],Solyc03g111953.1.1[&&NHX:species=Tomato],Capang03g002003[&&NHX:species=Wild pepper])S)D,((Capang00g004976[&&NHX:species=Wild pepper],SLYcer04g05559.1[&&NHX:species=Tomato Cherry])S,((Capana12g000099[&&NHX:species=Dom. pepper],Capang00g000506[&&NHX:species=Wild pepper])S,((Capang00g005047[&&NHX:species=Wild pepper],PGSC0003DMP400008222[&&NHX:species=Potato])S,PGSC0003DMP400055504[&&NHX:species=Potato])D)D)D,((((SPI09g02406.1[&&NHX:species=S. pimp],SLYcer09g02475.1[&&NHX:species=Tomato Cherry])S,(SLYcer03g02928.1[&&NHX:species=Tomato Cherry],(PGSC0003DMP400048350[&&NHX:species=Potato],PGSC0003DMP400048351[&&NHX:species=Potato])D,SPI03g03017.1[&&NHX:species=S. pimp])S)D,(PGSC0003DMP400040053[&&NHX:species=Potato],Capana12g001739[&&NHX:species=Dom. pepper],Capang12g001358[&&NHX:species=Wild pepper])S)D,Capang06g000262[&&NHX:species=Wild pepper])D,((SPI11g00406.1[&&NHX:species=S. pimp],SLYcer11g00259.1[&&NHX:species=Tomato Cherry],Capana03g004159[&&NHX:species=Dom. pepper])S,(PGSC0003DMP400037883[&&NHX:species=Potato],((PGSC0003DMP400010694[&&NHX:species=Potato],PGSC0003DMP400050865[&&NHX:species=Potato])D,Capana03g004149[&&NHX:species=Dom. pepper])S)D)D,((PGSC0003DMP400031599[&&NHX:species=Potato],SPI03g00751.1[&&NHX:species=S. pimp],Solyc03g026373.1.1[&&NHX:species=Tomato],SLYcer03g00529.1[&&NHX:species=Tomato Cherry],Sopen03g031120.1[&&NHX:species=S. Pennelli],Capana03g002122[&&NHX:species=Dom. pepper],Capang00g001516[&&NHX:species=Wild pepper])S,PGSC0003DMP400004917[&&NHX:species=Potato])D)D,((((((Solyc08g014190.4.1[&&NHX:species=Tomato],Sopen08g005120.1[&&NHX:species=S. Pennelli],SLYcer08g00666.1[&&NHX:species=Tomato Cherry])S,((PGSC0003DMP400029053[&&NHX:species=Potato],Capana03g004115[&&NHX:species=Dom. pepper])S,(Solyc09g098010.3.1[&&NHX:species=Tomato],(PGSC0003DMP400029054[&&NHX:species=Potato],PGSC0003DMP400029063[&&NHX:species=Potato])D,Capang03g003965[&&NHX:species=Wild pepper])S)D)D,(((PGSC0003DMP400029052[&&NHX:species=Potato],(PGSC0003DMP400029045[&&NHX:species=Potato],Solyc09g098770.2.1[&&NHX:species=Tomato])S)D,Capana03g004271[&&NHX:species=Dom. pepper])S,(Capana03g004281[&&NHX:species=Dom. pepper],(Capana03g004278[&&NHX:species=Dom. pepper],(SPI09g04936.1[&&NHX:species=S. pimp],Capana03g004277[&&NHX:species=Dom. pepper],PGSC0003DMP400029051[&&NHX:species=Potato],Solyc09g098030.4.1[&&NHX:species=Tomato])S[&&NHX:length=-3.28456])D)D)D)D,((PGSC0003DMP400029057[&&NHX:species=Potato],Sopen08g005120.2[&&NHX:species=S. Pennelli],SPI09g04935.1[&&NHX:species=S. pimp],Capana03g004279[&&NHX:species=Dom. pepper])S,((((Capang00g001137[&&NHX:species=Wild pepper],Capana03g004274[&&NHX:species=Dom. pepper])S,Capana03g004276[&&NHX:species=Dom. pepper])D,PGSC0003DMP400029041[&&NHX:species=Potato],Sopen09g035940.1[&&NHX:species=S. Pennelli])S,Sopen09g035940.2[&&NHX:species=S. Pennelli])D)D)D,((Sopen09g031750.1[&&NHX:species=S. Pennelli],Capang03g004080[&&NHX:species=Wild pepper],(PGSC0003DMP400029049[&&NHX:species=Potato],PGSC0003DMP400029048[&&NHX:species=Potato])D,Capana03g004273[&&NHX:species=Dom. pepper])S,((Capang03g004094[&&NHX:species=Wild pepper],Capana03g004287[&&NHX:species=Dom. pepper])S,Capang03g004092[&&NHX:species=Wild pepper])D,(SLYcer09g05249.1[&&NHX:species=Tomato Cherry],(Capana03g004270[&&NHX:species=Dom. pepper],Capana07g000348[&&NHX:species=Dom. pepper])D)S,((Capang00g005122[&&NHX:species=Wild pepper],Capana03g003715[&&NHX:species=Dom. pepper],Solyc09g061791.1.1[&&NHX:species=Tomato],Sopen09g035950.1[&&NHX:species=S. Pennelli])S,Solyc06g084825.1.1[&&NHX:species=Tomato])D)D)D,(PGSC0003DMP400068210[&&NHX:species=Potato],Capang03g003961[&&NHX:species=Wild pepper],Capana03g004111[&&NHX:species=Dom. pepper],Solyc03g044742.1.1[&&NHX:species=Tomato],SLYcer03g01236.1[&&NHX:species=Tomato Cherry],SPI03g01443.1[&&NHX:species=S. pimp])S)D,((Sopen04g005500.1[&&NHX:species=S. Pennelli],Capana05g000407[&&NHX:species=Dom. pepper],SLYcer04g00678.1[&&NHX:species=Tomato Cherry],PGSC0003DMP400048239[&&NHX:species=Potato],SPI04g00651.1[&&NHX:species=S. pimp],Solyc04g010320.1.1[&&NHX:species=Tomato],Capang05g000327[&&NHX:species=Wild pepper])S,(Capang01g002644[&&NHX:species=Wild pepper],Capang09g001498[&&NHX:species=Wild pepper])D)D,((PGSC0003DMP400039428[&&NHX:species=Potato],Capana01g000322[&&NHX:species=Dom. pepper])S,(((SPI02g02208.1[&&NHX:species=S. pimp],PGSC0003DMP400025150[&&NHX:species=Potato])S,PGSC0003DMP400015382[&&NHX:species=Potato])D,Capang03g002168[&&NHX:species=Wild pepper])S,(((PGSC0003DMP400025151[&&NHX:species=Potato],(PGSC0003DMP400025148[&&NHX:species=Potato],Capana03g002288[&&NHX:species=Dom. pepper])S)D,(Capana03g002289[&&NHX:species=Dom. pepper],Sopen03g004990.1[&&NHX:species=S. Pennelli],PGSC0003DMP400025145[&&NHX:species=Potato],Capang03g002170[&&NHX:species=Wild pepper])S)D,(PGSC0003DMP400025147[&&NHX:species=Potato],((SLYcer03g00507.1[&&NHX:species=Tomato Cherry],PGSC0003DMP400025154[&&NHX:species=Potato],SPI03g00727.1[&&NHX:species=S. pimp],Sopen03g004970.1[&&NHX:species=S. Pennelli])S,PGSC0003DMP400025149[&&NHX:species=Potato])D)D)D,((PGSC0003DMP400005449[&&NHX:species=Potato],(Capana01g000319[&&NHX:species=Dom. pepper],PGSC0003DMP400039430[&&NHX:species=Potato],Capang01g000297[&&NHX:species=Wild pepper])S)D,(((Sopen08g028710.1[&&NHX:species=S. Pennelli],SLYcer08g06258.1[&&NHX:species=Tomato Cherry],SPI08g06165.1[&&NHX:species=S. pimp],PGSC0003DMP400039429[&&NHX:species=Potato])S,Sopen08g028720.1[&&NHX:species=S. Pennelli])D,((Capana01g000321[&&NHX:species=Dom. pepper],Capang01g000298[&&NHX:species=Wild pepper])S,Capang01g000296[&&NHX:species=Wild pepper])D)D)D)D,(((Sopen05g013440.1[&&NHX:species=S. Pennelli],Sopen11g017990.2[&&NHX:species=S. Pennelli])D,((Sopen11g017990.1[&&NHX:species=S. Pennelli],Sopen11g017990.3[&&NHX:species=S. Pennelli])D,PGSC0003DMP400042121[&&NHX:species=Potato])S)D,((SPI10g04214.1[&&NHX:species=S. pimp],SLYcer10g05685.1[&&NHX:species=Tomato Cherry],(PGSC0003DMP400048971[&&NHX:species=Potato],PGSC0003DMP400048973[&&NHX:species=Potato])D,Capang10g001680[&&NHX:species=Wild pepper],Capana10g001912[&&NHX:species=Dom. pepper],Solyc10g083790.3.1[&&NHX:species=Tomato],Sopen10g033240.1[&&NHX:species=S. Pennelli])S,PGSC0003DMP400048972[&&NHX:species=Potato])D,(Solyc04g051190.3.1[&&NHX:species=Tomato],Capang12g001362[&&NHX:species=Wild pepper],SPI04g03393.1[&&NHX:species=S. pimp],Capana12g001743[&&NHX:species=Dom. pepper],Sopen04g022560.1[&&NHX:species=S. Pennelli])S,((Solyc11g040223.1.1[&&NHX:species=Tomato],SLYcer05g01504.1[&&NHX:species=Tomato Cherry],Sopen11g018010.2[&&NHX:species=S. Pennelli])S,((Sopen05g013460.1[&&NHX:species=S. Pennelli],Sopen11g018010.1[&&NHX:species=S. Pennelli])D,Capana06g002959[&&NHX:species=Dom. pepper],SLYcer11g02996.1[&&NHX:species=Tomato Cherry],SPI05g01966.1[&&NHX:species=S. pimp],PGSC0003DMP400042122[&&NHX:species=Potato],Solyc05g016330.3.1[&&NHX:species=Tomato])S)D)D,(((SPI05g01709.1[&&NHX:species=S. pimp],Sopen05g010620.1[&&NHX:species=S. Pennelli],PGSC0003DMP400050694[&&NHX:species=Potato],Solyc05g015350.4.1[&&NHX:species=Tomato],SLYcer05g01254.1[&&NHX:species=Tomato Cherry])S,(SPI10g00560.1[&&NHX:species=S. pimp],(SLYcer03g04688.1[&&NHX:species=Tomato Cherry],PGSC0003DMP400042635[&&NHX:species=Potato],Solyc03g114940.3.1[&&NHX:species=Tomato],Capang03g000830[&&NHX:species=Wild pepper],Sopen03g034020.1[&&NHX:species=S. Pennelli],SPI03g04744.1[&&NHX:species=S. pimp],Capana03g000903[&&NHX:species=Dom. pepper])S)D)D,((((Capang01g003693[&&NHX:species=Wild pepper],((SPI01g07352.1[&&NHX:species=S. pimp],SLYcer01g07922.1[&&NHX:species=Tomato Cherry],Sopen01g040040.1[&&NHX:species=S. Pennelli],Solyc01g096280.2.1[&&NHX:species=Tomato])S,(Sopen01g040050.1[&&NHX:species=S. Pennelli],PGSC0003DMP400000514[&&NHX:species=Potato])S)D)S,(Solyc10g009310.4.1[&&NHX:species=Tomato],Sopen10g005100.1[&&NHX:species=S. Pennelli],SLYcer10g00694.1[&&NHX:species=Tomato Cherry])S)D,(Sopen05g027930.1[&&NHX:species=S. Pennelli],Capana00g004237[&&NHX:species=Dom. pepper],SLYcer10g02839.1[&&NHX:species=Tomato Cherry],PGSC0003DMP400024217[&&NHX:species=Potato],SPI05g04127.1[&&NHX:species=S. pimp],Capang12g002258[&&NHX:species=Wild pepper],Solyc05g047680.4.1[&&NHX:species=Tomato])S)D,(PGSC0003DMP400028975[&&NHX:species=Potato],(Solyc12g056810.2.1[&&NHX:species=Tomato],PGSC0003DMP400029633[&&NHX:species=Potato],SLYcer12g04547.1[&&NHX:species=Tomato Cherry],Sopen12g029490.1[&&NHX:species=S. Pennelli],SPI12g04507.1[&&NHX:species=S. pimp])S)D)D)D,((((Capang03g001226[&&NHX:species=Wild pepper],Capang03g001203[&&NHX:species=Wild pepper])D,Capana03g001289[&&NHX:species=Dom. pepper])S,(Solyc03g112040.1.1[&&NHX:species=Tomato],(Capana03g001280[&&NHX:species=Dom. pepper],Solyc03g112030.3.1[&&NHX:species=Tomato])S)D)D,(((PGSC0003DMP400031713[&&NHX:species=Potato],(SLYcer03g04372.1[&&NHX:species=Tomato Cherry],PGSC0003DMP400031594[&&NHX:species=Potato])S)D,(SPI03g04430.1[&&NHX:species=S. pimp],SLYcer03g04373.1[&&NHX:species=Tomato Cherry])S)D,Capana03g001251[&&NHX:species=Dom. pepper])S)D)D;	75	56	900	Solyc03g026130.3.1,Solyc03g026140.4.1,SPI10g04203.1,Solyc08g080390.3.1,Solyc08g080380.4.1,Sopen03g031140.1,Sopen03g031130.1,SPI10g04204.1,SPI10g03669.1,SPI10g03670.1,PGSC0003DMP400005995,PGSC0003DMP400005994,PGSC0003DMP400048958,PGSC0003DMP400049144,Capang03g004091,Capang07g000372,Capana07g001431,Sopen09g035480.1,Sopen09g035510.1,Sopen09g035470.1,PGSC0003DMP400037888,Solyc09g092580.4.1,SLYcer09g05251.1,Solyc04g050625.1.1,SLYcer04g05561.1,Solyc03g112013.1.1,Capana08g001106,SPI09g00403.1,PGSC0003DMP400054848,Capana01g000487,PGSC0003DMP400004361,Solyc03g111993.1.1,Capang00g004427,Capana10g002063,Capana07g000336,SLYcer09g05209.1,Capana00g001255,Capana05g002278,SPI08g06060.1,Solyc03g046498.1.1,Capana03g002285,SPI06g05052.1,PGSC0003DMP400057769,Solyc07g053493.1.1,PGSC0003DMP400029043,SPI08g00637.1,SPI06g05053.1
OG27682	(((Capana12g000377[&&NHX:species=Dom. pepper],Capang12g000310[&&NHX:species=Wild pepper])S,((SPI12g04910.1[&&NHX:species=S. pimp],Solyc12g096830.2.1[&&NHX:species=Tomato],Capana12g000376[&&NHX:species=Dom. pepper],PGSC0003DMP400051107[&&NHX:species=Potato],Sopen12g032660.1[&&NHX:species=S. Pennelli])S,((PGSC0003DMP400051109[&&NHX:species=Potato],PGSC0003DMP400051110[&&NHX:species=Potato])D,SLYcer12g04951.1[&&NHX:species=Tomato Cherry],(Capana12g000374[&&NHX:species=Dom. pepper],Capana12g000375[&&NHX:species=Dom. pepper])D,Solyc12g096820.1.1[&&NHX:species=Tomato],Sopen12g032650.1[&&NHX:species=S. Pennelli],SPI12g04909.1[&&NHX:species=S. pimp])S)D)D,(((Capana05g000615[&&NHX:species=Dom. pepper],PGSC0003DMP400063066[&&NHX:species=Potato],Capang05g000522[&&NHX:species=Wild pepper])S,(Capana05g000612[&&NHX:species=Dom. pepper],Capang00g001031[&&NHX:species=Wild pepper],PGSC0003DMP400051375[&&NHX:species=Potato])S)D,((((Capang00g002837[&&NHX:species=Wild pepper],PGSC0003DMP400008049[&&NHX:species=Potato],Solyc04g026170.3.1[&&NHX:species=Tomato])S,(Capana00g002224[&&NHX:species=Dom. pepper],(PGSC0003DMP400022493[&&NHX:species=Potato],Capana05g000071[&&NHX:species=Dom. pepper])S)D)D,(((SLYcer07g03876.1[&&NHX:species=Tomato Cherry],PGSC0003DMP400047292[&&NHX:species=Potato])S,PGSC0003DMP400047199[&&NHX:species=Potato])D,Capang05g000677[&&NHX:species=Wild pepper])S)D,((Capana09g000114[&&NHX:species=Dom. pepper],(PGSC0003DMP400051966[&&NHX:species=Potato],Capana00g004279[&&NHX:species=Dom. pepper])S,Capana03g003744[&&NHX:species=Dom. pepper],(Capang12g002168[&&NHX:species=Wild pepper],Capana05g000613[&&NHX:species=Dom. pepper])S)D,(((Capang00g001522[&&NHX:species=Wild pepper],Sopen04g003440.1[&&NHX:species=S. Pennelli],Capana00g000107[&&NHX:species=Dom. pepper])S,(Capana05g000614[&&NHX:species=Dom. pepper],PGSC0003DMP400014316[&&NHX:species=Potato],Capang05g000062[&&NHX:species=Wild pepper])S)D,(Capana00g004283[&&NHX:species=Dom. pepper],PGSC0003DMP400047402[&&NHX:species=Potato])S)D)D)D,(Capana05g000070[&&NHX:species=Dom. pepper],Capang05g000063[&&NHX:species=Wild pepper])S,(((PGSC0003DMP400051294[&&NHX:species=Potato],PGSC0003DMP400051377[&&NHX:species=Potato])D,((Capana05g000073[&&NHX:species=Dom. pepper],Capana05g000068[&&NHX:species=Dom. pepper])D,Capana05g000498[&&NHX:species=Dom. pepper])D)S,(Capana11g000204[&&NHX:species=Dom. pepper],PGSC0003DMP400051380[&&NHX:species=Potato])S)D,((SPI04g01183.1[&&NHX:species=S. pimp],PGSC0003DMP400044282[&&NHX:species=Potato],SLYcer04g01449.1[&&NHX:species=Tomato Cherry],Capang00g002838[&&NHX:species=Wild pepper],Solyc04g016230.4.1[&&NHX:species=Tomato],Capana00g004277[&&NHX:species=Dom. pepper])S,(Sopen04g008340.1[&&NHX:species=S. Pennelli],PGSC0003DMP400022516[&&NHX:species=Potato],Capana05g000075[&&NHX:species=Dom. pepper],Capang05g000064[&&NHX:species=Wild pepper])S)D,(((Sopen04g008300.1[&&NHX:species=S. Pennelli],Capana04g000824[&&NHX:species=Dom. pepper],SPI04g01180.1[&&NHX:species=S. pimp],Capang04g000784[&&NHX:species=Wild pepper],PGSC0003DMP400047407[&&NHX:species=Potato],SLYcer04g01446.1[&&NHX:species=Tomato Cherry])S,((((Sopen04g003450.1[&&NHX:species=S. Pennelli],SLYcer04g00459.1[&&NHX:species=Tomato Cherry],Capana05g000617[&&NHX:species=Dom. pepper],SPI04g00431.1[&&NHX:species=S. pimp])S,(SPI04g00985.1[&&NHX:species=S. pimp],Capana05g000788[&&NHX:species=Dom. pepper],PGSC0003DMP400066256[&&NHX:species=Potato])S)D,Sopen04g008240.1[&&NHX:species=S. Pennelli])D,(PGSC0003DMP400047475[&&NHX:species=Potato],Sopen04g008280.1[&&NHX:species=S. Pennelli],(SLYcer04g01444.1[&&NHX:species=Tomato Cherry],SPI04g01179.1[&&NHX:species=S. pimp])S)S)D)D,(SPI04g02152.1[&&NHX:species=S. pimp],(Capang00g000055[&&NHX:species=Wild pepper],(Capang05g001258[&&NHX:species=Wild pepper],Capang05g000678[&&NHX:species=Wild pepper])D)D,SLYcer04g02374.1[&&NHX:species=Tomato Cherry])S)D,(((((Sopen05g031910.1[&&NHX:species=S. Pennelli],Sopen05g031620.1[&&NHX:species=S. Pennelli])D,Solyc05g053120.1.1[&&NHX:species=Tomato])S,Solyc05g053400.3.1[&&NHX:species=Tomato])D,SLYcer10g02354.1[&&NHX:species=Tomato Cherry],PGSC0003DMP400061557[&&NHX:species=Potato],(SPI05g04618.1[&&NHX:species=S. pimp],SPI05g04651.1[&&NHX:species=S. pimp])D)S,((((Capana05g000785[&&NHX:species=Dom. pepper],Capana00g001836[&&NHX:species=Dom. pepper])D,Capang05g000679[&&NHX:species=Wild pepper])S,SLYcer04g00462.1[&&NHX:species=Tomato Cherry],Solyc04g008330.1.1[&&NHX:species=Tomato],SPI04g00434.1[&&NHX:species=S. pimp])S,PGSC0003DMP400051374[&&NHX:species=Potato])D)D,((((Capana07g001119[&&NHX:species=Dom. pepper],Solyc07g043480.1.1[&&NHX:species=Tomato],Sopen07g023050.1[&&NHX:species=S. Pennelli])S,(Solyc07g043450.3.1[&&NHX:species=Tomato],SPI07g04585.1[&&NHX:species=S. pimp])S)D,(Capana07g001118[&&NHX:species=Dom. pepper],SLYcer07g03872.1[&&NHX:species=Tomato Cherry])S)D,(Capana05g000786[&&NHX:species=Dom. pepper],Capang05g000670[&&NHX:species=Wild pepper])S)D)D,((((Capang00g005238[&&NHX:species=Wild pepper],PGSC0003DMP400050887[&&NHX:species=Potato],Capana12g002722[&&NHX:species=Dom. pepper],SLYcer04g01445.1[&&NHX:species=Tomato Cherry])S,(SLYcer11g00600.1[&&NHX:species=Tomato Cherry],Solyc11g010735.1.1[&&NHX:species=Tomato],SPI11g00740.1[&&NHX:species=S. pimp])S)D,((PGSC0003DMP400005305[&&NHX:species=Potato],PGSC0003DMP400029855[&&NHX:species=Potato],PGSC0003DMP400023994[&&NHX:species=Potato])D,Capana07g001017[&&NHX:species=Dom. pepper],Capang01g003615[&&NHX:species=Wild pepper],SLYcer02g04967.1[&&NHX:species=Tomato Cherry])S)D,(((((((Capang07g001158[&&NHX:species=Wild pepper],Capang07g000270[&&NHX:species=Wild pepper])D,SLYcer01g07469.1[&&NHX:species=Tomato Cherry],Capana00g004278[&&NHX:species=Dom. pepper],SPI01g07801.1[&&NHX:species=S. pimp],((Solyc04g016220.4.1[&&NHX:species=Tomato],PGSC0003DMP400059944[&&NHX:species=Potato])S,PGSC0003DMP400051293[&&NHX:species=Potato])D)S,(((PGSC0003DMP400022492[&&NHX:species=Potato],Capang00g000575[&&NHX:species=Wild pepper],Capana05g000784[&&NHX:species=Dom. pepper])S,((((Capang05g000676[&&NHX:species=Wild pepper],Capang05g000672[&&NHX:species=Wild pepper])D,PGSC0003DMP400046682[&&NHX:species=Potato])S,Capang05g000408[&&NHX:species=Wild pepper])D,PGSC0003DMP400047200[&&NHX:species=Potato])D)D,(PGSC0003DMP400047294[&&NHX:species=Potato],PGSC0003DMP400047293[&&NHX:species=Potato])D)D)D,(((PGSC0003DMP400047278[&&NHX:species=Potato],Sopen04g003460.1[&&NHX:species=S. Pennelli])S,PGSC0003DMP400037620[&&NHX:species=Potato],(SPI07g01035.1[&&NHX:species=S. pimp],SLYcer07g01018.1[&&NHX:species=Tomato Cherry],PGSC0003DMP400022494[&&NHX:species=Potato])S,PGSC0003DMP400022515[&&NHX:species=Potato])D,SPI07g04588.1[&&NHX:species=S. pimp])D)D,((SPI04g01903.1[&&NHX:species=S. pimp],(Sopen04g003430.1[&&NHX:species=S. Pennelli],Solyc04g026160.3.1[&&NHX:species=Tomato])D,SLYcer04g02118.1[&&NHX:species=Tomato Cherry])S,(Capana11g000205[&&NHX:species=Dom. pepper],((SLYcer04g00460.1[&&NHX:species=Tomato Cherry],SPI04g00432.1[&&NHX:species=S. pimp],PGSC0003DMP400051379[&&NHX:species=Potato],Solyc04g008320.3.1[&&NHX:species=Tomato])S,(PGSC0003DMP400051376[&&NHX:species=Potato],Solyc04g014990.3.1[&&NHX:species=Tomato])S)D)S,(SLYcer12g04358.1[&&NHX:species=Tomato Cherry],SPI12g04323.1[&&NHX:species=S. pimp])S,(Capana00g004281[&&NHX:species=Dom. pepper],SLYcer07g03871.1[&&NHX:species=Tomato Cherry],SPI07g04584.1[&&NHX:species=S. pimp])S,(SPI12g04319.1[&&NHX:species=S. pimp],Solyc12g049612.1.1[&&NHX:species=Tomato])S,((Solyc12g049610.1.1[&&NHX:species=Tomato],SLYcer12g04361.1[&&NHX:species=Tomato Cherry],SPI12g04325.1[&&NHX:species=S. pimp])S,SPI12g04317.1[&&NHX:species=S. pimp])D)D)D,((SPI03g03903.1[&&NHX:species=S. pimp],Solyc03g096200.1.1[&&NHX:species=Tomato],Capang00g000257[&&NHX:species=Wild pepper],SLYcer03g03846.1[&&NHX:species=Tomato Cherry])S,(Solyc10g079940.1.1[&&NHX:species=Tomato],SLYcer10g05369.1[&&NHX:species=Tomato Cherry],SPI10g03856.1[&&NHX:species=S. pimp])S)D)D,(((Capana00g002863[&&NHX:species=Dom. pepper],Capang03g003954[&&NHX:species=Wild pepper])S,((Capana09g000134[&&NHX:species=Dom. pepper],PGSC0003DMP400013947[&&NHX:species=Potato],SLYcer12g00566.1[&&NHX:species=Tomato Cherry],Capang09g000114[&&NHX:species=Wild pepper])S,(SPI12g00596.1[&&NHX:species=S. pimp],(Capana09g000136[&&NHX:species=Dom. pepper],(Capana01g004347[&&NHX:species=Dom. pepper],Capana09g000111[&&NHX:species=Dom. pepper])D)D,PGSC0003DMP400056020[&&NHX:species=Potato])S)D,(Solyc12g009920.1.1[&&NHX:species=Tomato],Capang00g004848[&&NHX:species=Wild pepper],Capana12g000755[&&NHX:species=Dom. pepper])S,((Capana09g000112[&&NHX:species=Dom. pepper],Sopen12g004800.1[&&NHX:species=S. Pennelli],SPI12g00597.1[&&NHX:species=S. pimp])S,Capana07g001077[&&NHX:species=Dom. pepper])D)D,((Capang11g000281[&&NHX:species=Wild pepper],PGSC0003DMP400055553[&&NHX:species=Potato])S,((Capang10g001995[&&NHX:species=Wild pepper],PGSC0003DMP400051967[&&NHX:species=Potato],Sopen10g030560.1[&&NHX:species=S. Pennelli])S,PGSC0003DMP400051969[&&NHX:species=Potato])D)D)D)D)D,(((((Capang12g002412[&&NHX:species=Wild pepper],Capang00g000210[&&NHX:species=Wild pepper])D,Capana12g002768[&&NHX:species=Dom. pepper],Solyc07g043160.1.1[&&NHX:species=Tomato],Sopen07g022710.1[&&NHX:species=S. Pennelli],PGSC0003DMP400056986[&&NHX:species=Potato])S,Capang07g001101[&&NHX:species=Wild pepper])D,((Solyc09g098080.4.1[&&NHX:species=Tomato],Sopen09g036010.1[&&NHX:species=S. Pennelli],Capang03g004071[&&NHX:species=Wild pepper],Capana03g004262[&&NHX:species=Dom. pepper],PGSC0003DMP400029036[&&NHX:species=Potato],SLYcer09g05256.1[&&NHX:species=Tomato Cherry],SPI09g04943.1[&&NHX:species=S. pimp])S,PGSC0003DMP400029035[&&NHX:species=Potato])D)D,((((SLYcer07g03831.1[&&NHX:species=Tomato Cherry],SPI07g04547.1[&&NHX:species=S. pimp],PGSC0003DMP400021193[&&NHX:species=Potato],Sopen07g022700.1[&&NHX:species=S. Pennelli])S,PGSC0003DMP400021191[&&NHX:species=Potato])D,(Capana02g002040[&&NHX:species=Dom. pepper],(Capana01g002816[&&NHX:species=Dom. pepper],Capang01g002486[&&NHX:species=Wild pepper])S)D)S,(PGSC0003DMP400021192[&&NHX:species=Potato],Capang00g004496[&&NHX:species=Wild pepper])S)D)D,((Solyc09g008090.3.1[&&NHX:species=Tomato],Capang09g001733[&&NHX:species=Wild pepper],Sopen09g002900.1[&&NHX:species=S. Pennelli])S,(((((Capana09g002220[&&NHX:species=Dom. pepper],Solyc09g008060.4.1[&&NHX:species=Tomato],Capang09g001728[&&NHX:species=Wild pepper],SLYcer09g00396.1[&&NHX:species=Tomato Cherry],PGSC0003DMP400037372[&&NHX:species=Potato],SPI09g00304.1[&&NHX:species=S. pimp],Sopen09g002860.1[&&NHX:species=S. Pennelli])S,(Capana01g004482[&&NHX:species=Dom. pepper],Capang08g001328[&&NHX:species=Wild pepper])S)D,(Solyc10g086240.2.1[&&NHX:species=Tomato],Capang10g001223[&&NHX:species=Wild pepper],Capana00g003508[&&NHX:species=Dom. pepper],SLYcer10g05927.1[&&NHX:species=Tomato Cherry],SPI10g04461.1[&&NHX:species=S. pimp],PGSC0003DMP400054617[&&NHX:species=Potato],Sopen10g035620.1[&&NHX:species=S. Pennelli])S)D,(PGSC0003DMP400037371[&&NHX:species=Potato],Solyc09g008050.3.1[&&NHX:species=Tomato],Capana09g002219[&&NHX:species=Dom. pepper],Capang09g001727[&&NHX:species=Wild pepper],Sopen09g002850.1[&&NHX:species=S. Pennelli])S)D,((PGSC0003DMP400040379[&&NHX:species=Potato],(Solyc05g055840.4.1[&&NHX:species=Tomato],Capana05g002486[&&NHX:species=Dom. pepper],Capang05g002037[&&NHX:species=Wild pepper],SPI05g04927.1[&&NHX:species=S. pimp],PGSC0003DMP400040380[&&NHX:species=Potato],Sopen05g034240.1[&&NHX:species=S. Pennelli],SLYcer10g02049.1[&&NHX:species=Tomato Cherry])S)D,((SPI11g00362.1[&&NHX:species=S. pimp],Solyc11g006110.1.1[&&NHX:species=Tomato],SLYcer11g00206.1[&&NHX:species=Tomato Cherry])S,((Capana12g002091[&&NHX:species=Dom. pepper],(Capana12g002128[&&NHX:species=Dom. pepper],Capang12g001816[&&NHX:species=Wild pepper],Sopen11g002040.1[&&NHX:species=S. Pennelli],SLYcer11g00204.1[&&NHX:species=Tomato Cherry],SPI11g00360.1[&&NHX:species=S. pimp],Solyc11g006100.1.1[&&NHX:species=Tomato])S)D,Capana12g002127[&&NHX:species=Dom. pepper])D)D)D)D)D,(((((PGSC0003DMP400022273[&&NHX:species=Potato],Solyc01g105350.3.1[&&NHX:species=Tomato],SLYcer01g07102.1[&&NHX:species=Tomato Cherry],Capang01g004603[&&NHX:species=Wild pepper],Capana08g002044[&&NHX:species=Dom. pepper],Sopen01g047860.1[&&NHX:species=S. Pennelli])S,PGSC0003DMP400022274[&&NHX:species=Potato])D,(((Capana02g000867[&&NHX:species=Dom. pepper],PGSC0003DMP400031480[&&NHX:species=Potato])S,(Sopen03g021370.1[&&NHX:species=S. Pennelli],(PGSC0003DMP400037742[&&NHX:species=Potato],(PGSC0003DMP400037741[&&NHX:species=Potato],PGSC0003DMP400037746[&&NHX:species=Potato])D)D,Solyc03g078490.4.1[&&NHX:species=Tomato])S)D,(((Capana08g002046[&&NHX:species=Dom. pepper],Capana08g002045[&&NHX:species=Dom. pepper])D,PGSC0003DMP400022211[&&NHX:species=Potato],SLYcer01g07101.1[&&NHX:species=Tomato Cherry],Sopen01g047870.1[&&NHX:species=S. Pennelli],Solyc01g105360.3.1[&&NHX:species=Tomato])S,(Solyc03g078500.3.1[&&NHX:species=Tomato],PGSC0003DMP400037747[&&NHX:species=Potato],SLYcer03g03079.1[&&NHX:species=Tomato Cherry],SPI03g03179.1[&&NHX:species=S. pimp],Sopen03g021390.1[&&NHX:species=S. Pennelli])S)D)D)D,((((Sopen12g029720.1[&&NHX:species=S. Pennelli],Sopen12g029740.1[&&NHX:species=S. Pennelli])D,Sopen12g029730.1[&&NHX:species=S. Pennelli])D,((SPI12g04539.1[&&NHX:species=S. pimp],SPI12g04542.1[&&NHX:species=S. pimp])D,SPI12g04540.1[&&NHX:species=S. pimp])D,(Solyc12g057060.2.1[&&NHX:species=Tomato],(Solyc12g057070.2.1[&&NHX:species=Tomato:length=-2.09007],Solyc12g057080.2.1[&&NHX:species=Tomato])D)D)S,((((PGSC0003DMP400053689[&&NHX:species=Potato],SLYcer04g05050.1[&&NHX:species=Tomato Cherry],Capana04g001024[&&NHX:species=Dom. pepper],Solyc04g074350.3.1[&&NHX:species=Tomato],SPI04g04524.1[&&NHX:species=S. pimp],Capang04g000967[&&NHX:species=Wild pepper],Sopen00g008610.1[&&NHX:species=S. Pennelli])S,PGSC0003DMP400032130[&&NHX:species=Potato])D,(SLYcer04g05049.1[&&NHX:species=Tomato Cherry],SPI04g04523.1[&&NHX:species=S. pimp])S,(SPI01g08161.1[&&NHX:species=S. pimp],Capana04g001032[&&NHX:species=Dom. pepper],PGSC0003DMP400053655[&&NHX:species=Potato])S)D,((((Capang04g000961[&&NHX:species=Wild pepper],(Capang04g000962[&&NHX:species=Wild pepper],Capang04g000958[&&NHX:species=Wild pepper])D)D,(PGSC0003DMP400053694[&&NHX:species=Potato],(PGSC0003DMP400053692[&&NHX:species=Potato],Solyc04g074370.2.1[&&NHX:species=Tomato])S)D)S,((Sopen00g005840.1[&&NHX:species=S. Pennelli],Sopen00g004090.1[&&NHX:species=S. Pennelli])D,(((SLYcer04g05052.1[&&NHX:species=Tomato Cherry],SPI04g04526.1[&&NHX:species=S. pimp])S,((Solyc04g074390.3.1[&&NHX:species=Tomato],Solyc04g074380.4.1[&&NHX:species=Tomato])D,SLYcer04g05054.1[&&NHX:species=Tomato Cherry],SPI04g04529.1[&&NHX:species=S. pimp],PGSC0003DMP400053693[&&NHX:species=Potato])S)D,(((Capana04g001037[&&NHX:species=Dom. pepper],(Capana04g001038[&&NHX:species=Dom. pepper],Capana04g001010[&&NHX:species=Dom. pepper])D)D,Capana04g001036[&&NHX:species=Dom. pepper])D,Capana04g001033[&&NHX:species=Dom. pepper])D)S)D)D,(Capana04g001031[&&NHX:species=Dom. pepper],(((Capana04g001025[&&NHX:species=Dom. pepper],Capang04g000966[&&NHX:species=Wild pepper])S,((Capang04g000959[&&NHX:species=Wild pepper],Capana04g001030[&&NHX:species=Dom. pepper])S,Capana04g000823[&&NHX:species=Dom. pepper])D)D,SLYcer04g05051.1[&&NHX:species=Tomato Cherry],SPI04g04525.1[&&NHX:species=S. pimp],Solyc04g074360.3.1[&&NHX:species=Tomato],Sopen00g005820.1[&&NHX:species=S. Pennelli])S)D)D)D)D)D,((Capana04g001023[&&NHX:species=Dom. pepper],PGSC0003DMP400053659[&&NHX:species=Potato])S,((Capang04g000968[&&NHX:species=Wild pepper],(Capang04g000970[&&NHX:species=Wild pepper],PGSC0003DMP400021343[&&NHX:species=Potato])S)D,((Solyc04g074340.3.1[&&NHX:species=Tomato],Sopen00g008620.1[&&NHX:species=S. Pennelli])S,(Solyc04g074330.3.1[&&NHX:species=Tomato],PGSC0003DMP400053654[&&NHX:species=Potato])S)D)D)D)D,((SLYcer01g07041.1[&&NHX:species=Tomato Cherry],PGSC0003DMP400058080[&&NHX:species=Potato],Capana08g001043[&&NHX:species=Dom. pepper],Sopen01g039370.1[&&NHX:species=S. Pennelli],Solyc01g095620.3.1[&&NHX:species=Tomato],SPI01g07291.1[&&NHX:species=S. pimp])S,((Capana11g000165[&&NHX:species=Dom. pepper],SLYcer10g00732.1[&&NHX:species=Tomato Cherry],Capang11g000165[&&NHX:species=Wild pepper],SPI10g00599.1[&&NHX:species=S. pimp],Solyc10g009580.4.1[&&NHX:species=Tomato],Sopen10g005390.1[&&NHX:species=S. Pennelli],PGSC0003DMP400034516[&&NHX:species=Potato])S,PGSC0003DMP400034517[&&NHX:species=Potato])D)D,((((((Capana09g002279[&&NHX:species=Dom. pepper],PGSC0003DMP400006945[&&NHX:species=Potato],Solyc09g008510.1.1[&&NHX:species=Tomato])S,(Sopen09g003340.1[&&NHX:species=S. Pennelli],SLYcer09g00454.1[&&NHX:species=Tomato Cherry],SPI09g00368.1[&&NHX:species=S. pimp],PGSC0003DMP400006944[&&NHX:species=Potato])S)D,((Capang09g001789[&&NHX:species=Wild pepper],Capana09g002278[&&NHX:species=Dom. pepper],PGSC0003DMP400006893[&&NHX:species=Potato])S,PGSC0003DMP400051524[&&NHX:species=Potato])D)D,(PGSC0003DMP400015119[&&NHX:species=Potato],Capana10g001520[&&NHX:species=Dom. pepper],SPI10g04426.1[&&NHX:species=S. pimp],Sopen10g035250.1[&&NHX:species=S. Pennelli],Capang10g001291[&&NHX:species=Wild pepper],Solyc10g085860.1.1[&&NHX:species=Tomato],SLYcer10g05891.1[&&NHX:species=Tomato Cherry])S)D,((((Capang10g001296[&&NHX:species=Wild pepper],Capana10g001524[&&NHX:species=Dom. pepper])S,(Capang10g001290[&&NHX:species=Wild pepper],((Capana10g001519[&&NHX:species=Dom. pepper],Capang10g001289[&&NHX:species=Wild pepper])S,(Capang10g001294[&&NHX:species=Wild pepper],Capana10g001522[&&NHX:species=Dom. pepper])S)D)D)D,(Sopen10g035260.1[&&NHX:species=S. Pennelli],Sopen10g035270.1[&&NHX:species=S. Pennelli])D,((PGSC0003DMP400030744[&&NHX:species=Potato],PGSC0003DMP400015101[&&NHX:species=Potato])D,(PGSC0003DMP400029911[&&NHX:species=Potato],PGSC0003DMP400029912[&&NHX:species=Potato])D)D)S,((SPI12g03989.1[&&NHX:species=S. pimp],Solyc12g042600.2.1[&&NHX:species=Tomato],Sopen12g021740.1[&&NHX:species=S. Pennelli],PGSC0003DMP400049885[&&NHX:species=Potato],SLYcer12g04034.1[&&NHX:species=Tomato Cherry])S,Sopen12g021770.1[&&NHX:species=S. Pennelli])D)D)D,(((Capang06g000723[&&NHX:species=Wild pepper],Sopen06g029240.1[&&NHX:species=S. Pennelli],PGSC0003DMP400057793[&&NHX:species=Potato],SLYcer06g04847.1[&&NHX:species=Tomato Cherry])S,((PGSC0003DMP400046748[&&NHX:species=Potato],Capang06g000721[&&NHX:species=Wild pepper],Sopen06g029260.1[&&NHX:species=S. Pennelli],Solyc06g072880.2.1[&&NHX:species=Tomato])S,(Capang06g000722[&&NHX:species=Wild pepper],SPI06g04708.1[&&NHX:species=S. pimp],Sopen06g029250.1[&&NHX:species=S. Pennelli],PGSC0003DMP400046750[&&NHX:species=Potato],Solyc06g072870.1.1[&&NHX:species=Tomato],SLYcer06g04849.1[&&NHX:species=Tomato Cherry])S)D)D,(SLYcer10g05691.1[&&NHX:species=Tomato Cherry],Capang10g001660[&&NHX:species=Wild pepper],Sopen10g033300.1[&&NHX:species=S. Pennelli],PGSC0003DMP400049163[&&NHX:species=Potato],SPI10g04220.1[&&NHX:species=S. pimp],Capana10g001880[&&NHX:species=Dom. pepper],Solyc10g083860.3.1[&&NHX:species=Tomato])S)D)D,((((SLYcer11g00352.1[&&NHX:species=Tomato Cherry],(Capang12g002042[&&NHX:species=Wild pepper],((Capang12g001955[&&NHX:species=Wild pepper],Capang07g002141[&&NHX:species=Wild pepper])D,Capana12g002363[&&NHX:species=Dom. pepper])S)D)S,(SLYcer09g04890.1[&&NHX:species=Tomato Cherry],Capang12g002035[&&NHX:species=Wild pepper])S)D,((((Capang12g002041[&&NHX:species=Wild pepper],Capana12g002367[&&NHX:species=Dom. pepper])S,(SPI11g00496.1[&&NHX:species=S. pimp],Capana12g002366[&&NHX:species=Dom. pepper],(PGSC0003DMP400036296[&&NHX:species=Potato],PGSC0003DMP400047535[&&NHX:species=Potato])D,Sopen11g003330.1[&&NHX:species=S. Pennelli],Solyc11g007490.1.1[&&NHX:species=Tomato])S)D,(Capana07g002112[&&NHX:species=Dom. pepper],PGSC0003DMP400028068[&&NHX:species=Potato])S)D,((SPI08g00586.1[&&NHX:species=S. pimp],Solyc08g150105.1.1[&&NHX:species=Tomato],Capana12g002364[&&NHX:species=Dom. pepper],SLYcer08g00615.1[&&NHX:species=Tomato Cherry],PGSC0003DMP400033871[&&NHX:species=Potato],Sopen08g004700.1[&&NHX:species=S. Pennelli])S,(PGSC0003DMP400050733[&&NHX:species=Potato],Solyc11g007370.3.1[&&NHX:species=Tomato],SPI11g00490.1[&&NHX:species=S. pimp],Sopen11g003260.1[&&NHX:species=S. Pennelli])S)D)D)D,((SPI01g05991.1[&&NHX:species=S. pimp],Solyc01g067350.4.1[&&NHX:species=Tomato],PGSC0003DMP400039271[&&NHX:species=Potato],SLYcer01g05810.1[&&NHX:species=Tomato Cherry],Sopen01g029230.1[&&NHX:species=S. Pennelli],Capang08g000096[&&NHX:species=Wild pepper])S,(Capang03g004193[&&NHX:species=Wild pepper],Capana03g004377[&&NHX:species=Dom. pepper])S)D,((SPI09g04547.1[&&NHX:species=S. pimp],PGSC0003DMP400060409[&&NHX:species=Potato],Capana01g003163[&&NHX:species=Dom. pepper])S,(Capang03g004346[&&NHX:species=Wild pepper],(Sopen09g032510.1[&&NHX:species=S. Pennelli],Sopen09g032530.1[&&NHX:species=S. Pennelli])D,Capana03g004535[&&NHX:species=Dom. pepper],(PGSC0003DMP400030151[&&NHX:species=Potato],PGSC0003DMP400030019[&&NHX:species=Potato])D)S,(SLYcer09g04887.1[&&NHX:species=Tomato Cherry],Solyc09g089585.1.1[&&NHX:species=Tomato],PGSC0003DMP400030020[&&NHX:species=Potato],SPI09g04544.1[&&NHX:species=S. pimp])S,(Capana08g000968[&&NHX:species=Dom. pepper],PGSC0003DMP400000147[&&NHX:species=Potato])S)D,((((Capang02g002490[&&NHX:species=Wild pepper],((Capang12g002039[&&NHX:species=Wild pepper],(Capana03g004380[&&NHX:species=Dom. pepper],Capang10g000232[&&NHX:species=Wild pepper])S)D,Capang03g004194[&&NHX:species=Wild pepper])D)D,PGSC0003DMP400064222[&&NHX:species=Potato])S,PGSC0003DMP400060108[&&NHX:species=Potato])D,((((SPI11g00498.1[&&NHX:species=S. pimp],(Capang12g001968[&&NHX:species=Wild pepper],Capang12g002038[&&NHX:species=Wild pepper])D,Sopen11g003340.1[&&NHX:species=S. Pennelli],Capana12g002365[&&NHX:species=Dom. pepper])S,Capana07g002118[&&NHX:species=Dom. pepper])D,((Capang04g000144[&&NHX:species=Wild pepper],Capana03g000983[&&NHX:species=Dom. pepper])S,((PGSC0003DMP400065467[&&NHX:species=Potato],Capana12g002370[&&NHX:species=Dom. pepper],Capang12g002037[&&NHX:species=Wild pepper])S,(((SLYcer11g00350.1[&&NHX:species=Tomato Cherry],Capang12g002036[&&NHX:species=Wild pepper])S,Capang00g005439[&&NHX:species=Wild pepper])D,Capang12g001974[&&NHX:species=Wild pepper])D)D)D)D,(((PGSC0003DMP400036297[&&NHX:species=Potato],Capang10g002121[&&NHX:species=Wild pepper])S,((Capana12g002375[&&NHX:species=Dom. pepper],PGSC0003DMP400057487[&&NHX:species=Potato],Capang12g001899[&&NHX:species=Wild pepper])S,PGSC0003DMP400010409[&&NHX:species=Potato])D)D,(PGSC0003DMP400050732[&&NHX:species=Potato],PGSC0003DMP400050731[&&NHX:species=Potato])D)D)D)D,((((Capana03g004376[&&NHX:species=Dom. pepper],PGSC0003DMP400030152[&&NHX:species=Potato])S,(PGSC0003DMP400036294[&&NHX:species=Potato],Capana12g002362[&&NHX:species=Dom. pepper])S)D,(Capang00g003640[&&NHX:species=Wild pepper],PGSC0003DMP400060371[&&NHX:species=Potato])S)D,(Solyc05g055343.2.1[&&NHX:species=Tomato],PGSC0003DMP400040442[&&NHX:species=Potato],Capang05g002006[&&NHX:species=Wild pepper],Capana10g002366[&&NHX:species=Dom. pepper])S)D,(Solyc03g078240.3.1[&&NHX:species=Tomato],Capana01g001264[&&NHX:species=Dom. pepper],SLYcer03g03031.1[&&NHX:species=Tomato Cherry],SPI03g03137.1[&&NHX:species=S. pimp],Sopen03g020960.1[&&NHX:species=S. Pennelli],PGSC0003DMP400007999[&&NHX:species=Potato])S,(Solyc11g007350.1.1[&&NHX:species=Tomato],Capana12g002293[&&NHX:species=Dom. pepper],PGSC0003DMP400063307[&&NHX:species=Potato],SPI11g00489.1[&&NHX:species=S. pimp],SLYcer11g00339.1[&&NHX:species=Tomato Cherry],Sopen11g003240.1[&&NHX:species=S. Pennelli])S,((PGSC0003DMP400063180[&&NHX:species=Potato],Sopen04g035460.1[&&NHX:species=S. Pennelli],SLYcer04g05783.1[&&NHX:species=Tomato Cherry],SPI04g05297.1[&&NHX:species=S. pimp],Capana04g000157[&&NHX:species=Dom. pepper],Solyc04g081830.1.1[&&NHX:species=Tomato])S,((SLYcer01g07054.1[&&NHX:species=Tomato Cherry],Solyc01g095760.3.1[&&NHX:species=Tomato],PGSC0003DMP400000235[&&NHX:species=Potato],Sopen01g039510.1[&&NHX:species=S. Pennelli])S,(Capana08g001959[&&NHX:species=Dom. pepper],(PGSC0003DMP400026270[&&NHX:species=Potato],(Capana02g002767[&&NHX:species=Dom. pepper],Capana02g002766[&&NHX:species=Dom. pepper])D,SPI01g07305.1[&&NHX:species=S. pimp])S)D)D)D)D,(((Solyc07g043500.1.1[&&NHX:species=Tomato],SLYcer07g03879.1[&&NHX:species=Tomato Cherry],Sopen07g023080.1[&&NHX:species=S. Pennelli],SPI07g04590.1[&&NHX:species=S. pimp])S,((PGSC0003DMP400046156[&&NHX:species=Potato],Solyc02g065670.3.1[&&NHX:species=Tomato],SPI02g02316.1[&&NHX:species=S. pimp],SLYcer02g03423.1[&&NHX:species=Tomato Cherry],Sopen02g015890.1[&&NHX:species=S. Pennelli])S,(PGSC0003DMP400040441[&&NHX:species=Potato],SPI05g04876.1[&&NHX:species=S. pimp],SLYcer10g02106.1[&&NHX:species=Tomato Cherry],Sopen05g033790.1[&&NHX:species=S. Pennelli])S)D)D,(Capana05g002461[&&NHX:species=Dom. pepper],(Capana07g001095[&&NHX:species=Dom. pepper],Capana07g001096[&&NHX:species=Dom. pepper])D)D)S,((((SPI08g00224.1[&&NHX:species=S. pimp],PGSC0003DMP400016831[&&NHX:species=Potato])S,((((((SLYcer08g00289.1[&&NHX:species=Tomato Cherry],SLYcer08g00290.1[&&NHX:species=Tomato Cherry])D,(PGSC0003DMP400016833[&&NHX:species=Potato],(PGSC0003DMP400045695[&&NHX:species=Potato],PGSC0003DMP400016834[&&NHX:species=Potato])D)D)S,(((Sopen08g002330.1[&&NHX:species=S. Pennelli],Sopen08g002310.1[&&NHX:species=S. Pennelli])D,PGSC0003DMP400016832[&&NHX:species=Potato])S,Sopen08g002350.1[&&NHX:species=S. Pennelli])D)D,((((Sopen08g002320.1[&&NHX:species=S. Pennelli],Solyc08g006350.3.1[&&NHX:species=Tomato])S,Solyc08g006330.3.1[&&NHX:species=Tomato])D,PGSC0003DMP400045693[&&NHX:species=Potato])S,(Solyc08g006410.4.1[&&NHX:species=Tomato],SLYcer08g00291.1[&&NHX:species=Tomato Cherry])S)D)D,(Capang00g002497[&&NHX:species=Wild pepper],(Capang03g003956[&&NHX:species=Wild pepper],Capang03g003957[&&NHX:species=Wild pepper])D)D)S,((PGSC0003DMP400045694[&&NHX:species=Potato],PGSC0003DMP400016835[&&NHX:species=Potato])D,SPI08g04599.1[&&NHX:species=S. pimp])S)D)D,((Capana04g002271[&&NHX:species=Dom. pepper],(Capana00g003080[&&NHX:species=Dom. pepper],Capana00g003081[&&NHX:species=Dom. pepper])D)D,PGSC0003DMP400035859[&&NHX:species=Potato],SPI06g00229.1[&&NHX:species=S. pimp],Solyc06g007650.2.1[&&NHX:species=Tomato])S)D,((PGSC0003DMP400037680[&&NHX:species=Potato],Sopen08g017830.1[&&NHX:species=S. Pennelli],Solyc08g062220.3.1[&&NHX:species=Tomato],SLYcer08g04695.1[&&NHX:species=Tomato Cherry],Capana07g002146[&&NHX:species=Dom. pepper],Capang07g002168[&&NHX:species=Wild pepper])S,((SPI08g00222.1[&&NHX:species=S. pimp],Sopen05g002170.1[&&NHX:species=S. Pennelli])S,(SPI05g00216.1[&&NHX:species=S. pimp],Sopen05g002160.1[&&NHX:species=S. Pennelli],Capang00g003364[&&NHX:species=Wild pepper])S)D)D)D,(SPI07g00384.1[&&NHX:species=S. pimp],SLYcer07g00315.1[&&NHX:species=Tomato Cherry],Capana07g000052[&&NHX:species=Dom. pepper],PGSC0003DMP400032681[&&NHX:species=Potato],Capang07g000041[&&NHX:species=Wild pepper],Solyc07g006800.1.1[&&NHX:species=Tomato],Sopen07g002900.1[&&NHX:species=S. Pennelli])S,((Capang03g000129[&&NHX:species=Wild pepper],Solyc09g059170.3.1[&&NHX:species=Tomato],SLYcer09g02973.1[&&NHX:species=Tomato Cherry],PGSC0003DMP400042123[&&NHX:species=Potato],Capana03g000135[&&NHX:species=Dom. pepper],SPI09g02902.1[&&NHX:species=S. pimp])S,(((PGSC0003DMP400014419[&&NHX:species=Potato],(Capang10g000352[&&NHX:species=Wild pepper],PGSC0003DMP400024367[&&NHX:species=Potato])S,PGSC0003DMP400020972[&&NHX:species=Potato],(PGSC0003DMP400014032[&&NHX:species=Potato],Capana04g001651[&&NHX:species=Dom. pepper],Solyc04g079050.3.1[&&NHX:species=Tomato])S)D,((((PGSC0003DMP400020335[&&NHX:species=Potato],Sopen04g005250.2[&&NHX:species=S. Pennelli],SPI04g05006.1[&&NHX:species=S. pimp])S,(SLYcer04g00640.1[&&NHX:species=Tomato Cherry],PGSC0003DMP400014037[&&NHX:species=Potato],SPI04g00616.1[&&NHX:species=S. pimp])S)D,((Capana05g000433[&&NHX:species=Dom. pepper],Solyc04g010110.3.1[&&NHX:species=Tomato],Capang05g000349[&&NHX:species=Wild pepper],Sopen04g005250.1[&&NHX:species=S. Pennelli],PGSC0003DMP400020336[&&NHX:species=Potato])S,PGSC0003DMP400058786[&&NHX:species=Potato],PGSC0003DMP400014033[&&NHX:species=Potato])D)D,((((Sopen04g032620.1[&&NHX:species=S. Pennelli],(PGSC0003DMP400020709[&&NHX:species=Potato],PGSC0003DMP400020708[&&NHX:species=Potato])D)S,(PGSC0003DMP400014036[&&NHX:species=Potato],PGSC0003DMP400014035[&&NHX:species=Potato])D)D,(SLYcer04g05509.1[&&NHX:species=Tomato Cherry],PGSC0003DMP400037396[&&NHX:species=Potato])S)D,(Capana04g001652[&&NHX:species=Dom. pepper],Capana04g001650[&&NHX:species=Dom. pepper])D,(Capang04g001568[&&NHX:species=Wild pepper],(Capang04g001563[&&NHX:species=Wild pepper],Capang04g001564[&&NHX:species=Wild pepper])D)D)S)D)D,(PGSC0003DMP400039566[&&NHX:species=Potato],(Solyc10g008860.1.1[&&NHX:species=Tomato],SLYcer10g00637.1[&&NHX:species=Tomato Cherry],Sopen10g004650.1[&&NHX:species=S. Pennelli],Capana10g000457[&&NHX:species=Dom. pepper],SPI10g00498.1[&&NHX:species=S. pimp],PGSC0003DMP400039567[&&NHX:species=Potato])S)D)D)D,(((((SPI08g00868.1[&&NHX:species=S. pimp],PGSC0003DMP400051108[&&NHX:species=Potato],SLYcer08g00892.1[&&NHX:species=Tomato Cherry],Capana08g000804[&&NHX:species=Dom. pepper])S,(((Capang03g003955[&&NHX:species=Wild pepper],Capana12g000373[&&NHX:species=Dom. pepper],Sopen12g032640.1[&&NHX:species=S. Pennelli],PGSC0003DMP400051106[&&NHX:species=Potato])S,(PGSC0003DMP400016844[&&NHX:species=Potato],Capang08g000939[&&NHX:species=Wild pepper],Solyc08g006360.3.1[&&NHX:species=Tomato])S)D,(Capang06g002663[&&NHX:species=Wild pepper],Sopen06g002550.1[&&NHX:species=S. Pennelli],SPI01g08377.1[&&NHX:species=S. pimp],Capana06g002891[&&NHX:species=Dom. pepper])S)D)D,((PGSC0003DMP400027333[&&NHX:species=Potato],Solyc05g006140.1.1[&&NHX:species=Tomato])S,(Capang00g004107[&&NHX:species=Wild pepper],(SLYcer05g00196.1[&&NHX:species=Tomato Cherry],SLYcer05g00195.1[&&NHX:species=Tomato Cherry])D,Solyc05g006150.1.1[&&NHX:species=Tomato],SPI05g00217.1[&&NHX:species=S. pimp])S)D)D,((PGSC0003DMP400067431[&&NHX:species=Potato],SPI05g02569.1[&&NHX:species=S. pimp])S,(PGSC0003DMP400008269[&&NHX:species=Potato],Capana05g002331[&&NHX:species=Dom. pepper])S)D)D,(((Sopen04g016640.1[&&NHX:species=S. Pennelli],Solyc01g066130.1.1[&&NHX:species=Tomato],PGSC0003DMP400036361[&&NHX:species=Potato])S,(Solyc01g066080.3.1[&&NHX:species=Tomato],PGSC0003DMP400036359[&&NHX:species=Potato],SLYcer01g05610.1[&&NHX:species=Tomato Cherry],SPI01g05772.1[&&NHX:species=S. pimp])S,PGSC0003DMP400053835[&&NHX:species=Potato])D,((((SPI01g05777.1[&&NHX:species=S. pimp],((SLYcer03g02155.1[&&NHX:species=Tomato Cherry],SPI03g02284.1[&&NHX:species=S. pimp])S,SLYcer07g03606.1[&&NHX:species=Tomato Cherry])D,(SLYcer05g01386.1[&&NHX:species=Tomato Cherry],SPI05g01834.1[&&NHX:species=S. pimp])S)D,PGSC0003DMP400009677[&&NHX:species=Potato],Sopen03g011880.1[&&NHX:species=S. Pennelli])S,(SPI01g04477.1[&&NHX:species=S. pimp],PGSC0003DMP400050634[&&NHX:species=Potato],Solyc01g049760.1.1[&&NHX:species=Tomato],SLYcer01g04347.1[&&NHX:species=Tomato Cherry])S)D,(SLYcer05g02002.1[&&NHX:species=Tomato Cherry],(PGSC0003DMP400036351[&&NHX:species=Potato],PGSC0003DMP400059802[&&NHX:species=Potato])D,SPI05g02580.1[&&NHX:species=S. pimp],Solyc05g021070.2.1[&&NHX:species=Tomato])S)D)D,((Capang10g001444[&&NHX:species=Wild pepper],PGSC0003DMP400042615[&&NHX:species=Potato],Solyc05g010710.3.1[&&NHX:species=Tomato])S,(((Capana08g002332[&&NHX:species=Dom. pepper],PGSC0003DMP400044886[&&NHX:species=Potato],Capang01g004881[&&NHX:species=Wild pepper])S,Capana02g000042[&&NHX:species=Dom. pepper])D,(Capana12g000739[&&NHX:species=Dom. pepper],PGSC0003DMP400024067[&&NHX:species=Potato],Capang01g004873[&&NHX:species=Wild pepper],Sopen12g030590.1[&&NHX:species=S. Pennelli])S)D)D,(SPI07g04326.1[&&NHX:species=S. pimp],SLYcer07g03605.1[&&NHX:species=Tomato Cherry])S,((PGSC0003DMP400037610[&&NHX:species=Potato],Capang02g003061[&&NHX:species=Wild pepper],Solyc03g078730.3.1[&&NHX:species=Tomato])S,(Capana05g002182[&&NHX:species=Dom. pepper],Capang11g000619[&&NHX:species=Wild pepper])S,((SPI06g01324.1[&&NHX:species=S. pimp],SPI06g01321.1[&&NHX:species=S. pimp])D,(PGSC0003DMP400047138[&&NHX:species=Potato],PGSC0003DMP400047141[&&NHX:species=Potato])D)S,(PGSC0003DMP400019480[&&NHX:species=Potato],Capana10g001636[&&NHX:species=Dom. pepper])S,(SLYcer06g01187.1[&&NHX:species=Tomato Cherry],Solyc03g078710.3.1[&&NHX:species=Tomato])S)D,((Capang10g001745[&&NHX:species=Wild pepper],PGSC0003DMP400017681[&&NHX:species=Potato])S,(Solyc04g082860.3.1[&&NHX:species=Tomato],SLYcer04g05887.1[&&NHX:species=Tomato Cherry],Sopen04g036500.1[&&NHX:species=S. Pennelli],SPI04g05398.1[&&NHX:species=S. pimp],Capang04g000022[&&NHX:species=Wild pepper],Capana04g000031[&&NHX:species=Dom. pepper],PGSC0003DMP400017683[&&NHX:species=Potato])S)D,(((Capang04g000775[&&NHX:species=Wild pepper],PGSC0003DMP400031056[&&NHX:species=Potato])S,Capang05g001739[&&NHX:species=Wild pepper])D,((PGSC0003DMP400037399[&&NHX:species=Potato],PGSC0003DMP400037398[&&NHX:species=Potato])D,Solyc09g008083.1.1[&&NHX:species=Tomato],Capana09g002225[&&NHX:species=Dom. pepper])S,(((SLYcer03g03078.1[&&NHX:species=Tomato Cherry],PGSC0003DMP400031481[&&NHX:species=Potato],SPI03g03178.1[&&NHX:species=S. pimp])S,PGSC0003DMP400053691[&&NHX:species=Potato])D,Capang00g004499[&&NHX:species=Wild pepper])S,(SPI01g08160.1[&&NHX:species=S. pimp],PGSC0003DMP400053656[&&NHX:species=Potato])S,((PGSC0003DMP400053657[&&NHX:species=Potato],PGSC0003DMP400053658[&&NHX:species=Potato])D,SPI01g08159.1[&&NHX:species=S. pimp],Sopen00g009980.1[&&NHX:species=S. Pennelli])S)D)D,(((SPI01g08397.1[&&NHX:species=S. pimp],(PGSC0003DMP400044883[&&NHX:species=Potato],PGSC0003DMP400044881[&&NHX:species=Potato])D,Solyc01g107780.4.1[&&NHX:species=Tomato],Capana08g002323[&&NHX:species=Dom. pepper],Sopen01g049960.1[&&NHX:species=S. Pennelli],SLYcer01g08169.1[&&NHX:species=Tomato Cherry])S,((PGSC0003DMP400044882[&&NHX:species=Potato],PGSC0003DMP400044880[&&NHX:species=Potato])D,Capana08g002322[&&NHX:species=Dom. pepper],Capang01g004872[&&NHX:species=Wild pepper])S)D,(Capana08g002327[&&NHX:species=Dom. pepper],SLYcer01g08173.1[&&NHX:species=Tomato Cherry],Solyc01g107810.2.1[&&NHX:species=Tomato],Sopen01g049980.1[&&NHX:species=S. Pennelli],Capang01g004877[&&NHX:species=Wild pepper],PGSC0003DMP400044885[&&NHX:species=Potato],SPI01g08402.1[&&NHX:species=S. pimp])S,((Sopen12g031970.1[&&NHX:species=S. Pennelli],PGSC0003DMP400051004[&&NHX:species=Potato],SPI12g04828.1[&&NHX:species=S. pimp],SLYcer12g04869.1[&&NHX:species=Tomato Cherry],Solyc12g096080.2.1[&&NHX:species=Tomato])S,PGSC0003DMP400024527[&&NHX:species=Potato])D,((PGSC0003DMP400044888[&&NHX:species=Potato],SPI01g08396.1[&&NHX:species=S. pimp],SLYcer01g08168.1[&&NHX:species=Tomato Cherry])S,(SLYcer01g08174.1[&&NHX:species=Tomato Cherry],PGSC0003DMP400044889[&&NHX:species=Potato],Capana08g002334[&&NHX:species=Dom. pepper],Sopen01g050000.1[&&NHX:species=S. Pennelli],SPI01g08403.1[&&NHX:species=S. pimp],Capang01g004883[&&NHX:species=Wild pepper],Solyc01g107825.1.1[&&NHX:species=Tomato])S)D,(Solyc01g107850.4.1[&&NHX:species=Tomato],Capana08g002329[&&NHX:species=Dom. pepper])S,(((Capana08g002335[&&NHX:species=Dom. pepper],Capang01g004884[&&NHX:species=Wild pepper])S,((Solyc01g107820.2.1[&&NHX:species=Tomato],Sopen01g049990.1[&&NHX:species=S. Pennelli],PGSC0003DMP400044887[&&NHX:species=Potato],Capang01g004878[&&NHX:species=Wild pepper],SLYcer01g08176.1[&&NHX:species=Tomato Cherry],Capana08g002328[&&NHX:species=Dom. pepper])S,(PGSC0003DMP400066253[&&NHX:species=Potato],Capana08g002333[&&NHX:species=Dom. pepper],Capang01g004882[&&NHX:species=Wild pepper])S)D)D,(SPI01g08405.1[&&NHX:species=S. pimp],Capang01g004879[&&NHX:species=Wild pepper],Capana08g002330[&&NHX:species=Dom. pepper])S)D)D,(((SLYcer07g03868.1[&&NHX:species=Tomato Cherry],PGSC0003DMP400020813[&&NHX:species=Potato],SPI07g04581.1[&&NHX:species=S. pimp],Sopen07g023000.1[&&NHX:species=S. Pennelli],Solyc07g043410.1.1[&&NHX:species=Tomato])S,((Capang00g000467[&&NHX:species=Wild pepper],Solyc07g043490.1.1[&&NHX:species=Tomato],SLYcer07g03878.1[&&NHX:species=Tomato Cherry],SPI07g04589.1[&&NHX:species=S. pimp],Capana07g001097[&&NHX:species=Dom. pepper],Sopen07g023070.1[&&NHX:species=S. Pennelli],PGSC0003DMP400020829[&&NHX:species=Potato])S,((SLYcer08g05923.1[&&NHX:species=Tomato Cherry],Solyc08g077080.1.1[&&NHX:species=Tomato],Sopen08g025660.1[&&NHX:species=S. Pennelli],PGSC0003DMP400030574[&&NHX:species=Potato],SPI08g05814.1[&&NHX:species=S. pimp])S,Sopen08g025630.1[&&NHX:species=S. Pennelli])D)D)D,((((Capana12g000736[&&NHX:species=Dom. pepper],Capang12g000617[&&NHX:species=Wild pepper])S,((Capang12g000619[&&NHX:species=Wild pepper],(Capang12g000604[&&NHX:species=Wild pepper],Capana12g000723[&&NHX:species=Dom. pepper])S)D,Capang12g000603[&&NHX:species=Wild pepper])D)D,(PGSC0003DMP400027048[&&NHX:species=Potato],PGSC0003DMP400027046[&&NHX:species=Potato])D,(Sopen12g030600.1[&&NHX:species=S. Pennelli],Sopen12g030610.1[&&NHX:species=S. Pennelli])D)S,((Solyc12g088700.1.1[&&NHX:species=Tomato],PGSC0003DMP400027047[&&NHX:species=Potato])S,(PGSC0003DMP400061893[&&NHX:species=Potato],Capana12g000737[&&NHX:species=Dom. pepper],SPI12g04650.1[&&NHX:species=S. pimp],Solyc12g088690.2.1[&&NHX:species=Tomato],SLYcer12g04691.1[&&NHX:species=Tomato Cherry],Capang12g000618[&&NHX:species=Wild pepper])S)D)D)D,(((PGSC0003DMP400064933[&&NHX:species=Potato],(Sopen11g003320.1[&&NHX:species=S. Pennelli],Solyc11g007480.1.1[&&NHX:species=Tomato],SLYcer11g00342.1[&&NHX:species=Tomato Cherry],SPI11g00495.1[&&NHX:species=S. pimp],PGSC0003DMP400064447[&&NHX:species=Potato])S)D,PGSC0003DMP400014383[&&NHX:species=Potato])D,(((Capana12g002215[&&NHX:species=Dom. pepper],Capana00g000242[&&NHX:species=Dom. pepper])D,Capana12g002376[&&NHX:species=Dom. pepper])D,((PGSC0003DMP400033971[&&NHX:species=Potato],PGSC0003DMP400033872[&&NHX:species=Potato])D,((Capana12g002286[&&NHX:species=Dom. pepper],((Capana12g002277[&&NHX:species=Dom. pepper],Capana12g002278[&&NHX:species=Dom. pepper])D,Capana12g002374[&&NHX:species=Dom. pepper])D)D,Capana12g002285[&&NHX:species=Dom. pepper])D)S)D,(Solyc03g071850.1.1[&&NHX:species=Tomato],SLYcer03g01973.1[&&NHX:species=Tomato Cherry],PGSC0003DMP400054757[&&NHX:species=Potato],SPI03g02099.1[&&NHX:species=S. pimp],Sopen03g019280.1[&&NHX:species=S. Pennelli])S,((Sopen11g003310.1[&&NHX:species=S. Pennelli],SPI11g00494.1[&&NHX:species=S. pimp])S,(SLYcer09g05203.1[&&NHX:species=Tomato Cherry],SPI09g04880.1[&&NHX:species=S. pimp])S)D,((((Solyc11g007460.1.1[&&NHX:species=Tomato],PGSC0003DMP400050730[&&NHX:species=Potato])S,(Solyc05g005930.3.1[&&NHX:species=Tomato],Solyc11g007470.1.1[&&NHX:species=Tomato])D)D,(((Sopen11g003280.1[&&NHX:species=S. Pennelli],(((PGSC0003DMP400036304[&&NHX:species=Potato],(PGSC0003DMP400036305[&&NHX:species=Potato],PGSC0003DMP400067918[&&NHX:species=Potato])D)D,PGSC0003DMP400028067[&&NHX:species=Potato])D,PGSC0003DMP400036306[&&NHX:species=Potato])D,SLYcer11g00343.1[&&NHX:species=Tomato Cherry])S,Sopen05g001960.1[&&NHX:species=S. Pennelli])D,Capang12g001989[&&NHX:species=Wild pepper])S)D,((Capang12g001967[&&NHX:species=Wild pepper],PGSC0003DMP400068598[&&NHX:species=Potato])S,(PGSC0003DMP400033873[&&NHX:species=Potato],(Capang12g001966[&&NHX:species=Wild pepper],Capang12g001990[&&NHX:species=Wild pepper])D,SPI11g00492.1[&&NHX:species=S. pimp])S)D)D,(PGSC0003DMP400059339[&&NHX:species=Potato],(SLYcer11g00345.1[&&NHX:species=Tomato Cherry],Sopen11g003300.1[&&NHX:species=S. Pennelli],PGSC0003DMP400063636[&&NHX:species=Potato])S)D,(((Solyc11g007380.1.1[&&NHX:species=Tomato],Capang12g001988[&&NHX:species=Wild pepper],PGSC0003DMP400036303[&&NHX:species=Potato],Sopen11g003270.1[&&NHX:species=S. Pennelli],Capana12g002377[&&NHX:species=Dom. pepper])S,PGSC0003DMP400050729[&&NHX:species=Potato])D,PGSC0003DMP400033891[&&NHX:species=Potato])D)D,((((SPI01g05774.1[&&NHX:species=S. pimp],(SPI05g02930.1[&&NHX:species=S. pimp],SLYcer05g02349.1[&&NHX:species=Tomato Cherry])S)D,PGSC0003DMP400060353[&&NHX:species=Potato])S,(Solyc01g066120.3.1[&&NHX:species=Tomato],SPI07g04333.1[&&NHX:species=S. pimp],SLYcer07g03615.1[&&NHX:species=Tomato Cherry])S,(Solyc01g066115.1.1[&&NHX:species=Tomato],SPI05g02570.1[&&NHX:species=S. pimp])S,(SLYcer05g02007.1[&&NHX:species=Tomato Cherry],PGSC0003DMP400036360[&&NHX:species=Potato],SPI05g02585.1[&&NHX:species=S. pimp])S)D,((Solyc01g066145.1.1[&&NHX:species=Tomato],SLYcer01g05617.1[&&NHX:species=Tomato Cherry],SPI01g05779.1[&&NHX:species=S. pimp])S,(SLYcer01g05615.1[&&NHX:species=Tomato Cherry],(Solyc01g066140.2.1[&&NHX:species=Tomato],SLYcer01g05616.1[&&NHX:species=Tomato Cherry],SPI01g05778.1[&&NHX:species=S. pimp],PGSC0003DMP400062125[&&NHX:species=Potato],Sopen01g027540.1[&&NHX:species=S. Pennelli])S)D)D,(((SLYcer07g00513.1[&&NHX:species=Tomato Cherry],Capang07g000516[&&NHX:species=Wild pepper],SPI07g00566.1[&&NHX:species=S. pimp],Sopen07g004110.1[&&NHX:species=S. Pennelli],Solyc07g008230.1.1[&&NHX:species=Tomato])S,(Solyc09g092480.1.1[&&NHX:species=Tomato],Sopen09g035380.1[&&NHX:species=S. Pennelli],Capana03g004107[&&NHX:species=Dom. pepper])S)D,((Sopen12g033350.1[&&NHX:species=S. Pennelli],PGSC0003DMP400008082[&&NHX:species=Potato],Solyc12g098600.1.1[&&NHX:species=Tomato],SLYcer12g05041.1[&&NHX:species=Tomato Cherry],Capana05g002316[&&NHX:species=Dom. pepper])S,PGSC0003DMP400008081[&&NHX:species=Potato])D)D,((((Sopen09g035390.1[&&NHX:species=S. Pennelli],Solyc03g058370.2.1[&&NHX:species=Tomato])S,(Sopen01g027630.1[&&NHX:species=S. Pennelli],Sopen01g027640.1[&&NHX:species=S. Pennelli:length=-0.01495])D)D,(((SLYcer01g05614.1[&&NHX:species=Tomato Cherry],PGSC0003DMP400021275[&&NHX:species=Potato],SPI01g05775.1[&&NHX:species=S. pimp])S,SLYcer01g05613.1[&&NHX:species=Tomato Cherry])D,(Capang03g003960[&&NHX:species=Wild pepper],PGSC0003DMP400026305[&&NHX:species=Potato],Capana03g004109[&&NHX:species=Dom. pepper])S)D)D,((SLYcer01g04346.1[&&NHX:species=Tomato Cherry],SPI01g04476.1[&&NHX:species=S. pimp])S,((PGSC0003DMP400066892[&&NHX:species=Potato],Solyc01g066110.2.1[&&NHX:species=Tomato])S,(Solyc01g066090.3.1[&&NHX:species=Tomato],SLYcer01g05612.1[&&NHX:species=Tomato Cherry])S)D)D)D,((SLYcer01g05611.1[&&NHX:species=Tomato Cherry],SPI01g05773.1[&&NHX:species=S. pimp])S,((SLYcer01g05618.1[&&NHX:species=Tomato Cherry],Solyc01g066150.1.1[&&NHX:species=Tomato],SPI01g05780.1[&&NHX:species=S. pimp])S,SLYcer05g01387.1[&&NHX:species=Tomato Cherry])D)D)D,((((Capang06g002720[&&NHX:species=Wild pepper],Capana06g002960[&&NHX:species=Dom. pepper])S,(Capang00g003199[&&NHX:species=Wild pepper],Capana00g003486[&&NHX:species=Dom. pepper])S)D,(Capang01g003546[&&NHX:species=Wild pepper],PGSC0003DMP400000148[&&NHX:species=Potato],Sopen01g038760.1[&&NHX:species=S. Pennelli])S)D,((((((PGSC0003DMP400028286[&&NHX:species=Potato],Solyc11g010813.1.1[&&NHX:species=Tomato],(Capang12g002357[&&NHX:species=Wild pepper],Capang12g002358[&&NHX:species=Wild pepper])D,Sopen11g005590.1[&&NHX:species=S. Pennelli])S,(Capana12g002718[&&NHX:species=Dom. pepper],Capang00g002531[&&NHX:species=Wild pepper],((PGSC0003DMP400028162[&&NHX:species=Potato],PGSC0003DMP400028163[&&NHX:species=Potato])D,((PGSC0003DMP400028289[&&NHX:species=Potato],Solyc11g010780.1.1[&&NHX:species=Tomato])S,PGSC0003DMP400028288[&&NHX:species=Potato])D)D)S)D,(((SLYcer11g00602.1[&&NHX:species=Tomato Cherry],(SLYcer11g00605.1[&&NHX:species=Tomato Cherry],SPI11g00745.1[&&NHX:species=S. pimp])S)D,SLYcer11g00603.1[&&NHX:species=Tomato Cherry])D,Sopen11g005580.1[&&NHX:species=S. Pennelli],(Solyc11g010810.1.1[&&NHX:species=Tomato],Solyc11g010790.1.1[&&NHX:species=Tomato])D,PGSC0003DMP400028287[&&NHX:species=Potato])S)D,(SPI11g00744.1[&&NHX:species=S. pimp],PGSC0003DMP400028164[&&NHX:species=Potato],Solyc11g010800.2.1[&&NHX:species=Tomato])S)D,((Solyc05g051360.1.1[&&NHX:species=Tomato],PGSC0003DMP400060321[&&NHX:species=Potato],Sopen05g029750.1[&&NHX:species=S. Pennelli],SPI05g04389.1[&&NHX:species=S. pimp],Capang12g002044[&&NHX:species=Wild pepper],SLYcer10g02573.1[&&NHX:species=Tomato Cherry])S,((SLYcer11g00601.1[&&NHX:species=Tomato Cherry],SPI11g00741.1[&&NHX:species=S. pimp],(PGSC0003DMP400028290[&&NHX:species=Potato],PGSC0003DMP400028166[&&NHX:species=Potato])D,Capana12g002720[&&NHX:species=Dom. pepper],Capang12g002361[&&NHX:species=Wild pepper],Sopen11g005560.1[&&NHX:species=S. Pennelli])S,((PGSC0003DMP400028291[&&NHX:species=Potato],(PGSC0003DMP400028165[&&NHX:species=Potato],PGSC0003DMP400028167[&&NHX:species=Potato])D)D,Capana12g002721[&&NHX:species=Dom. pepper],Sopen11g005550.1[&&NHX:species=S. Pennelli],Capang12g002362[&&NHX:species=Wild pepper])S)D)D)D,(Capang02g001239[&&NHX:species=Wild pepper],PGSC0003DMP400036600[&&NHX:species=Potato],Sopen02g019180.1[&&NHX:species=S. Pennelli],Capana02g001405[&&NHX:species=Dom. pepper],SLYcer02g03809.1[&&NHX:species=Tomato Cherry],Solyc02g070020.1.1[&&NHX:species=Tomato])S)D)D,((((PGSC0003DMP400024068[&&NHX:species=Potato],PGSC0003DMP400024065[&&NHX:species=Potato])D,Sopen11g023940.1[&&NHX:species=S. Pennelli],SLYcer11g03388.1[&&NHX:species=Tomato Cherry],SPI11g03454.1[&&NHX:species=S. pimp])S,PGSC0003DMP400024069[&&NHX:species=Potato])D,(Capang01g001398[&&NHX:species=Wild pepper],Solyc01g006670.2.1[&&NHX:species=Tomato],Sopen01g002660.1[&&NHX:species=S. Pennelli],SPI01g00369.1[&&NHX:species=S. pimp],PGSC0003DMP400037003[&&NHX:species=Potato],Capana01g001691[&&NHX:species=Dom. pepper])S)D,((((Capang05g001875[&&NHX:species=Wild pepper],SPI05g04702.1[&&NHX:species=S. pimp],Solyc05g053820.3.1[&&NHX:species=Tomato],SLYcer10g02257.1[&&NHX:species=Tomato Cherry],PGSC0003DMP400027607[&&NHX:species=Potato],Sopen05g032290.1[&&NHX:species=S. Pennelli])S,(SPI12g04997.1[&&NHX:species=S. pimp],SLYcer12g05038.1[&&NHX:species=Tomato Cherry],Sopen12g033330.1[&&NHX:species=S. Pennelli],Solyc12g098580.1.1[&&NHX:species=Tomato],PGSC0003DMP400008270[&&NHX:species=Potato])S)D,(((Capang12g000237[&&NHX:species=Wild pepper],SLYcer12g05039.1[&&NHX:species=Tomato Cherry],PGSC0003DMP400008079[&&NHX:species=Potato],Solyc12g098590.3.1[&&NHX:species=Tomato],Capana12g000272[&&NHX:species=Dom. pepper],SPI12g04998.1[&&NHX:species=S. pimp],Sopen12g033340.1[&&NHX:species=S. Pennelli])S,PGSC0003DMP400008080[&&NHX:species=Potato])D,(Solyc09g092500.1.1[&&NHX:species=Tomato],Capana03g004110[&&NHX:species=Dom. pepper],Sopen09g035400.1[&&NHX:species=S. Pennelli],PGSC0003DMP400011906[&&NHX:species=Potato])S)D)D,(((SLYcer06g05287.1[&&NHX:species=Tomato Cherry],(PGSC0003DMP400052993[&&NHX:species=Potato],PGSC0003DMP400052994[&&NHX:species=Potato])D,(Sopen06g033690.1[&&NHX:species=S. Pennelli],Sopen06g033680.1[&&NHX:species=S. Pennelli])D,Solyc06g082300.4.1[&&NHX:species=Tomato],Capang06g000286[&&NHX:species=Wild pepper],Capana06g000316[&&NHX:species=Dom. pepper])S,PGSC0003DMP400052992[&&NHX:species=Potato])D,(((PGSC0003DMP400016632[&&NHX:species=Potato],((Sopen02g017310.1[&&NHX:species=S. Pennelli],PGSC0003DMP400016633[&&NHX:species=Potato])S,PGSC0003DMP400016636[&&NHX:species=Potato])D)D,((Sopen02g017320.1[&&NHX:species=S. Pennelli],PGSC0003DMP400016635[&&NHX:species=Potato])S,PGSC0003DMP400016637[&&NHX:species=Potato])D)D,(Capana02g001068[&&NHX:species=Dom. pepper],Capana02g001067[&&NHX:species=Dom. pepper])D)S)D)D,(((Capang11g001820[&&NHX:species=Wild pepper],Sopen12g005760.1[&&NHX:species=S. Pennelli],Solyc12g014010.2.1[&&NHX:species=Tomato],Capana11g001875[&&NHX:species=Dom. pepper],SPI12g00868.1[&&NHX:species=S. pimp],SLYcer12g00819.1[&&NHX:species=Tomato Cherry],PGSC0003DMP400026869[&&NHX:species=Potato])S,(Capang12g001963[&&NHX:species=Wild pepper],Capana00g003493[&&NHX:species=Dom. pepper])S)D,(((PGSC0003DMP400023212[&&NHX:species=Potato],Capana05g001959[&&NHX:species=Dom. pepper],Capang05g001538[&&NHX:species=Wild pepper])S,((Solyc07g043170.4.1[&&NHX:species=Tomato],SLYcer07g03838.1[&&NHX:species=Tomato Cherry],PGSC0003DMP400056736[&&NHX:species=Potato],Sopen07g022720.1[&&NHX:species=S. Pennelli],Capang07g001668[&&NHX:species=Wild pepper],SPI07g04552.1[&&NHX:species=S. pimp])S,PGSC0003DMP400060380[&&NHX:species=Potato])D)D,(Sopen07g022730.1[&&NHX:species=S. Pennelli],SPI07g04553.1[&&NHX:species=S. pimp],SLYcer07g03839.1[&&NHX:species=Tomato Cherry])S)D,(((SLYcer07g03822.1[&&NHX:species=Tomato Cherry],SPI07g04534.1[&&NHX:species=S. pimp],Solyc07g043025.1.1[&&NHX:species=Tomato])S,((SPI07g04536.1[&&NHX:species=S. pimp],SLYcer07g03824.1[&&NHX:species=Tomato Cherry],Solyc07g043060.1.1[&&NHX:species=Tomato],Sopen07g022620.1[&&NHX:species=S. Pennelli])S,(PGSC0003DMP400023996[&&NHX:species=Potato],(Sopen07g022610.1[&&NHX:species=S. Pennelli],Solyc07g043050.1.1[&&NHX:species=Tomato],PGSC0003DMP400057770[&&NHX:species=Potato],SPI07g04535.1[&&NHX:species=S. pimp],SLYcer07g03823.1[&&NHX:species=Tomato Cherry])S)D)D)D,(Capang02g001827[&&NHX:species=Wild pepper],Capang02g001829[&&NHX:species=Wild pepper])D)S,(Sopen07g022590.1[&&NHX:species=S. Pennelli],SLYcer07g03821.1[&&NHX:species=Tomato Cherry],Solyc07g043020.1.1[&&NHX:species=Tomato],Capana07g001076[&&NHX:species=Dom. pepper],SPI07g04533.1[&&NHX:species=S. pimp])S,((SPI07g04543.1[&&NHX:species=S. pimp],Capana07g001075[&&NHX:species=Dom. pepper],Sopen07g022650.1[&&NHX:species=S. Pennelli],SLYcer07g03827.1[&&NHX:species=Tomato Cherry],Capang07g001128[&&NHX:species=Wild pepper])S,(SPI07g04540.1[&&NHX:species=S. pimp],PGSC0003DMP400026870[&&NHX:species=Potato],Capana00g004626[&&NHX:species=Dom. pepper],Capang07g001837[&&NHX:species=Wild pepper])S)D)D,(((Capang02g002384[&&NHX:species=Wild pepper],Capana02g002655[&&NHX:species=Dom. pepper])S,(PGSC0003DMP400022421[&&NHX:species=Potato],(Capana00g002455[&&NHX:species=Dom. pepper],SPI02g03892.1[&&NHX:species=S. pimp],PGSC0003DMP400022422[&&NHX:species=Potato],Capang02g002383[&&NHX:species=Wild pepper],Sopen02g030340.1[&&NHX:species=S. Pennelli],Solyc02g085660.1.1[&&NHX:species=Tomato])S)D)D,((((PGSC0003DMP400007969[&&NHX:species=Potato],(Solyc02g062990.1.1[&&NHX:species=Tomato],PGSC0003DMP400007971[&&NHX:species=Potato])S)D,SLYcer02g03215.1[&&NHX:species=Tomato Cherry])S,(Capang02g000047[&&NHX:species=Wild pepper],SLYcer02g03218.1[&&NHX:species=Tomato Cherry],Sopen02g014040.1[&&NHX:species=S. Pennelli],Solyc02g063000.4.1[&&NHX:species=Tomato],SPI02g02100.1[&&NHX:species=S. pimp])S)D,(PGSC0003DMP400068850[&&NHX:species=Potato],Sopen02g014030.1[&&NHX:species=S. Pennelli])S)D)D,((((SLYcer06g04015.1[&&NHX:species=Tomato Cherry],Solyc06g062330.3.1[&&NHX:species=Tomato],Sopen06g021560.1[&&NHX:species=S. Pennelli],SPI06g03887.1[&&NHX:species=S. pimp],Capana06g001517[&&NHX:species=Dom. pepper],Capang06g001441[&&NHX:species=Wild pepper],PGSC0003DMP400029312[&&NHX:species=Potato])S,(((Solyc06g062290.1.1[&&NHX:species=Tomato],SLYcer06g04012.1[&&NHX:species=Tomato Cherry])S,(SLYcer06g04011.1[&&NHX:species=Tomato Cherry],Sopen06g021510.1[&&NHX:species=S. Pennelli])S)D,(Capang06g001447[&&NHX:species=Wild pepper],Capana06g001526[&&NHX:species=Dom. pepper])S)S)D,(SPI12g00599.1[&&NHX:species=S. pimp],Solyc12g009940.2.1[&&NHX:species=Tomato],Sopen12g004820.1[&&NHX:species=S. Pennelli],SLYcer12g00568.1[&&NHX:species=Tomato Cherry],PGSC0003DMP400013803[&&NHX:species=Potato],Capana09g000116[&&NHX:species=Dom. pepper],Capang09g000115[&&NHX:species=Wild pepper])S)D,(((Capana03g003742[&&NHX:species=Dom. pepper],Capana12g000754[&&NHX:species=Dom. pepper])D,SPI12g00595.1[&&NHX:species=S. pimp],SLYcer12g00565.1[&&NHX:species=Tomato Cherry],Solyc12g009910.1.1[&&NHX:species=Tomato],PGSC0003DMP400013948[&&NHX:species=Potato],Sopen12g004790.1[&&NHX:species=S. Pennelli])S,((PGSC0003DMP400013946[&&NHX:species=Potato],(PGSC0003DMP400010634[&&NHX:species=Potato],PGSC0003DMP400010581[&&NHX:species=Potato])D)D,SLYcer12g00567.1[&&NHX:species=Tomato Cherry],SPI12g00598.1[&&NHX:species=S. pimp],Capana09g000113[&&NHX:species=Dom. pepper],Sopen12g004810.1[&&NHX:species=S. Pennelli],Solyc12g009930.3.1[&&NHX:species=Tomato])S)D)D,(((((Solyc12g096870.1.1[&&NHX:species=Tomato],Sopen12g032700.1[&&NHX:species=S. Pennelli],SLYcer12g04955.1[&&NHX:species=Tomato Cherry],SPI12g04914.1[&&NHX:species=S. pimp],PGSC0003DMP400051104[&&NHX:species=Potato])S,PGSC0003DMP400051103[&&NHX:species=Potato])D,Capang00g000785[&&NHX:species=Wild pepper])S,Capang01g003403[&&NHX:species=Wild pepper])D,(((Capana04g001039[&&NHX:species=Dom. pepper],Capang00g005185[&&NHX:species=Wild pepper])S,Capana02g003294[&&NHX:species=Dom. pepper],Capana08g000805[&&NHX:species=Dom. pepper])D,SLYcer08g00893.1[&&NHX:species=Tomato Cherry],PGSC0003DMP400022212[&&NHX:species=Potato],SPI08g00869.1[&&NHX:species=S. pimp])S,((Solyc08g006400.1.1[&&NHX:species=Tomato],((Capang04g001351[&&NHX:species=Wild pepper],Capana04g001414[&&NHX:species=Dom. pepper])S,((PGSC0003DMP400037681[&&NHX:species=Potato],Capana11g001419[&&NHX:species=Dom. pepper],Capang00g003365[&&NHX:species=Wild pepper])S,PGSC0003DMP400016634[&&NHX:species=Potato])D)D)D,((Solyc08g006390.1.1[&&NHX:species=Tomato],Capana05g000468[&&NHX:species=Dom. pepper],SPI08g00223.1[&&NHX:species=S. pimp],Sopen08g002340.1[&&NHX:species=S. Pennelli],Capang05g000382[&&NHX:species=Wild pepper])S,((PGSC0003DMP400051111[&&NHX:species=Potato],SPI05g00801.1[&&NHX:species=S. pimp])S,PGSC0003DMP400017682[&&NHX:species=Potato])D)D)D,((Solyc08g014050.2.1[&&NHX:species=Tomato],Sopen08g004930.1[&&NHX:species=S. Pennelli],SLYcer08g00646.1[&&NHX:species=Tomato Cherry],PGSC0003DMP400025747[&&NHX:species=Potato],SPI08g00616.1[&&NHX:species=S. pimp])S,(PGSC0003DMP400044862[&&NHX:species=Potato],Solyc01g107560.3.1[&&NHX:species=Tomato],Sopen01g049760.1[&&NHX:species=S. Pennelli],Capana01g004005[&&NHX:species=Dom. pepper],Capang08g000891[&&NHX:species=Wild pepper],SLYcer01g08149.1[&&NHX:species=Tomato Cherry])S)D)D,((((Capana10g001633[&&NHX:species=Dom. pepper],((SLYcer10g05835.1[&&NHX:species=Tomato Cherry],SPI10g04368.1[&&NHX:species=S. pimp])S,SPI10g04370.1[&&NHX:species=S. pimp])D,PGSC0003DMP400019479[&&NHX:species=Potato],Sopen10g034720.1[&&NHX:species=S. Pennelli])S,(((SPI10g04371.1[&&NHX:species=S. pimp],Capang10g001388[&&NHX:species=Wild pepper],Sopen10g034730.1[&&NHX:species=S. Pennelli],Capana10g001627[&&NHX:species=Dom. pepper])S,(SLYcer10g05797.1[&&NHX:species=Tomato Cherry],SPI10g04331.1[&&NHX:species=S. pimp],Sopen10g034350.1[&&NHX:species=S. Pennelli],Solyc10g084890.3.1[&&NHX:species=Tomato])S)D,((Solyc10g085280.1.1[&&NHX:species=Tomato],Solyc10g085230.2.1[&&NHX:species=Tomato])D,Capana10g001634[&&NHX:species=Dom. pepper],Capang10g001393[&&NHX:species=Wild pepper])S)D)D,(((PGSC0003DMP400052806[&&NHX:species=Potato],Sopen06g032940.1[&&NHX:species=S. Pennelli])S,(PGSC0003DMP400019482[&&NHX:species=Potato],PGSC0003DMP400019478[&&NHX:species=Potato])D)D,Capana06g002614[&&NHX:species=Dom. pepper],SPI06g05099.1[&&NHX:species=S. pimp])S)D,(((PGSC0003DMP400037619[&&NHX:species=Potato],Sopen03g027430.1[&&NHX:species=S. Pennelli],Solyc03g078810.4.1[&&NHX:species=Tomato])S,(Solyc03g078780.3.1[&&NHX:species=Tomato],PGSC0003DMP400037622[&&NHX:species=Potato])S)D,(SLYcer03g03138.1[&&NHX:species=Tomato Cherry],SLYcer03g03147.1[&&NHX:species=Tomato Cherry])D)S)D,(((((PGSC0003DMP400000146[&&NHX:species=Potato],Capana08g000967[&&NHX:species=Dom. pepper])S,(Capang00g005228[&&NHX:species=Wild pepper],Capana08g000966[&&NHX:species=Dom. pepper])S)D,(Solyc11g010750.1.1[&&NHX:species=Tomato],(Capang12g002360[&&NHX:species=Wild pepper],Capang12g002356[&&NHX:species=Wild pepper])D)S)D,((PGSC0003DMP400014034[&&NHX:species=Potato],Capang00g005403[&&NHX:species=Wild pepper])S,Capang04g001566[&&NHX:species=Wild pepper])D)D,(PGSC0003DMP400029854[&&NHX:species=Potato],((Capana12g000738[&&NHX:species=Dom. pepper],Solyc12g042620.1.1[&&NHX:species=Tomato],SLYcer12g04035.1[&&NHX:species=Tomato Cherry])S,((PGSC0003DMP400046749[&&NHX:species=Potato],PGSC0003DMP400046751[&&NHX:species=Potato])D,Capana10g001523[&&NHX:species=Dom. pepper])S)D)D,(Capang12g001410[&&NHX:species=Wild pepper],Sopen01g049950.1[&&NHX:species=S. Pennelli],Capana12g001763[&&NHX:species=Dom. pepper])S,(((((SLYcer11g00346.1[&&NHX:species=Tomato Cherry],(PGSC0003DMP400064336[&&NHX:species=Potato],PGSC0003DMP400003788[&&NHX:species=Potato])D,Solyc11g007390.1.1[&&NHX:species=Tomato],Capang12g001954[&&NHX:species=Wild pepper])S,PGSC0003DMP400036295[&&NHX:species=Potato])D,SLYcer10g02098.1[&&NHX:species=Tomato Cherry])D,(Capang07g002142[&&NHX:species=Wild pepper],Solyc11g007500.2.1[&&NHX:species=Tomato],Capana07g002119[&&NHX:species=Dom. pepper])S)D,(SLYcer11g00351.1[&&NHX:species=Tomato Cherry],Capang01g001110[&&NHX:species=Wild pepper])S)D,(((Solyc11g007440.1.1[&&NHX:species=Tomato],SPI11g00493.1[&&NHX:species=S. pimp],SLYcer11g00344.1[&&NHX:species=Tomato Cherry])S,(PGSC0003DMP400033188[&&NHX:species=Potato],SLYcer11g00349.1[&&NHX:species=Tomato Cherry])S)D,Capang05g000347[&&NHX:species=Wild pepper])S)D,((Capana02g000041[&&NHX:species=Dom. pepper],SPI02g02098.1[&&NHX:species=S. pimp])S,((SPI04g05092.1[&&NHX:species=S. pimp],Solyc04g080010.4.1[&&NHX:species=Tomato],PGSC0003DMP400048431[&&NHX:species=Potato],Sopen04g033600.1[&&NHX:species=S. Pennelli],SLYcer04g05597.1[&&NHX:species=Tomato Cherry],Capang04g000373[&&NHX:species=Wild pepper],Capana04g000403[&&NHX:species=Dom. pepper])S,PGSC0003DMP400048430[&&NHX:species=Potato])D,(SLYcer07g00305.1[&&NHX:species=Tomato Cherry],SPI07g00374.1[&&NHX:species=S. pimp],PGSC0003DMP400047765[&&NHX:species=Potato],Capang07g000025[&&NHX:species=Wild pepper],Solyc07g006720.4.1[&&NHX:species=Tomato],Sopen07g002820.1[&&NHX:species=S. Pennelli])S,((Capana10g001978[&&NHX:species=Dom. pepper],Sopen10g032910.1[&&NHX:species=S. Pennelli],Solyc10g083440.2.1[&&NHX:species=Tomato],Capang10g001744[&&NHX:species=Wild pepper],SPI10g04178.1[&&NHX:species=S. pimp],SLYcer10g05649.1[&&NHX:species=Tomato Cherry])S,(Capang10g001746[&&NHX:species=Wild pepper],(Capana10g001980[&&NHX:species=Dom. pepper],Capana10g001979[&&NHX:species=Dom. pepper])D)S)D)D,((((((PGSC0003DMP400053296[&&NHX:species=Potato],PGSC0003DMP400053295[&&NHX:species=Potato:length=-1.312])D,PGSC0003DMP400053298[&&NHX:species=Potato])D,(Sopen02g035990.1[&&NHX:species=S. Pennelli],Sopen02g035970.1[&&NHX:species=S. Pennelli])D,((SPI02g04455.1[&&NHX:species=S. pimp],SLYcer02g05535.1[&&NHX:species=Tomato Cherry])S,(SLYcer02g05533.1[&&NHX:species=Tomato Cherry],SPI02g04453.1[&&NHX:species=S. pimp])S)D)S,Capana07g001105[&&NHX:species=Dom. pepper],Capang07g001146[&&NHX:species=Wild pepper])S,(PGSC0003DMP400053297[&&NHX:species=Potato],PGSC0003DMP400053299[&&NHX:species=Potato])D)D,((PGSC0003DMP400047137[&&NHX:species=Potato],PGSC0003DMP400047139[&&NHX:species=Potato])D,SLYcer10g02379.1[&&NHX:species=Tomato Cherry],Capana05g002143[&&NHX:species=Dom. pepper],SPI05g04593.1[&&NHX:species=S. pimp],Solyc05g052870.4.1[&&NHX:species=Tomato],Sopen05g031380.1[&&NHX:species=S. Pennelli])S,(((Capang04g001128[&&NHX:species=Wild pepper],Capang04g001129[&&NHX:species=Wild pepper])D,(PGSC0003DMP400047135[&&NHX:species=Potato],PGSC0003DMP400047140[&&NHX:species=Potato])D,Capana04g001202[&&NHX:species=Dom. pepper])S,(PGSC0003DMP400032083[&&NHX:species=Potato],Solyc03g078690.4.1[&&NHX:species=Tomato],Capang05g001708[&&NHX:species=Wild pepper],SLYcer06g01195.1[&&NHX:species=Tomato Cherry])S)D,((SLYcer06g01198.1[&&NHX:species=Tomato Cherry],(SPI06g01322.1[&&NHX:species=S. pimp],SPI06g01325.1[&&NHX:species=S. pimp])D)S,(SPI03g03463.1[&&NHX:species=S. pimp],Capana03g002523[&&NHX:species=Dom. pepper],SLYcer03g03377.1[&&NHX:species=Tomato Cherry],Sopen03g023450.1[&&NHX:species=S. Pennelli],Solyc03g083650.4.1[&&NHX:species=Tomato],PGSC0003DMP400019106[&&NHX:species=Potato])S)D,((Solyc03g078720.4.1[&&NHX:species=Tomato],(Solyc03g078800.2.1[&&NHX:species=Tomato],SLYcer03g03146.1[&&NHX:species=Tomato Cherry],SPI03g03237.1[&&NHX:species=S. pimp])S)D,(Capang11g000620[&&NHX:species=Wild pepper],((SLYcer03g03133.1[&&NHX:species=Tomato Cherry],SPI03g03229.1[&&NHX:species=S. pimp])S,(SPI03g03231.1[&&NHX:species=S. pimp],Solyc03g078770.3.1[&&NHX:species=Tomato],SLYcer03g03137.1[&&NHX:species=Tomato Cherry])S)D,Capana11g000616[&&NHX:species=Dom. pepper])S)D,((PGSC0003DMP400032084[&&NHX:species=Potato],Capang00g004422[&&NHX:species=Wild pepper])S,(((PGSC0003DMP400040141[&&NHX:species=Potato],PGSC0003DMP400040142[&&NHX:species=Potato])D,SLYcer03g03131.1[&&NHX:species=Tomato Cherry],SPI03g03228.1[&&NHX:species=S. pimp])S,((Capang04g000185[&&NHX:species=Wild pepper],Capang09g001257[&&NHX:species=Wild pepper])D,Sopen03g021610.1[&&NHX:species=S. Pennelli])S)D)D)D,((((Sopen05g006500.1[&&NHX:species=S. Pennelli],Sopen05g006490.1[&&NHX:species=S. Pennelli])D,((Capana11g002131[&&NHX:species=Dom. pepper],Capang11g002051[&&NHX:species=Wild pepper])S,Capana10g001700[&&NHX:species=Dom. pepper])D,(PGSC0003DMP400034154[&&NHX:species=Potato],(PGSC0003DMP400034131[&&NHX:species=Potato],PGSC0003DMP400034132[&&NHX:species=Potato])D)D)S,((Solyc03g114710.4.1[&&NHX:species=Tomato],Sopen03g033790.1[&&NHX:species=S. Pennelli],Capang03g000856[&&NHX:species=Wild pepper],Capana03g000917[&&NHX:species=Dom. pepper],SLYcer03g04662.1[&&NHX:species=Tomato Cherry],SPI03g04719.1[&&NHX:species=S. pimp],PGSC0003DMP400042614[&&NHX:species=Potato])S,PGSC0003DMP400042613[&&NHX:species=Potato])D)D,(PGSC0003DMP400002031[&&NHX:species=Potato],Capang03g002936[&&NHX:species=Wild pepper])S)D,(((((((PGSC0003DMP400060542[&&NHX:species=Potato],PGSC0003DMP400055554[&&NHX:species=Potato])D,Capang01g001614[&&NHX:species=Wild pepper],Capana01g001898[&&NHX:species=Dom. pepper])S,(((Sopen04g008270.1[&&NHX:species=S. Pennelli],SLYcer04g01443.1[&&NHX:species=Tomato Cherry],SPI04g01178.1[&&NHX:species=S. pimp],Solyc04g016200.1.1[&&NHX:species=Tomato],PGSC0003DMP400014315[&&NHX:species=Potato])S,(((PGSC0003DMP400014314[&&NHX:species=Potato],SPI10g03791.1[&&NHX:species=S. pimp],Solyc10g079350.3.1[&&NHX:species=Tomato],Sopen10g029990.1[&&NHX:species=S. Pennelli],SLYcer10g05302.1[&&NHX:species=Tomato Cherry])S,PGSC0003DMP400057677[&&NHX:species=Potato])D,Capana12g000066[&&NHX:species=Dom. pepper])S)D,(Capana10g002240[&&NHX:species=Dom. pepper],SLYcer10g05368.1[&&NHX:species=Tomato Cherry],Sopen10g030550.1[&&NHX:species=S. Pennelli],PGSC0003DMP400051998[&&NHX:species=Potato],Capang10g001996[&&NHX:species=Wild pepper],Solyc10g079930.1.1[&&NHX:species=Tomato])S)D)D,(((Sopen11g026410.1[&&NHX:species=S. Pennelli],SLYcer11g03732.1[&&NHX:species=Tomato Cherry],SPI11g03796.1[&&NHX:species=S. pimp],PGSC0003DMP400057474[&&NHX:species=Potato],Solyc11g066680.1.1[&&NHX:species=Tomato])S,((PGSC0003DMP400000854[&&NHX:species=Potato],PGSC0003DMP400000855[&&NHX:species=Potato])D,Solyc11g066670.1.1[&&NHX:species=Tomato],Sopen11g026400.1[&&NHX:species=S. Pennelli],SPI11g03794.1[&&NHX:species=S. pimp],SLYcer11g03730.1[&&NHX:species=Tomato Cherry])S)D,(Capang11g000201[&&NHX:species=Wild pepper],Capang11g000200[&&NHX:species=Wild pepper])D)S)D,(((Capang10g002103[&&NHX:species=Wild pepper],SPI10g03790.1[&&NHX:species=S. pimp],SLYcer10g05301.1[&&NHX:species=Tomato Cherry],PGSC0003DMP400014317[&&NHX:species=Potato],Solyc10g079330.2.1[&&NHX:species=Tomato])S,(PGSC0003DMP400047472[&&NHX:species=Potato],Sopen04g008250.1[&&NHX:species=S. Pennelli],SLYcer04g01440.1[&&NHX:species=Tomato Cherry],Solyc04g016190.1.1[&&NHX:species=Tomato],Capang05g000095[&&NHX:species=Wild pepper],SPI04g01175.1[&&NHX:species=S. pimp])S)D,(((SPI10g03789.1[&&NHX:species=S. pimp],Sopen10g029970.1[&&NHX:species=S. Pennelli],Capang10g002102[&&NHX:species=Wild pepper],(PGSC0003DMP400021142[&&NHX:species=Potato],PGSC0003DMP400014318[&&NHX:species=Potato])D,Solyc10g079320.3.1[&&NHX:species=Tomato])S,(PGSC0003DMP400052686[&&NHX:species=Potato],SLYcer10g05300.1[&&NHX:species=Tomato Cherry])S)D,((Capana11g000305[&&NHX:species=Dom. pepper],PGSC0003DMP400055562[&&NHX:species=Potato])S,((Capana10g002244[&&NHX:species=Dom. pepper],Capang10g002000[&&NHX:species=Wild pepper],Sopen10g030600.1[&&NHX:species=S. Pennelli],PGSC0003DMP400041068[&&NHX:species=Potato])S,(SLYcer10g05371.1[&&NHX:species=Tomato Cherry],Solyc10g079980.1.1[&&NHX:species=Tomato],PGSC0003DMP400041069[&&NHX:species=Potato])S)D)D)D)D)D,(Sopen10g030570.2[&&NHX:species=S. Pennelli],((PGSC0003DMP400047473[&&NHX:species=Potato],Solyc10g079950.2.1[&&NHX:species=Tomato])S,(Capang10g001998[&&NHX:species=Wild pepper],Capana10g002242[&&NHX:species=Dom. pepper],PGSC0003DMP400047404[&&NHX:species=Potato])S)D)D)D,(PGSC0003DMP400049266[&&NHX:species=Potato],SLYcer05g00892.1[&&NHX:species=Tomato Cherry],SPI05g00943.1[&&NHX:species=S. pimp],Solyc05g012670.2.1[&&NHX:species=Tomato],Sopen05g007500.1[&&NHX:species=S. Pennelli])S)D)D;	111	84	1952	Solyc10g085870.1.1,Solyc11g010740.3.1,Solyc11g010760.1.1,Solyc10g085880.1.1,Capana01g004059,Sopen03g027440.1,Sopen03g027450.1,PGSC0003DMP400019481,PGSC0003DMP400019477,PGSC0003DMP400019483,PGSC0003DMP400019563,Capang01g004604,Capang01g004605,Capang01g004521,Capang02g002491,SLYcer12g04586.1,SLYcer12g04585.1,SLYcer10g05892.1,SPI10g04427.1,PGSC0003DMP400049949,PGSC0003DMP400049948,Capang00g000469,Capang04g000960,Solyc12g088710.1.1,Capang03g002143,Capana03g002250,Capang12g000309,Capang12g000308,PGSC0003DMP400053688,Solyc07g043110.2.1,Solyc07g043100.1.1,SPI12g04651.1,SLYcer12g04692.1,Solyc07g043150.1.1,Capana11g000203,Solyc02g091350.4.1,Solyc02g091370.2.1,Sopen04g003480.1,Capana04g000205,Capana11g001934,SPI10g03855.1,Capana12g002717,Capana05g000791,Capana05g000866,Solyc01g066100.2.1,Capang00g000180,Capang02g000983,Capang02g000982,PGSC0003DMP400051968,SPI10g03857.1,SLYcer05g00764.1,Solyc09g092490.3.1,SPI06g03884.1,SPI06g03883.1,Sopen00g004100.1,Solyc08g016260.1.1,PGSC0003DMP400051382,PGSC0003DMP400051373,SPI03g03232.1,SLYcer11g00348.1,SLYcer06g00452.1,PGSC0003DMP400032129,PGSC0003DMP400015027,PGSC0003DMP400027307,PGSC0003DMP400027334,Sopen10g030570.1,SLYcer06g05212.1,Solyc08g006370.1.1,SPI06g05177.1,Capang02g000771,SPI05g00798.1,PGSC0003DMP400056776,Sopen06g021520.1,Capang05g000523,Sopen10g029980.1,SLYcer10g05370.1,Solyc10g085240.1.1,Solyc05g010685.1.1,SPI08g00225.1,Solyc11g007450.3.1,Solyc10g079340.2.1,Capana04g001034,Capang00g003504,Capana00g004282,Capana05g000072,Solyc04g008310.3.1,Solyc04g016210.4.1,SLYcer11g00347.1,PGSC0003DMP400037609,Solyc06g076550.4.1,Solyc01g049790.1.1,Capana12g002287,SPI02g02713.1,Sopen11g005570.1
OG27683	(((SPI05g00817.1[&&NHX:species=S. pimp],(PGSC0003DMP400067983[&&NHX:species=Potato],PGSC0003DMP400068383[&&NHX:species=Potato])D,SLYcer05g00777.1[&&NHX:species=Tomato Cherry],Capang11g002048[&&NHX:species=Wild pepper])S,((Capang01g005322[&&NHX:species=Wild pepper],((SLYcer03g04438.1[&&NHX:species=Tomato Cherry],PGSC0003DMP400031670[&&NHX:species=Potato],SPI03g04488.1[&&NHX:species=S. pimp])S,PGSC0003DMP400057094[&&NHX:species=Potato])D)S,(Capana04g000766[&&NHX:species=Dom. pepper],Capang04g000730[&&NHX:species=Wild pepper])S)D,(((Capang00g002978[&&NHX:species=Wild pepper],Capang04g000340[&&NHX:species=Wild pepper])D,Capana04g000233[&&NHX:species=Dom. pepper],PGSC0003DMP400009153[&&NHX:species=Potato])S,((Capana00g001723[&&NHX:species=Dom. pepper],Capana00g001674[&&NHX:species=Dom. pepper])D,Capang04g000210[&&NHX:species=Wild pepper])S)D,(SLYcer05g00735.1[&&NHX:species=Tomato Cherry],Solyc05g010510.1.1[&&NHX:species=Tomato],SPI05g00762.1[&&NHX:species=S. pimp])S)D,(((Solyc09g090440.1.1[&&NHX:species=Tomato],Sopen09g033360.1[&&NHX:species=S. Pennelli],PGSC0003DMP400030059[&&NHX:species=Potato],Capana03g003891[&&NHX:species=Dom. pepper],Capang03g003778[&&NHX:species=Wild pepper])S,(PGSC0003DMP400005150[&&NHX:species=Potato],SPI04g00195.1[&&NHX:species=S. pimp],Capana01g000619[&&NHX:species=Dom. pepper],SLYcer04g00224.1[&&NHX:species=Tomato Cherry],Capang01g000556[&&NHX:species=Wild pepper],Sopen04g001480.1[&&NHX:species=S. Pennelli],Solyc04g005460.1.1[&&NHX:species=Tomato])S)D,(Capang03g000948[&&NHX:species=Wild pepper],Capana03g001002[&&NHX:species=Dom. pepper],Sopen03g033060.1[&&NHX:species=S. Pennelli],Solyc03g114010.3.1[&&NHX:species=Tomato],PGSC0003DMP400042340[&&NHX:species=Potato],SPI03g04632.1[&&NHX:species=S. pimp],SLYcer03g04580.1[&&NHX:species=Tomato Cherry])S)D,((((SLYcer01g06993.1[&&NHX:species=Tomato Cherry],PGSC0003DMP400000165[&&NHX:species=Potato],Sopen01g038950.1[&&NHX:species=S. Pennelli],Capang01g000352[&&NHX:species=Wild pepper],SPI01g07243.1[&&NHX:species=S. pimp],Capana01g000382[&&NHX:species=Dom. pepper],Solyc01g095160.3.1[&&NHX:species=Tomato])S,(SPI04g00501.1[&&NHX:species=S. pimp],SLYcer04g00526.1[&&NHX:species=Tomato Cherry],PGSC0003DMP400020388[&&NHX:species=Potato],Capang05g000513[&&NHX:species=Wild pepper],Capana05g000602[&&NHX:species=Dom. pepper],Sopen04g004180.1[&&NHX:species=S. Pennelli],Solyc04g009000.1.1[&&NHX:species=Tomato])S)D,(Sopen01g040170.1[&&NHX:species=S. Pennelli],SLYcer11g01052.1[&&NHX:species=Tomato Cherry],PGSC0003DMP400009562[&&NHX:species=Potato],SPI01g07370.1[&&NHX:species=S. pimp],Capang00g002014[&&NHX:species=Wild pepper],Solyc01g096440.4.1[&&NHX:species=Tomato],Capana00g002848[&&NHX:species=Dom. pepper])S)D,((Capang09g001753[&&NHX:species=Wild pepper],SLYcer09g00432.1[&&NHX:species=Tomato Cherry],SPI09g00344.1[&&NHX:species=S. pimp],Solyc09g008300.2.1[&&NHX:species=Tomato],Sopen09g003120.1[&&NHX:species=S. Pennelli],PGSC0003DMP400067706[&&NHX:species=Potato],Capana09g002240[&&NHX:species=Dom. pepper])S,((Sopen11g021170.1[&&NHX:species=S. Pennelli],Sopen03g023970.1[&&NHX:species=S. Pennelli])D,Sopen10g017350.1[&&NHX:species=S. Pennelli])D)D)D,(SLYcer11g00706.1[&&NHX:species=Tomato Cherry],SPI11g00858.1[&&NHX:species=S. pimp],Capang12g002477[&&NHX:species=Wild pepper],PGSC0003DMP400023456[&&NHX:species=Potato],Sopen11g006690.1[&&NHX:species=S. Pennelli],Capana12g002829[&&NHX:species=Dom. pepper],Solyc11g011860.1.1[&&NHX:species=Tomato])S,(((SPI04g04007.1[&&NHX:species=S. pimp],SLYcer04g04379.1[&&NHX:species=Tomato Cherry],Solyc04g064450.1.1[&&NHX:species=Tomato])S,SPI04g03999.1[&&NHX:species=S. pimp])D,(((Sopen04g026410.1[&&NHX:species=S. Pennelli],PGSC0003DMP400060635[&&NHX:species=Potato])S,(Capang00g003543[&&NHX:species=Wild pepper],SPI04g04005.1[&&NHX:species=S. pimp],SLYcer04g04377.1[&&NHX:species=Tomato Cherry],Solyc04g063400.3.1[&&NHX:species=Tomato],PGSC0003DMP400043045[&&NHX:species=Potato])S)D,SPI04g04008.1[&&NHX:species=S. pimp])D)D,(((Solyc07g042760.1.1[&&NHX:species=Tomato],Capana00g003190[&&NHX:species=Dom. pepper],SPI07g04501.1[&&NHX:species=S. pimp],SLYcer07g03789.1[&&NHX:species=Tomato Cherry],PGSC0003DMP400060767[&&NHX:species=Potato],Capang01g002811[&&NHX:species=Wild pepper],Sopen07g022420.1[&&NHX:species=S. Pennelli])S,((Solyc11g062250.2.1[&&NHX:species=Tomato],SLYcer11g03411.1[&&NHX:species=Tomato Cherry],PGSC0003DMP400055520[&&NHX:species=Potato],Capang11g001117[&&NHX:species=Wild pepper],SPI11g03484.1[&&NHX:species=S. pimp],Capana11g001127[&&NHX:species=Dom. pepper],Sopen11g024230.1[&&NHX:species=S. Pennelli])S,Sopen04g023880.1[&&NHX:species=S. Pennelli])D)D,(((Sopen03g033730.1[&&NHX:species=S. Pennelli],(PGSC0003DMP400042412[&&NHX:species=Potato],PGSC0003DMP400042414[&&NHX:species=Potato])D,SPI03g04713.1[&&NHX:species=S. pimp],SLYcer03g04657.1[&&NHX:species=Tomato Cherry],Capang03g000862[&&NHX:species=Wild pepper],Capana03g000924[&&NHX:species=Dom. pepper],Solyc03g114660.1.1[&&NHX:species=Tomato])S,((SPI01g06579.1[&&NHX:species=S. pimp],Sopen01g032860.1[&&NHX:species=S. Pennelli],Capang08g000216[&&NHX:species=Wild pepper],PGSC0003DMP400003194[&&NHX:species=Potato],Solyc01g081290.4.1[&&NHX:species=Tomato],Capana01g003294[&&NHX:species=Dom. pepper])S,(SPI11g00480.1[&&NHX:species=S. pimp],Sopen02g018640.1[&&NHX:species=S. Pennelli],Capang02g001164[&&NHX:species=Wild pepper],Capana02g001327[&&NHX:species=Dom. pepper],Solyc02g069500.1.1[&&NHX:species=Tomato],PGSC0003DMP400036756[&&NHX:species=Potato])S)D)D,((Sopen12g034480.1[&&NHX:species=S. Pennelli],Capang00g000470[&&NHX:species=Wild pepper],Solyc12g099850.1.1[&&NHX:species=Tomato],SLYcer12g05187.1[&&NHX:species=Tomato Cherry],PGSC0003DMP400065103[&&NHX:species=Potato])S,Capang00g002723[&&NHX:species=Wild pepper])D)D)D,(SLYcer02g05263.1[&&NHX:species=Tomato Cherry],Capang02g003067[&&NHX:species=Wild pepper],SPI02g04188.1[&&NHX:species=S. pimp],PGSC0003DMP400002423[&&NHX:species=Potato],Sopen02g033180.1[&&NHX:species=S. Pennelli],Solyc02g088470.1.1[&&NHX:species=Tomato],Capana02g003331[&&NHX:species=Dom. pepper])S,((Solyc04g074160.3.1[&&NHX:species=Tomato],SPI04g04505.1[&&NHX:species=S. pimp],PGSC0003DMP400011364[&&NHX:species=Potato],Capang04g000997[&&NHX:species=Wild pepper],Capana04g001060[&&NHX:species=Dom. pepper],Sopen00g007410.1[&&NHX:species=S. Pennelli])S,(Sopen09g022760.1[&&NHX:species=S. Pennelli],SLYcer09g03070.1[&&NHX:species=Tomato Cherry],Capana11g000707[&&NHX:species=Dom. pepper],Solyc09g059575.1.1[&&NHX:species=Tomato],PGSC0003DMP400067521[&&NHX:species=Potato],Capang11g000656[&&NHX:species=Wild pepper],SPI09g02999.1[&&NHX:species=S. pimp])S)D,((((PGSC0003DMP400039154[&&NHX:species=Potato],(Solyc05g006800.2.1[&&NHX:species=Tomato],PGSC0003DMP400039153[&&NHX:species=Potato],SPI05g00327.1[&&NHX:species=S. pimp],Sopen05g002740.1[&&NHX:species=S. Pennelli],SLYcer05g00298.1[&&NHX:species=Tomato Cherry])S)D,Capang11g001488[&&NHX:species=Wild pepper])S,(Solyc09g075170.1.1[&&NHX:species=Tomato],Sopen09g029990.1[&&NHX:species=S. Pennelli],PGSC0003DMP400055115[&&NHX:species=Potato],Capang03g003543[&&NHX:species=Wild pepper],SLYcer09g04364.1[&&NHX:species=Tomato Cherry],Capana03g003635[&&NHX:species=Dom. pepper],SPI09g04158.1[&&NHX:species=S. pimp])S)D,((Solyc11g012570.3.1[&&NHX:species=Tomato],Sopen11g007300.1[&&NHX:species=S. Pennelli],Capana12g002865[&&NHX:species=Dom. pepper],Capang12g002508[&&NHX:species=Wild pepper])S,((Capana09g001472[&&NHX:species=Dom. pepper],PGSC0003DMP400023646[&&NHX:species=Potato],Capang09g001039[&&NHX:species=Wild pepper])S,PGSC0003DMP400007030[&&NHX:species=Potato])D)D)D,(Capana09g002018[&&NHX:species=Dom. pepper],SPI09g00141.1[&&NHX:species=S. pimp],Capang09g001552[&&NHX:species=Wild pepper],SLYcer09g00250.1[&&NHX:species=Tomato Cherry],Sopen09g001600.1[&&NHX:species=S. Pennelli],PGSC0003DMP400068524[&&NHX:species=Potato],Solyc09g005710.3.1[&&NHX:species=Tomato])S,((SLYcer07g01538.1[&&NHX:species=Tomato Cherry],(SPI07g02986.1[&&NHX:species=S. pimp],Solyc07g021070.1.1[&&NHX:species=Tomato],SLYcer07g01540.1[&&NHX:species=Tomato Cherry])S)D,(SPI07g02994.1[&&NHX:species=S. pimp],SLYcer07g01548.1[&&NHX:species=Tomato Cherry])S,((Solyc07g021100.1.1[&&NHX:species=Tomato],SPI07g02988.1[&&NHX:species=S. pimp],SLYcer07g01542.1[&&NHX:species=Tomato Cherry])S,SPI07g02984.1[&&NHX:species=S. pimp])D,(SLYcer11g02159.1[&&NHX:species=Tomato Cherry],SPI11g02200.1[&&NHX:species=S. pimp])S)D,(PGSC0003DMP400049973[&&NHX:species=Potato],Capang12g001799[&&NHX:species=Wild pepper],Capana12g002109[&&NHX:species=Dom. pepper],Solyc11g005960.1.1[&&NHX:species=Tomato],SLYcer11g00191.1[&&NHX:species=Tomato Cherry],SPI11g00346.1[&&NHX:species=S. pimp],Sopen11g001900.1[&&NHX:species=S. Pennelli])S,(((SPI07g05484.1[&&NHX:species=S. pimp],Capang11g001563[&&NHX:species=Wild pepper])S,(SLYcer05g02540.1[&&NHX:species=Tomato Cherry],SPI05g03129.1[&&NHX:species=S. pimp])S)D,(Capang00g004466[&&NHX:species=Wild pepper],PGSC0003DMP400039664[&&NHX:species=Potato])S,(PGSC0003DMP400036519[&&NHX:species=Potato],Sopen07g012590.1[&&NHX:species=S. Pennelli],Capana00g002903[&&NHX:species=Dom. pepper])S,((SLYcer09g02879.1[&&NHX:species=Tomato Cherry],Capana03g003808[&&NHX:species=Dom. pepper])S,((((SLYcer09g02878.1[&&NHX:species=Tomato Cherry],SPI09g02806.1[&&NHX:species=S. pimp],Capang03g003898[&&NHX:species=Wild pepper])S,Capang00g004749[&&NHX:species=Wild pepper])D,(Capang03g004179[&&NHX:species=Wild pepper],Capana00g002425[&&NHX:species=Dom. pepper])S)D,Capana02g002701[&&NHX:species=Dom. pepper],Capana03g003810[&&NHX:species=Dom. pepper])D)D,((PGSC0003DMP400054541[&&NHX:species=Potato],Capana00g002423[&&NHX:species=Dom. pepper],SPI10g03346.1[&&NHX:species=S. pimp])S,(PGSC0003DMP400015552[&&NHX:species=Potato],SLYcer09g00884.1[&&NHX:species=Tomato Cherry])S)D,(Solyc05g013225.1.1[&&NHX:species=Tomato],Sopen05g007970.1[&&NHX:species=S. Pennelli],Capana11g001361[&&NHX:species=Dom. pepper],SPI05g01008.1[&&NHX:species=S. pimp],SLYcer05g00947.1[&&NHX:species=Tomato Cherry])S)D,((SLYcer03g05261.1[&&NHX:species=Tomato Cherry],PGSC0003DMP400054739[&&NHX:species=Potato])S,(SPI06g03722.1[&&NHX:species=S. pimp],PGSC0003DMP400042240[&&NHX:species=Potato],Capana06g001806[&&NHX:species=Dom. pepper],Sopen06g020170.1[&&NHX:species=S. Pennelli],SLYcer06g03819.1[&&NHX:species=Tomato Cherry],Capang06g001696[&&NHX:species=Wild pepper],Solyc06g060050.1.1[&&NHX:species=Tomato])S)D,((((Solyc12g036530.1.1[&&NHX:species=Tomato],SLYcer12g03302.1[&&NHX:species=Tomato Cherry],PGSC0003DMP400013636[&&NHX:species=Potato],SPI12g03280.1[&&NHX:species=S. pimp])S,(Capang01g001781[&&NHX:species=Wild pepper],Capana01g002085[&&NHX:species=Dom. pepper],((PGSC0003DMP400031245[&&NHX:species=Potato],PGSC0003DMP400031244[&&NHX:species=Potato])D,PGSC0003DMP400013632[&&NHX:species=Potato])D,Sopen12g017160.1[&&NHX:species=S. Pennelli])S)D,(PGSC0003DMP400013633[&&NHX:species=Potato],SLYcer01g02916.1[&&NHX:species=Tomato Cherry],SPI01g03007.1[&&NHX:species=S. pimp])S)D,(Capang04g001802[&&NHX:species=Wild pepper],Capana00g000351[&&NHX:species=Dom. pepper],SLYcer09g05148.1[&&NHX:species=Tomato Cherry])S,((((SLYcer09g03502.1[&&NHX:species=Tomato Cherry],SPI09g03394.1[&&NHX:species=S. pimp],Solyc09g063050.2.1[&&NHX:species=Tomato])S,(SLYcer09g01172.1[&&NHX:species=Tomato Cherry],Sopen06g001050.1[&&NHX:species=S. Pennelli],SPI09g01058.1[&&NHX:species=S. pimp],Capana00g005026[&&NHX:species=Dom. pepper])S)D,(SLYcer01g06303.1[&&NHX:species=Tomato Cherry],Capana12g000678[&&NHX:species=Dom. pepper],PGSC0003DMP400022649[&&NHX:species=Potato])S)D,(SPI03g02281.1[&&NHX:species=S. pimp],SLYcer03g02152.1[&&NHX:species=Tomato Cherry])S)D,(((SLYcer01g06302.1[&&NHX:species=Tomato Cherry],Capang10g001044[&&NHX:species=Wild pepper])S,(Capana01g003463[&&NHX:species=Dom. pepper],Capang08g000413[&&NHX:species=Wild pepper])S)D,(Capang01g002915[&&NHX:species=Wild pepper],Capang05g000949[&&NHX:species=Wild pepper])D)D,(((Solyc11g044490.1.1[&&NHX:species=Tomato],SLYcer11g02710.1[&&NHX:species=Tomato Cherry],SPI11g02769.1[&&NHX:species=S. pimp])S,(SLYcer04g01460.1[&&NHX:species=Tomato Cherry],SPI04g01195.1[&&NHX:species=S. pimp])S,(SLYcer09g01972.1[&&NHX:species=Tomato Cherry],SPI09g01858.1[&&NHX:species=S. pimp])S)D,Capang07g001804[&&NHX:species=Wild pepper])S,(((SLYcer02g00056.1[&&NHX:species=Tomato Cherry],Solyc09g042720.1.1[&&NHX:species=Tomato])S,(Solyc11g039690.1.1[&&NHX:species=Tomato],SPI02g00064.1[&&NHX:species=S. pimp])S)D,(SPI11g02854.1[&&NHX:species=S. pimp],Solyc11g042970.1.1[&&NHX:species=Tomato],SLYcer11g02794.1[&&NHX:species=Tomato Cherry])S)D,((Sopen11g010950.1[&&NHX:species=S. Pennelli],Solyc03g063380.3.1[&&NHX:species=Tomato])S,(SLYcer06g04813.1[&&NHX:species=Tomato Cherry],Solyc06g072560.2.1[&&NHX:species=Tomato])S,((SPI03g03122.1[&&NHX:species=S. pimp],SLYcer03g03021.1[&&NHX:species=Tomato Cherry],Solyc03g078140.1.1[&&NHX:species=Tomato])S,Solyc09g014260.1.1[&&NHX:species=Tomato])D,(Solyc03g034290.2.1[&&NHX:species=Tomato],((SLYcer03g00955.1[&&NHX:species=Tomato Cherry],SPI03g01118.1[&&NHX:species=S. pimp])S,SPI06g04673.1[&&NHX:species=S. pimp])D)S)D,(((Capana00g003971[&&NHX:species=Dom. pepper],Capang09g001000[&&NHX:species=Wild pepper])S,Capana03g004361[&&NHX:species=Dom. pepper])D,Capana01g003472[&&NHX:species=Dom. pepper])D,((SPI04g01184.1[&&NHX:species=S. pimp],SLYcer04g01450.1[&&NHX:species=Tomato Cherry],Solyc09g014270.1.1[&&NHX:species=Tomato])S,(SPI03g02280.1[&&NHX:species=S. pimp],SLYcer03g02151.1[&&NHX:species=Tomato Cherry])S)D,((((((PGSC0003DMP400003208[&&NHX:species=Potato],PGSC0003DMP400003209[&&NHX:species=Potato])D,PGSC0003DMP400003210[&&NHX:species=Potato])D,Sopen01g032600.1[&&NHX:species=S. Pennelli],Solyc01g081020.1.1[&&NHX:species=Tomato],SPI01g06553.1[&&NHX:species=S. pimp],SLYcer01g06271.1[&&NHX:species=Tomato Cherry])S,PGSC0003DMP400003207[&&NHX:species=Potato])D,Capang08g000256[&&NHX:species=Wild pepper])S,(PGSC0003DMP400041195[&&NHX:species=Potato],Capana03g000304[&&NHX:species=Dom. pepper])S)D)D,(((PGSC0003DMP400059731[&&NHX:species=Potato],SLYcer07g01273.1[&&NHX:species=Tomato Cherry])S,((PGSC0003DMP400061459[&&NHX:species=Potato],PGSC0003DMP400043035[&&NHX:species=Potato])D,Sopen04g026400.1[&&NHX:species=S. Pennelli],SPI04g04010.1[&&NHX:species=S. pimp],SLYcer04g04383.1[&&NHX:species=Tomato Cherry])S,((Capang00g000488[&&NHX:species=Wild pepper],Capang09g001897[&&NHX:species=Wild pepper])D,Capana00g002268[&&NHX:species=Dom. pepper],Sopen09g004220.1[&&NHX:species=S. Pennelli])S,(PGSC0003DMP400004838[&&NHX:species=Potato],Capang09g001900[&&NHX:species=Wild pepper],SPI09g00487.1[&&NHX:species=S. pimp],SLYcer09g00599.1[&&NHX:species=Tomato Cherry])S,(Capang07g000866[&&NHX:species=Wild pepper],Capana04g000810[&&NHX:species=Dom. pepper])S)D,((SLYcer04g04384.1[&&NHX:species=Tomato Cherry],(PGSC0003DMP400043028[&&NHX:species=Potato],PGSC0003DMP400043032[&&NHX:species=Potato])D,Sopen04g026420.1[&&NHX:species=S. Pennelli],SPI04g04011.1[&&NHX:species=S. pimp])S,((Capana06g001792[&&NHX:species=Dom. pepper],Capang06g001684[&&NHX:species=Wild pepper],PGSC0003DMP400053554[&&NHX:species=Potato])S,Capang06g001683[&&NHX:species=Wild pepper])D)D,((((SLYcer04g04367.1[&&NHX:species=Tomato Cherry],((SLYcer04g04375.1[&&NHX:species=Tomato Cherry],SLYcer04g04371.1[&&NHX:species=Tomato Cherry])D,SPI04g04003.1[&&NHX:species=S. pimp])S)D,PGSC0003DMP400043043[&&NHX:species=Potato],Sopen04g026380.1[&&NHX:species=S. Pennelli])S,((SLYcer04g04361.1[&&NHX:species=Tomato Cherry],(((SLYcer04g04369.1[&&NHX:species=Tomato Cherry],SPI04g04001.1[&&NHX:species=S. pimp])S,SLYcer04g04365.1[&&NHX:species=Tomato Cherry])D,(PGSC0003DMP400043044[&&NHX:species=Potato],((PGSC0003DMP400038216[&&NHX:species=Potato],Solyc04g063415.1.1[&&NHX:species=Tomato])S,Solyc04g064440.1.1[&&NHX:species=Tomato])D)D)S)D,((SLYcer04g04352.1[&&NHX:species=Tomato Cherry],Capana00g004435[&&NHX:species=Dom. pepper],SPI04g03992.1[&&NHX:species=S. pimp],Sopen04g026320.1[&&NHX:species=S. Pennelli])S,Capana04g001487[&&NHX:species=Dom. pepper])D)D)D,(SLYcer04g04380.1[&&NHX:species=Tomato Cherry],Solyc04g064460.2.1[&&NHX:species=Tomato])S)D,((((SPI06g03700.1[&&NHX:species=S. pimp],Capang06g001686[&&NHX:species=Wild pepper],Capana06g001796[&&NHX:species=Dom. pepper],PGSC0003DMP400067721[&&NHX:species=Potato])S,(SLYcer06g03800.1[&&NHX:species=Tomato Cherry],PGSC0003DMP400023092[&&NHX:species=Potato],Sopen06g019900.1[&&NHX:species=S. Pennelli],Solyc06g059810.1.1[&&NHX:species=Tomato],SPI06g03702.1[&&NHX:species=S. pimp],Capang06g001681[&&NHX:species=Wild pepper],Capana06g001791[&&NHX:species=Dom. pepper])S)D,((Capana06g001798[&&NHX:species=Dom. pepper],SLYcer06g03799.1[&&NHX:species=Tomato Cherry],Solyc06g059820.1.1[&&NHX:species=Tomato])S,(Capang06g001687[&&NHX:species=Wild pepper],PGSC0003DMP400053555[&&NHX:species=Potato],Capana06g001797[&&NHX:species=Dom. pepper],Sopen06g019890.1[&&NHX:species=S. Pennelli])S,Capana06g001789[&&NHX:species=Dom. pepper])D)D,((SPI04g03998.1[&&NHX:species=S. pimp],SLYcer04g04360.1[&&NHX:species=Tomato Cherry])S,SLYcer04g04363.1[&&NHX:species=Tomato Cherry])D)D,((((SLYcer04g04356.1[&&NHX:species=Tomato Cherry],SPI04g03995.1[&&NHX:species=S. pimp])S,SPI06g03701.1[&&NHX:species=S. pimp],SLYcer04g04373.1[&&NHX:species=Tomato Cherry])D,Capang03g003336[&&NHX:species=Wild pepper],Solyc04g063430.3.1[&&NHX:species=Tomato])S,(Capang10g000342[&&NHX:species=Wild pepper],Capana10g000451[&&NHX:species=Dom. pepper])S,(((Capana08g001453[&&NHX:species=Dom. pepper],Capang01g004015[&&NHX:species=Wild pepper])S,Capana08g001442[&&NHX:species=Dom. pepper])D,SPI04g04006.1[&&NHX:species=S. pimp],Sopen00g012750.1[&&NHX:species=S. Pennelli],SLYcer04g04378.1[&&NHX:species=Tomato Cherry])S,((SLYcer04g04353.1[&&NHX:species=Tomato Cherry],Capang00g003542[&&NHX:species=Wild pepper])S,(Solyc04g063410.1.1[&&NHX:species=Tomato],SLYcer04g04364.1[&&NHX:species=Tomato Cherry])S)D)D,(SLYcer11g02594.1[&&NHX:species=Tomato Cherry],SPI11g02650.1[&&NHX:species=S. pimp],Capana04g000359[&&NHX:species=Dom. pepper])S,((((Sopen04g026360.1[&&NHX:species=S. Pennelli],Sopen04g026370.1[&&NHX:species=S. Pennelli])D,((SLYcer04g04358.1[&&NHX:species=Tomato Cherry],SPI04g03997.1[&&NHX:species=S. pimp])S,SLYcer04g04366.1[&&NHX:species=Tomato Cherry])D)S,(SLYcer04g04374.1[&&NHX:species=Tomato Cherry],(SPI04g04004.1[&&NHX:species=S. pimp],SPI04g04002.1[&&NHX:species=S. pimp])D)S)D,((Capang10g000198[&&NHX:species=Wild pepper],Capang04g000817[&&NHX:species=Wild pepper])D,(((SLYcer04g04376.1[&&NHX:species=Tomato Cherry],SLYcer04g04372.1[&&NHX:species=Tomato Cherry])D,SLYcer04g04370.1[&&NHX:species=Tomato Cherry:length=-0.03205])D,SLYcer04g04368.1[&&NHX:species=Tomato Cherry])D,Sopen00g007910.1[&&NHX:species=S. Pennelli],PGSC0003DMP400060838[&&NHX:species=Potato],SPI04g04000.1[&&NHX:species=S. pimp])S)D)D,((SLYcer03g02139.1[&&NHX:species=Tomato Cherry],Solyc03g058320.1.1[&&NHX:species=Tomato],Capana02g003298[&&NHX:species=Dom. pepper])S,((SPI03g04277.1[&&NHX:species=S. pimp],PGSC0003DMP400026698[&&NHX:species=Potato],Sopen03g029630.1[&&NHX:species=S. Pennelli],SLYcer03g04218.1[&&NHX:species=Tomato Cherry],Capang03g001359[&&NHX:species=Wild pepper],Capana03g001424[&&NHX:species=Dom. pepper])S,SPI03g04278.1[&&NHX:species=S. pimp])D,(((Solyc09g092150.1.1[&&NHX:species=Tomato],PGSC0003DMP400045875[&&NHX:species=Potato],Capang05g000089[&&NHX:species=Wild pepper],SPI09g04837.1[&&NHX:species=S. pimp],Sopen09g035030.1[&&NHX:species=S. Pennelli],Capana03g004319[&&NHX:species=Dom. pepper],SLYcer09g05163.1[&&NHX:species=Tomato Cherry])S,(PGSC0003DMP400005321[&&NHX:species=Potato],Capang05g000008[&&NHX:species=Wild pepper])S)D,(PGSC0003DMP400005763[&&NHX:species=Potato],Sopen07g001300.1[&&NHX:species=S. Pennelli])S)D,(Capang11g002201[&&NHX:species=Wild pepper],Capana11g002308[&&NHX:species=Dom. pepper],PGSC0003DMP400025658[&&NHX:species=Potato],Sopen05g005200.1[&&NHX:species=S. Pennelli],SLYcer05g00590.1[&&NHX:species=Tomato Cherry],Solyc05g009400.3.1[&&NHX:species=Tomato])S,(SLYcer01g07514.1[&&NHX:species=Tomato Cherry],PGSC0003DMP400005074[&&NHX:species=Potato],Capang01g004148[&&NHX:species=Wild pepper],Solyc01g100340.4.1[&&NHX:species=Tomato],Sopen01g043860.1[&&NHX:species=S. Pennelli],Capana08g001597[&&NHX:species=Dom. pepper],SPI01g07756.1[&&NHX:species=S. pimp])S,(((Sopen01g039950.1[&&NHX:species=S. Pennelli],Capana08g001118[&&NHX:species=Dom. pepper],Capang07g002491[&&NHX:species=Wild pepper],PGSC0003DMP400000508[&&NHX:species=Potato])S,Capana00g001917[&&NHX:species=Dom. pepper])D,Capana00g001978[&&NHX:species=Dom. pepper])D,(SLYcer11g00544.1[&&NHX:species=Tomato Cherry],Solyc11g010220.2.1[&&NHX:species=Tomato],PGSC0003DMP400028215[&&NHX:species=Potato],SPI11g00685.1[&&NHX:species=S. pimp],Capana12g002665[&&NHX:species=Dom. pepper],Sopen11g005000.1[&&NHX:species=S. Pennelli],Capang12g002308[&&NHX:species=Wild pepper])S,((PGSC0003DMP400043006[&&NHX:species=Potato],Capana04g001411[&&NHX:species=Dom. pepper],Capang04g001348[&&NHX:species=Wild pepper])S,(SPI04g04032.1[&&NHX:species=S. pimp],PGSC0003DMP400043007[&&NHX:species=Potato],Solyc04g064650.1.1[&&NHX:species=Tomato])S)D)D,((((Capang03g004147[&&NHX:species=Wild pepper],SPI09g04824.1[&&NHX:species=S. pimp],Solyc09g092050.4.1[&&NHX:species=Tomato],PGSC0003DMP400045856[&&NHX:species=Potato],Capana03g004333[&&NHX:species=Dom. pepper],Sopen09g034930.1[&&NHX:species=S. Pennelli])S,(Capang06g001016[&&NHX:species=Wild pepper],Sopen06g026080.1[&&NHX:species=S. Pennelli],SPI06g04373.1[&&NHX:species=S. pimp],Capana06g001067[&&NHX:species=Dom. pepper],Solyc06g068810.4.1[&&NHX:species=Tomato],PGSC0003DMP400044344[&&NHX:species=Potato],SLYcer06g04514.1[&&NHX:species=Tomato Cherry])S)D,(SLYcer03g04880.1[&&NHX:species=Tomato Cherry],PGSC0003DMP400034420[&&NHX:species=Potato],Capana03g000466[&&NHX:species=Dom. pepper],Sopen03g035770.1[&&NHX:species=S. Pennelli],Capang03g000425[&&NHX:species=Wild pepper],Solyc03g116840.3.1[&&NHX:species=Tomato],SPI03g04936.1[&&NHX:species=S. pimp])S)D,(Sopen09g031050.1[&&NHX:species=S. Pennelli],PGSC0003DMP400055467[&&NHX:species=Potato],SLYcer09g04720.1[&&NHX:species=Tomato Cherry],SPI09g04373.1[&&NHX:species=S. pimp],Solyc09g082170.4.1[&&NHX:species=Tomato])S)D,(((Sopen03g029650.1[&&NHX:species=S. Pennelli],SLYcer03g04221.1[&&NHX:species=Tomato Cherry],SPI03g04280.1[&&NHX:species=S. pimp],PGSC0003DMP400026801[&&NHX:species=Potato])S,(PGSC0003DMP400044422[&&NHX:species=Potato],Sopen03g029100.1[&&NHX:species=S. Pennelli])S)D,(PGSC0003DMP400031215[&&NHX:species=Potato],Capang03g001504[&&NHX:species=Wild pepper],SPI03g04189.1[&&NHX:species=S. pimp],SLYcer03g04126.1[&&NHX:species=Tomato Cherry],Capana03g001591[&&NHX:species=Dom. pepper])S,((SPI04g02389.1[&&NHX:species=S. pimp],SLYcer04g02610.1[&&NHX:species=Tomato Cherry])S,(Sopen09g026700.1[&&NHX:species=S. Pennelli],SPI10g03275.1[&&NHX:species=S. pimp],SLYcer10g04778.1[&&NHX:species=Tomato Cherry],PGSC0003DMP400044418[&&NHX:species=Potato])S,(SLYcer03g04158.1[&&NHX:species=Tomato Cherry],SPI03g04220.1[&&NHX:species=S. pimp])S,(SLYcer04g01989.1[&&NHX:species=Tomato Cherry],SPI04g01771.1[&&NHX:species=S. pimp])S)D,(SPI03g04223.1[&&NHX:species=S. pimp],SLYcer03g04161.1[&&NHX:species=Tomato Cherry])S,(((Capana03g001547[&&NHX:species=Dom. pepper],Capang03g001469[&&NHX:species=Wild pepper])S,((((Capang03g001476[&&NHX:species=Wild pepper],SPI03g04224.1[&&NHX:species=S. pimp])S,Capang03g001480[&&NHX:species=Wild pepper])D,(PGSC0003DMP400044421[&&NHX:species=Potato],Sopen09g026680.1[&&NHX:species=S. Pennelli],SPI09g03545.1[&&NHX:species=S. pimp])S)D,(SLYcer03g04219.1[&&NHX:species=Tomato Cherry],PGSC0003DMP400026697[&&NHX:species=Potato])S)D)D,(Capang03g001540[&&NHX:species=Wild pepper],(SLYcer03g04162.1[&&NHX:species=Tomato Cherry],SLYcer09g03648.1[&&NHX:species=Tomato Cherry])D)S)D,(SLYcer10g04774.1[&&NHX:species=Tomato Cherry],SPI10g03270.1[&&NHX:species=S. pimp])S)D,(((Solyc06g064600.1.1[&&NHX:species=Tomato],SPI06g04019.1[&&NHX:species=S. pimp],Sopen06g023080.1[&&NHX:species=S. Pennelli],SLYcer06g04151.1[&&NHX:species=Tomato Cherry],Capana01g002444[&&NHX:species=Dom. pepper],PGSC0003DMP400055927[&&NHX:species=Potato])S,(Capang01g002111[&&NHX:species=Wild pepper],(Capang11g001541[&&NHX:species=Wild pepper],Capana11g001586[&&NHX:species=Dom. pepper])S)D)D,(Sopen03g038010.1[&&NHX:species=S. Pennelli],SLYcer03g05107.1[&&NHX:species=Tomato Cherry],Capang00g002636[&&NHX:species=Wild pepper],SPI03g05167.1[&&NHX:species=S. pimp],PGSC0003DMP400010182[&&NHX:species=Potato],Solyc03g119120.3.1[&&NHX:species=Tomato])S)D,((SPI07g00817.1[&&NHX:species=S. pimp],PGSC0003DMP400052194[&&NHX:species=Potato],Solyc07g015800.1.1[&&NHX:species=Tomato],Capana00g001037[&&NHX:species=Dom. pepper],Sopen07g005630.1[&&NHX:species=S. Pennelli],Capang00g002829[&&NHX:species=Wild pepper],SLYcer07g00783.1[&&NHX:species=Tomato Cherry])S,((SPI05g04427.1[&&NHX:species=S. pimp],SLYcer10g02536.1[&&NHX:species=Tomato Cherry],((Sopen05g030050.1[&&NHX:species=S. Pennelli],PGSC0003DMP400012800[&&NHX:species=Potato])S,PGSC0003DMP400012797[&&NHX:species=Potato])D,Capana05g002472[&&NHX:species=Dom. pepper],Capang05g002019[&&NHX:species=Wild pepper])S,((((Capana04g002206[&&NHX:species=Dom. pepper],PGSC0003DMP400053503[&&NHX:species=Potato],Capang04g001949[&&NHX:species=Wild pepper])S,Capang02g003173[&&NHX:species=Wild pepper])D,(SLYcer04g04792.1[&&NHX:species=Tomato Cherry],SPI04g04272.1[&&NHX:species=S. pimp],Solyc04g071270.1.1[&&NHX:species=Tomato],Capana04g001355[&&NHX:species=Dom. pepper],Capang04g001294[&&NHX:species=Wild pepper])S)D,(PGSC0003DMP400037810[&&NHX:species=Potato],SLYcer07g00432.1[&&NHX:species=Tomato Cherry],SPI07g00486.1[&&NHX:species=S. pimp])S)D)D)D,((SLYcer02g03651.1[&&NHX:species=Tomato Cherry],Sopen01g036300.1[&&NHX:species=S. Pennelli],Capang08g000421[&&NHX:species=Wild pepper],PGSC0003DMP400045171[&&NHX:species=Potato],Capana01g003471[&&NHX:species=Dom. pepper],Solyc01g090510.2.1[&&NHX:species=Tomato])S,(Solyc01g111430.2.1[&&NHX:species=Tomato],Capang01g005306[&&NHX:species=Wild pepper],Capana08g002721[&&NHX:species=Dom. pepper],SPI01g08745.1[&&NHX:species=S. pimp],SLYcer01g08519.1[&&NHX:species=Tomato Cherry],Sopen01g053490.1[&&NHX:species=S. Pennelli])S,(((Capana06g000238[&&NHX:species=Dom. pepper],PGSC0003DMP400066196[&&NHX:species=Potato],SLYcer06g05347.1[&&NHX:species=Tomato Cherry],Solyc06g082880.2.1[&&NHX:species=Tomato],Sopen06g034240.1[&&NHX:species=S. Pennelli],SPI06g05236.1[&&NHX:species=S. pimp],Capang06g000226[&&NHX:species=Wild pepper])S,Capana03g001282[&&NHX:species=Dom. pepper])D,SPI06g05419.1[&&NHX:species=S. pimp])D,(Capang05g001175[&&NHX:species=Wild pepper],PGSC0003DMP400024214[&&NHX:species=Potato],Solyc05g046280.3.1[&&NHX:species=Tomato],Capana05g001437[&&NHX:species=Dom. pepper],Sopen05g027530.1[&&NHX:species=S. Pennelli])S,(Capana01g001440[&&NHX:species=Dom. pepper],Sopen01g037380.1[&&NHX:species=S. Pennelli],Capang01g001261[&&NHX:species=Wild pepper],Solyc01g091610.1.1[&&NHX:species=Tomato],PGSC0003DMP400048302[&&NHX:species=Potato],SPI01g07030.1[&&NHX:species=S. pimp])S,(Capana11g001893[&&NHX:species=Dom. pepper],Sopen05g007460.1[&&NHX:species=S. Pennelli],Capang11g001847[&&NHX:species=Wild pepper],SLYcer05g00888.1[&&NHX:species=Tomato Cherry],Solyc05g012630.2.1[&&NHX:species=Tomato],SPI05g00939.1[&&NHX:species=S. pimp],(PGSC0003DMP400038211[&&NHX:species=Potato],PGSC0003DMP400049264[&&NHX:species=Potato])D)S,(SPI02g03225.1[&&NHX:species=S. pimp],PGSC0003DMP400038729[&&NHX:species=Potato],Capana02g002064[&&NHX:species=Dom. pepper],Sopen02g024080.1[&&NHX:species=S. Pennelli],SLYcer02g04328.1[&&NHX:species=Tomato Cherry],Capang02g001858[&&NHX:species=Wild pepper],Solyc02g079260.2.1[&&NHX:species=Tomato])S,(Capana06g002693[&&NHX:species=Dom. pepper],SLYcer06g00338.1[&&NHX:species=Tomato Cherry],PGSC0003DMP400003837[&&NHX:species=Potato],Solyc06g005700.1.1[&&NHX:species=Tomato],Capang06g002489[&&NHX:species=Wild pepper],Sopen06g001680.1[&&NHX:species=S. Pennelli])S,(PGSC0003DMP400016306[&&NHX:species=Potato],Sopen11g009290.1[&&NHX:species=S. Pennelli],Capana04g001544[&&NHX:species=Dom. pepper],Solyc11g017370.3.1[&&NHX:species=Tomato],SLYcer11g01055.1[&&NHX:species=Tomato Cherry],Capang04g001457[&&NHX:species=Wild pepper],SPI11g01185.1[&&NHX:species=S. pimp])S,(Capana12g000134[&&NHX:species=Dom. pepper],PGSC0003DMP400008355[&&NHX:species=Potato],SLYcer12g05165.1[&&NHX:species=Tomato Cherry],Solyc12g099620.1.1[&&NHX:species=Tomato],Capang12g000107[&&NHX:species=Wild pepper],SPI12g05115.1[&&NHX:species=S. pimp],Sopen12g034290.1[&&NHX:species=S. Pennelli])S,(PGSC0003DMP400027140[&&NHX:species=Potato],Capana02g000428[&&NHX:species=Dom. pepper],Sopen02g013660.1[&&NHX:species=S. Pennelli],Solyc02g062630.1.1[&&NHX:species=Tomato],SLYcer02g03165.1[&&NHX:species=Tomato Cherry],Capang02g000384[&&NHX:species=Wild pepper],SPI02g02048.1[&&NHX:species=S. pimp])S,((Sopen04g026710.1[&&NHX:species=S. Pennelli],Capang04g001369[&&NHX:species=Wild pepper],Solyc04g064750.2.1[&&NHX:species=Tomato],Capana11g000726[&&NHX:species=Dom. pepper],PGSC0003DMP400042980[&&NHX:species=Potato])S,(Capana02g000789[&&NHX:species=Dom. pepper],SPI02g02304.1[&&NHX:species=S. pimp],SLYcer02g03414.1[&&NHX:species=Tomato Cherry],Solyc02g065560.1.1[&&NHX:species=Tomato],Capang02g000721[&&NHX:species=Wild pepper],Sopen02g015760.1[&&NHX:species=S. Pennelli],PGSC0003DMP400002169[&&NHX:species=Potato])S)D,(Capang12g000794[&&NHX:species=Wild pepper],Solyc06g048900.1.1[&&NHX:species=Tomato],Capana12g000927[&&NHX:species=Dom. pepper],SPI04g01226.1[&&NHX:species=S. pimp],Sopen06g015210.1[&&NHX:species=S. Pennelli],PGSC0003DMP400029116[&&NHX:species=Potato])S)D,(SLYcer01g07473.1[&&NHX:species=Tomato Cherry],Capana08g001656[&&NHX:species=Dom. pepper],SPI01g07795.1[&&NHX:species=S. pimp],Capang01g004219[&&NHX:species=Wild pepper],Sopen01g044300.1[&&NHX:species=S. Pennelli],Solyc01g100800.2.1[&&NHX:species=Tomato],PGSC0003DMP400004944[&&NHX:species=Potato])S,(SPI10g00464.1[&&NHX:species=S. pimp],Capana10g000416[&&NHX:species=Dom. pepper],Capang10g000316[&&NHX:species=Wild pepper],Sopen10g004380.1[&&NHX:species=S. Pennelli],Solyc10g008570.3.1[&&NHX:species=Tomato],PGSC0003DMP400037560[&&NHX:species=Potato],SLYcer10g00603.1[&&NHX:species=Tomato Cherry])S,(((SLYcer11g00516.1[&&NHX:species=Tomato Cherry],PGSC0003DMP400028237[&&NHX:species=Potato],SPI11g00660.1[&&NHX:species=S. pimp],Solyc11g008970.1.1[&&NHX:species=Tomato],Capana12g002636[&&NHX:species=Dom. pepper],Sopen11g004750.1[&&NHX:species=S. Pennelli],Capang12g002279[&&NHX:species=Wild pepper])S,((PGSC0003DMP400016598[&&NHX:species=Potato],PGSC0003DMP400034670[&&NHX:species=Potato])D,((PGSC0003DMP400016597[&&NHX:species=Potato],PGSC0003DMP400034671[&&NHX:species=Potato])D,Sopen07g027350.1[&&NHX:species=S. Pennelli],Capana07g001797[&&NHX:species=Dom. pepper],Solyc07g053380.2.1[&&NHX:species=Tomato],Capang07g001795[&&NHX:species=Wild pepper])S)D)D,(((SPI07g00654.1[&&NHX:species=S. pimp],(PGSC0003DMP400050077[&&NHX:species=Potato],PGSC0003DMP400050078[&&NHX:species=Potato])D,Capana07g000544[&&NHX:species=Dom. pepper],SLYcer07g00610.1[&&NHX:species=Tomato Cherry],Capang07g000571[&&NHX:species=Wild pepper],Sopen07g004820.1[&&NHX:species=S. Pennelli],Solyc07g008890.3.1[&&NHX:species=Tomato])S,(PGSC0003DMP400018017[&&NHX:species=Potato],Sopen03g029290.1[&&NHX:species=S. Pennelli],(Capana03g001507[&&NHX:species=Dom. pepper],Capang03g001436[&&NHX:species=Wild pepper])S)S)D,(Capana04g000811[&&NHX:species=Dom. pepper],Solyc04g076800.3.1[&&NHX:species=Tomato],SPI04g04778.1[&&NHX:species=S. pimp],Capang07g000867[&&NHX:species=Wild pepper],SLYcer04g05288.1[&&NHX:species=Tomato Cherry],Sopen00g004200.1[&&NHX:species=S. Pennelli],PGSC0003DMP400011344[&&NHX:species=Potato])S)D)D,(((PGSC0003DMP400024634[&&NHX:species=Potato],(Sopen10g004410.1[&&NHX:species=S. Pennelli],Capang10g000319[&&NHX:species=Wild pepper],Capana10g000420[&&NHX:species=Dom. pepper],PGSC0003DMP400037558[&&NHX:species=Potato],SPI10g00466.1[&&NHX:species=S. pimp],SLYcer10g00605.1[&&NHX:species=Tomato Cherry],Solyc10g008590.1.1[&&NHX:species=Tomato])S)D,(Solyc11g006940.3.1[&&NHX:species=Tomato],Capana12g002222[&&NHX:species=Dom. pepper],Capang12g001907[&&NHX:species=Wild pepper],Sopen11g002860.1[&&NHX:species=S. Pennelli])S)D,(((SPI04g04735.1[&&NHX:species=S. pimp],Capana07g000607[&&NHX:species=Dom. pepper],SLYcer04g05244.1[&&NHX:species=Tomato Cherry],Capang07g000654[&&NHX:species=Wild pepper])S,(Capang04g000829[&&NHX:species=Wild pepper],PGSC0003DMP400016568[&&NHX:species=Potato],Solyc04g076330.3.1[&&NHX:species=Tomato],Sopen00g008750.1[&&NHX:species=S. Pennelli],Capana04g000865[&&NHX:species=Dom. pepper])S)D,(Solyc01g099000.1.1[&&NHX:species=Tomato],Capana08g001462[&&NHX:species=Dom. pepper],SLYcer01g07652.1[&&NHX:species=Tomato Cherry],Capang01g004024[&&NHX:species=Wild pepper],SPI01g07617.1[&&NHX:species=S. pimp],Sopen01g042570.1[&&NHX:species=S. Pennelli])S)D)D,((SPI06g00112.1[&&NHX:species=S. pimp],Sopen06g001670.1[&&NHX:species=S. Pennelli],Capana06g002697[&&NHX:species=Dom. pepper],SLYcer06g00337.1[&&NHX:species=Tomato Cherry],Solyc06g005690.3.1[&&NHX:species=Tomato],Capang06g002493[&&NHX:species=Wild pepper],PGSC0003DMP400003855[&&NHX:species=Potato])S,(((PGSC0003DMP400032646[&&NHX:species=Potato],Capang01g003033[&&NHX:species=Wild pepper])S,(Capang01g002370[&&NHX:species=Wild pepper],Capana07g001172[&&NHX:species=Dom. pepper])S)D,(((SLYcer07g03785.1[&&NHX:species=Tomato Cherry],Solyc07g042720.1.1[&&NHX:species=Tomato],SPI07g04498.1[&&NHX:species=S. pimp])S,(SPI07g04692.1[&&NHX:species=S. pimp],SLYcer07g03981.1[&&NHX:species=Tomato Cherry])S)D,Capang07g001210[&&NHX:species=Wild pepper])S)D)D,((((Sopen02g004430.1[&&NHX:species=S. Pennelli],PGSC0003DMP400031084[&&NHX:species=Potato],SLYcer02g01364.1[&&NHX:species=Tomato Cherry],Solyc02g011680.4.1[&&NHX:species=Tomato])S,(Sopen12g026290.1[&&NHX:species=S. Pennelli],SPI12g02560.1[&&NHX:species=S. pimp])S)D,Capang07g000333[&&NHX:species=Wild pepper])S,(Solyc01g095600.4.1[&&NHX:species=Tomato],Sopen01g039350.1[&&NHX:species=S. Pennelli],Capana08g001038[&&NHX:species=Dom. pepper],Capang01g003611[&&NHX:species=Wild pepper],SPI01g07289.1[&&NHX:species=S. pimp],SLYcer01g07039.1[&&NHX:species=Tomato Cherry])S,((SPI07g00688.1[&&NHX:species=S. pimp],PGSC0003DMP400041845[&&NHX:species=Potato],Sopen07g017190.1[&&NHX:species=S. Pennelli],Solyc07g009220.2.1[&&NHX:species=Tomato],Capana12g000679[&&NHX:species=Dom. pepper],SLYcer07g00644.1[&&NHX:species=Tomato Cherry],Capang00g005460[&&NHX:species=Wild pepper])S,PGSC0003DMP400038181[&&NHX:species=Potato])D,(Solyc12g062820.3.1[&&NHX:species=Tomato],SPI12g02561.1[&&NHX:species=S. pimp],SLYcer12g02787.1[&&NHX:species=Tomato Cherry])S)D,(((Capana02g002236[&&NHX:species=Dom. pepper],(PGSC0003DMP400031327[&&NHX:species=Potato],PGSC0003DMP400031326[&&NHX:species=Potato])D,Sopen10g006390.1[&&NHX:species=S. Pennelli],Capang00g002059[&&NHX:species=Wild pepper],SPI01g04522.1[&&NHX:species=S. pimp],Solyc01g049810.4.1[&&NHX:species=Tomato])S,(PGSC0003DMP400031141[&&NHX:species=Potato],PGSC0003DMP400031140[&&NHX:species=Potato])D)D,(((Sopen01g006160.1[&&NHX:species=S. Pennelli],SLYcer01g00919.1[&&NHX:species=Tomato Cherry],Solyc01g010510.4.1[&&NHX:species=Tomato],SPI01g00979.1[&&NHX:species=S. pimp],PGSC0003DMP400016987[&&NHX:species=Potato])S,(Capana00g001399[&&NHX:species=Dom. pepper],Sopen01g032720.1[&&NHX:species=S. Pennelli],SPI01g06564.1[&&NHX:species=S. pimp],SLYcer01g06283.1[&&NHX:species=Tomato Cherry],Solyc01g081110.4.1[&&NHX:species=Tomato],PGSC0003DMP400003203[&&NHX:species=Potato])S)D,(Sopen02g025630.1[&&NHX:species=S. Pennelli],Solyc02g080950.3.1[&&NHX:species=Tomato],Capana02g002242[&&NHX:species=Dom. pepper],PGSC0003DMP400028803[&&NHX:species=Potato])S)D,(Capang01g001205[&&NHX:species=Wild pepper],SPI01g07068.1[&&NHX:species=S. pimp],Capana01g001383[&&NHX:species=Dom. pepper],Sopen01g036990.1[&&NHX:species=S. Pennelli],PGSC0003DMP400045021[&&NHX:species=Potato],Solyc01g091240.4.1[&&NHX:species=Tomato],SLYcer01g06793.1[&&NHX:species=Tomato Cherry])S,((PGSC0003DMP400025444[&&NHX:species=Potato],SPI12g03951.1[&&NHX:species=S. pimp],SLYcer12g03996.1[&&NHX:species=Tomato Cherry],Sopen12g021390.1[&&NHX:species=S. Pennelli],Solyc12g042400.1.1[&&NHX:species=Tomato])S,(Solyc02g005280.1.1[&&NHX:species=Tomato],Sopen02g001320.1[&&NHX:species=S. Pennelli],Capana02g000176[&&NHX:species=Dom. pepper],PGSC0003DMP400025594[&&NHX:species=Potato],Capang02g000173[&&NHX:species=Wild pepper],SLYcer02g00359.1[&&NHX:species=Tomato Cherry])S)D,((SLYcer11g00778.1[&&NHX:species=Tomato Cherry],Capana12g002860[&&NHX:species=Dom. pepper],Capang12g002502[&&NHX:species=Wild pepper],PGSC0003DMP400023501[&&NHX:species=Potato],SPI11g00926.1[&&NHX:species=S. pimp])S,(PGSC0003DMP400028837[&&NHX:species=Potato],Capana02g002171[&&NHX:species=Dom. pepper],Solyc02g080350.1.1[&&NHX:species=Tomato],Capang04g002024[&&NHX:species=Wild pepper],Sopen02g025050.1[&&NHX:species=S. Pennelli])S)D,(((PGSC0003DMP400016303[&&NHX:species=Potato],(PGSC0003DMP400016302[&&NHX:species=Potato],PGSC0003DMP400016304[&&NHX:species=Potato])D)D,Capana02g003299[&&NHX:species=Dom. pepper])S,((Capana03g000860[&&NHX:species=Dom. pepper],Sopen01g015270.1[&&NHX:species=S. Pennelli],SLYcer01g02778.1[&&NHX:species=Tomato Cherry],SPI01g02836.1[&&NHX:species=S. pimp],Solyc01g020340.2.1[&&NHX:species=Tomato],PGSC0003DMP400009395[&&NHX:species=Potato])S,((Capana00g001635[&&NHX:species=Dom. pepper],Capana07g001512[&&NHX:species=Dom. pepper],Capana11g000727[&&NHX:species=Dom. pepper],Capana12g000392[&&NHX:species=Dom. pepper],Capana03g001508[&&NHX:species=Dom. pepper])D,PGSC0003DMP400031247[&&NHX:species=Potato])S)D)D,(Capana04g001505[&&NHX:species=Dom. pepper],(Solyc04g063270.2.1[&&NHX:species=Tomato],Capana04g001506[&&NHX:species=Dom. pepper],Capang04g001410[&&NHX:species=Wild pepper],Sopen04g026190.1[&&NHX:species=S. Pennelli],SPI04g03976.1[&&NHX:species=S. pimp],PGSC0003DMP400059436[&&NHX:species=Potato])S,((Capana12g000076[&&NHX:species=Dom. pepper],Capang12g000084[&&NHX:species=Wild pepper])S,(Capang03g004134[&&NHX:species=Wild pepper],Capana12g000102[&&NHX:species=Dom. pepper])S)D,Capana04g001503[&&NHX:species=Dom. pepper])D,((Sopen07g001840.1[&&NHX:species=S. Pennelli],PGSC0003DMP400019684[&&NHX:species=Potato],Capana07g000160[&&NHX:species=Dom. pepper],Solyc07g005740.1.1[&&NHX:species=Tomato])S,(Capang07g000163[&&NHX:species=Wild pepper],Capana07g000161[&&NHX:species=Dom. pepper],PGSC0003DMP400019685[&&NHX:species=Potato])S)D,(((Sopen07g004410.1[&&NHX:species=S. Pennelli],PGSC0003DMP400031411[&&NHX:species=Potato])S,(Solyc07g008480.3.1[&&NHX:species=Tomato],PGSC0003DMP400031410[&&NHX:species=Potato])S)D,Capana07g000486[&&NHX:species=Dom. pepper],SLYcer07g00557.1[&&NHX:species=Tomato Cherry],Capang07g000537[&&NHX:species=Wild pepper])S,(Sopen03g034770.1[&&NHX:species=S. Pennelli],PGSC0003DMP400033923[&&NHX:species=Potato],Capana03g000810[&&NHX:species=Dom. pepper],SPI03g04826.1[&&NHX:species=S. pimp],Solyc03g115790.1.1[&&NHX:species=Tomato])S,((SLYcer04g04339.1[&&NHX:species=Tomato Cherry],Capana03g000809[&&NHX:species=Dom. pepper],Solyc03g115800.1.1[&&NHX:species=Tomato],Sopen03g034780.1[&&NHX:species=S. Pennelli],SPI03g04827.1[&&NHX:species=S. pimp],(PGSC0003DMP400033896[&&NHX:species=Potato],PGSC0003DMP400033897[&&NHX:species=Potato])D)S,((SLYcer07g00198.1[&&NHX:species=Tomato Cherry],Capana11g002105[&&NHX:species=Dom. pepper],Capang09g001038[&&NHX:species=Wild pepper])S,(SPI01g00453.1[&&NHX:species=S. pimp],SLYcer04g04342.1[&&NHX:species=Tomato Cherry],Capana05g000066[&&NHX:species=Dom. pepper])S)D)D,(Solyc02g065030.1.1[&&NHX:species=Tomato],PGSC0003DMP400044178[&&NHX:species=Potato],Capana02g000712[&&NHX:species=Dom. pepper],Capang02g000595[&&NHX:species=Wild pepper],Sopen02g015160.1[&&NHX:species=S. Pennelli])S)D,((((((Sopen12g034230.1[&&NHX:species=S. Pennelli],Solyc12g099550.1.1[&&NHX:species=Tomato],Capang12g000113[&&NHX:species=Wild pepper],PGSC0003DMP400008352[&&NHX:species=Potato])S,PGSC0003DMP400039628[&&NHX:species=Potato],PGSC0003DMP400011156[&&NHX:species=Potato],PGSC0003DMP400057575[&&NHX:species=Potato])D,(Capana12g000140[&&NHX:species=Dom. pepper],SLYcer12g05158.1[&&NHX:species=Tomato Cherry],PGSC0003DMP400008351[&&NHX:species=Potato],SPI12g05108.1[&&NHX:species=S. pimp])S)D,(Capang10g002240[&&NHX:species=Wild pepper],PGSC0003DMP400060279[&&NHX:species=Potato])S)D,Capang12g001797[&&NHX:species=Wild pepper],PGSC0003DMP400062563[&&NHX:species=Potato])D,(((Capang09g000430[&&NHX:species=Wild pepper],Capana09g000478[&&NHX:species=Dom. pepper],PGSC0003DMP400007651[&&NHX:species=Potato])S,((PGSC0003DMP400007644[&&NHX:species=Potato],SPI12g00253.1[&&NHX:species=S. pimp],Solyc12g006130.3.1[&&NHX:species=Tomato],Capana09g000475[&&NHX:species=Dom. pepper],SLYcer12g00206.1[&&NHX:species=Tomato Cherry],Sopen12g002090.1[&&NHX:species=S. Pennelli],Capang09g000429[&&NHX:species=Wild pepper])S,Capana10g001995[&&NHX:species=Dom. pepper])D)D,((Capana01g003285[&&NHX:species=Dom. pepper],Capang08g000230[&&NHX:species=Wild pepper])S,(Capana07g001230[&&NHX:species=Dom. pepper],Capang07g001257[&&NHX:species=Wild pepper])S)D)D,(((PGSC0003DMP400011123[&&NHX:species=Potato],PGSC0003DMP400011158[&&NHX:species=Potato])D,(Capang01g002799[&&NHX:species=Wild pepper],PGSC0003DMP400039629[&&NHX:species=Potato],Capana00g002301[&&NHX:species=Dom. pepper])S)D,(PGSC0003DMP400064028[&&NHX:species=Potato],PGSC0003DMP400067182[&&NHX:species=Potato])D)D,(Capana07g000288[&&NHX:species=Dom. pepper],Capana07g000287[&&NHX:species=Dom. pepper],(Capana07g001886[&&NHX:species=Dom. pepper],Capang07g001879[&&NHX:species=Wild pepper])S,Capana07g000301[&&NHX:species=Dom. pepper])D,((Solyc07g047640.2.1[&&NHX:species=Tomato],SLYcer07g04218.1[&&NHX:species=Tomato Cherry],Capana00g000982[&&NHX:species=Dom. pepper],PGSC0003DMP400010933[&&NHX:species=Potato],Capang07g000289[&&NHX:species=Wild pepper],SPI07g04892.1[&&NHX:species=S. pimp])S,(SLYcer07g00362.1[&&NHX:species=Tomato Cherry],Capana00g001965[&&NHX:species=Dom. pepper])S)D)D,(((((((Sopen07g021720.1[&&NHX:species=S. Pennelli],Solyc07g042130.4.1[&&NHX:species=Tomato],Capana06g000805[&&NHX:species=Dom. pepper],Capang06g000759[&&NHX:species=Wild pepper],PGSC0003DMP400028048[&&NHX:species=Potato])S,(Capang06g000170[&&NHX:species=Wild pepper],PGSC0003DMP400028047[&&NHX:species=Potato],Capana06g000193[&&NHX:species=Dom. pepper])S)D,((Capana08g001391[&&NHX:species=Dom. pepper],Capang01g003962[&&NHX:species=Wild pepper],Sopen01g042040.1[&&NHX:species=S. Pennelli],Solyc01g098480.3.1[&&NHX:species=Tomato],SPI01g07563.1[&&NHX:species=S. pimp],SLYcer01g07704.1[&&NHX:species=Tomato Cherry])S,(Solyc09g010070.1.1[&&NHX:species=Tomato],Sopen09g004810.1[&&NHX:species=S. Pennelli],PGSC0003DMP400015735[&&NHX:species=Potato],Capana09g002435[&&NHX:species=Dom. pepper])S)D)D,(Capang02g000685[&&NHX:species=Wild pepper],Solyc02g065410.3.1[&&NHX:species=Tomato],SLYcer02g03398.1[&&NHX:species=Tomato Cherry],PGSC0003DMP400059346[&&NHX:species=Potato],SPI02g02286.1[&&NHX:species=S. pimp],Sopen02g015610.1[&&NHX:species=S. Pennelli],Capana02g000765[&&NHX:species=Dom. pepper])S)D,(Capang04g000020[&&NHX:species=Wild pepper],(PGSC0003DMP400017685[&&NHX:species=Potato],PGSC0003DMP400017684[&&NHX:species=Potato])D,Sopen04g036510.1[&&NHX:species=S. Pennelli],SLYcer04g05888.1[&&NHX:species=Tomato Cherry],Solyc04g082870.1.1[&&NHX:species=Tomato],Capana04g000029[&&NHX:species=Dom. pepper])S)D,((PGSC0003DMP400030087[&&NHX:species=Potato],PGSC0003DMP400030088[&&NHX:species=Potato])D,Capang03g003736[&&NHX:species=Wild pepper],Capana03g003845[&&NHX:species=Dom. pepper],Sopen09g033130.1[&&NHX:species=S. Pennelli],Solyc09g090220.3.1[&&NHX:species=Tomato])S)D,((((((PGSC0003DMP400031824[&&NHX:species=Potato],Solyc01g102690.4.1[&&NHX:species=Tomato],Sopen01g045100.1[&&NHX:species=S. Pennelli])S,((((PGSC0003DMP400050953[&&NHX:species=Potato],PGSC0003DMP400050954[&&NHX:species=Potato])D,SPI12g04898.1[&&NHX:species=S. pimp],Solyc12g096680.1.1[&&NHX:species=Tomato],Capang12g000322[&&NHX:species=Wild pepper],Sopen12g032510.1[&&NHX:species=S. Pennelli])S,Sopen06g008540.1[&&NHX:species=S. Pennelli])D,((Solyc07g055310.1.1[&&NHX:species=Tomato],Capang07g001802[&&NHX:species=Wild pepper],Sopen07g026910.1[&&NHX:species=S. Pennelli],PGSC0003DMP400030247[&&NHX:species=Potato],Capana07g001805[&&NHX:species=Dom. pepper])S,Capana07g001804[&&NHX:species=Dom. pepper])D)D)D,((PGSC0003DMP400045569[&&NHX:species=Potato],SPI08g05927.1[&&NHX:species=S. pimp],Sopen08g026580.1[&&NHX:species=S. Pennelli],Capang01g000627[&&NHX:species=Wild pepper],Solyc08g078080.2.1[&&NHX:species=Tomato],Capana01g000688[&&NHX:species=Dom. pepper],SLYcer08g06029.1[&&NHX:species=Tomato Cherry])S,(Capang03g000676[&&NHX:species=Wild pepper],PGSC0003DMP400064604[&&NHX:species=Potato],Sopen05g018650.1[&&NHX:species=S. Pennelli],Solyc05g023900.1.1[&&NHX:species=Tomato],Capana03g000646[&&NHX:species=Dom. pepper])S)D)D,(((Capana12g002169[&&NHX:species=Dom. pepper],PGSC0003DMP400013441[&&NHX:species=Potato],Solyc11g006700.1.1[&&NHX:species=Tomato],Sopen11g002630.1[&&NHX:species=S. Pennelli],SLYcer11g00268.1[&&NHX:species=Tomato Cherry],Capang12g001860[&&NHX:species=Wild pepper],SPI11g00419.1[&&NHX:species=S. pimp])S,((PGSC0003DMP400066505[&&NHX:species=Potato],PGSC0003DMP400011514[&&NHX:species=Potato])D,Sopen09g009020.1[&&NHX:species=S. Pennelli],Solyc09g015370.1.1[&&NHX:species=Tomato],SLYcer09g01387.1[&&NHX:species=Tomato Cherry],SPI09g01242.1[&&NHX:species=S. pimp])S)D,((Capana12g002110[&&NHX:species=Dom. pepper],(PGSC0003DMP400049976[&&NHX:species=Potato],PGSC0003DMP400049975[&&NHX:species=Potato])D,Solyc11g005970.1.1[&&NHX:species=Tomato],Sopen11g001910.1[&&NHX:species=S. Pennelli])S,(SLYcer05g00756.1[&&NHX:species=Tomato Cherry],Capana11g002137[&&NHX:species=Dom. pepper],Sopen05g006430.1[&&NHX:species=S. Pennelli],Solyc05g010620.3.1[&&NHX:species=Tomato],(PGSC0003DMP400034156[&&NHX:species=Potato],PGSC0003DMP400034155[&&NHX:species=Potato])D,Capang11g002057[&&NHX:species=Wild pepper],SPI05g00789.1[&&NHX:species=S. pimp])S)D)D)D,(((Capang12g002018[&&NHX:species=Wild pepper],Capana12g002341[&&NHX:species=Dom. pepper])S,(Capana03g004099[&&NHX:species=Dom. pepper],SPI09g04872.1[&&NHX:species=S. pimp],SLYcer09g05199.1[&&NHX:species=Tomato Cherry],Capang03g000970[&&NHX:species=Wild pepper],Solyc09g092440.1.1[&&NHX:species=Tomato],PGSC0003DMP400035770[&&NHX:species=Potato],Sopen09g035340.1[&&NHX:species=S. Pennelli])S)D,(Capang04g000946[&&NHX:species=Wild pepper],((PGSC0003DMP400021171[&&NHX:species=Potato],SLYcer03g02635.1[&&NHX:species=Tomato Cherry],Solyc03g063690.1.1[&&NHX:species=Tomato],SPI03g02777.1[&&NHX:species=S. pimp],Sopen03g016890.1[&&NHX:species=S. Pennelli])S,PGSC0003DMP400021172[&&NHX:species=Potato])D,Capana04g000994[&&NHX:species=Dom. pepper])S)D)D,(((((Solyc03g093630.3.1[&&NHX:species=Tomato],SPI03g03621.1[&&NHX:species=S. pimp],(PGSC0003DMP400032765[&&NHX:species=Potato],PGSC0003DMP400032766[&&NHX:species=Potato])D,Capana03g002744[&&NHX:species=Dom. pepper],Sopen03g024500.1[&&NHX:species=S. Pennelli],SLYcer03g03545.1[&&NHX:species=Tomato Cherry],Capang03g002595[&&NHX:species=Wild pepper])S,(Capang02g002464[&&NHX:species=Wild pepper],Sopen02g029500.1[&&NHX:species=S. Pennelli],PGSC0003DMP400006454[&&NHX:species=Potato],Solyc02g084830.4.1[&&NHX:species=Tomato])S)D,((Sopen03g039340.1[&&NHX:species=S. Pennelli],Sopen00g010440.1[&&NHX:species=S. Pennelli])D,SPI03g05310.1[&&NHX:species=S. pimp],PGSC0003DMP400004558[&&NHX:species=Potato],Solyc03g120460.4.1[&&NHX:species=Tomato],Capang03g000281[&&NHX:species=Wild pepper])S)D,(((Solyc01g102790.3.1[&&NHX:species=Tomato],SLYcer01g07375.1[&&NHX:species=Tomato Cherry],Capang01g004304[&&NHX:species=Wild pepper],PGSC0003DMP400060670[&&NHX:species=Potato],SPI01g07890.1[&&NHX:species=S. pimp],Sopen01g045190.1[&&NHX:species=S. Pennelli])S,((Capang11g002021[&&NHX:species=Wild pepper],Capana11g002098[&&NHX:species=Dom. pepper],(PGSC0003DMP400068537[&&NHX:species=Potato],PGSC0003DMP400033019[&&NHX:species=Potato])D,Solyc12g006575.1.1[&&NHX:species=Tomato],Sopen12g002530.1[&&NHX:species=S. Pennelli],SLYcer12g00287.1[&&NHX:species=Tomato Cherry],SPI12g00314.1[&&NHX:species=S. pimp])S,Capang11g002024[&&NHX:species=Wild pepper])D)D,((Capana12g000434[&&NHX:species=Dom. pepper],Sopen09g004550.1[&&NHX:species=S. Pennelli])S,(((SPI09g00743.1[&&NHX:species=S. pimp],Solyc09g009790.4.1[&&NHX:species=Tomato],SLYcer09g00812.1[&&NHX:species=Tomato Cherry],Capana09g002403[&&NHX:species=Dom. pepper],Capang00g001896[&&NHX:species=Wild pepper])S,Capang12g000367[&&NHX:species=Wild pepper])D,Capang05g000186[&&NHX:species=Wild pepper])D)D)D)D,((PGSC0003DMP400005550[&&NHX:species=Potato],SPI02g02826.1[&&NHX:species=S. pimp],Capana02g001589[&&NHX:species=Dom. pepper],Sopen02g020360.1[&&NHX:species=S. Pennelli],Solyc02g071300.1.1[&&NHX:species=Tomato],SLYcer02g03930.1[&&NHX:species=Tomato Cherry])S,(Solyc04g054290.3.1[&&NHX:species=Tomato],Capana01g000639[&&NHX:species=Dom. pepper],SPI04g03601.1[&&NHX:species=S. pimp],Capang01g000578[&&NHX:species=Wild pepper],PGSC0003DMP400022669[&&NHX:species=Potato])S)D)D)D)D,((((SPI09g03693.1[&&NHX:species=S. pimp],PGSC0003DMP400033599[&&NHX:species=Potato],Capana03g003336[&&NHX:species=Dom. pepper],Capang03g003273[&&NHX:species=Wild pepper],Solyc09g065710.1.1[&&NHX:species=Tomato],Sopen09g027460.1[&&NHX:species=S. Pennelli])S,((Capana00g004298[&&NHX:species=Dom. pepper],Solyc11g040060.3.1[&&NHX:species=Tomato],Capang00g003319[&&NHX:species=Wild pepper],SPI11g03100.1[&&NHX:species=S. pimp],Sopen11g017250.1[&&NHX:species=S. Pennelli])S,(SPI11g03095.1[&&NHX:species=S. pimp],Solyc11g040090.1.1[&&NHX:species=Tomato])S)D)D,(((SPI02g03236.1[&&NHX:species=S. pimp],Solyc02g079380.2.1[&&NHX:species=Tomato],Sopen02g024180.1[&&NHX:species=S. Pennelli],PGSC0003DMP400038724[&&NHX:species=Potato])S,PGSC0003DMP400038725[&&NHX:species=Potato])D,Capang02g001866[&&NHX:species=Wild pepper])S)D,((((Capang10g000201[&&NHX:species=Wild pepper],SPI10g00398.1[&&NHX:species=S. pimp],Solyc10g007940.1.1[&&NHX:species=Tomato],Capana10g000292[&&NHX:species=Dom. pepper],Sopen10g003810.1[&&NHX:species=S. Pennelli],SLYcer10g00534.1[&&NHX:species=Tomato Cherry],PGSC0003DMP400018637[&&NHX:species=Potato])S,(Capang12g001519[&&NHX:species=Wild pepper],PGSC0003DMP400034245[&&NHX:species=Potato],Sopen04g022860.1[&&NHX:species=S. Pennelli],Solyc04g051480.1.1[&&NHX:species=Tomato],Capana12g001860[&&NHX:species=Dom. pepper])S)D,(((Capang07g000154[&&NHX:species=Wild pepper],Sopen07g001950.1[&&NHX:species=S. Pennelli],Solyc07g005850.3.1[&&NHX:species=Tomato],PGSC0003DMP400019803[&&NHX:species=Potato],Capana07g000148[&&NHX:species=Dom. pepper],SPI07g00265.1[&&NHX:species=S. pimp])S,SPI12g05134.1[&&NHX:species=S. pimp])D,((((Solyc09g009950.4.1[&&NHX:species=Tomato],Sopen09g004700.1[&&NHX:species=S. Pennelli],SLYcer09g00827.1[&&NHX:species=Tomato Cherry],Capana09g002428[&&NHX:species=Dom. pepper],SPI09g00758.1[&&NHX:species=S. pimp],PGSC0003DMP400060491[&&NHX:species=Potato])S,(PGSC0003DMP400011651[&&NHX:species=Potato],SLYcer03g00353.1[&&NHX:species=Tomato Cherry],Solyc03g007840.1.1[&&NHX:species=Tomato],SPI03g00598.1[&&NHX:species=S. pimp],Capang03g001972[&&NHX:species=Wild pepper],Capana03g002087[&&NHX:species=Dom. pepper],Sopen03g003770.1[&&NHX:species=S. Pennelli])S)D,((Solyc02g094480.4.1[&&NHX:species=Tomato],Capang02g003418[&&NHX:species=Wild pepper],Capana02g003695[&&NHX:species=Dom. pepper],SLYcer02g05846.1[&&NHX:species=Tomato Cherry],Sopen02g039140.1[&&NHX:species=S. Pennelli],SPI02g04771.1[&&NHX:species=S. pimp],PGSC0003DMP400035058[&&NHX:species=Potato])S,(Solyc01g104090.4.1[&&NHX:species=Tomato],SLYcer01g07239.1[&&NHX:species=Tomato Cherry],Capana08g001914[&&NHX:species=Dom. pepper],Sopen01g046500.1[&&NHX:species=S. Pennelli],Capang01g004477[&&NHX:species=Wild pepper])S)D)D,(((Sopen02g026820.1[&&NHX:species=S. Pennelli],(PGSC0003DMP400024161[&&NHX:species=Potato],PGSC0003DMP400024162[&&NHX:species=Potato])D,Solyc02g082160.2.1[&&NHX:species=Tomato])S,PGSC0003DMP400024160[&&NHX:species=Potato])D,Capang02g002134[&&NHX:species=Wild pepper])S)D)D)D,(Sopen07g003070.1[&&NHX:species=S. Pennelli],Capang07g000273[&&NHX:species=Wild pepper],Capana07g000271[&&NHX:species=Dom. pepper],Solyc07g006990.3.1[&&NHX:species=Tomato],PGSC0003DMP400015462[&&NHX:species=Potato])S)D)D,(Solyc01g094850.3.1[&&NHX:species=Tomato],PGSC0003DMP400000128[&&NHX:species=Potato],Capang01g003532[&&NHX:species=Wild pepper],SLYcer01g06962.1[&&NHX:species=Tomato Cherry],SPI01g07211.1[&&NHX:species=S. pimp],Capana08g000949[&&NHX:species=Dom. pepper],Sopen01g038630.1[&&NHX:species=S. Pennelli])S,((((SPI12g02444.1[&&NHX:species=S. pimp],SLYcer12g02675.1[&&NHX:species=Tomato Cherry],PGSC0003DMP400069429[&&NHX:species=Potato])S,SLYcer03g02691.1[&&NHX:species=Tomato Cherry],SLYcer12g02585.1[&&NHX:species=Tomato Cherry])D,(SPI12g02771.1[&&NHX:species=S. pimp],SLYcer12g03007.1[&&NHX:species=Tomato Cherry])S)D,(SPI01g02474.1[&&NHX:species=S. pimp],Capana11g002182[&&NHX:species=Dom. pepper],SLYcer01g02398.1[&&NHX:species=Tomato Cherry],PGSC0003DMP400063784[&&NHX:species=Potato],Capang11g002091[&&NHX:species=Wild pepper])S,(((PGSC0003DMP400018018[&&NHX:species=Potato],Sopen03g029280.1[&&NHX:species=S. Pennelli],SPI12g00712.1[&&NHX:species=S. pimp])S,(SPI03g04239.1[&&NHX:species=S. pimp],Solyc03g098570.1.1[&&NHX:species=Tomato])S)D,Capana03g001509[&&NHX:species=Dom. pepper],Capang03g001437[&&NHX:species=Wild pepper])S,(SPI01g02701.1[&&NHX:species=S. pimp],SLYcer01g02636.1[&&NHX:species=Tomato Cherry])S,((PGSC0003DMP400069038[&&NHX:species=Potato],SPI01g02584.1[&&NHX:species=S. pimp],SLYcer01g02511.1[&&NHX:species=Tomato Cherry])S,(SPI08g04168.1[&&NHX:species=S. pimp],SLYcer08g04261.1[&&NHX:species=Tomato Cherry])S,SPI01g00971.1[&&NHX:species=S. pimp],(SLYcer01g00907.1[&&NHX:species=Tomato Cherry],SPI01g00968.1[&&NHX:species=S. pimp])S)D,((((PGSC0003DMP400044484[&&NHX:species=Potato],PGSC0003DMP400064071[&&NHX:species=Potato])D,SLYcer01g00915.1[&&NHX:species=Tomato Cherry],SPI01g00974.1[&&NHX:species=S. pimp],Capang00g003385[&&NHX:species=Wild pepper],Capana01g001598[&&NHX:species=Dom. pepper])S,SLYcer01g00912.1[&&NHX:species=Tomato Cherry])D,(PGSC0003DMP400065734[&&NHX:species=Potato],Capana01g000622[&&NHX:species=Dom. pepper],Capang01g000559[&&NHX:species=Wild pepper])S)D)D,((((SLYcer06g04311.1[&&NHX:species=Tomato Cherry],PGSC0003DMP400035538[&&NHX:species=Potato])S,(Solyc06g066080.1.1[&&NHX:species=Tomato],PGSC0003DMP400035537[&&NHX:species=Potato],Sopen06g024560.1[&&NHX:species=S. Pennelli],SPI06g04169.1[&&NHX:species=S. pimp])S)D,Capang06g001399[&&NHX:species=Wild pepper])S,(((PGSC0003DMP400045191[&&NHX:species=Potato],PGSC0003DMP400045192[&&NHX:species=Potato])D,PGSC0003DMP400045193[&&NHX:species=Potato])D,Capang08g000441[&&NHX:species=Wild pepper],Solyc01g090390.1.1[&&NHX:species=Tomato],Capana01g003489[&&NHX:species=Dom. pepper],Sopen01g036180.1[&&NHX:species=S. Pennelli])S,(((PGSC0003DMP400009802[&&NHX:species=Potato],PGSC0003DMP400009801[&&NHX:species=Potato],PGSC0003DMP400009800[&&NHX:species=Potato],PGSC0003DMP400009799[&&NHX:species=Potato])D,SPI05g01005.1[&&NHX:species=S. pimp],Solyc05g013200.1.1[&&NHX:species=Tomato])S,(Sopen05g007940.1[&&NHX:species=S. Pennelli],PGSC0003DMP400009798[&&NHX:species=Potato],Capana11g001851[&&NHX:species=Dom. pepper],Capang11g001802[&&NHX:species=Wild pepper])S)D,(((Capana03g001370[&&NHX:species=Dom. pepper],Capang03g001290[&&NHX:species=Wild pepper],Solyc03g111210.4.1[&&NHX:species=Tomato],Sopen03g030350.1[&&NHX:species=S. Pennelli],PGSC0003DMP400026646[&&NHX:species=Potato])S,(Capana10g002228[&&NHX:species=Dom. pepper],SPI10g03879.1[&&NHX:species=S. pimp],Solyc10g080220.2.1[&&NHX:species=Tomato],Capang10g001977[&&NHX:species=Wild pepper],Sopen10g030830.1[&&NHX:species=S. Pennelli],PGSC0003DMP400041048[&&NHX:species=Potato],SLYcer10g05394.1[&&NHX:species=Tomato Cherry])S)D,(Sopen10g033970.1[&&NHX:species=S. Pennelli],Capana10g001764[&&NHX:species=Dom. pepper],Capang10g001513[&&NHX:species=Wild pepper],SPI10g04295.1[&&NHX:species=S. pimp],PGSC0003DMP400019413[&&NHX:species=Potato])S)D,((Capang04g001166[&&NHX:species=Wild pepper],PGSC0003DMP400054273[&&NHX:species=Potato],Solyc04g072170.1.1[&&NHX:species=Tomato],Sopen04g028340.1[&&NHX:species=S. Pennelli],Capana04g001225[&&NHX:species=Dom. pepper])S,(Solyc11g066920.1.1[&&NHX:species=Tomato],SLYcer11g03755.1[&&NHX:species=Tomato Cherry],PGSC0003DMP400067194[&&NHX:species=Potato],Sopen11g026640.1[&&NHX:species=S. Pennelli],Capang11g000219[&&NHX:species=Wild pepper],Capana11g000249[&&NHX:species=Dom. pepper])S)D,(((Capana03g000789[&&NHX:species=Dom. pepper],Solyc03g116000.1.1[&&NHX:species=Tomato],Capang03g000724[&&NHX:species=Wild pepper],SLYcer03g04793.1[&&NHX:species=Tomato Cherry],SPI03g04850.1[&&NHX:species=S. pimp],Sopen03g034990.1[&&NHX:species=S. Pennelli])S,((SPI08g04040.1[&&NHX:species=S. pimp],Solyc08g023640.1.1[&&NHX:species=Tomato],Sopen08g010500.1[&&NHX:species=S. Pennelli],PGSC0003DMP400046300[&&NHX:species=Potato],SLYcer08g03598.1[&&NHX:species=Tomato Cherry])S,PGSC0003DMP400032181[&&NHX:species=Potato])D)D,((SLYcer02g03756.1[&&NHX:species=Tomato Cherry],Capana03g000741[&&NHX:species=Dom. pepper],SPI02g02653.1[&&NHX:species=S. pimp])S,((PGSC0003DMP400004355[&&NHX:species=Potato],SLYcer07g01633.1[&&NHX:species=Tomato Cherry])S,(Capang12g002413[&&NHX:species=Wild pepper],SLYcer01g06270.1[&&NHX:species=Tomato Cherry],PGSC0003DMP400032182[&&NHX:species=Potato],Capana12g002769[&&NHX:species=Dom. pepper])S,SLYcer09g03772.1[&&NHX:species=Tomato Cherry])D)D)D,(((PGSC0003DMP400025784[&&NHX:species=Potato],Capana01g003795[&&NHX:species=Dom. pepper],Solyc08g014100.1.1[&&NHX:species=Tomato],Sopen08g005000.1[&&NHX:species=S. Pennelli],Capang08g000706[&&NHX:species=Wild pepper])S,Capana01g003793[&&NHX:species=Dom. pepper])D,((SLYcer08g05832.1[&&NHX:species=Tomato Cherry],Capang01g000766[&&NHX:species=Wild pepper],Solyc08g076150.4.1[&&NHX:species=Tomato],PGSC0003DMP400058100[&&NHX:species=Potato],Capana01g000854[&&NHX:species=Dom. pepper],Sopen08g024790.1[&&NHX:species=S. Pennelli])S,(Capang12g000343[&&NHX:species=Wild pepper],PGSC0003DMP400051143[&&NHX:species=Potato],Capana12g000412[&&NHX:species=Dom. pepper],SLYcer12g04921.1[&&NHX:species=Tomato Cherry],Solyc12g096510.3.1[&&NHX:species=Tomato],SPI12g04879.1[&&NHX:species=S. pimp],Sopen12g032340.1[&&NHX:species=S. Pennelli])S)D)D,((((Capana02g001583[&&NHX:species=Dom. pepper],SLYcer05g02179.1[&&NHX:species=Tomato Cherry],SPI05g02766.1[&&NHX:species=S. pimp],Capang02g001405[&&NHX:species=Wild pepper])S,((SPI01g07479.1[&&NHX:species=S. pimp],Capana05g002239[&&NHX:species=Dom. pepper])S,((SLYcer01g06300.1[&&NHX:species=Tomato Cherry],SLYcer11g03024.1[&&NHX:species=Tomato Cherry],SLYcer07g00197.1[&&NHX:species=Tomato Cherry])D,Capang02g001410[&&NHX:species=Wild pepper],Capana00g005025[&&NHX:species=Dom. pepper])S)D)D,((SLYcer01g07376.1[&&NHX:species=Tomato Cherry],SPI12g02540.1[&&NHX:species=S. pimp],Capana02g002741[&&NHX:species=Dom. pepper])S,((Capana08g001050[&&NHX:species=Dom. pepper],Capana03g003748[&&NHX:species=Dom. pepper])D,SLYcer07g03694.1[&&NHX:species=Tomato Cherry])S)D)D,((((Capana11g002103[&&NHX:species=Dom. pepper],SLYcer04g04910.1[&&NHX:species=Tomato Cherry],SPI04g04389.1[&&NHX:species=S. pimp])S,((SPI08g05719.1[&&NHX:species=S. pimp],Capana11g002117[&&NHX:species=Dom. pepper])S,SPI11g03820.1[&&NHX:species=S. pimp])D)D,(SPI01g00454.1[&&NHX:species=S. pimp],Capana03g003329[&&NHX:species=Dom. pepper],Capang03g003266[&&NHX:species=Wild pepper])S)D,(SPI11g03252.1[&&NHX:species=S. pimp],Capang08g000261[&&NHX:species=Wild pepper],Solyc11g039540.1.1[&&NHX:species=Tomato],SLYcer11g03191.1[&&NHX:species=Tomato Cherry],Capana01g003324[&&NHX:species=Dom. pepper])S)D)D)D,((Capana08g001286[&&NHX:species=Dom. pepper],Solyc01g097670.4.1[&&NHX:species=Tomato],SLYcer01g07791.1[&&NHX:species=Tomato Cherry],Capang01g003867[&&NHX:species=Wild pepper],PGSC0003DMP400033775[&&NHX:species=Potato],Sopen01g041280.1[&&NHX:species=S. Pennelli])S,(Capana07g002158[&&NHX:species=Dom. pepper],SLYcer07g05317.1[&&NHX:species=Tomato Cherry],Solyc07g062820.1.1[&&NHX:species=Tomato],PGSC0003DMP400021924[&&NHX:species=Potato],SPI07g06038.1[&&NHX:species=S. pimp],Capang07g002178[&&NHX:species=Wild pepper],Sopen07g031030.1[&&NHX:species=S. Pennelli])S)D,((((SPI06g00556.1[&&NHX:species=S. pimp],Solyc06g009800.3.1[&&NHX:species=Tomato],Capang05g000733[&&NHX:species=Wild pepper],SLYcer06g00720.1[&&NHX:species=Tomato Cherry],Sopen06g004430.1[&&NHX:species=S. Pennelli])S,((SLYcer07g01632.1[&&NHX:species=Tomato Cherry],(Sopen12g026150.1[&&NHX:species=S. Pennelli],SPI12g02539.1[&&NHX:species=S. pimp],SLYcer12g02764.1[&&NHX:species=Tomato Cherry])S)D,((Solyc12g062720.3.1[&&NHX:species=Tomato],(SLYcer08g04752.1[&&NHX:species=Tomato Cherry],SPI08g04656.1[&&NHX:species=S. pimp],Solyc08g062580.1.1[&&NHX:species=Tomato])S)D,Capana05g000913[&&NHX:species=Dom. pepper])S)D)D,(Solyc07g021450.3.1[&&NHX:species=Tomato],SPI07g03063.1[&&NHX:species=S. pimp])S)D,((Sopen07g033940.1[&&NHX:species=S. Pennelli],SLYcer07g05611.1[&&NHX:species=Tomato Cherry],PGSC0003DMP400038322[&&NHX:species=Potato],Solyc07g065730.1.1[&&NHX:species=Tomato],SPI07g06329.1[&&NHX:species=S. pimp],Capana07g002402[&&NHX:species=Dom. pepper],Capang07g002400[&&NHX:species=Wild pepper])S,Capang03g000791[&&NHX:species=Wild pepper])D)D,((Solyc10g017680.1.1[&&NHX:species=Tomato],PGSC0003DMP400018153[&&NHX:species=Potato],SLYcer10g00909.1[&&NHX:species=Tomato Cherry],SPI10g00784.1[&&NHX:species=S. pimp])S,(SLYcer10g00897.1[&&NHX:species=Tomato Cherry],SPI10g00767.1[&&NHX:species=S. pimp])S,(SLYcer10g00908.1[&&NHX:species=Tomato Cherry],SPI10g00783.1[&&NHX:species=S. pimp])S,(Capana07g001228[&&NHX:species=Dom. pepper],SPI07g04906.1[&&NHX:species=S. pimp],Capang07g001255[&&NHX:species=Wild pepper],Sopen07g024200.1[&&NHX:species=S. Pennelli],SLYcer07g04232.1[&&NHX:species=Tomato Cherry])S,((((SPI00g03668.1[&&NHX:species=S. pimp],SPI12g00792.1[&&NHX:species=S. pimp])D,SLYcer12g00758.1[&&NHX:species=Tomato Cherry])S,(SPI12g00773.1[&&NHX:species=S. pimp],SLYcer12g00752.1[&&NHX:species=Tomato Cherry])S)D,(SLYcer07g01541.1[&&NHX:species=Tomato Cherry],PGSC0003DMP400068865[&&NHX:species=Potato],Capang03g003124[&&NHX:species=Wild pepper],SPI07g02987.1[&&NHX:species=S. pimp])S)D,(((Capana10g000419[&&NHX:species=Dom. pepper],((SLYcer10g00604.1[&&NHX:species=Tomato Cherry],Solyc10g008580.1.1[&&NHX:species=Tomato],PGSC0003DMP400037580[&&NHX:species=Potato],SPI10g00465.1[&&NHX:species=S. pimp],Sopen10g004400.1[&&NHX:species=S. Pennelli])S,PGSC0003DMP400037578[&&NHX:species=Potato])D)S,(((Capang07g001834[&&NHX:species=Wild pepper],Capana07g001864[&&NHX:species=Dom. pepper])S,(Capang02g001333[&&NHX:species=Wild pepper],Capana02g001515[&&NHX:species=Dom. pepper])S)D,(Capana07g001800[&&NHX:species=Dom. pepper],PGSC0003DMP400037579[&&NHX:species=Potato],Capang07g001798[&&NHX:species=Wild pepper])S)D)D,PGSC0003DMP400066446[&&NHX:species=Potato],PGSC0003DMP400032228[&&NHX:species=Potato])D)D,(SLYcer09g00291.1[&&NHX:species=Tomato Cherry],Capang09g001410[&&NHX:species=Wild pepper],SPI09g00190.1[&&NHX:species=S. pimp],PGSC0003DMP400003611[&&NHX:species=Potato],Solyc09g007040.1.1[&&NHX:species=Tomato],Sopen09g001900.1[&&NHX:species=S. Pennelli],Capana09g001850[&&NHX:species=Dom. pepper])S,((((PGSC0003DMP400031248[&&NHX:species=Potato],(Capana00g002085[&&NHX:species=Dom. pepper],(Capana07g002498[&&NHX:species=Dom. pepper],(Capana07g000008[&&NHX:species=Dom. pepper],Capang12g002515[&&NHX:species=Wild pepper])S)D)D)S,(Capang06g001728[&&NHX:species=Wild pepper],SLYcer03g04770.1[&&NHX:species=Tomato Cherry],Solyc11g043020.1.1[&&NHX:species=Tomato])S)D,(SLYcer11g02783.1[&&NHX:species=Tomato Cherry],SPI11g02841.1[&&NHX:species=S. pimp])S,((Capang00g003156[&&NHX:species=Wild pepper],(Capana00g001913[&&NHX:species=Dom. pepper],Capana00g001977[&&NHX:species=Dom. pepper])D,PGSC0003DMP400020753[&&NHX:species=Potato])S,((Capang03g002345[&&NHX:species=Wild pepper],PGSC0003DMP400028635[&&NHX:species=Potato])S,((Capang00g004286[&&NHX:species=Wild pepper],Sopen01g001760.1[&&NHX:species=S. Pennelli])S,Sopen11g019420.1[&&NHX:species=S. Pennelli])D)D)D,((((Capana10g002445[&&NHX:species=Dom. pepper],Capang10g002207[&&NHX:species=Wild pepper])S,Capana00g001975[&&NHX:species=Dom. pepper])D,((Capana11g002386[&&NHX:species=Dom. pepper],Capana00g003442[&&NHX:species=Dom. pepper])D,Capang00g001098[&&NHX:species=Wild pepper])S)D,Capang00g001289[&&NHX:species=Wild pepper])D)D,(Capana02g001664[&&NHX:species=Dom. pepper],(PGSC0003DMP400049434[&&NHX:species=Potato],PGSC0003DMP400049436[&&NHX:species=Potato])D,Sopen02g020990.1[&&NHX:species=S. Pennelli],SPI02g02899.1[&&NHX:species=S. pimp],Capang02g001493[&&NHX:species=Wild pepper],SLYcer02g04004.1[&&NHX:species=Tomato Cherry])S,(Capana03g000606[&&NHX:species=Dom. pepper],SLYcer03g05000.1[&&NHX:species=Tomato Cherry],Sopen03g036980.1[&&NHX:species=S. Pennelli],Capang03g000550[&&NHX:species=Wild pepper],PGSC0003DMP400025068[&&NHX:species=Potato],Solyc03g118080.4.1[&&NHX:species=Tomato])S,((Capana00g000279[&&NHX:species=Dom. pepper],Capang07g000242[&&NHX:species=Wild pepper])S,(Solyc09g005990.4.1[&&NHX:species=Tomato],SLYcer09g00282.1[&&NHX:species=Tomato Cherry],Capana09g002060[&&NHX:species=Dom. pepper],PGSC0003DMP400041382[&&NHX:species=Potato],SPI09g00187.1[&&NHX:species=S. pimp],Capang09g001594[&&NHX:species=Wild pepper],Sopen09g001850.1[&&NHX:species=S. Pennelli])S)D,(((((Capang01g001897[&&NHX:species=Wild pepper],Capana01g002191[&&NHX:species=Dom. pepper])S,(Capang01g000994[&&NHX:species=Wild pepper],PGSC0003DMP400055477[&&NHX:species=Potato])S)D,Capana12g000101[&&NHX:species=Dom. pepper])D,(((Capang04g001904[&&NHX:species=Wild pepper],Capana11g000506[&&NHX:species=Dom. pepper])S,(SPI02g02242.1[&&NHX:species=S. pimp],Capana03g003122[&&NHX:species=Dom. pepper],SLYcer02g03353.1[&&NHX:species=Tomato Cherry])S)D,((Capana03g004362[&&NHX:species=Dom. pepper],(Capana00g001345[&&NHX:species=Dom. pepper],Capang11g000936[&&NHX:species=Wild pepper])S)D,PGSC0003DMP400012902[&&NHX:species=Potato])S)D)D,(Capang02g001049[&&NHX:species=Wild pepper],Capana09g001159[&&NHX:species=Dom. pepper])S)D,((Capana02g003291[&&NHX:species=Dom. pepper],Sopen02g033490.1[&&NHX:species=S. Pennelli],Capang02g003034[&&NHX:species=Wild pepper],SLYcer02g05291.1[&&NHX:species=Tomato Cherry],SPI02g04216.1[&&NHX:species=S. pimp])S,((PGSC0003DMP400009514[&&NHX:species=Potato],SPI07g03293.1[&&NHX:species=S. pimp],SLYcer07g01946.1[&&NHX:species=Tomato Cherry])S,SLYcer07g01944.1[&&NHX:species=Tomato Cherry])D)D,((SPI11g02837.1[&&NHX:species=S. pimp],SLYcer11g02778.1[&&NHX:species=Tomato Cherry],PGSC0003DMP400031219[&&NHX:species=Potato],Solyc11g043050.1.1[&&NHX:species=Tomato])S,(Solyc02g072010.3.1[&&NHX:species=Tomato],Capana00g004603[&&NHX:species=Dom. pepper])S,(((PGSC0003DMP400055561[&&NHX:species=Potato],Solyc11g064750.3.1[&&NHX:species=Tomato],Capang04g002207[&&NHX:species=Wild pepper],SLYcer11g03475.1[&&NHX:species=Tomato Cherry],Capana04g002550[&&NHX:species=Dom. pepper],SPI11g03540.1[&&NHX:species=S. pimp],Sopen11g024580.1[&&NHX:species=S. Pennelli])S,Capang07g001994[&&NHX:species=Wild pepper])D,PGSC0003DMP400055563[&&NHX:species=Potato])D,(SPI11g02833.1[&&NHX:species=S. pimp],Solyc11g043080.3.1[&&NHX:species=Tomato],SLYcer11g02774.1[&&NHX:species=Tomato Cherry])S)D,((Capang10g001572[&&NHX:species=Wild pepper],PGSC0003DMP400013635[&&NHX:species=Potato])S,(Capana12g002459[&&NHX:species=Dom. pepper],PGSC0003DMP400042187[&&NHX:species=Potato],Capang12g002108[&&NHX:species=Wild pepper])S)D,(Capana01g003016[&&NHX:species=Dom. pepper],Capang01g002692[&&NHX:species=Wild pepper],Solyc01g080190.3.1[&&NHX:species=Tomato],SPI01g06445.1[&&NHX:species=S. pimp],Sopen01g031970.1[&&NHX:species=S. Pennelli],SLYcer01g06145.1[&&NHX:species=Tomato Cherry],PGSC0003DMP400007755[&&NHX:species=Potato])S,((Capang04g000239[&&NHX:species=Wild pepper],Capana03g001042[&&NHX:species=Dom. pepper])S,(SLYcer10g04649.1[&&NHX:species=Tomato Cherry],Capang00g000268[&&NHX:species=Wild pepper],Solyc11g017330.1.1[&&NHX:species=Tomato])S)D,(((SLYcer02g05280.1[&&NHX:species=Tomato Cherry],(Capana00g003822[&&NHX:species=Dom. pepper],Capana06g002019[&&NHX:species=Dom. pepper])D,SPI02g04205.1[&&NHX:species=S. pimp])S,Capana00g002326[&&NHX:species=Dom. pepper])D,((Capang09g001142[&&NHX:species=Wild pepper],Capang00g005041[&&NHX:species=Wild pepper])D,Capana09g001559[&&NHX:species=Dom. pepper])S,(Capana05g000009[&&NHX:species=Dom. pepper],((Capana04g001016[&&NHX:species=Dom. pepper],Capang04g000977[&&NHX:species=Wild pepper])S,(Capang03g004172[&&NHX:species=Wild pepper],Capana03g004360[&&NHX:species=Dom. pepper])S)D)D,(Solyc08g079640.3.1[&&NHX:species=Tomato],Sopen08g028000.1[&&NHX:species=S. Pennelli],Capana12g000100[&&NHX:species=Dom. pepper],PGSC0003DMP400008378[&&NHX:species=Potato],SLYcer03g02567.1[&&NHX:species=Tomato Cherry])S,(Capana12g001891[&&NHX:species=Dom. pepper],SLYcer06g03248.1[&&NHX:species=Tomato Cherry],SPI03g05059.1[&&NHX:species=S. pimp],PGSC0003DMP400013637[&&NHX:species=Potato])S,((SPI06g03150.1[&&NHX:species=S. pimp],PGSC0003DMP400010961[&&NHX:species=Potato],Solyc02g072020.3.1[&&NHX:species=Tomato],Capana00g001636[&&NHX:species=Dom. pepper],SLYcer01g06295.1[&&NHX:species=Tomato Cherry],Capang12g000083[&&NHX:species=Wild pepper])S,Capana06g002020[&&NHX:species=Dom. pepper])D,(Capang00g002144[&&NHX:species=Wild pepper],(Capana12g000078[&&NHX:species=Dom. pepper],Capang12g000069[&&NHX:species=Wild pepper])S)D)D)D,(((Capang03g003006[&&NHX:species=Wild pepper],(Capang08g000726[&&NHX:species=Wild pepper],Capana01g003808[&&NHX:species=Dom. pepper])S)D,SPI03g02137.1[&&NHX:species=S. pimp],Solyc03g051780.3.1[&&NHX:species=Tomato],Sopen03g011150.1[&&NHX:species=S. Pennelli],SLYcer03g02011.1[&&NHX:species=Tomato Cherry],PGSC0003DMP400022902[&&NHX:species=Potato])S,SPI03g02143.1[&&NHX:species=S. pimp])D,((Capana02g000156[&&NHX:species=Dom. pepper],Capana02g000155[&&NHX:species=Dom. pepper])D,(SPI01g04581.1[&&NHX:species=S. pimp],Solyc01g055160.1.1[&&NHX:species=Tomato],Capana01g002359[&&NHX:species=Dom. pepper],SLYcer01g04391.1[&&NHX:species=Tomato Cherry])S)D)D;	87	49	372	PGSC0003DMP400015604,PGSC0003DMP400015605,PGSC0003DMP400034640,PGSC0003DMP400034639,Sopen11g008850.1,SPI06g03699.1,PGSC0003DMP400050586,Solyc11g017310.3.1,SPI11g03849.1,Sopen04g026610.1,PGSC0003DMP400051664,Capang03g000742,Solyc01g056250.2.1,Capang02g000094,Capang01g002034,Solyc03g098580.1.1,Capana01g003319,PGSC0003DMP400043046,Solyc04g063440.3.1,Capana00g002854,Capang10g000318,Capana06g001470,Capana07g000321,Capana11g001545,Capana11g002127,Capana04g000853,SLYcer03g04181.1,Capana02g002388,Capana02g002074,PGSC0003DMP400006154,PGSC0003DMP400056348,SLYcer03g04183.1,SLYcer03g04182.1,Solyc09g009480.1.1,Sopen00g010140.1,PGSC0003DMP400030366,PGSC0003DMP400033938,Solyc05g051583.1.1,Capana03g001592
