OG	tree	original_polytomies	resolved_polytomies	inconsistent_triples	prunned_leaves
OG201	(Solyc02g064810.1.1[&&NHX:species=Tomato],SPI02g02207.1[&&NHX:species=S. pimp])S;	0	0	0	
OG493	(SPI06g03652.1[&&NHX:species=S. pimp],Solyc06g054430.1.1[&&NHX:species=Tomato])S;	0	0	0	
OG501	(SPI08g05874.1[&&NHX:species=S. pimp],Solyc08g077620.1.1[&&NHX:species=Tomato])S;	0	0	0	
OG9865	(SPI08g05012.1[&&NHX:species=S. pimp],Solyc08g067040.4.1[&&NHX:species=Tomato],Sopen08g020990.1[&&NHX:species=S. Pennelli])S;	0	0	0	
OG9873	((Solyc02g005400.3.1[&&NHX:species=Tomato],SLYcer02g00385.1[&&NHX:species=Tomato Cherry])S,SLYcer02g00387.1[&&NHX:species=Tomato Cherry])D;	0	0	0	
OG9902	(SPI09g01907.1[&&NHX:species=S. pimp],Solyc09g018520.1.1[&&NHX:species=Tomato],SLYcer09g01700.1[&&NHX:species=Tomato Cherry])S;	0	0	0	
OG10629	(Solyc05g051540.3.1[&&NHX:species=Tomato],SPI05g04419.1[&&NHX:species=S. pimp],SLYcer10g02544.1[&&NHX:species=Tomato Cherry])S;	0	0	0	
OG11139	(Solyc08g068480.1.1[&&NHX:species=Tomato],PGSC0003DMP400037584[&&NHX:species=Potato],SPI08g05168.1[&&NHX:species=S. pimp])S;	0	0	0	
OG11942	(Solyc01g060050.3.1[&&NHX:species=Tomato],Capana00g002207[&&NHX:species=Dom. pepper],Capang01g001819[&&NHX:species=Wild pepper])S;	0	0	0	
OG13004	(SPI01g07400.1[&&NHX:species=S. pimp],Solyc01g096790.4.1[&&NHX:species=Tomato],Sopen01g040490.1[&&NHX:species=S. Pennelli],SLYcer01g07872.1[&&NHX:species=Tomato Cherry])S;	0	0	0	
OG13151	((SPI10g02414.1[&&NHX:species=S. pimp],Solyc10g049815.1.1[&&NHX:species=Tomato])S,(SLYcer10g04053.1[&&NHX:species=Tomato Cherry],SPI10g02410.1[&&NHX:species=S. pimp])S)D;	0	0	0	
OG13419	(SLYcer07g01237.1[&&NHX:species=Tomato Cherry],PGSC0003DMP400065246[&&NHX:species=Potato],Solyc07g019450.3.1[&&NHX:species=Tomato],SPI07g01259.1[&&NHX:species=S. pimp])S;	0	0	0	
OG13731	(Solyc01g108930.3.1[&&NHX:species=Tomato],Capana08g002478[&&NHX:species=Dom. pepper],Sopen01g051130.1[&&NHX:species=S. Pennelli],Capang01g005000[&&NHX:species=Wild pepper])S;	0	0	0	
OG14411	(Solyc12g007300.1.1[&&NHX:species=Tomato],SPI12g00394.1[&&NHX:species=S. pimp],SLYcer12g00364.1[&&NHX:species=Tomato Cherry],PGSC0003DMP400000732[&&NHX:species=Potato],Sopen12g003260.1[&&NHX:species=S. Pennelli])S;	0	0	0	
OG14436	(SPI01g08501.1[&&NHX:species=S. pimp],PGSC0003DMP400044975[&&NHX:species=Potato],Sopen01g051040.1[&&NHX:species=S. Pennelli],SLYcer01g08279.1[&&NHX:species=Tomato Cherry],Solyc01g108850.2.1[&&NHX:species=Tomato])S;	0	0	0	
OG14516	(Sopen02g018930.1[&&NHX:species=S. Pennelli],SLYcer02g03783.1[&&NHX:species=Tomato Cherry],PGSC0003DMP400036743[&&NHX:species=Potato],Solyc02g069770.3.1[&&NHX:species=Tomato],SPI02g02680.1[&&NHX:species=S. pimp])S;	0	0	0	
OG15006	(Solyc02g079110.3.1[&&NHX:species=Tomato],Capana02g002046[&&NHX:species=Dom. pepper],Sopen02g023920.1[&&NHX:species=S. Pennelli],Capang02g001839[&&NHX:species=Wild pepper],PGSC0003DMP400038846[&&NHX:species=Potato])S;	0	0	0	
OG15059	((PGSC0003DMP400020863[&&NHX:species=Potato],PGSC0003DMP400020864[&&NHX:length=-0.44812:species=Potato])D,(Capang00g005425[&&NHX:species=Wild pepper],PGSC0003DMP400038557[&&NHX:species=Potato],Solyc07g066000.3.1[&&NHX:species=Tomato])S)D;	1	1	0	
OG15699	(SPI06g05201.1[&&NHX:species=S. pimp],Sopen06g033900.1[&&NHX:species=S. Pennelli],SLYcer06g05310.1[&&NHX:species=Tomato Cherry],Solyc06g082520.3.1[&&NHX:species=Tomato],Capana06g000275[&&NHX:species=Dom. pepper],Capang06g000264[&&NHX:species=Wild pepper])S;	0	0	0	
OG15762	(SLYcer04g05213.1[&&NHX:species=Tomato Cherry],SPI04g04701.1[&&NHX:species=S. pimp],Capana04g000891[&&NHX:species=Dom. pepper],Solyc04g076020.3.1[&&NHX:species=Tomato],Capang04g000853[&&NHX:species=Wild pepper],Sopen04g029970.1[&&NHX:species=S. Pennelli])S;	0	0	0	
OG15874	(Sopen04g033170.1[&&NHX:species=S. Pennelli],SPI04g05054.1[&&NHX:species=S. pimp],Solyc04g079590.3.1[&&NHX:species=Tomato],Capana04g000474[&&NHX:species=Dom. pepper],Capang04g000439[&&NHX:species=Wild pepper],SLYcer04g05557.1[&&NHX:species=Tomato Cherry])S;	0	0	0	
OG15900	(Solyc03g113410.2.1[&&NHX:species=Tomato],Capana03g001065[&&NHX:species=Dom. pepper],Sopen03g032460.1[&&NHX:species=S. Pennelli],SPI03g04568.1[&&NHX:species=S. pimp],Capang03g001020[&&NHX:species=Wild pepper],SLYcer03g04519.1[&&NHX:species=Tomato Cherry])S;	0	0	0	
OG15986	(SLYcer03g02312.1[&&NHX:species=Tomato Cherry],Capang00g002236[&&NHX:species=Wild pepper],SPI03g02435.1[&&NHX:species=S. pimp],Solyc03g059310.3.1[&&NHX:species=Tomato],Sopen03g013810.1[&&NHX:species=S. Pennelli],Capana03g002814[&&NHX:species=Dom. pepper])S;	0	0	0	
OG16601	((SPI02g02920.1[&&NHX:species=S. pimp],Capana02g001737[&&NHX:species=Dom. pepper],Solyc02g072230.3.1[&&NHX:species=Tomato],PGSC0003DMP400049453[&&NHX:species=Potato],Sopen02g021210.1[&&NHX:species=S. Pennelli])S,Sopen02g021210.2[&&NHX:species=S. Pennelli])D;	0	0	9	SLYcer02g04025.1
OG16610	((SLYcer10g05010.1[&&NHX:species=Tomato Cherry],Sopen10g027510.1[&&NHX:species=S. Pennelli],SPI10g03505.1[&&NHX:species=S. pimp],Capang06g001464[&&NHX:species=Wild pepper],Capana10g001235[&&NHX:species=Dom. pepper])S,Sopen10g027510.2[&&NHX:species=S. Pennelli])D;	0	0	12	Solyc10g075030.3.1
OG16712	(Capang07g000056[&&NHX:species=Wild pepper],Capana07g000026[&&NHX:species=Dom. pepper],Sopen07g003000.1[&&NHX:species=S. Pennelli],SLYcer07g00329.1[&&NHX:species=Tomato Cherry],PGSC0003DMP400032668[&&NHX:species=Potato],SPI07g00397.1[&&NHX:species=S. pimp],Solyc07g006900.2.1[&&NHX:species=Tomato])S;	0	0	0	
OG16911	(Capang03g000005[&&NHX:species=Wild pepper],Sopen03g041750.1[&&NHX:species=S. Pennelli],SPI03g05560.1[&&NHX:species=S. pimp],PGSC0003DMP400016168[&&NHX:species=Potato],Solyc03g124020.1.1[&&NHX:species=Tomato],Capana03g000009[&&NHX:species=Dom. pepper],SLYcer03g05532.1[&&NHX:species=Tomato Cherry])S;	0	0	0	
OG16945	((Solyc03g111740.3.1[&&NHX:species=Tomato],(PGSC0003DMP400026596[&&NHX:species=Potato],PGSC0003DMP400026597[&&NHX:species=Potato])D,Sopen03g030860.1[&&NHX:species=S. Pennelli],SPI03g04403.1[&&NHX:species=S. pimp])S,(PGSC0003DMP400026595[&&NHX:species=Potato],SLYcer03g04348.1[&&NHX:species=Tomato Cherry])S)D;	0	0	0	
OG17043	(Sopen10g029090.1[&&NHX:species=S. Pennelli],Solyc10g078430.2.1[&&NHX:species=Tomato],Capana10g002467[&&NHX:species=Dom. pepper],SLYcer10g05206.1[&&NHX:species=Tomato Cherry],(PGSC0003DMP400014699[&&NHX:species=Potato],PGSC0003DMP400014698[&&NHX:species=Potato])D,SPI10g03690.1[&&NHX:species=S. pimp])S;	0	0	0	
OG17111	(PGSC0003DMP400015748[&&NHX:species=Potato],Sopen09g004730.1[&&NHX:species=S. Pennelli],SLYcer09g00830.1[&&NHX:species=Tomato Cherry],Capang09g001308[&&NHX:species=Wild pepper],Solyc09g009980.3.1[&&NHX:species=Tomato],SPI09g00761.1[&&NHX:species=S. pimp],Capana09g001771[&&NHX:species=Dom. pepper])S;	0	0	0	
OG17204	(Sopen06g030390.1[&&NHX:species=S. Pennelli],Capang06g000604[&&NHX:species=Wild pepper],PGSC0003DMP400010522[&&NHX:species=Potato],SPI06g04816.1[&&NHX:species=S. pimp],Solyc06g073980.4.1[&&NHX:species=Tomato],Capana06g000650[&&NHX:species=Dom. pepper],SLYcer06g04952.1[&&NHX:species=Tomato Cherry])S;	0	0	0	
OG17348	(Sopen08g009980.1[&&NHX:species=S. Pennelli],Capana02g000177[&&NHX:species=Dom. pepper],SPI08g04131.1[&&NHX:species=S. pimp],Solyc08g029090.4.1[&&NHX:species=Tomato],SLYcer08g04226.1[&&NHX:species=Tomato Cherry],PGSC0003DMP400025605[&&NHX:species=Potato],Capang02g000161[&&NHX:species=Wild pepper])S;	0	0	0	
OG17374	(SLYcer09g00279.1[&&NHX:species=Tomato Cherry],Sopen09g001830.1[&&NHX:species=S. Pennelli],SPI09g00183.1[&&NHX:species=S. pimp],PGSC0003DMP400041348[&&NHX:species=Potato],Capana09g002053[&&NHX:species=Dom. pepper],Solyc09g005970.1.1[&&NHX:species=Tomato],Capang09g001588[&&NHX:species=Wild pepper])S;	0	0	0	
OG17378	(Solyc03g119090.3.1[&&NHX:species=Tomato],Capang00g000413[&&NHX:species=Wild pepper],PGSC0003DMP400009954[&&NHX:species=Potato],SLYcer03g05104.1[&&NHX:species=Tomato Cherry],SPI03g05164.1[&&NHX:species=S. pimp],Capana03g000735[&&NHX:species=Dom. pepper],Sopen03g037980.1[&&NHX:species=S. Pennelli])S;	0	0	0	
OG17424	(PGSC0003DMP400024934[&&NHX:species=Potato],SPI03g05081.1[&&NHX:species=S. pimp],Capana03g000640[&&NHX:species=Dom. pepper],Capang03g000578[&&NHX:species=Wild pepper],SLYcer03g05022.1[&&NHX:species=Tomato Cherry],Solyc03g118290.3.1[&&NHX:species=Tomato],Sopen03g037200.1[&&NHX:species=S. Pennelli])S;	0	0	0	
OG17488	(SLYcer04g04422.1[&&NHX:species=Tomato Cherry],Solyc04g064830.4.1[&&NHX:species=Tomato],Capana00g001577[&&NHX:species=Dom. pepper],Capang07g001080[&&NHX:species=Wild pepper],Sopen04g026790.1[&&NHX:species=S. Pennelli],SPI04g04052.1[&&NHX:species=S. pimp],PGSC0003DMP400043067[&&NHX:species=Potato])S;	0	0	0	
OG17535	(SPI04g03990.1[&&NHX:species=S. pimp],SLYcer04g04350.1[&&NHX:species=Tomato Cherry],PGSC0003DMP400043088[&&NHX:species=Potato],Capana00g004438[&&NHX:species=Dom. pepper],Sopen04g026300.1[&&NHX:species=S. Pennelli],Solyc04g063380.3.1[&&NHX:species=Tomato],Capang03g003334[&&NHX:species=Wild pepper])S;	0	0	0	
OG17772	(SPI06g05313.1[&&NHX:species=S. pimp],Sopen06g034990.1[&&NHX:species=S. Pennelli],Solyc06g083600.3.1[&&NHX:species=Tomato],PGSC0003DMP400034979[&&NHX:species=Potato],Capang06g000140[&&NHX:species=Wild pepper],SLYcer06g05421.1[&&NHX:species=Tomato Cherry],Capana06g000163[&&NHX:species=Dom. pepper])S;	0	0	0	
OG17819	(Solyc06g075150.3.1[&&NHX:species=Tomato],SPI06g04942.1[&&NHX:species=S. pimp],Capang06g000499[&&NHX:species=Wild pepper],Capana06g000514[&&NHX:species=Dom. pepper],PGSC0003DMP400042077[&&NHX:species=Potato],SLYcer06g05078.1[&&NHX:species=Tomato Cherry],Sopen06g031560.1[&&NHX:species=S. Pennelli])S;	0	0	0	
OG17821	(PGSC0003DMP400034646[&&NHX:species=Potato],Sopen03g003670.1[&&NHX:species=S. Pennelli],Solyc03g007750.3.1[&&NHX:species=Tomato],SLYcer03g00363.1[&&NHX:species=Tomato Cherry],Capang03g001995[&&NHX:species=Wild pepper],SPI03g00588.1[&&NHX:species=S. pimp],Capana03g002113[&&NHX:species=Dom. pepper])S;	0	0	0	
OG17823	(Capana09g001096[&&NHX:species=Dom. pepper],Capang09g000806[&&NHX:species=Wild pepper],SPI09g03468.1[&&NHX:species=S. pimp],SLYcer09g03571.1[&&NHX:species=Tomato Cherry],PGSC0003DMP400015088[&&NHX:species=Potato],Sopen09g025690.1[&&NHX:species=S. Pennelli],Solyc09g064530.3.1[&&NHX:species=Tomato])S;	0	0	0	
OG17835	(Sopen02g037800.1[&&NHX:species=S. Pennelli],PGSC0003DMP400007188[&&NHX:species=Potato],SLYcer02g05718.1[&&NHX:species=Tomato Cherry],SPI02g04637.1[&&NHX:species=S. pimp],Capana02g003072[&&NHX:species=Dom. pepper],Capang02g002780[&&NHX:species=Wild pepper],Solyc02g093220.3.1[&&NHX:species=Tomato])S;	0	0	0	
OG17885	(PGSC0003DMP400020727[&&NHX:species=Potato],Capang04g000444[&&NHX:species=Wild pepper],SLYcer04g05554.1[&&NHX:species=Tomato Cherry],SPI04g05051.1[&&NHX:species=S. pimp],Capana04g000478[&&NHX:species=Dom. pepper],Solyc04g079560.3.1[&&NHX:species=Tomato],Sopen04g033140.1[&&NHX:species=S. Pennelli])S;	0	0	0	
OG17904	(Capang06g002653[&&NHX:species=Wild pepper],SPI06g00213.1[&&NHX:species=S. pimp],SLYcer06g00436.1[&&NHX:species=Tomato Cherry],Capana06g002876[&&NHX:species=Dom. pepper],PGSC0003DMP400035877[&&NHX:species=Potato],Sopen06g002440.1[&&NHX:species=S. Pennelli],Solyc06g007530.2.1[&&NHX:species=Tomato])S;	0	0	0	
OG17943	(SLYcer01g08347.1[&&NHX:species=Tomato Cherry],Sopen01g051750.1[&&NHX:species=S. Pennelli],Solyc01g109560.3.1[&&NHX:species=Tomato],SPI01g08569.1[&&NHX:species=S. pimp],Capana12g001017[&&NHX:species=Dom. pepper],PGSC0003DMP400001405[&&NHX:species=Potato],Capang01g005057[&&NHX:species=Wild pepper])S;	0	0	0	
OG18025	(SLYcer09g01159.1[&&NHX:species=Tomato Cherry],PGSC0003DMP400035343[&&NHX:species=Potato],SPI09g01047.1[&&NHX:species=S. pimp],Capang09g001165[&&NHX:species=Wild pepper],Solyc09g013160.3.1[&&NHX:species=Tomato],Capana09g001578[&&NHX:species=Dom. pepper],Sopen09g007020.1[&&NHX:species=S. Pennelli])S;	0	0	0	
OG18110	(Solyc03g123550.1.1[&&NHX:species=Tomato],PGSC0003DMP400016175[&&NHX:species=Potato],Sopen03g041320.1[&&NHX:species=S. Pennelli],Capang03g000073[&&NHX:species=Wild pepper],Capana03g000077[&&NHX:species=Dom. pepper],SLYcer03g05485.1[&&NHX:species=Tomato Cherry],SPI03g05514.1[&&NHX:species=S. pimp])S;	0	0	0	
OG18167	(SPI06g05312.1[&&NHX:species=S. pimp],Solyc06g083590.4.1[&&NHX:species=Tomato],SLYcer06g05420.1[&&NHX:species=Tomato Cherry],Sopen06g034980.1[&&NHX:species=S. Pennelli],PGSC0003DMP400034841[&&NHX:species=Potato],Capang06g000141[&&NHX:species=Wild pepper],Capana06g000164[&&NHX:species=Dom. pepper])S;	0	0	0	
OG18286	(Capang07g000847[&&NHX:species=Wild pepper],SLYcer04g03753.1[&&NHX:species=Tomato Cherry],Sopen04g023080.1[&&NHX:species=S. Pennelli],Solyc04g051700.3.1[&&NHX:species=Tomato],Capana06g002813[&&NHX:species=Dom. pepper],SPI04g03471.1[&&NHX:species=S. pimp],PGSC0003DMP400054358[&&NHX:species=Potato])S;	0	0	0	
OG18300	(Capang04g000561[&&NHX:species=Wild pepper],Capana04g000614[&&NHX:species=Dom. pepper],SLYcer04g05448.1[&&NHX:species=Tomato Cherry],SPI04g04946.1[&&NHX:species=S. pimp],PGSC0003DMP400005943[&&NHX:species=Potato],Solyc04g078390.3.1[&&NHX:species=Tomato],Sopen04g031990.1[&&NHX:species=S. Pennelli])S;	0	0	0	
OG18328	(PGSC0003DMP400002698[&&NHX:species=Potato],Capang03g004272[&&NHX:species=Wild pepper],Sopen09g033890.1[&&NHX:species=S. Pennelli],SLYcer09g05019.1[&&NHX:species=Tomato Cherry],SPI09g04685.1[&&NHX:species=S. pimp],Capana03g004455[&&NHX:species=Dom. pepper],Solyc09g090910.3.1[&&NHX:species=Tomato])S;	0	0	0	
OG18354	(PGSC0003DMP400006736[&&NHX:species=Potato],Sopen04g034850.1[&&NHX:species=S. Pennelli],SPI04g05229.1[&&NHX:species=S. pimp],Capang04g000238[&&NHX:species=Wild pepper],Capana04g000259[&&NHX:species=Dom. pepper],Solyc04g081240.2.1[&&NHX:species=Tomato],SLYcer04g05728.1[&&NHX:species=Tomato Cherry])S;	0	0	0	
OG18365	(Capang03g004038[&&NHX:species=Wild pepper],SLYcer09g05284.1[&&NHX:species=Tomato Cherry],PGSC0003DMP400037493[&&NHX:species=Potato],Capana03g004210[&&NHX:species=Dom. pepper],SPI09g04974.1[&&NHX:species=S. pimp],Solyc09g098380.3.1[&&NHX:species=Tomato],Sopen09g036300.1[&&NHX:species=S. Pennelli])S;	0	0	0	
OG18401	(Sopen01g037050.1[&&NHX:species=S. Pennelli],Capang01g001214[&&NHX:species=Wild pepper],SLYcer01g06798.1[&&NHX:species=Tomato Cherry],PGSC0003DMP400022636[&&NHX:species=Potato],SPI01g07063.1[&&NHX:species=S. pimp],Solyc01g091310.3.1[&&NHX:species=Tomato],Capana01g001392[&&NHX:species=Dom. pepper])S;	0	0	0	
OG18476	(SPI01g08805.1[&&NHX:species=S. pimp],Sopen01g054030.1[&&NHX:species=S. Pennelli],Solyc01g111980.3.1[&&NHX:species=Tomato],PGSC0003DMP400032501[&&NHX:species=Potato],Capang01g005376[&&NHX:species=Wild pepper],Capana08g002793[&&NHX:species=Dom. pepper],SLYcer01g08576.1[&&NHX:species=Tomato Cherry])S;	0	0	0	
OG18689	(SLYcer02g05780.1[&&NHX:species=Tomato Cherry],PGSC0003DMP400035224[&&NHX:species=Potato],Sopen02g038480.1[&&NHX:species=S. Pennelli],Capana02g003612[&&NHX:species=Dom. pepper],SPI02g04701.1[&&NHX:species=S. pimp],Capang02g003331[&&NHX:species=Wild pepper],Solyc02g093840.3.1[&&NHX:species=Tomato])S;	0	0	0	
OG18799	(Capana12g001985[&&NHX:species=Dom. pepper],PGSC0003DMP400007076[&&NHX:species=Potato],Solyc11g005550.2.1[&&NHX:species=Tomato],SPI11g00301.1[&&NHX:species=S. pimp],SLYcer11g00138.1[&&NHX:species=Tomato Cherry],Sopen11g001520.1[&&NHX:species=S. Pennelli],Capang12g001671[&&NHX:species=Wild pepper])S;	0	0	0	
OG18801	(Capana11g000076[&&NHX:species=Dom. pepper],Solyc11g069500.2.1[&&NHX:species=Tomato],SPI11g04007.1[&&NHX:species=S. pimp],Sopen11g028210.1[&&NHX:species=S. Pennelli],Capang11g000072[&&NHX:species=Wild pepper],SLYcer11g03942.1[&&NHX:species=Tomato Cherry],PGSC0003DMP400014218[&&NHX:species=Potato])S;	0	0	0	
OG18924	(SPI01g06685.1[&&NHX:species=S. pimp],Capang01g002222[&&NHX:species=Wild pepper],SLYcer01g06417.1[&&NHX:species=Tomato Cherry],PGSC0003DMP400043845[&&NHX:species=Potato],Sopen01g033860.1[&&NHX:species=S. Pennelli],Capana01g002560[&&NHX:species=Dom. pepper],Solyc01g086850.3.1[&&NHX:species=Tomato])S;	0	0	0	
OG18938	(PGSC0003DMP400027661[&&NHX:species=Potato],Sopen02g035340.1[&&NHX:species=S. Pennelli],SLYcer02g05476.1[&&NHX:species=Tomato Cherry],Capang02g002819[&&NHX:species=Wild pepper],Solyc02g090710.3.1[&&NHX:species=Tomato],Capana02g003111[&&NHX:species=Dom. pepper],SPI02g04399.1[&&NHX:species=S. pimp])S;	0	0	0	
OG18991	(Capang03g000481[&&NHX:species=Wild pepper],Capana03g000522[&&NHX:species=Dom. pepper],Solyc03g117350.1.1[&&NHX:species=Tomato],PGSC0003DMP400024984[&&NHX:species=Potato],Sopen03g036240.1[&&NHX:species=S. Pennelli],SLYcer03g04932.1[&&NHX:species=Tomato Cherry],SPI03g04989.1[&&NHX:species=S. pimp])S;	0	0	0	
OG18993	(Capang05g001962[&&NHX:species=Wild pepper],SLYcer10g02158.1[&&NHX:species=Tomato Cherry],Capana05g002412[&&NHX:species=Dom. pepper],SPI05g04826.1[&&NHX:species=S. pimp],Solyc05g054890.4.1[&&NHX:species=Tomato],Sopen05g033350.1[&&NHX:species=S. Pennelli],PGSC0003DMP400040689[&&NHX:species=Potato])S;	0	0	0	
OG19020	(Solyc02g090170.3.1[&&NHX:species=Tomato],Capana02g003162[&&NHX:species=Dom. pepper],PGSC0003DMP400017857[&&NHX:species=Potato],Sopen02g034860.1[&&NHX:species=S. Pennelli],SPI02g04348.1[&&NHX:species=S. pimp],SLYcer02g05425.1[&&NHX:species=Tomato Cherry],Capang02g002867[&&NHX:species=Wild pepper])S;	0	0	0	
OG19041	(PGSC0003DMP400035159[&&NHX:species=Potato],Capang02g003420[&&NHX:species=Wild pepper],SPI02g04769.1[&&NHX:species=S. pimp],Sopen02g039120.1[&&NHX:species=S. Pennelli],Solyc02g094460.2.1[&&NHX:species=Tomato],Capana02g003697[&&NHX:species=Dom. pepper],SLYcer02g05844.1[&&NHX:species=Tomato Cherry])S;	0	0	0	
OG19052	(PGSC0003DMP400038295[&&NHX:species=Potato],Solyc07g066060.3.1[&&NHX:species=Tomato],SPI07g06361.1[&&NHX:species=S. pimp],Capang07g002431[&&NHX:species=Wild pepper],Capana07g002435[&&NHX:species=Dom. pepper],SLYcer07g05643.1[&&NHX:species=Tomato Cherry],Sopen07g034240.1[&&NHX:species=S. Pennelli])S;	0	0	0	
OG19085	(SLYcer11g00881.1[&&NHX:species=Tomato Cherry],Capang00g001171[&&NHX:species=Wild pepper],Capana04g001744[&&NHX:species=Dom. pepper],SPI11g01029.1[&&NHX:species=S. pimp],Solyc11g013310.2.1[&&NHX:species=Tomato],Sopen11g008320.1[&&NHX:species=S. Pennelli],PGSC0003DMP400011584[&&NHX:species=Potato])S;	0	0	0	
OG19086	(Capang04g001531[&&NHX:species=Wild pepper],SPI11g01149.1[&&NHX:species=S. pimp],PGSC0003DMP400016287[&&NHX:species=Potato],Capana04g001619[&&NHX:species=Dom. pepper],Sopen11g009060.1[&&NHX:species=S. Pennelli],SLYcer11g01021.1[&&NHX:species=Tomato Cherry],Solyc11g017070.2.1[&&NHX:species=Tomato])S;	0	0	0	
OG19180	(SPI04g03483.1[&&NHX:species=S. pimp],Capana12g001551[&&NHX:species=Dom. pepper],PGSC0003DMP400028983[&&NHX:species=Potato],Sopen04g023150.1[&&NHX:species=S. Pennelli],SLYcer04g03767.1[&&NHX:species=Tomato Cherry],Capang12g001290[&&NHX:species=Wild pepper],Solyc04g051800.3.1[&&NHX:species=Tomato])S;	0	0	0	
OG19181	(Sopen05g034860.1[&&NHX:species=S. Pennelli],SLYcer10g01992.1[&&NHX:species=Tomato Cherry],SPI05g04985.1[&&NHX:species=S. pimp],Solyc05g056470.1.1[&&NHX:species=Tomato],PGSC0003DMP400040315[&&NHX:species=Potato],Capana12g002916[&&NHX:species=Dom. pepper],Capang12g002560[&&NHX:species=Wild pepper])S;	0	0	0	
OG19405	(Capang12g001149[&&NHX:species=Wild pepper],PGSC0003DMP400025462[&&NHX:species=Potato],Capana12g001354[&&NHX:species=Dom. pepper],SPI12g03897.1[&&NHX:species=S. pimp],SLYcer12g03950.1[&&NHX:species=Tomato Cherry],Solyc12g042070.3.1[&&NHX:species=Tomato],Sopen12g021160.1[&&NHX:species=S. Pennelli])S;	0	0	0	
OG19699	(SPI02g03200.1[&&NHX:species=S. pimp],Capang02g001813[&&NHX:species=Wild pepper],(Sopen02g023830.3[&&NHX:species=S. Pennelli],(Sopen02g023830.1[&&NHX:species=S. Pennelli],Sopen02g023830.2[&&NHX:species=S. Pennelli])D)D,Solyc02g079020.4.1[&&NHX:species=Tomato],Capana02g002032[&&NHX:species=Dom. pepper],SLYcer02g04298.1[&&NHX:species=Tomato Cherry])S;	1	1	0	
OG19806	((Sopen01g039980.1[&&NHX:species=S. Pennelli],Capana08g001115[&&NHX:species=Dom. pepper],Solyc01g096220.3.1[&&NHX:species=Tomato],PGSC0003DMP400000271[&&NHX:species=Potato],SLYcer01g07096.1[&&NHX:species=Tomato Cherry],SPI01g07346.1[&&NHX:species=S. pimp],Capang01g003625[&&NHX:species=Wild pepper])S,Sopen00g014180.1[&&NHX:species=S. Pennelli])D;	0	0	0	
OG19852	((Solyc03g078150.3.1[&&NHX:species=Tomato],Capana03g003057[&&NHX:species=Dom. pepper],SPI03g03123.1[&&NHX:species=S. pimp],Sopen03g020870.1[&&NHX:species=S. Pennelli],PGSC0003DMP400054605[&&NHX:species=Potato],Capang03g002922[&&NHX:species=Wild pepper],SLYcer03g03022.1[&&NHX:species=Tomato Cherry])S,SPI03g03129.1[&&NHX:species=S. pimp])D;	0	0	0	
OG19874	((Capana09g001461[&&NHX:species=Dom. pepper],Sopen09g027040.1[&&NHX:species=S. Pennelli],PGSC0003DMP400033642[&&NHX:species=Potato],SPI09g03631.1[&&NHX:species=S. pimp],Capang09g001032[&&NHX:species=Wild pepper],Solyc09g065290.4.1[&&NHX:species=Tomato],SLYcer09g03710.1[&&NHX:species=Tomato Cherry])S,SPI09g03623.1[&&NHX:species=S. pimp])D;	0	0	0	
OG19976	((Sopen01g039790.1[&&NHX:species=S. Pennelli],SPI01g07330.1[&&NHX:species=S. pimp],Solyc01g096070.3.1[&&NHX:species=Tomato],Capana08g001056[&&NHX:species=Dom. pepper],PGSC0003DMP400000262[&&NHX:species=Potato],Capang01g003640[&&NHX:species=Wild pepper],SLYcer01g07081.1[&&NHX:species=Tomato Cherry])S,PGSC0003DMP400000263[&&NHX:species=Potato])D;	0	0	0	
OG20066	(((PGSC0003DMP400000240[&&NHX:species=Potato],Solyc01g095880.1.1[&&NHX:species=Tomato],Sopen01g039620.1[&&NHX:species=S. Pennelli])S,PGSC0003DMP400000239[&&NHX:species=Potato])D,SLYcer01g07063.1[&&NHX:species=Tomato Cherry],SPI01g07312.1[&&NHX:species=S. pimp])S;	0	0	16	Capang01g003678,Capana08g001092
OG20120	(PGSC0003DMP400014005[&&NHX:species=Potato],(Sopen04g032380.1[&&NHX:species=S. Pennelli],SPI04g04983.1[&&NHX:species=S. pimp],Capana04g000562[&&NHX:species=Dom. pepper],Capang04g000510[&&NHX:species=Wild pepper],PGSC0003DMP400014006[&&NHX:species=Potato],Solyc04g078780.3.1[&&NHX:species=Tomato],SLYcer04g05488.1[&&NHX:species=Tomato Cherry])S)D;	0	0	0	
OG20135	((Sopen06g030490.1[&&NHX:species=S. Pennelli],SLYcer06g04960.1[&&NHX:species=Tomato Cherry],PGSC0003DMP400010444[&&NHX:species=Potato],Solyc06g074070.3.1[&&NHX:species=Tomato],Capana06g000638[&&NHX:species=Dom. pepper],Capang06g000595[&&NHX:species=Wild pepper],SPI06g04825.1[&&NHX:species=S. pimp])S,PGSC0003DMP400010443[&&NHX:species=Potato])D;	0	0	0	
OG20188	((Sopen08g025600.1[&&NHX:species=S. Pennelli],SPI08g05809.1[&&NHX:species=S. pimp],PGSC0003DMP400065498[&&NHX:species=Potato],Capana01g001053[&&NHX:species=Dom. pepper],Capang01g000902[&&NHX:species=Wild pepper],SLYcer08g05918.1[&&NHX:species=Tomato Cherry],Solyc08g077020.1.1[&&NHX:species=Tomato])S,PGSC0003DMP400058889[&&NHX:species=Potato])D;	0	0	0	
OG20212	((SPI07g06158.1[&&NHX:species=S. pimp],PGSC0003DMP400033402[&&NHX:species=Potato],(Capana00g004209[&&NHX:species=Dom. pepper],Capana00g004144[&&NHX:species=Dom. pepper])D,SLYcer07g05446.1[&&NHX:species=Tomato Cherry],Sopen07g032230.1[&&NHX:species=S. Pennelli],Solyc07g064090.3.1[&&NHX:species=Tomato])S,PGSC0003DMP400033401[&&NHX:species=Potato])D;	0	0	0	
OG20250	((PGSC0003DMP400013915[&&NHX:species=Potato],PGSC0003DMP400013916[&&NHX:species=Potato])D,SLYcer12g00602.1[&&NHX:species=Tomato Cherry],Capana09g000067[&&NHX:species=Dom. pepper],SPI12g00629.1[&&NHX:species=S. pimp],Capang09g000062[&&NHX:species=Wild pepper],Sopen12g005110.1[&&NHX:species=S. Pennelli],Solyc12g010220.3.1[&&NHX:species=Tomato])S;	0	0	0	
OG20350	((PGSC0003DMP400004261[&&NHX:species=Potato],PGSC0003DMP400004262[&&NHX:species=Potato])D,Sopen07g021880.1[&&NHX:species=S. Pennelli],Capang00g000563[&&NHX:species=Wild pepper],SLYcer07g03712.1[&&NHX:species=Tomato Cherry],SPI07g04432.1[&&NHX:species=S. pimp],Solyc07g042260.4.1[&&NHX:species=Tomato])S;	0	0	10	Capana07g000989
OG20356	((Capana03g000244[&&NHX:species=Dom. pepper],Capang03g000231[&&NHX:species=Wild pepper],Sopen03g039890.1[&&NHX:species=S. Pennelli],PGSC0003DMP400004659[&&NHX:species=Potato],Solyc03g121060.4.1[&&NHX:species=Tomato],SLYcer03g05328.1[&&NHX:species=Tomato Cherry],SPI03g05369.1[&&NHX:species=S. pimp])S,PGSC0003DMP400004660[&&NHX:species=Potato])D;	0	0	0	
OG20426	((PGSC0003DMP400039277[&&NHX:species=Potato],SLYcer01g05796.1[&&NHX:species=Tomato Cherry],Solyc01g067280.3.1[&&NHX:species=Tomato],Sopen01g029070.1[&&NHX:species=S. Pennelli],Capana01g003170[&&NHX:species=Dom. pepper],Capang08g000110[&&NHX:species=Wild pepper],SPI01g05977.1[&&NHX:species=S. pimp])S,PGSC0003DMP400039276[&&NHX:species=Potato])D;	0	0	0	
OG20494	(Sopen04g004480.1[&&NHX:species=S. Pennelli],PGSC0003DMP400055581[&&NHX:species=Potato],SPI04g00537.1[&&NHX:species=S. pimp],((Capang00g004451[&&NHX:species=Wild pepper],Capana00g004291[&&NHX:species=Dom. pepper])S,Capang00g003326[&&NHX:species=Wild pepper])D,Solyc04g009360.3.1[&&NHX:species=Tomato],SLYcer04g00561.1[&&NHX:species=Tomato Cherry])S;	0	0	0	
OG20514	(Sopen06g029010.1[&&NHX:species=S. Pennelli],Solyc06g072650.1.1[&&NHX:species=Tomato],SPI06g04687.1[&&NHX:species=S. pimp],(PGSC0003DMP400046766[&&NHX:species=Potato],PGSC0003DMP400064405[&&NHX:species=Potato])D,Capana06g000791[&&NHX:species=Dom. pepper],Capang06g000746[&&NHX:species=Wild pepper],SLYcer06g04823.1[&&NHX:species=Tomato Cherry])S;	0	0	0	
OG20623	((SPI02g03096.1[&&NHX:species=S. pimp],Solyc02g078010.4.1[&&NHX:species=Tomato],Sopen02g022850.1[&&NHX:species=S. Pennelli],SLYcer02g04198.1[&&NHX:species=Tomato Cherry],PGSC0003DMP400051739[&&NHX:species=Potato],Capana02g001932[&&NHX:species=Dom. pepper],Capang02g001709[&&NHX:species=Wild pepper])S,PGSC0003DMP400051738[&&NHX:species=Potato])D;	0	0	0	
OG20671	((SPI02g03194.1[&&NHX:species=S. pimp],Solyc02g078970.4.1[&&NHX:species=Tomato],Capang02g001802[&&NHX:species=Wild pepper],Sopen02g023780.1[&&NHX:species=S. Pennelli],PGSC0003DMP400038758[&&NHX:species=Potato],Capana02g002020[&&NHX:species=Dom. pepper],SLYcer02g04292.1[&&NHX:species=Tomato Cherry])S,PGSC0003DMP400053128[&&NHX:species=Potato])D;	0	0	0	
OG20740	((SLYcer10g05790.1[&&NHX:species=Tomato Cherry],Capana10g001696[&&NHX:species=Dom. pepper],SPI10g04324.1[&&NHX:species=S. pimp],Sopen10g034270.1[&&NHX:species=S. Pennelli],Capang10g001440[&&NHX:species=Wild pepper],Solyc10g084830.2.1[&&NHX:species=Tomato],PGSC0003DMP400019554[&&NHX:species=Potato])S,PGSC0003DMP400019553[&&NHX:species=Potato])D;	0	0	0	
OG20838	((Capana01g003707[&&NHX:species=Dom. pepper],Capang08g000628[&&NHX:species=Wild pepper],SPI08g04523.1[&&NHX:species=S. pimp],SLYcer08g04624.1[&&NHX:species=Tomato Cherry],Sopen08g017250.1[&&NHX:species=S. Pennelli],Solyc08g061820.3.1[&&NHX:species=Tomato],PGSC0003DMP400032788[&&NHX:species=Potato])S,PGSC0003DMP400032787[&&NHX:species=Potato])D;	0	0	0	
OG20857	((SLYcer03g03266.1[&&NHX:species=Tomato Cherry],PGSC0003DMP400032303[&&NHX:species=Potato],Sopen03g022430.1[&&NHX:species=S. Pennelli])S,(Capana03g001946[&&NHX:species=Dom. pepper],Capang03g001849[&&NHX:species=Wild pepper],Solyc03g082670.3.1[&&NHX:species=Tomato],PGSC0003DMP400032304[&&NHX:species=Potato],SPI03g03355.1[&&NHX:species=S. pimp])S)D;	0	0	0	
OG20904	((PGSC0003DMP400053928[&&NHX:species=Potato],Solyc01g110030.3.1[&&NHX:species=Tomato],SLYcer01g08397.1[&&NHX:species=Tomato Cherry])S,(SPI01g08623.1[&&NHX:species=S. pimp],Sopen01g052220.1[&&NHX:species=S. Pennelli],Capana08g002582[&&NHX:species=Dom. pepper],PGSC0003DMP400053926[&&NHX:species=Potato],Capang01g005114[&&NHX:species=Wild pepper])S)D;	0	0	0	
OG20959	((Capang02g002631[&&NHX:species=Wild pepper],PGSC0003DMP400053328[&&NHX:species=Potato],Solyc02g091790.3.1[&&NHX:species=Tomato],SPI02g04491.1[&&NHX:species=S. pimp],SLYcer02g05571.1[&&NHX:species=Tomato Cherry],Sopen02g036370.1[&&NHX:species=S. Pennelli],Capana02g002908[&&NHX:species=Dom. pepper])S,PGSC0003DMP400053327[&&NHX:species=Potato])D;	0	0	0	
OG20981	(SPI02g03993.1[&&NHX:species=S. pimp],(PGSC0003DMP400022373[&&NHX:species=Potato],PGSC0003DMP400022374[&&NHX:species=Potato])D,Capang02g003267[&&NHX:species=Wild pepper],Sopen02g031190.1[&&NHX:species=S. Pennelli],Capana02g003545[&&NHX:species=Dom. pepper],Solyc02g086470.3.1[&&NHX:species=Tomato],SLYcer02g05055.1[&&NHX:species=Tomato Cherry])S;	0	0	0	
OG21029	((SLYcer03g02262.1[&&NHX:species=Tomato Cherry],SPI03g02390.1[&&NHX:species=S. pimp],Capang10g002171[&&NHX:species=Wild pepper],PGSC0003DMP400045702[&&NHX:species=Potato],Capana10g002417[&&NHX:species=Dom. pepper],Solyc03g059100.3.1[&&NHX:species=Tomato],Sopen03g013260.1[&&NHX:species=S. Pennelli])S,Capang03g002987[&&NHX:species=Wild pepper])D;	0	0	0	
OG21043	((Solyc03g120260.4.1[&&NHX:species=Tomato],Capana00g000573[&&NHX:species=Dom. pepper],PGSC0003DMP400004578[&&NHX:species=Potato],Capang00g002836[&&NHX:species=Wild pepper],SPI03g05294.1[&&NHX:species=S. pimp],SLYcer03g05244.1[&&NHX:species=Tomato Cherry],Sopen03g039140.1[&&NHX:species=S. Pennelli])S,Capana12g001272[&&NHX:species=Dom. pepper])D;	0	0	0	
OG21063	(Sopen11g027930.1[&&NHX:species=S. Pennelli],SLYcer11g03911.1[&&NHX:species=Tomato Cherry],Solyc11g069190.2.1[&&NHX:species=Tomato],Capang11g000100[&&NHX:species=Wild pepper],(PGSC0003DMP400014193[&&NHX:species=Potato],PGSC0003DMP400014194[&&NHX:species=Potato])D,SPI11g03973.1[&&NHX:species=S. pimp],Capana11g000105[&&NHX:species=Dom. pepper])S;	0	0	0	
OG21069	((Capana11g000098[&&NHX:species=Dom. pepper],Capang11g000092[&&NHX:species=Wild pepper],SPI11g03980.1[&&NHX:species=S. pimp],SLYcer11g03918.1[&&NHX:species=Tomato Cherry],Solyc11g069260.2.1[&&NHX:species=Tomato],Sopen11g027990.1[&&NHX:species=S. Pennelli],PGSC0003DMP400014188[&&NHX:species=Potato])S,PGSC0003DMP400014189[&&NHX:species=Potato])D;	0	0	0	
OG21099	((SLYcer12g04658.1[&&NHX:species=Tomato Cherry],Capana12g000776[&&NHX:species=Dom. pepper],PGSC0003DMP400020494[&&NHX:species=Potato],Capang12g000657[&&NHX:species=Wild pepper])S,(Solyc12g088340.2.1[&&NHX:species=Tomato],PGSC0003DMP400020492[&&NHX:species=Potato],Sopen12g030330.1[&&NHX:species=S. Pennelli],SPI12g04615.1[&&NHX:species=S. pimp])S)D;	0	0	0	
OG21326	((Sopen08g008890.1[&&NHX:species=S. Pennelli],Solyc08g023590.4.1[&&NHX:species=Tomato],SPI08g03615.1[&&NHX:species=S. pimp],SLYcer08g03647.1[&&NHX:species=Tomato Cherry])S,(Capang00g004012[&&NHX:species=Wild pepper],Capana08g001345[&&NHX:species=Dom. pepper],Sopen01g041660.1[&&NHX:species=S. Pennelli],SPI01g07521.1[&&NHX:species=S. pimp],Solyc01g098090.3.1[&&NHX:species=Tomato])S)D;	0	0	0	
OG21425	(Capana01g004481[&&NHX:species=Dom. pepper],Solyc08g008490.4.1[&&NHX:species=Tomato],SPI08g00545.1[&&NHX:species=S. pimp],Capang08g001330[&&NHX:species=Wild pepper],(Sopen08g004340.1[&&NHX:species=S. Pennelli],Sopen08g004340.2[&&NHX:species=S. Pennelli])D,SLYcer08g00571.1[&&NHX:species=Tomato Cherry],(PGSC0003DMP400010370[&&NHX:species=Potato],PGSC0003DMP400010369[&&NHX:species=Potato])D)S;	0	0	0	
OG21555	(Capana02g001847[&&NHX:species=Dom. pepper],(PGSC0003DMP400054998[&&NHX:species=Potato],PGSC0003DMP400054999[&&NHX:species=Potato])D,Solyc02g077560.3.1[&&NHX:species=Tomato],SPI02g03044.1[&&NHX:species=S. pimp],Capang02g001636[&&NHX:species=Wild pepper],SLYcer02g04153.1[&&NHX:species=Tomato Cherry],(Sopen02g022450.1[&&NHX:species=S. Pennelli],Sopen02g022450.2[&&NHX:species=S. Pennelli])D)S;	0	0	0	
OG21627	((SLYcer10g02030.1[&&NHX:species=Tomato Cherry],Sopen05g034450.1[&&NHX:species=S. Pennelli],PGSC0003DMP400040360[&&NHX:species=Potato],Capana07g000264[&&NHX:species=Dom. pepper],Capang07g000264[&&NHX:species=Wild pepper],Solyc05g056040.3.1[&&NHX:species=Tomato],SPI05g04946.1[&&NHX:species=S. pimp])S,(PGSC0003DMP400040358[&&NHX:species=Potato],PGSC0003DMP400040357[&&NHX:species=Potato])D)D;	1	1	0	
OG21645	(Capang04g000692[&&NHX:species=Wild pepper],Capana04g000715[&&NHX:species=Dom. pepper],(PGSC0003DMP400008798[&&NHX:species=Potato],(Solyc04g077460.3.1[&&NHX:species=Tomato],(PGSC0003DMP400008800[&&NHX:species=Potato],PGSC0003DMP400008799[&&NHX:species=Potato])D,SLYcer04g05358.1[&&NHX:species=Tomato Cherry],Sopen04g031050.1[&&NHX:species=S. Pennelli],SPI04g04855.1[&&NHX:species=S. pimp])S)D)S;	0	0	0	
OG21658	(((PGSC0003DMP400015691[&&NHX:species=Potato],PGSC0003DMP400015690[&&NHX:species=Potato])D,PGSC0003DMP400015689[&&NHX:species=Potato])D,SLYcer09g00927.1[&&NHX:species=Tomato Cherry],Capang09g001475[&&NHX:species=Wild pepper],Sopen09g005380.1[&&NHX:species=S. Pennelli],Solyc09g010670.4.1[&&NHX:species=Tomato],SPI09g00835.1[&&NHX:species=S. pimp],Capana09g002010[&&NHX:species=Dom. pepper])S;	1	1	0	
OG21670	(((Solyc04g081350.3.1[&&NHX:species=Tomato],Capang04g000183[&&NHX:species=Wild pepper],Sopen04g034970.1[&&NHX:species=S. Pennelli],SLYcer04g05740.1[&&NHX:species=Tomato Cherry],PGSC0003DMP400006749[&&NHX:species=Potato],Capana04g000203[&&NHX:species=Dom. pepper],SPI04g05241.1[&&NHX:species=S. pimp])S,PGSC0003DMP400006747[&&NHX:species=Potato])D,PGSC0003DMP400006748[&&NHX:species=Potato])D;	1	1	0	
OG21675	((Capana00g004700[&&NHX:species=Dom. pepper],Solyc07g008860.3.1[&&NHX:species=Tomato],Sopen07g004790.1[&&NHX:species=S. Pennelli],SLYcer07g00607.1[&&NHX:species=Tomato Cherry])S,(Capana07g000822[&&NHX:species=Dom. pepper],(Capang07g000753[&&NHX:species=Wild pepper],Capang03g000841[&&NHX:species=Wild pepper])D)S)D;	0	0	28	PGSC0003DMP400050053,SPI07g00651.1
OG21681	(PGSC0003DMP400055331[&&NHX:species=Potato],(Capang08g000635[&&NHX:species=Wild pepper],SLYcer01g00196.1[&&NHX:species=Tomato Cherry],Solyc01g005450.3.1[&&NHX:species=Tomato],Sopen01g001460.1[&&NHX:species=S. Pennelli],Capana01g003719[&&NHX:species=Dom. pepper],SPI01g00218.1[&&NHX:species=S. pimp],PGSC0003DMP400055330[&&NHX:species=Potato])S,PGSC0003DMP400035223[&&NHX:species=Potato])D;	1	0	0	
OG21690	((PGSC0003DMP400025216[&&NHX:species=Potato],PGSC0003DMP400025215[&&NHX:species=Potato])D,(Capang03g002165[&&NHX:species=Wild pepper],Sopen03g005050.1[&&NHX:species=S. Pennelli],Solyc03g026170.4.1[&&NHX:species=Tomato],PGSC0003DMP400025217[&&NHX:species=Potato],Capana03g002282[&&NHX:species=Dom. pepper],SPI03g00730.1[&&NHX:species=S. pimp],SLYcer03g00510.1[&&NHX:species=Tomato Cherry])S)D;	1	1	0	
OG21718	(Capana08g001774[&&NHX:species=Dom. pepper],Solyc01g103050.3.1[&&NHX:species=Tomato],Sopen01g045470.1[&&NHX:species=S. Pennelli],Capang01g004341[&&NHX:species=Wild pepper],SLYcer01g07346.1[&&NHX:species=Tomato Cherry],SPI01g07918.1[&&NHX:species=S. pimp],((PGSC0003DMP400036010[&&NHX:species=Potato],PGSC0003DMP400036011[&&NHX:species=Potato])D,PGSC0003DMP400036012[&&NHX:species=Potato])D)S;	1	1	0	
OG21811	(Capana02g003297[&&NHX:species=Dom. pepper],Solyc02g088730.2.1[&&NHX:species=Tomato],Capang02g003039[&&NHX:species=Wild pepper],(PGSC0003DMP400002622[&&NHX:species=Potato],PGSC0003DMP400002623[&&NHX:species=Potato],PGSC0003DMP400002621[&&NHX:species=Potato])D,Sopen02g033440.1[&&NHX:species=S. Pennelli],SLYcer02g05286.1[&&NHX:species=Tomato Cherry],SPI02g04211.1[&&NHX:species=S. pimp])S;	1	0	0	
OG21836	(PGSC0003DMP400048173[&&NHX:species=Potato],(PGSC0003DMP400048172[&&NHX:species=Potato],(SPI10g03475.1[&&NHX:species=S. pimp],PGSC0003DMP400048171[&&NHX:species=Potato],SLYcer10g04980.1[&&NHX:species=Tomato Cherry],Solyc10g074790.2.1[&&NHX:species=Tomato],Capana10g001059[&&NHX:species=Dom. pepper],Capang10g000883[&&NHX:species=Wild pepper],Sopen10g027280.1[&&NHX:species=S. Pennelli])S)D)D;	1	1	0	
OG21896	((Capang01g002033[&&NHX:species=Wild pepper],Capana01g002357[&&NHX:species=Dom. pepper])S,(SLYcer02g02412.1[&&NHX:species=Tomato Cherry],Sopen02g009400.1[&&NHX:species=S. Pennelli],SPI02g01311.1[&&NHX:species=S. pimp],PGSC0003DMP400020924[&&NHX:species=Potato],Capana02g000264[&&NHX:species=Dom. pepper],Solyc02g030080.4.1[&&NHX:species=Tomato],Capang00g001488[&&NHX:species=Wild pepper])S)D;	0	0	0	
OG21948	((Capang05g001664[&&NHX:species=Wild pepper],SPI11g00329.1[&&NHX:species=S. pimp],Capana12g002038[&&NHX:species=Dom. pepper],SLYcer11g00169.1[&&NHX:species=Tomato Cherry],(PGSC0003DMP400049956[&&NHX:species=Potato],PGSC0003DMP400049955[&&NHX:species=Potato])D,Sopen11g001760.1[&&NHX:species=S. Pennelli],Solyc11g005800.2.1[&&NHX:species=Tomato])S,PGSC0003DMP400049957[&&NHX:species=Potato])D;	0	0	0	
OG21971	((SPI06g03316.1[&&NHX:species=S. pimp],Capana06g001997[&&NHX:species=Dom. pepper],Capang06g001845[&&NHX:species=Wild pepper],SLYcer06g03393.1[&&NHX:species=Tomato Cherry],Solyc06g050790.3.1[&&NHX:species=Tomato],Sopen06g016460.1[&&NHX:species=S. Pennelli],PGSC0003DMP400050760[&&NHX:species=Potato])S,(Capana06g001998[&&NHX:species=Dom. pepper],PGSC0003DMP400020636[&&NHX:species=Potato])S)D;	0	0	0	
OG22075	(((Capang01g002183[&&NHX:species=Wild pepper],Capana01g002524[&&NHX:species=Dom. pepper])S,Capang00g000678[&&NHX:length=-19.07576:species=Wild pepper])D,(Solyc01g079560.3.1[&&NHX:species=Tomato],Capang01g002628[&&NHX:species=Wild pepper],SLYcer01g06082.1[&&NHX:species=Tomato Cherry],SPI01g06379.1[&&NHX:species=S. pimp],Sopen01g031340.1[&&NHX:species=S. Pennelli],PGSC0003DMP400062312[&&NHX:species=Potato])S)D;	1	1	0	
OG22105	((Capang06g002234[&&NHX:species=Wild pepper],Sopen06g010800.1[&&NHX:species=S. Pennelli],Solyc06g034140.3.1[&&NHX:species=Tomato],SPI06g02937.1[&&NHX:species=S. pimp],PGSC0003DMP400037417[&&NHX:species=Potato],Capana06g002417[&&NHX:species=Dom. pepper],SLYcer06g02757.1[&&NHX:species=Tomato Cherry])S,(Capang01g004919[&&NHX:species=Wild pepper],Capana08g002373[&&NHX:species=Dom. pepper])S)D;	0	0	0	
OG22134	((Capana02g002848[&&NHX:species=Dom. pepper],SLYcer02g05522.1[&&NHX:species=Tomato Cherry],Solyc02g091240.1.1[&&NHX:species=Tomato],SPI02g04442.1[&&NHX:species=S. pimp],PGSC0003DMP400053375[&&NHX:species=Potato],Capang02g002573[&&NHX:species=Wild pepper],Sopen02g035860.1[&&NHX:species=S. Pennelli])S,(Capang11g002269[&&NHX:species=Wild pepper],Capana11g002393[&&NHX:species=Dom. pepper])S)D;	0	0	0	
OG22257	((SPI03g05270.1[&&NHX:species=S. pimp],Capang03g000328[&&NHX:species=Wild pepper],SLYcer03g05210.1[&&NHX:species=Tomato Cherry],PGSC0003DMP400009870[&&NHX:species=Potato],Solyc03g120010.4.1[&&NHX:species=Tomato],Capana03g000354[&&NHX:species=Dom. pepper],Sopen03g038890.1[&&NHX:species=S. Pennelli])S,(SPI06g03486.1[&&NHX:species=S. pimp],SLYcer06g03572.1[&&NHX:species=Tomato Cherry],Solyc06g052000.1.1[&&NHX:species=Tomato])S)D;	0	0	0	
OG22271	(((SLYcer07g04984.1[&&NHX:species=Tomato Cherry],SPI07g05713.1[&&NHX:species=S. pimp])S,(SPI08g05177.1[&&NHX:species=S. pimp],SLYcer08g05280.1[&&NHX:species=Tomato Cherry])S)D,((Sopen07g028530.1[&&NHX:species=S. Pennelli],Solyc07g054630.4.1[&&NHX:species=Tomato])S,Solyc08g068540.4.1[&&NHX:species=Tomato])D)S;	0	0	42	PGSC0003DMP400032011,Capang01g005001,Capana08g002479
OG22384	(((PGSC0003DMP400044223[&&NHX:species=Potato],PGSC0003DMP400044224[&&NHX:species=Potato])D,SLYcer06g00517.1[&&NHX:species=Tomato Cherry],Capang06g002768[&&NHX:species=Wild pepper],SPI06g00302.1[&&NHX:species=S. pimp],Capana06g003008[&&NHX:species=Dom. pepper],(Sopen06g003160.2[&&NHX:species=S. Pennelli],Sopen06g003160.1[&&NHX:species=S. Pennelli])D,Solyc06g008310.3.1[&&NHX:species=Tomato])S,PGSC0003DMP400044225[&&NHX:species=Potato])D;	0	0	0	
OG22394	(((Sopen11g001560.1[&&NHX:species=S. Pennelli],PGSC0003DMP400007085[&&NHX:species=Potato])S,PGSC0003DMP400007088[&&NHX:species=Potato])D,(SPI11g00306.1[&&NHX:species=S. pimp],Capang12g001736[&&NHX:species=Wild pepper],Solyc11g005590.1.1[&&NHX:species=Tomato],SLYcer11g00148.1[&&NHX:species=Tomato Cherry],Sopen11g001560.2[&&NHX:species=S. Pennelli],PGSC0003DMP400007086[&&NHX:species=Potato],Capana12g002015[&&NHX:species=Dom. pepper])S)D;	0	0	0	
OG22463	((PGSC0003DMP400028153[&&NHX:species=Potato],PGSC0003DMP400028151[&&NHX:species=Potato])D,((Sopen11g005650.1[&&NHX:species=S. Pennelli],Sopen11g005650.2[&&NHX:species=S. Pennelli])D,SLYcer11g00614.1[&&NHX:species=Tomato Cherry],Solyc11g010910.3.1[&&NHX:species=Tomato],SPI11g00754.1[&&NHX:species=S. pimp],PGSC0003DMP400028152[&&NHX:species=Potato],Capang12g002381[&&NHX:species=Wild pepper],Capana12g002745[&&NHX:species=Dom. pepper])S)D;	1	1	0	
OG22523	(((Solyc08g082900.4.1[&&NHX:species=Tomato],SPI08g06415.1[&&NHX:species=S. pimp],Capana01g000069[&&NHX:species=Dom. pepper],Sopen08g031130.1[&&NHX:species=S. Pennelli],(PGSC0003DMP400021428[&&NHX:species=Potato],PGSC0003DMP400021426[&&NHX:species=Potato])D,Capang01g000062[&&NHX:species=Wild pepper],SLYcer08g06510.1[&&NHX:species=Tomato Cherry])S,PGSC0003DMP400021427[&&NHX:species=Potato])D,PGSC0003DMP400021425[&&NHX:species=Potato])D;	1	1	0	
OG22605	((PGSC0003DMP400044696[&&NHX:species=Potato],(SPI01g08429.1[&&NHX:species=S. pimp],PGSC0003DMP400044698[&&NHX:species=Potato],Capana08g002372[&&NHX:species=Dom. pepper],Sopen01g050350.1[&&NHX:species=S. Pennelli],Capang01g004918[&&NHX:species=Wild pepper],SLYcer01g08207.1[&&NHX:species=Tomato Cherry],Solyc01g108120.3.1[&&NHX:species=Tomato])S)D,(PGSC0003DMP400044697[&&NHX:species=Potato],PGSC0003DMP400044699[&&NHX:length=-0.47452:species=Potato])D)D;	1	1	0	
OG22804	((Capana00g004160[&&NHX:species=Dom. pepper],Capang00g002435[&&NHX:species=Wild pepper],Solyc07g064290.3.1[&&NHX:species=Tomato],SLYcer07g05466.1[&&NHX:species=Tomato Cherry],Sopen07g032440.1[&&NHX:species=S. Pennelli],SPI07g06179.1[&&NHX:species=S. pimp])S,(Sopen10g002330.1[&&NHX:species=S. Pennelli],SPI10g00238.1[&&NHX:species=S. pimp],PGSC0003DMP400025344[&&NHX:species=Potato],SLYcer10g00370.1[&&NHX:species=Tomato Cherry],Solyc10g006380.3.1[&&NHX:species=Tomato])S)D;	0	0	0	
OG22813	((Sopen06g024500.1[&&NHX:species=S. Pennelli],Capana06g001465[&&NHX:species=Dom. pepper],Capang06g001393[&&NHX:species=Wild pepper],SPI06g04162.1[&&NHX:species=S. pimp],Solyc06g066020.3.1[&&NHX:species=Tomato],SLYcer06g04303.1[&&NHX:species=Tomato Cherry])S,(Sopen08g009000.1[&&NHX:species=S. Pennelli],PGSC0003DMP400024324[&&NHX:species=Potato],SLYcer08g03624.1[&&NHX:species=Tomato Cherry],SPI08g03593.1[&&NHX:species=S. pimp],Solyc08g021820.3.1[&&NHX:species=Tomato])S)D;	0	0	0	
OG22881	((SLYcer03g02493.1[&&NHX:species=Tomato Cherry],Solyc03g063050.1.1[&&NHX:species=Tomato],SPI03g02619.1[&&NHX:species=S. pimp])S,((SPI03g02617.1[&&NHX:species=S. pimp],PGSC0003DMP400024603[&&NHX:species=Potato],Sopen03g015310.1[&&NHX:species=S. Pennelli],Capana03g002859[&&NHX:species=Dom. pepper],Solyc03g063030.4.1[&&NHX:species=Tomato],SLYcer03g02491.1[&&NHX:species=Tomato Cherry],Capang03g002744[&&NHX:species=Wild pepper])S,PGSC0003DMP400024604[&&NHX:species=Potato])D)D;	0	0	0	
OG22888	((SPI01g06374.1[&&NHX:species=S. pimp],Sopen01g031280.1[&&NHX:species=S. Pennelli],Capang01g001820[&&NHX:species=Wild pepper],Capana00g002208[&&NHX:species=Dom. pepper],Solyc01g079510.3.1[&&NHX:species=Tomato])S,(SLYcer01g05348.1[&&NHX:species=Tomato Cherry],Capana01g002294[&&NHX:species=Dom. pepper],Capang01g001989[&&NHX:species=Wild pepper],Solyc01g060040.3.1[&&NHX:species=Tomato],Sopen01g026220.1[&&NHX:species=S. Pennelli],SPI01g05507.1[&&NHX:species=S. pimp])S)D;	0	0	0	
OG22918	((SLYcer01g07013.1[&&NHX:species=Tomato Cherry],Solyc01g095370.3.1[&&NHX:species=Tomato],Capana08g000988[&&NHX:species=Dom. pepper],SPI01g07262.1[&&NHX:species=S. pimp],Sopen01g039140.1[&&NHX:species=S. Pennelli],Capang01g003564[&&NHX:species=Wild pepper])S,(SPI05g04217.1[&&NHX:species=S. pimp],SLYcer10g02753.1[&&NHX:species=Tomato Cherry],Sopen05g028590.1[&&NHX:species=S. Pennelli])S)D;	0	0	52	PGSC0003DMP400000189,PGSC0003DMP400000190
OG23087	(((Capana09g001066[&&NHX:species=Dom. pepper],PGSC0003DMP400034752[&&NHX:species=Potato],Capang09g000781[&&NHX:species=Wild pepper])S,PGSC0003DMP400034753[&&NHX:species=Potato])D,(PGSC0003DMP400034751[&&NHX:species=Potato],SLYcer06g05504.1[&&NHX:species=Tomato Cherry],Sopen06g035780.1[&&NHX:species=S. Pennelli],Capang06g000040[&&NHX:species=Wild pepper],SPI06g05395.1[&&NHX:species=S. pimp],Capana06g000056[&&NHX:species=Dom. pepper],Solyc06g084390.3.1[&&NHX:species=Tomato])S)D;	0	0	0	
OG23201	(((PGSC0003DMP400020324[&&NHX:species=Potato],Sopen04g005380.1[&&NHX:species=S. Pennelli],SLYcer04g00659.1[&&NHX:species=Tomato Cherry],Solyc04g010200.1.1[&&NHX:species=Tomato])S,(Sopen04g005390.1[&&NHX:species=S. Pennelli],Solyc04g010210.1.1[&&NHX:species=Tomato],SLYcer04g00660.1[&&NHX:species=Tomato Cherry],PGSC0003DMP400020301[&&NHX:species=Potato])S)D,(Capana05g000419[&&NHX:species=Dom. pepper],Capang05g000338[&&NHX:species=Wild pepper])S)S;	0	0	56	SPI04g00635.1,SPI04g00634.1
OG23239	((((SPI07g00576.1[&&NHX:species=S. pimp],SLYcer07g00526.1[&&NHX:species=Tomato Cherry])S,SPI08g05636.1[&&NHX:species=S. pimp])D,SLYcer08g05751.1[&&NHX:species=Tomato Cherry])D,(PGSC0003DMP400034528[&&NHX:species=Potato],PGSC0003DMP400034529[&&NHX:species=Potato])D,(Solyc08g075360.3.1[&&NHX:species=Tomato],Solyc07g008340.4.1[&&NHX:species=Tomato])D)S;	0	0	80	Sopen08g023990.1,Sopen07g004230.1,Capang00g004220,Capana01g000961
OG23287	((Capang07g001262[&&NHX:species=Wild pepper],Sopen07g024130.1[&&NHX:species=S. Pennelli],PGSC0003DMP400010857[&&NHX:species=Potato],Solyc07g047680.3.1[&&NHX:species=Tomato],SLYcer07g04222.1[&&NHX:species=Tomato Cherry],Capana07g001224[&&NHX:species=Dom. pepper],SPI07g04898.1[&&NHX:species=S. pimp])S,(PGSC0003DMP400032833[&&NHX:species=Potato],SPI05g03515.1[&&NHX:species=S. pimp],Solyc05g040040.1.1[&&NHX:species=Tomato],SLYcer05g02884.1[&&NHX:species=Tomato Cherry],Sopen05g025150.1[&&NHX:species=S. Pennelli])S)D;	0	0	0	
OG23329	((SPI12g02732.1[&&NHX:species=S. pimp],Solyc12g035360.2.1[&&NHX:species=Tomato],Capang00g003908[&&NHX:species=Wild pepper],SLYcer12g02966.1[&&NHX:species=Tomato Cherry],Capana04g001839[&&NHX:species=Dom. pepper],Sopen12g015070.1[&&NHX:species=S. Pennelli])S,(SLYcer02g04788.1[&&NHX:species=Tomato Cherry],Capang02g002329[&&NHX:species=Wild pepper],Solyc02g083940.3.1[&&NHX:species=Tomato],Capana02g002593[&&NHX:species=Dom. pepper],Sopen02g028720.1[&&NHX:species=S. Pennelli],SPI02g03700.1[&&NHX:species=S. pimp])S)D;	0	0	0	
OG23368	((SPI01g07461.1[&&NHX:species=S. pimp],Capang01g003838[&&NHX:species=Wild pepper],PGSC0003DMP400033759[&&NHX:species=Potato],Sopen01g041100.1[&&NHX:species=S. Pennelli],Solyc01g097430.4.1[&&NHX:species=Tomato],Capana08g001255[&&NHX:species=Dom. pepper])S,(Capana03g004208[&&NHX:species=Dom. pepper],SLYcer09g05287.1[&&NHX:species=Tomato Cherry],SPI09g04978.1[&&NHX:species=S. pimp],Solyc09g098410.3.1[&&NHX:species=Tomato],Sopen09g036340.1[&&NHX:species=S. Pennelli],PGSC0003DMP400056551[&&NHX:species=Potato])S)D;	0	0	0	
OG23404	(((Solyc06g071550.3.1[&&NHX:species=Tomato],Capana03g001143[&&NHX:species=Dom. pepper],Sopen06g027840.1[&&NHX:species=S. Pennelli],SPI06g04565.1[&&NHX:species=S. pimp],PGSC0003DMP400047047[&&NHX:species=Potato],Capang03g001093[&&NHX:species=Wild pepper],SLYcer06g04704.1[&&NHX:species=Tomato Cherry])S,Capana06g000942[&&NHX:species=Dom. pepper])D,((Sopen12g014750.1[&&NHX:species=S. Pennelli],PGSC0003DMP400054679[&&NHX:species=Potato])S,(PGSC0003DMP400054680[&&NHX:species=Potato],Solyc12g035190.2.1[&&NHX:species=Tomato])S)D)D;	0	0	0	
OG23490	(((PGSC0003DMP400044704[&&NHX:species=Potato],PGSC0003DMP400044703[&&NHX:species=Potato])D,((((PGSC0003DMP400044702[&&NHX:species=Potato],PGSC0003DMP400044706[&&NHX:species=Potato])D,Sopen01g050360.1[&&NHX:species=S. Pennelli],Solyc01g108130.4.1[&&NHX:species=Tomato])S,PGSC0003DMP400044701[&&NHX:species=Potato])D,Capang01g004920[&&NHX:species=Wild pepper],Capana08g002374[&&NHX:species=Dom. pepper])S)D,(PGSC0003DMP400044705[&&NHX:species=Potato],SLYcer01g08208.1[&&NHX:species=Tomato Cherry])S)D;	1	1	4	SPI01g08430.1
OG23638	((Capang01g005289[&&NHX:species=Wild pepper],SLYcer01g08506.1[&&NHX:species=Tomato Cherry],Solyc01g111310.3.1[&&NHX:species=Tomato],PGSC0003DMP400002880[&&NHX:species=Potato],Capana08g002704[&&NHX:species=Dom. pepper],Sopen01g053370.1[&&NHX:species=S. Pennelli],SPI01g08735.1[&&NHX:species=S. pimp])S,((Sopen10g025080.1[&&NHX:species=S. Pennelli],SLYcer10g04768.1[&&NHX:species=Tomato Cherry],SPI10g03264.1[&&NHX:species=S. pimp],PGSC0003DMP400040164[&&NHX:species=Potato],Solyc10g055260.2.1[&&NHX:species=Tomato])S,PGSC0003DMP400002879[&&NHX:species=Potato])D)D;	0	0	0	
OG23639	(((SPI12g00475.1[&&NHX:species=S. pimp],Capana09g000173[&&NHX:species=Dom. pepper],SLYcer12g00446.1[&&NHX:species=Tomato Cherry],Capang09g000167[&&NHX:species=Wild pepper],Solyc12g009030.2.1[&&NHX:species=Tomato],Sopen12g003960.1[&&NHX:species=S. Pennelli],PGSC0003DMP400000642[&&NHX:species=Potato])S,Capang07g000565[&&NHX:species=Wild pepper])D,(Sopen07g020370.1[&&NHX:species=S. Pennelli],SLYcer07g03513.1[&&NHX:species=Tomato Cherry],PGSC0003DMP400028102[&&NHX:species=Potato],SPI07g04235.1[&&NHX:species=S. pimp],Solyc07g041080.3.1[&&NHX:species=Tomato])S)D;	0	0	0	
OG23715	((Solyc12g095750.2.1[&&NHX:species=Tomato],SLYcer12g04837.1[&&NHX:species=Tomato Cherry],SPI12g04795.1[&&NHX:species=S. pimp],Sopen12g031650.1[&&NHX:species=S. Pennelli])S,((SPI04g05396.1[&&NHX:species=S. pimp],SLYcer04g05885.1[&&NHX:species=Tomato Cherry],Capang04g000026[&&NHX:species=Wild pepper],Sopen04g036470.1[&&NHX:species=S. Pennelli],PGSC0003DMP400017524[&&NHX:species=Potato],Capana04g000034[&&NHX:species=Dom. pepper],Solyc04g082830.3.1[&&NHX:species=Tomato])S,(PGSC0003DMP400017521[&&NHX:species=Potato],PGSC0003DMP400017523[&&NHX:species=Potato])D)D)D;	1	1	0	
OG23812	((SPI07g00906.1[&&NHX:species=S. pimp],Sopen00g003680.1[&&NHX:species=S. Pennelli],Capang07g000985[&&NHX:species=Wild pepper],PGSC0003DMP400017257[&&NHX:species=Potato],Capana07g000865[&&NHX:species=Dom. pepper],Solyc07g016180.3.1[&&NHX:species=Tomato])S,(PGSC0003DMP400024204[&&NHX:species=Potato],Capana05g001658[&&NHX:species=Dom. pepper],Sopen05g027770.1[&&NHX:species=S. Pennelli],Solyc05g047460.3.1[&&NHX:species=Tomato],SPI05g04097.1[&&NHX:species=S. pimp],Capang05g001338[&&NHX:species=Wild pepper],SLYcer10g02868.1[&&NHX:species=Tomato Cherry])S)D;	0	0	0	
OG23840	((SPI01g08431.1[&&NHX:species=S. pimp],Sopen01g050370.1[&&NHX:species=S. Pennelli],Solyc01g108140.4.1[&&NHX:species=Tomato],Capana08g002375[&&NHX:species=Dom. pepper],Capang01g004921[&&NHX:species=Wild pepper],PGSC0003DMP400044708[&&NHX:species=Potato])S,(SLYcer04g05519.1[&&NHX:species=Tomato Cherry],Solyc04g079130.2.1[&&NHX:species=Tomato],Capang04g000487[&&NHX:species=Wild pepper],Sopen04g032740.1[&&NHX:species=S. Pennelli],SPI04g05016.1[&&NHX:species=S. pimp],Capana04g000532[&&NHX:species=Dom. pepper],PGSC0003DMP400014111[&&NHX:species=Potato])S)D;	0	0	0	
OG23873	((Sopen11g001980.1[&&NHX:species=S. Pennelli],PGSC0003DMP400049978[&&NHX:species=Potato],Solyc11g006040.2.1[&&NHX:species=Tomato],SLYcer11g00198.1[&&NHX:species=Tomato Cherry],Capang12g001795[&&NHX:species=Wild pepper],Capana12g002105[&&NHX:species=Dom. pepper],SPI11g00354.1[&&NHX:species=S. pimp])S,(PGSC0003DMP400044974[&&NHX:species=Potato],SLYcer01g08278.1[&&NHX:species=Tomato Cherry],Capana08g002466[&&NHX:species=Dom. pepper],Sopen01g051030.1[&&NHX:species=S. Pennelli],Solyc01g108840.3.1[&&NHX:species=Tomato],Capang01g004992[&&NHX:species=Wild pepper])S)D;	0	0	0	
OG23959	((Sopen01g028350.1[&&NHX:species=S. Pennelli],(PGSC0003DMP400020070[&&NHX:species=Potato],PGSC0003DMP400020069[&&NHX:species=Potato])D,Capana01g002508[&&NHX:species=Dom. pepper],Solyc01g066740.3.1[&&NHX:species=Tomato],Capang01g002161[&&NHX:species=Wild pepper])S,(SPI01g05898.1[&&NHX:species=S. pimp],PGSC0003DMP400020073[&&NHX:species=Potato],SLYcer01g05728.1[&&NHX:species=Tomato Cherry])S,(PGSC0003DMP400020071[&&NHX:species=Potato],(Capana01g002509[&&NHX:species=Dom. pepper],PGSC0003DMP400020072[&&NHX:species=Potato],Capang01g002162[&&NHX:species=Wild pepper])S)D)D;	1	0	0	
OG24025	(((Solyc09g091160.1.1[&&NHX:species=Tomato],(PGSC0003DMP400020555[&&NHX:species=Potato],PGSC0003DMP400020556[&&NHX:species=Potato])D)S,(Sopen09g034130.3[&&NHX:species=S. Pennelli],PGSC0003DMP400020552[&&NHX:species=Potato])S,(SPI09g04712.1[&&NHX:species=S. pimp],SLYcer09g05045.1[&&NHX:species=Tomato Cherry],PGSC0003DMP400020551[&&NHX:species=Potato])S)D,(((Sopen09g034130.2[&&NHX:species=S. Pennelli],(Sopen09g034130.4[&&NHX:species=S. Pennelli],Sopen09g034130.1[&&NHX:length=-0.91041:species=S. Pennelli])D)D,PGSC0003DMP400020549[&&NHX:species=Potato])S,(Solyc09g091150.2.1[&&NHX:species=Tomato],Sopen09g034130.5[&&NHX:species=S. Pennelli])S)D)D;	2	1	0	
OG24049	((Capana09g002370[&&NHX:species=Dom. pepper],SLYcer09g00589.1[&&NHX:species=Tomato Cherry],Solyc09g009410.3.1[&&NHX:species=Tomato],Sopen09g004150.1[&&NHX:species=S. Pennelli],SPI09g00477.1[&&NHX:species=S. pimp],Capang09g001889[&&NHX:species=Wild pepper])S,((PGSC0003DMP400029423[&&NHX:species=Potato],SLYcer09g04271.1[&&NHX:species=Tomato Cherry],Solyc09g074400.3.1[&&NHX:species=Tomato],SPI09g04077.1[&&NHX:species=S. pimp],Sopen09g029240.1[&&NHX:species=S. Pennelli])S,(SPI09g04066.1[&&NHX:species=S. pimp],Capana07g002495[&&NHX:species=Dom. pepper],Capang07g002490[&&NHX:species=Wild pepper])S)D)D;	0	0	0	
OG24078	(((Capang08g001345[&&NHX:species=Wild pepper],Capana00g000865[&&NHX:species=Dom. pepper],PGSC0003DMP400010384[&&NHX:species=Potato],Solyc08g013690.1.1[&&NHX:species=Tomato])S,(Solyc08g013700.1.1[&&NHX:species=Tomato],Sopen08g004540.1[&&NHX:species=S. Pennelli],PGSC0003DMP400010383[&&NHX:species=Potato])S)D,(Solyc05g004000.1.1[&&NHX:species=Tomato],PGSC0003DMP400021619[&&NHX:species=Potato],Capana01g000019[&&NHX:species=Dom. pepper],(Sopen08g031590.1[&&NHX:species=S. Pennelli],Sopen08g031590.2[&&NHX:species=S. Pennelli])D,SLYcer08g06557.1[&&NHX:species=Tomato Cherry],Capang01g000015[&&NHX:species=Wild pepper])S)D;	0	0	0	
OG24137	((Capana01g000634[&&NHX:species=Dom. pepper],SLYcer10g00807.1[&&NHX:species=Tomato Cherry],SPI10g00682.1[&&NHX:species=S. pimp],Capang01g000575[&&NHX:species=Wild pepper],Solyc10g012190.3.1[&&NHX:species=Tomato])S,((SLYcer07g00576.1[&&NHX:species=Tomato Cherry],SPI07g00624.1[&&NHX:species=S. pimp],Sopen07g004550.1[&&NHX:species=S. Pennelli],Capana10g001888[&&NHX:species=Dom. pepper],Capang10g001667[&&NHX:species=Wild pepper],Solyc07g008610.3.1[&&NHX:species=Tomato])S,Sopen10g005950.1[&&NHX:species=S. Pennelli])D)D;	0	0	96	PGSC0003DMP400039854,PGSC0003DMP400033687
OG24153	((PGSC0003DMP400032446[&&NHX:species=Potato],Capana11g001176[&&NHX:species=Dom. pepper],Capang11g001177[&&NHX:species=Wild pepper],Solyc05g013410.3.1[&&NHX:species=Tomato],SPI05g01025.1[&&NHX:species=S. pimp],Sopen05g008220.1[&&NHX:species=S. Pennelli],SLYcer05g00965.1[&&NHX:species=Tomato Cherry])S,(Sopen01g003470.1[&&NHX:species=S. Pennelli],Solyc01g007930.4.1[&&NHX:species=Tomato],PGSC0003DMP400028613[&&NHX:species=Potato],SPI01g00466.1[&&NHX:species=S. pimp],SLYcer01g00438.1[&&NHX:species=Tomato Cherry],Capang08g000047[&&NHX:species=Wild pepper],Capana08g000051[&&NHX:species=Dom. pepper])S)D;	0	0	0	
OG24159	(((Capana01g003086[&&NHX:species=Dom. pepper],PGSC0003DMP400011146[&&NHX:species=Potato],Capang01g002770[&&NHX:species=Wild pepper],Solyc01g080690.3.1[&&NHX:species=Tomato],SLYcer01g06199.1[&&NHX:species=Tomato Cherry],SPI01g06499.1[&&NHX:species=S. pimp],Sopen01g030810.1[&&NHX:species=S. Pennelli])S,PGSC0003DMP400011145[&&NHX:species=Potato])D,(Capana06g003044[&&NHX:species=Dom. pepper],SLYcer06g00583.1[&&NHX:species=Tomato Cherry],Capang06g002793[&&NHX:species=Wild pepper],Solyc06g008880.3.1[&&NHX:species=Tomato],SPI06g00367.1[&&NHX:species=S. pimp],Sopen06g003630.1[&&NHX:species=S. Pennelli])S)D;	0	0	0	
OG24163	((Solyc07g014620.1.1[&&NHX:species=Tomato],PGSC0003DMP400035988[&&NHX:species=Potato],SPI07g00777.1[&&NHX:species=S. pimp],Capang07g000664[&&NHX:species=Wild pepper],SLYcer07g00748.1[&&NHX:species=Tomato Cherry],Capana07g000618[&&NHX:species=Dom. pepper],Sopen07g005490.1[&&NHX:species=S. Pennelli])S,(Capang05g000841[&&NHX:species=Wild pepper],Capana05g001014[&&NHX:species=Dom. pepper],PGSC0003DMP400024211[&&NHX:species=Potato],SLYcer10g02894.1[&&NHX:species=Tomato Cherry],Solyc05g046320.1.1[&&NHX:species=Tomato],Sopen05g027600.1[&&NHX:species=S. Pennelli],SPI05g04068.1[&&NHX:species=S. pimp])S)D;	0	0	0	
OG24267	(((SPI10g03621.1[&&NHX:species=S. pimp],SLYcer10g05139.1[&&NHX:species=Tomato Cherry],Solyc10g076790.2.1[&&NHX:species=Tomato],Sopen10g028420.1[&&NHX:species=S. Pennelli],PGSC0003DMP400033326[&&NHX:species=Potato])S,(PGSC0003DMP400014930[&&NHX:species=Potato],Sopen09g007220.1[&&NHX:species=S. Pennelli],SLYcer09g01191.1[&&NHX:species=Tomato Cherry],SPI09g01073.1[&&NHX:species=S. pimp],Solyc09g014380.3.1[&&NHX:species=Tomato])S)D,(Capang10g001162[&&NHX:species=Wild pepper],Capang09g001124[&&NHX:species=Wild pepper])D,(Capana09g001555[&&NHX:species=Dom. pepper],Capana10g001370[&&NHX:species=Dom. pepper])D)S;	0	0	0	
OG24330	((Sopen10g002800.1[&&NHX:species=S. Pennelli],PGSC0003DMP400043398[&&NHX:species=Potato],SPI10g00289.1[&&NHX:species=S. pimp],Capang10g000062[&&NHX:species=Wild pepper],Solyc10g006890.4.1[&&NHX:species=Tomato],Capana10g000064[&&NHX:species=Dom. pepper])S,((Solyc07g063330.4.1[&&NHX:species=Tomato],PGSC0003DMP400022038[&&NHX:species=Potato],Capang07g002230[&&NHX:species=Wild pepper],SPI07g06088.1[&&NHX:species=S. pimp],Capana07g002209[&&NHX:species=Dom. pepper],SLYcer07g05369.1[&&NHX:species=Tomato Cherry],Sopen07g031500.1[&&NHX:species=S. Pennelli])S,PGSC0003DMP400022035[&&NHX:species=Potato])D)D;	0	0	0	
OG24354	((SLYcer01g07467.1[&&NHX:species=Tomato Cherry],SPI01g07802.1[&&NHX:species=S. pimp],Capana05g002156[&&NHX:species=Dom. pepper],Capang01g004225[&&NHX:species=Wild pepper],PGSC0003DMP400005014[&&NHX:species=Potato],Solyc01g100850.3.1[&&NHX:species=Tomato],Sopen01g044350.1[&&NHX:species=S. Pennelli])S,((Capang03g003251[&&NHX:species=Wild pepper],Capana00g002485[&&NHX:species=Dom. pepper],SPI09g03787.1[&&NHX:species=S. pimp],Sopen09g028200.1[&&NHX:species=S. Pennelli],PGSC0003DMP400018220[&&NHX:species=Potato],Solyc09g066470.4.1[&&NHX:species=Tomato])S,PGSC0003DMP400018221[&&NHX:species=Potato])D)D;	0	0	0	
OG24564	((((SLYcer08g06228.1[&&NHX:species=Tomato Cherry],SPI08g06130.1[&&NHX:species=S. pimp],Sopen08g028430.2[&&NHX:species=S. Pennelli],Capana01g000361[&&NHX:species=Dom. pepper],Solyc08g080080.4.1[&&NHX:species=Tomato],PGSC0003DMP400039414[&&NHX:species=Potato],Capang01g000332[&&NHX:species=Wild pepper])S,Sopen08g028430.1[&&NHX:species=S. Pennelli])D,(Capang12g000955[&&NHX:species=Wild pepper],Capana12g001152[&&NHX:species=Dom. pepper])S)D,(Sopen12g029080.1[&&NHX:species=S. Pennelli],SPI12g04451.1[&&NHX:species=S. pimp],PGSC0003DMP400019071[&&NHX:species=Potato],Solyc12g056490.1.1[&&NHX:species=Tomato],SLYcer12g04496.1[&&NHX:species=Tomato Cherry])S)D;	0	0	0	
OG24571	((((SPI07g06178.1[&&NHX:species=S. pimp],SLYcer07g05465.1[&&NHX:species=Tomato Cherry],Sopen07g032430.1[&&NHX:species=S. Pennelli],Solyc07g064280.3.1[&&NHX:species=Tomato],PGSC0003DMP400001966[&&NHX:species=Potato])S,(SPI10g00240.1[&&NHX:species=S. pimp],Solyc10g006400.3.1[&&NHX:species=Tomato],SLYcer10g00372.1[&&NHX:species=Tomato Cherry],Sopen10g002350.1[&&NHX:species=S. Pennelli])S)D,(PGSC0003DMP400001967[&&NHX:species=Potato],PGSC0003DMP400025345[&&NHX:species=Potato])D)D,((Capang00g002434[&&NHX:species=Wild pepper],Capana00g004159[&&NHX:species=Dom. pepper])S,(Capana10g000007[&&NHX:species=Dom. pepper],Capang10g000007[&&NHX:species=Wild pepper])S)D)S;	0	0	0	
OG24632	((((SPI09g00784.1[&&NHX:species=S. pimp],SLYcer09g00853.1[&&NHX:species=Tomato Cherry],PGSC0003DMP400015722[&&NHX:species=Potato],Solyc09g010230.2.1[&&NHX:species=Tomato])S,PGSC0003DMP400015721[&&NHX:species=Potato])D,Capang09g001951[&&NHX:species=Wild pepper])S,((Capana10g002043[&&NHX:species=Dom. pepper],SLYcer10g05628.1[&&NHX:species=Tomato Cherry],SPI10g04152.1[&&NHX:species=S. pimp],Sopen10g032690.1[&&NHX:species=S. Pennelli],Solyc10g083210.2.1[&&NHX:species=Tomato],PGSC0003DMP400048917[&&NHX:species=Potato],Capang10g001796[&&NHX:species=Wild pepper])S,PGSC0003DMP400048918[&&NHX:species=Potato])D)D;	0	0	8	Sopen09g004970.1
OG24637	((PGSC0003DMP400015522[&&NHX:species=Potato],Capang09g001546[&&NHX:species=Wild pepper],Solyc09g010720.3.1[&&NHX:species=Tomato],SLYcer09g00931.1[&&NHX:species=Tomato Cherry],Capana09g002007[&&NHX:species=Dom. pepper],Sopen09g005430.1[&&NHX:species=S. Pennelli])S,((Sopen10g035810.1[&&NHX:species=S. Pennelli],Solyc10g086430.3.1[&&NHX:species=Tomato],PGSC0003DMP400033371[&&NHX:species=Potato],SLYcer10g05946.1[&&NHX:species=Tomato Cherry],Capana10g001429[&&NHX:species=Dom. pepper],Capang10g001203[&&NHX:species=Wild pepper])S,PGSC0003DMP400033370[&&NHX:species=Potato])D)D;	0	0	100	SPI10g04480.1,SPI10g04498.1
OG24764	(((Solyc11g007650.1.1[&&NHX:species=Tomato],PGSC0003DMP400047549[&&NHX:species=Potato])S,((PGSC0003DMP400047496[&&NHX:species=Potato],Capana12g002327[&&NHX:species=Dom. pepper],Capang12g002006[&&NHX:species=Wild pepper])S,(Capang12g002005[&&NHX:species=Wild pepper],Solyc11g007620.1.1[&&NHX:species=Tomato],PGSC0003DMP400061556[&&NHX:species=Potato],SLYcer11g00369.1[&&NHX:species=Tomato Cherry])S)D)D,((Solyc04g082080.1.1[&&NHX:species=Tomato],SLYcer04g05809.1[&&NHX:species=Tomato Cherry],Capang04g000121[&&NHX:species=Wild pepper],SPI04g05323.1[&&NHX:species=S. pimp])S,Capang04g000123[&&NHX:species=Wild pepper])D)D;	1	1	6	Capana04g000133
OG24928	(((PGSC0003DMP400018100[&&NHX:species=Potato],PGSC0003DMP400018097[&&NHX:species=Potato])D,SPI06g03412.1[&&NHX:species=S. pimp])S,((PGSC0003DMP400014867[&&NHX:species=Potato],(PGSC0003DMP400018099[&&NHX:species=Potato],Solyc02g076760.3.1[&&NHX:species=Tomato],Sopen02g021670.1[&&NHX:species=S. Pennelli],SLYcer02g04072.1[&&NHX:species=Tomato Cherry],SPI02g02966.1[&&NHX:species=S. pimp])S,PGSC0003DMP400018098[&&NHX:species=Potato])D,(PGSC0003DMP400014868[&&NHX:species=Potato],((PGSC0003DMP400014866[&&NHX:species=Potato],PGSC0003DMP400014865[&&NHX:species=Potato])D,Sopen06g017380.1[&&NHX:species=S. Pennelli],Solyc06g051410.4.1[&&NHX:species=Tomato],SLYcer06g03494.1[&&NHX:species=Tomato Cherry])S)D)D)D;	2	1	0	
OG24942	((((SLYcer06g04493.1[&&NHX:species=Tomato Cherry],PGSC0003DMP400050412[&&NHX:species=Potato],Capana06g001078[&&NHX:species=Dom. pepper],Sopen06g025860.1[&&NHX:species=S. Pennelli],Capang06g001031[&&NHX:species=Wild pepper],SPI06g04353.1[&&NHX:species=S. pimp])S,PGSC0003DMP400050410[&&NHX:species=Potato])D,PGSC0003DMP400050411[&&NHX:species=Potato])D,(PGSC0003DMP400025020[&&NHX:species=Potato],Capana03g000573[&&NHX:species=Dom. pepper],Capang03g000524[&&NHX:species=Wild pepper],Sopen03g036720.1[&&NHX:species=S. Pennelli],SPI03g05030.1[&&NHX:species=S. pimp],SLYcer03g04975.1[&&NHX:species=Tomato Cherry])S)D;	1	1	144	Solyc03g117810.4.1,Solyc06g068600.3.1
OG24980	(((Solyc02g065680.3.1[&&NHX:species=Tomato],((PGSC0003DMP400046138[&&NHX:species=Potato],PGSC0003DMP400046137[&&NHX:species=Potato])D,PGSC0003DMP400046136[&&NHX:species=Potato])D,Sopen02g015900.1[&&NHX:species=S. Pennelli],SLYcer02g03424.1[&&NHX:species=Tomato Cherry])S,(SLYcer02g05352.1[&&NHX:species=Tomato Cherry],Sopen02g034160.1[&&NHX:species=S. Pennelli],PGSC0003DMP400002674[&&NHX:species=Potato],Solyc02g089400.4.1[&&NHX:species=Tomato])S)D,((Capana02g000804[&&NHX:species=Dom. pepper],Capang02g000739[&&NHX:species=Wild pepper])S,(Capang02g002945[&&NHX:species=Wild pepper],Capana02g003206[&&NHX:species=Dom. pepper])S)D)S;	1	1	32	SPI02g04273.1,SPI02g02317.1
OG25066	(((Capana12g002324[&&NHX:species=Dom. pepper],Capang12g002003[&&NHX:species=Wild pepper])S,(((Capana08g000886[&&NHX:species=Dom. pepper],Sopen01g038290.1[&&NHX:species=S. Pennelli],SLYcer01g06919.1[&&NHX:species=Tomato Cherry],Solyc01g094480.4.1[&&NHX:species=Tomato],SPI01g07167.1[&&NHX:species=S. pimp])S,(Capana12g002397[&&NHX:species=Dom. pepper],Capang12g002062[&&NHX:species=Wild pepper])S)D,((PGSC0003DMP400015695[&&NHX:species=Potato],Capang00g001893[&&NHX:species=Wild pepper],Sopen09g005330.1[&&NHX:species=S. Pennelli])S,(Capana09g002408[&&NHX:species=Dom. pepper],Capang00g004973[&&NHX:species=Wild pepper])S)D)D)D,(SPI09g00830.1[&&NHX:species=S. pimp],Solyc09g010620.1.1[&&NHX:species=Tomato])S)D;	1	1	0	
OG25173	((((PGSC0003DMP400026851[&&NHX:species=Potato],PGSC0003DMP400026850[&&NHX:species=Potato])D,Sopen12g007160.2[&&NHX:species=S. Pennelli])S,(Capana09g000934[&&NHX:species=Dom. pepper],Capang00g001235[&&NHX:species=Wild pepper],SPI12g00842.1[&&NHX:species=S. pimp],Solyc12g013840.3.1[&&NHX:species=Tomato],Sopen12g007160.1[&&NHX:species=S. Pennelli],SLYcer12g00799.1[&&NHX:species=Tomato Cherry],PGSC0003DMP400026849[&&NHX:species=Potato])S)D,((SPI07g06066.1[&&NHX:species=S. pimp],Capang07g002204[&&NHX:species=Wild pepper],SLYcer07g05347.1[&&NHX:species=Tomato Cherry],Sopen07g031310.2[&&NHX:species=S. Pennelli],Solyc07g063120.4.1[&&NHX:species=Tomato],Capana07g002184[&&NHX:species=Dom. pepper])S,Sopen07g031310.1[&&NHX:species=S. Pennelli])D)D;	1	1	0	
OG25222	(((Sopen05g030860.1[&&NHX:species=S. Pennelli],SPI05g04538.1[&&NHX:species=S. pimp],Solyc05g052300.4.1[&&NHX:species=Tomato],Capang05g001649[&&NHX:species=Wild pepper],PGSC0003DMP400020637[&&NHX:species=Potato],SLYcer10g02434.1[&&NHX:species=Tomato Cherry],Capana05g002081[&&NHX:species=Dom. pepper])S,(PGSC0003DMP400020639[&&NHX:species=Potato],PGSC0003DMP400020638[&&NHX:species=Potato])D)D,((Solyc06g050800.4.1[&&NHX:species=Tomato],Capana00g004937[&&NHX:species=Dom. pepper],PGSC0003DMP400050757[&&NHX:species=Potato],Sopen06g016480.1[&&NHX:species=S. Pennelli],SLYcer06g03394.1[&&NHX:species=Tomato Cherry],SPI06g03317.1[&&NHX:species=S. pimp],Capang00g002288[&&NHX:species=Wild pepper])S,PGSC0003DMP400050758[&&NHX:species=Potato])D)D;	1	1	0	
OG25325	(((PGSC0003DMP400005221[&&NHX:species=Potato],SPI12g00516.1[&&NHX:species=S. pimp],Solyc12g009290.1.1[&&NHX:species=Tomato],SLYcer12g00488.1[&&NHX:species=Tomato Cherry],Sopen12g004270.1[&&NHX:species=S. Pennelli],Capana09g000445[&&NHX:species=Dom. pepper])S,(SPI07g04459.1[&&NHX:species=S. pimp],Capang09g000130[&&NHX:species=Wild pepper],Solyc07g042490.1.1[&&NHX:species=Tomato],Sopen07g022120.1[&&NHX:species=S. Pennelli],PGSC0003DMP400023984[&&NHX:species=Potato],SLYcer07g03745.1[&&NHX:species=Tomato Cherry])S)D,((SLYcer07g05681.1[&&NHX:species=Tomato Cherry],Sopen07g034610.1[&&NHX:species=S. Pennelli])S,(Sopen05g022270.1[&&NHX:species=S. Pennelli],Solyc05g025985.1.1[&&NHX:species=Tomato],SPI05g03178.1[&&NHX:species=S. pimp],SLYcer05g02579.1[&&NHX:species=Tomato Cherry])S)D)D;	1	1	0	
OG25356	((Solyc04g078490.1.1[&&NHX:species=Tomato],Capang04g000546[&&NHX:species=Wild pepper],Sopen04g032090.1[&&NHX:species=S. Pennelli],SPI04g04956.1[&&NHX:species=S. pimp],PGSC0003DMP400063440[&&NHX:species=Potato],Capana04g000598[&&NHX:species=Dom. pepper])S,((SPI03g01328.1[&&NHX:species=S. pimp],Solyc03g044220.1.1[&&NHX:species=Tomato],SLYcer03g01120.1[&&NHX:species=Tomato Cherry],Sopen03g008260.1[&&NHX:species=S. Pennelli],PGSC0003DMP400036329[&&NHX:species=Potato])S,(Capana02g003043[&&NHX:species=Dom. pepper],SLYcer02g05694.1[&&NHX:species=Tomato Cherry],Solyc02g092990.1.1[&&NHX:species=Tomato],Sopen02g037550.1[&&NHX:species=S. Pennelli],SPI02g04615.1[&&NHX:species=S. pimp],Capang02g002756[&&NHX:species=Wild pepper],PGSC0003DMP400043317[&&NHX:species=Potato])S)D)D;	1	1	0	
OG25447	(((Capang06g001858[&&NHX:species=Wild pepper],Capang01g003887[&&NHX:species=Wild pepper])D,PGSC0003DMP400011917[&&NHX:species=Potato])S,(SLYcer04g04238.1[&&NHX:species=Tomato Cherry],SPI04g03878.1[&&NHX:species=S. pimp],PGSC0003DMP400018629[&&NHX:species=Potato],Solyc04g056620.2.1[&&NHX:species=Tomato])S,((Capana00g004022[&&NHX:species=Dom. pepper],Sopen04g025540.1[&&NHX:species=S. Pennelli],Capang10g000683[&&NHX:species=Wild pepper])S,Capana07g000981[&&NHX:species=Dom. pepper])D,(SPI01g06265.1[&&NHX:species=S. pimp],SLYcer01g05972.1[&&NHX:species=Tomato Cherry],Solyc01g068410.4.1[&&NHX:species=Tomato],Capang01g002417[&&NHX:species=Wild pepper],Sopen01g030370.1[&&NHX:species=S. Pennelli],Capana01g002751[&&NHX:species=Dom. pepper],PGSC0003DMP400031315[&&NHX:species=Potato])S)D;	1	0	0	
OG25471	((((Sopen05g016940.1[&&NHX:species=S. Pennelli],(Sopen05g009100.1[&&NHX:species=S. Pennelli],Sopen05g009090.1[&&NHX:species=S. Pennelli])D)D,Solyc05g014090.3.1[&&NHX:species=Tomato],SLYcer05g01061.1[&&NHX:species=Tomato Cherry],PGSC0003DMP400044318[&&NHX:species=Potato])S,((SLYcer05g02433.1[&&NHX:species=Tomato Cherry],Solyc05g025630.3.1[&&NHX:species=Tomato],SPI05g02448.1[&&NHX:species=S. pimp])S,(Solyc05g018780.1.1[&&NHX:species=Tomato],SLYcer05g01892.1[&&NHX:species=Tomato Cherry])S)D)D,(PGSC0003DMP400023286[&&NHX:species=Potato],Capana03g001677[&&NHX:species=Dom. pepper],SLYcer07g03191.1[&&NHX:species=Tomato Cherry],SPI07g03907.1[&&NHX:species=S. pimp],Sopen07g017550.1[&&NHX:species=S. Pennelli],Solyc07g039200.4.1[&&NHX:species=Tomato])S)D;	1	1	21	Capang03g001617,SPI05g01131.1
OG25575	(((Solyc10g083480.2.1[&&NHX:species=Tomato],Capang10g001736[&&NHX:species=Wild pepper],Sopen10g032950.1[&&NHX:species=S. Pennelli],(PGSC0003DMP400049126[&&NHX:species=Potato],PGSC0003DMP400049125[&&NHX:species=Potato])D,Capana10g001970[&&NHX:species=Dom. pepper])S,(((PGSC0003DMP400004844[&&NHX:species=Potato],PGSC0003DMP400004843[&&NHX:species=Potato])D,Capana09g002368[&&NHX:species=Dom. pepper],Sopen09g004200.1[&&NHX:species=S. Pennelli],Capang09g001884[&&NHX:species=Wild pepper],Solyc09g009470.1.1[&&NHX:species=Tomato],SLYcer09g00597.1[&&NHX:species=Tomato Cherry])S,PGSC0003DMP400004842[&&NHX:species=Potato])D)D,(Sopen11g027050.1[&&NHX:species=S. Pennelli],SPI11g03864.1[&&NHX:species=S. pimp],SLYcer11g03802.1[&&NHX:species=Tomato Cherry],Capang11g000271[&&NHX:species=Wild pepper])S)D;	1	1	17	SPI09g00485.1
OG25674	(((PGSC0003DMP400004512[&&NHX:species=Potato],Sopen03g039570.1[&&NHX:species=S. Pennelli],SPI03g05336.1[&&NHX:species=S. pimp],Solyc03g120750.3.1[&&NHX:species=Tomato],Capana03g000277[&&NHX:species=Dom. pepper],SLYcer03g05296.1[&&NHX:species=Tomato Cherry],Capang03g000266[&&NHX:species=Wild pepper])S,(SPI01g08565.1[&&NHX:species=S. pimp],Sopen01g051710.1[&&NHX:species=S. Pennelli],Solyc01g109520.3.1[&&NHX:species=Tomato],SLYcer01g08343.1[&&NHX:species=Tomato Cherry],Capana12g001013[&&NHX:species=Dom. pepper],PGSC0003DMP400001403[&&NHX:species=Potato])S)D,(Capana00g004113[&&NHX:species=Dom. pepper],SLYcer04g04897.1[&&NHX:species=Tomato Cherry],Sopen04g028230.1[&&NHX:species=S. Pennelli],Solyc04g072060.4.1[&&NHX:species=Tomato],PGSC0003DMP400054258[&&NHX:species=Potato],Capang02g000116[&&NHX:species=Wild pepper],SPI04g04377.1[&&NHX:species=S. pimp])S)D;	1	1	0	
OG25748	(((SPI03g05215.1[&&NHX:species=S. pimp],SLYcer03g05155.1[&&NHX:species=Tomato Cherry],Capang03g000341[&&NHX:species=Wild pepper],Capana03g000368[&&NHX:species=Dom. pepper],PGSC0003DMP400010062[&&NHX:species=Potato])S,((Sopen03g038740.1[&&NHX:species=S. Pennelli],(PGSC0003DMP400010066[&&NHX:species=Potato],PGSC0003DMP400010065[&&NHX:species=Potato])D,Capang03g000342[&&NHX:species=Wild pepper],Capana03g000367[&&NHX:species=Dom. pepper])S,(Solyc03g119890.4.1[&&NHX:species=Tomato],PGSC0003DMP400010064[&&NHX:species=Potato],Sopen03g038770.1[&&NHX:species=S. Pennelli])S)D)D,((PGSC0003DMP400009920[&&NHX:species=Potato],SPI03g05212.1[&&NHX:species=S. pimp],SLYcer03g05152.1[&&NHX:species=Tomato Cherry])S,((PGSC0003DMP400066110[&&NHX:species=Potato],SLYcer03g05151.1[&&NHX:species=Tomato Cherry],Solyc03g119500.1.1[&&NHX:species=Tomato])S,PGSC0003DMP400009879[&&NHX:species=Potato])D)D)D;	1	1	0	
OG25772	((((Capang11g000120[&&NHX:species=Wild pepper],SLYcer11g03875.1[&&NHX:species=Tomato Cherry],SPI11g03938.1[&&NHX:species=S. pimp],PGSC0003DMP400014286[&&NHX:species=Potato],Solyc11g069090.2.1[&&NHX:species=Tomato],Sopen11g027810.1[&&NHX:species=S. Pennelli],Capana11g000125[&&NHX:species=Dom. pepper])S,Capang05g001333[&&NHX:species=Wild pepper])D,((PGSC0003DMP400012657[&&NHX:species=Potato],PGSC0003DMP400012654[&&NHX:species=Potato])D,(Capana06g000523[&&NHX:species=Dom. pepper],PGSC0003DMP400012656[&&NHX:species=Potato],SLYcer06g05058.1[&&NHX:species=Tomato Cherry],Capang00g003866[&&NHX:species=Wild pepper],Sopen06g031340.1[&&NHX:species=S. Pennelli])S)D)D,(Capang11g002251[&&NHX:species=Wild pepper],PGSC0003DMP400012655[&&NHX:species=Potato],Capana05g001652[&&NHX:species=Dom. pepper])S)D;	2	2	31	Solyc06g074940.4.1,SPI06g04918.1
OG25810	((((Sopen12g001790.1[&&NHX:species=S. Pennelli],Sopen12g001790.2[&&NHX:species=S. Pennelli])D,SPI12g00218.1[&&NHX:species=S. pimp],SLYcer12g00173.1[&&NHX:species=Tomato Cherry],Capang07g001475[&&NHX:species=Wild pepper],PGSC0003DMP400015370[&&NHX:species=Potato],Solyc12g005840.2.1[&&NHX:species=Tomato],Capana07g001452[&&NHX:species=Dom. pepper])S,(Capana00g004252[&&NHX:species=Dom. pepper],Solyc05g045660.3.1[&&NHX:species=Tomato],PGSC0003DMP400009354[&&NHX:species=Potato],SPI05g03964.1[&&NHX:species=S. pimp],Sopen05g026970.1[&&NHX:species=S. Pennelli],Capang00g005477[&&NHX:species=Wild pepper],SLYcer05g03330.1[&&NHX:species=Tomato Cherry])S)D,(Sopen07g026040.1[&&NHX:species=S. Pennelli],SLYcer07g04750.1[&&NHX:species=Tomato Cherry],PGSC0003DMP400044211[&&NHX:species=Potato],SPI07g05467.1[&&NHX:species=S. pimp],Capana07g001481[&&NHX:species=Dom. pepper],Solyc07g052410.4.1[&&NHX:species=Tomato])S)D;	0	0	0	
OG25838	(((Capana07g000694[&&NHX:species=Dom. pepper],SLYcer07g01899.1[&&NHX:species=Tomato Cherry],Solyc07g025140.4.1[&&NHX:species=Tomato],PGSC0003DMP400011547[&&NHX:species=Potato],Sopen07g012650.1[&&NHX:species=S. Pennelli],Capang07g000719[&&NHX:species=Wild pepper],SPI07g03247.1[&&NHX:species=S. pimp])S,(SLYcer04g05565.1[&&NHX:species=Tomato Cherry],PGSC0003DMP400005983[&&NHX:species=Potato],Sopen04g033250.1[&&NHX:species=S. Pennelli],Capana04g000459[&&NHX:species=Dom. pepper],Capang04g000428[&&NHX:species=Wild pepper],SPI04g05061.1[&&NHX:species=S. pimp],Solyc04g079700.3.1[&&NHX:species=Tomato])S)D,(SPI12g04682.1[&&NHX:species=S. pimp],Capana12g000687[&&NHX:species=Dom. pepper],Solyc12g088980.2.1[&&NHX:species=Tomato],PGSC0003DMP400027070[&&NHX:species=Potato],Sopen12g030880.1[&&NHX:species=S. Pennelli],Capang12g000570[&&NHX:species=Wild pepper],SLYcer12g04723.1[&&NHX:species=Tomato Cherry])S)D;	1	1	0	
OG25839	((((Capana00g004663[&&NHX:species=Dom. pepper],Capang11g001476[&&NHX:species=Wild pepper])S,(Capana03g000726[&&NHX:species=Dom. pepper],Capang00g000422[&&NHX:species=Wild pepper])S)D,((SLYcer06g04537.1[&&NHX:species=Tomato Cherry],Sopen06g026300.1[&&NHX:species=S. Pennelli],PGSC0003DMP400050159[&&NHX:species=Potato],SPI06g04396.1[&&NHX:species=S. pimp],Solyc06g069010.3.1[&&NHX:species=Tomato])S,(SLYcer03g05099.1[&&NHX:species=Tomato Cherry],Solyc03g119040.3.1[&&NHX:species=Tomato],PGSC0003DMP400009959[&&NHX:species=Potato],SPI03g05158.1[&&NHX:species=S. pimp],Sopen03g037930.1[&&NHX:species=S. Pennelli])S)D)D,(SPI12g03720.1[&&NHX:species=S. pimp],Capana12g001413[&&NHX:species=Dom. pepper],Solyc12g040510.2.1[&&NHX:species=Tomato],SLYcer12g03771.1[&&NHX:species=Tomato Cherry],Sopen12g020110.1[&&NHX:species=S. Pennelli],Capang12g001203[&&NHX:species=Wild pepper],PGSC0003DMP400027754[&&NHX:species=Potato])S)D;	1	1	0	
OG25887	(((PGSC0003DMP400034162[&&NHX:species=Potato],SLYcer11g03961.1[&&NHX:species=Tomato Cherry],Capana11g000045[&&NHX:species=Dom. pepper],Capang11g000039[&&NHX:species=Wild pepper],Solyc11g069710.2.1[&&NHX:species=Tomato],SPI11g04027.1[&&NHX:species=S. pimp],Sopen11g028570.1[&&NHX:species=S. Pennelli])S,((PGSC0003DMP400021238[&&NHX:species=Potato],PGSC0003DMP400021234[&&NHX:species=Potato])D,PGSC0003DMP400021235[&&NHX:species=Potato])D)D,((Sopen06g031360.1[&&NHX:species=S. Pennelli],PGSC0003DMP400012707[&&NHX:species=Potato],Capana06g000544[&&NHX:species=Dom. pepper],Capang00g003863[&&NHX:species=Wild pepper],Solyc06g074960.4.1[&&NHX:species=Tomato])S,PGSC0003DMP400012705[&&NHX:species=Potato])D,(((PGSC0003DMP400021237[&&NHX:species=Potato],Sopen06g031370.1[&&NHX:species=S. Pennelli])S,PGSC0003DMP400021236[&&NHX:species=Potato])D,SLYcer06g05060.1[&&NHX:species=Tomato Cherry])S)D;	2	1	3	SPI06g04920.1
OG25987	((((((Solyc12g098570.2.1[&&NHX:species=Tomato],Sopen00g009410.1[&&NHX:species=S. Pennelli],SLYcer12g05037.1[&&NHX:species=Tomato Cherry],SPI12g04996.1[&&NHX:species=S. pimp],PGSC0003DMP400008268[&&NHX:species=Potato])S,PGSC0003DMP400008267[&&NHX:species=Potato])D,Capang12g000236[&&NHX:species=Wild pepper],Capana12g000271[&&NHX:species=Dom. pepper])S,SPI09g02728.1[&&NHX:species=S. pimp])D,(SPI09g04873.1[&&NHX:species=S. pimp],PGSC0003DMP400035792[&&NHX:species=Potato],Capang03g000972[&&NHX:species=Wild pepper],Capana03g004101[&&NHX:species=Dom. pepper],Solyc09g092460.4.1[&&NHX:species=Tomato],SLYcer09g05201.1[&&NHX:species=Tomato Cherry],Sopen09g035360.1[&&NHX:species=S. Pennelli])S)D,(SLYcer09g02797.1[&&NHX:species=Tomato Cherry],PGSC0003DMP400015350[&&NHX:species=Potato],Capana09g001478[&&NHX:species=Dom. pepper],Solyc09g057680.3.1[&&NHX:species=Tomato],Sopen09g021150.1[&&NHX:species=S. Pennelli],Capang09g001061[&&NHX:species=Wild pepper])S)D;	1	1	0	
OG25997	((((PGSC0003DMP400000922[&&NHX:species=Potato],(Capana11g000210[&&NHX:species=Dom. pepper],PGSC0003DMP400000921[&&NHX:species=Potato],Capang11g000210[&&NHX:species=Wild pepper],Solyc11g066800.2.1[&&NHX:species=Tomato],SLYcer11g03743.1[&&NHX:species=Tomato Cherry],Sopen11g026520.1[&&NHX:species=S. Pennelli])S)D,PGSC0003DMP400054759[&&NHX:species=Potato])D,(Capana00g003418[&&NHX:species=Dom. pepper],(PGSC0003DMP400021764[&&NHX:species=Potato],(SPI08g06334.1[&&NHX:species=S. pimp],Sopen08g030370.1[&&NHX:species=S. Pennelli],PGSC0003DMP400021763[&&NHX:species=Potato],SLYcer08g06421.1[&&NHX:species=Tomato Cherry],Solyc08g082080.3.1[&&NHX:species=Tomato])S)D)S)D,((SPI11g03808.1[&&NHX:species=S. pimp],PGSC0003DMP400047247[&&NHX:species=Potato])S,(Solyc03g071840.2.1[&&NHX:species=Tomato],SPI03g02097.1[&&NHX:species=S. pimp],PGSC0003DMP400021762[&&NHX:species=Potato],SLYcer03g01971.1[&&NHX:species=Tomato Cherry])S)D)D;	2	2	6	Capang00g001831
OG26055	((((SLYcer06g05290.1[&&NHX:species=Tomato Cherry],Solyc06g082330.1.1[&&NHX:species=Tomato],SPI06g05180.1[&&NHX:species=S. pimp])S,(Solyc06g082340.2.1[&&NHX:species=Tomato],Sopen06g033720.1[&&NHX:species=S. Pennelli],Capang06g000282[&&NHX:species=Wild pepper],PGSC0003DMP400052997[&&NHX:species=Potato],SPI06g05181.1[&&NHX:species=S. pimp],Capana06g000312[&&NHX:species=Dom. pepper],SLYcer06g05291.1[&&NHX:species=Tomato Cherry])S)D,((Capana11g000002[&&NHX:species=Dom. pepper],Capang11g000001[&&NHX:species=Wild pepper])D,(SPI11g04085.1[&&NHX:species=S. pimp],SPI11g04081.1[&&NHX:species=S. pimp])D,(Sopen11g028870.1[&&NHX:species=S. Pennelli],Sopen11g028870.2[&&NHX:species=S. Pennelli])D)S)D,(SPI10g03601.1[&&NHX:species=S. pimp],Capang10g001147[&&NHX:species=Wild pepper],Solyc10g076640.1.1[&&NHX:species=Tomato])S)D;	1	1	48	SLYcer11g04016.1,SLYcer11g04019.1,PGSC0003DMP400057378,PGSC0003DMP400032374
OG26083	((Solyc05g025920.3.1[&&NHX:species=Tomato],Capang01g000431[&&NHX:species=Wild pepper],(PGSC0003DMP400005444[&&NHX:species=Potato],PGSC0003DMP400005445[&&NHX:species=Potato])D,SPI05g03113.1[&&NHX:species=S. pimp],SLYcer05g02527.1[&&NHX:species=Tomato Cherry],Capana00g003747[&&NHX:species=Dom. pepper],Sopen05g021840.1[&&NHX:species=S. Pennelli])S,(((PGSC0003DMP400005271[&&NHX:species=Potato],PGSC0003DMP400005272[&&NHX:species=Potato])D,SPI12g00515.1[&&NHX:species=S. pimp],Sopen12g004260.1[&&NHX:species=S. Pennelli],(Capang09g000133[&&NHX:species=Wild pepper],Capang09g000134[&&NHX:species=Wild pepper])D,SLYcer12g00487.1[&&NHX:species=Tomato Cherry],Solyc12g009280.3.1[&&NHX:species=Tomato])S,(Capang07g000840[&&NHX:species=Wild pepper],SLYcer07g03742.1[&&NHX:species=Tomato Cherry],Sopen07g022110.1[&&NHX:species=S. Pennelli],(PGSC0003DMP400024030[&&NHX:species=Potato],PGSC0003DMP400024029[&&NHX:species=Potato])D,SPI07g04456.1[&&NHX:species=S. pimp],Solyc07g042470.3.1[&&NHX:species=Tomato])S)D)D;	1	1	0	
OG26230	((((Capana11g000658[&&NHX:species=Dom. pepper],SLYcer11g04155.1[&&NHX:species=Tomato Cherry],Sopen11g030190.1[&&NHX:species=S. Pennelli],PGSC0003DMP400044019[&&NHX:species=Potato],Solyc11g072540.3.1[&&NHX:species=Tomato],Capang11g000591[&&NHX:species=Wild pepper],SPI11g04227.1[&&NHX:species=S. pimp])S,PGSC0003DMP400044020[&&NHX:species=Potato])D,((Capana06g002579[&&NHX:species=Dom. pepper],PGSC0003DMP400021382[&&NHX:species=Potato])S,PGSC0003DMP400021381[&&NHX:species=Potato])D)D,(((PGSC0003DMP400032480[&&NHX:species=Potato],Capana10g001375[&&NHX:species=Dom. pepper],Capang10g000950[&&NHX:species=Wild pepper])S,PGSC0003DMP400032479[&&NHX:species=Potato])D,(Solyc01g111860.4.1[&&NHX:species=Tomato],SLYcer01g08564.1[&&NHX:species=Tomato Cherry],Sopen01g053900.1[&&NHX:species=S. Pennelli],SPI01g08794.1[&&NHX:species=S. pimp],(Capang01g005357[&&NHX:species=Wild pepper],Capana08g002774[&&NHX:species=Dom. pepper])S)S)D)D;	1	1	18	PGSC0003DMP400032481,PGSC0003DMP400032482,Capang06g002354
OG26259	(((Solyc11g008020.2.1[&&NHX:species=Tomato],PGSC0003DMP400054105[&&NHX:species=Potato],SLYcer11g00410.1[&&NHX:species=Tomato Cherry],Sopen11g003880.1[&&NHX:species=S. Pennelli],SPI11g00557.1[&&NHX:species=S. pimp],Capana12g002458[&&NHX:species=Dom. pepper],Capang12g002107[&&NHX:species=Wild pepper])S,PGSC0003DMP400054106[&&NHX:species=Potato])D,((((PGSC0003DMP400033289[&&NHX:species=Potato],Solyc10g086310.1.1[&&NHX:species=Tomato])S,(PGSC0003DMP400006935[&&NHX:species=Potato],Solyc09g008460.3.1[&&NHX:species=Tomato],Sopen09g003290.1[&&NHX:species=S. Pennelli],Capana00g000523[&&NHX:species=Dom. pepper],SPI09g00361.1[&&NHX:species=S. pimp])S)D,(SLYcer09g00447.1[&&NHX:species=Tomato Cherry],Capang09g001780[&&NHX:species=Wild pepper],Capana00g000367[&&NHX:species=Dom. pepper])S)D,(Solyc04g064510.3.1[&&NHX:species=Tomato],Capang04g001388[&&NHX:species=Wild pepper],PGSC0003DMP400043025[&&NHX:species=Potato],SLYcer04g04388.1[&&NHX:species=Tomato Cherry],SPI04g04016.1[&&NHX:species=S. pimp],Sopen04g026460.1[&&NHX:species=S. Pennelli],Capana04g001484[&&NHX:species=Dom. pepper])S)D)D;	2	2	0	
OG26313	(((((Capana01g004300[&&NHX:species=Dom. pepper],Capang08g001185[&&NHX:species=Wild pepper])S,((Capang03g001113[&&NHX:species=Wild pepper],Capana03g001159[&&NHX:species=Dom. pepper])S,Capana03g001163[&&NHX:species=Dom. pepper])D)D,Capana01g004299[&&NHX:species=Dom. pepper])D,((SPI08g00114.1[&&NHX:species=S. pimp],Solyc08g005420.3.1[&&NHX:species=Tomato],Capang09g001729[&&NHX:species=Wild pepper],Capana01g004305[&&NHX:species=Dom. pepper],SLYcer08g00191.1[&&NHX:species=Tomato Cherry],PGSC0003DMP400032222[&&NHX:species=Potato],Sopen08g001460.1[&&NHX:species=S. Pennelli])S,(((Capana01g004259[&&NHX:species=Dom. pepper],Capana01g004306[&&NHX:species=Dom. pepper])D,Capang08g001175[&&NHX:species=Wild pepper])S,(((Capang08g001194[&&NHX:species=Wild pepper],Capana09g002221[&&NHX:species=Dom. pepper])S,Capang08g001174[&&NHX:species=Wild pepper])D,Capana01g004278[&&NHX:species=Dom. pepper])D)D)D)D,((Capana01g004263[&&NHX:species=Dom. pepper],Capana01g004316[&&NHX:species=Dom. pepper])D,(Capang08g001130[&&NHX:species=Wild pepper],Capang03g001114[&&NHX:species=Wild pepper])D)S)D;	1	1	4	PGSC0003DMP400046937
OG26341	(((SLYcer03g03872.1[&&NHX:species=Tomato Cherry],Sopen03g026500.1[&&NHX:species=S. Pennelli],PGSC0003DMP400024644[&&NHX:species=Potato],Solyc03g096380.3.1[&&NHX:species=Tomato],SPI03g03929.1[&&NHX:species=S. pimp])S,(SPI05g04587.1[&&NHX:species=S. pimp],Capang05g001563[&&NHX:species=Wild pepper],Capana05g001990[&&NHX:species=Dom. pepper],SLYcer10g02384.1[&&NHX:species=Tomato Cherry],Sopen05g031340.1[&&NHX:species=S. Pennelli],PGSC0003DMP400047251[&&NHX:species=Potato],Solyc05g052830.3.1[&&NHX:species=Tomato])S)D,((Capana03g002827[&&NHX:species=Dom. pepper],SPI03g03931.1[&&NHX:species=S. pimp],Sopen03g026520.1[&&NHX:species=S. Pennelli],SLYcer03g03874.1[&&NHX:species=Tomato Cherry],Capang00g002866[&&NHX:species=Wild pepper],PGSC0003DMP400024647[&&NHX:species=Potato],Solyc03g096390.3.1[&&NHX:species=Tomato])S,(Capana05g001989[&&NHX:species=Dom. pepper],SLYcer10g02385.1[&&NHX:species=Tomato Cherry],Capang05g001562[&&NHX:species=Wild pepper],PGSC0003DMP400047249[&&NHX:species=Potato],SPI05g04586.1[&&NHX:species=S. pimp],Sopen05g031330.1[&&NHX:species=S. Pennelli],Solyc05g052820.3.1[&&NHX:species=Tomato])S)D)D;	1	1	0	
OG26554	((Capana01g001798[&&NHX:species=Dom. pepper],Capang01g001506[&&NHX:species=Wild pepper],PGSC0003DMP400068830[&&NHX:species=Potato])S,((Solyc04g072930.1.1[&&NHX:species=Tomato],(PGSC0003DMP400016766[&&NHX:species=Potato],PGSC0003DMP400016765[&&NHX:species=Potato])D,SLYcer04g05002.1[&&NHX:species=Tomato Cherry],Capang04g001036[&&NHX:species=Wild pepper],Sopen04g029120.1[&&NHX:species=S. Pennelli],SPI04g04483.1[&&NHX:species=S. pimp],Capana04g001097[&&NHX:species=Dom. pepper])S,(((Capang11g001516[&&NHX:species=Wild pepper],Solyc08g048430.4.1[&&NHX:species=Tomato],(PGSC0003DMP400033121[&&NHX:species=Potato],PGSC0003DMP400033122[&&NHX:species=Potato])D,SLYcer08g03061.1[&&NHX:species=Tomato Cherry],SPI08g02861.1[&&NHX:species=S. pimp],Sopen08g010700.1[&&NHX:species=S. Pennelli],Capana00g005067[&&NHX:species=Dom. pepper])S,(Capang02g000198[&&NHX:species=Wild pepper],Capana02g000196[&&NHX:species=Dom. pepper])S)D,(SPI02g02752.1[&&NHX:species=S. pimp],Sopen02g019570.1[&&NHX:species=S. Pennelli],Solyc02g070480.4.1[&&NHX:species=Tomato],(PGSC0003DMP400036695[&&NHX:species=Potato],PGSC0003DMP400036696[&&NHX:species=Potato])D,SLYcer02g03849.1[&&NHX:species=Tomato Cherry],Capana02g001453[&&NHX:species=Dom. pepper],Capang02g001289[&&NHX:species=Wild pepper])S)D)D)D;	1	1	0	
OG26633	(((SPI06g03493.1[&&NHX:species=S. pimp],Solyc06g052070.3.1[&&NHX:species=Tomato],Sopen06g018120.1[&&NHX:species=S. Pennelli],Capang00g002241[&&NHX:species=Wild pepper],Capana00g001876[&&NHX:species=Dom. pepper],PGSC0003DMP400034025[&&NHX:species=Potato],SLYcer06g03579.1[&&NHX:species=Tomato Cherry])S,PGSC0003DMP400034024[&&NHX:species=Potato])D,(PGSC0003DMP400022037[&&NHX:species=Potato],(PGSC0003DMP400022036[&&NHX:species=Potato],SPI09g00839.1[&&NHX:species=S. pimp],SLYcer10g00421.1[&&NHX:species=Tomato Cherry])S,PGSC0003DMP400010368[&&NHX:species=Potato],PGSC0003DMP400043399[&&NHX:species=Potato],PGSC0003DMP400043400[&&NHX:species=Potato])D,(SLYcer11g00161.1[&&NHX:species=Tomato Cherry],Solyc11g005710.2.1[&&NHX:species=Tomato],(PGSC0003DMP400044322[&&NHX:species=Potato],PGSC0003DMP400044323[&&NHX:species=Potato])D,SPI11g00320.1[&&NHX:species=S. pimp],Sopen11g001670.1[&&NHX:species=S. Pennelli],Capana12g002025[&&NHX:species=Dom. pepper])S,(Sopen03g022690.2[&&NHX:species=S. Pennelli],(Capana03g001972[&&NHX:species=Dom. pepper],Solyc03g082870.4.1[&&NHX:species=Tomato],Capang03g001872[&&NHX:species=Wild pepper],PGSC0003DMP400032277[&&NHX:species=Potato],SLYcer03g03292.1[&&NHX:species=Tomato Cherry],SPI03g03380.1[&&NHX:species=S. pimp],Sopen03g022690.1[&&NHX:species=S. Pennelli])S)D)D;	2	0	10	Capang12g001746
OG26721	((((Capana05g001760[&&NHX:species=Dom. pepper],Capana05g001759[&&NHX:species=Dom. pepper])D,(Sopen05g029960.1[&&NHX:species=S. Pennelli],Sopen05g029950.1[&&NHX:species=S. Pennelli])D,(SPI05g04418.1[&&NHX:species=S. pimp],SLYcer10g02545.1[&&NHX:species=Tomato Cherry])S)S,(SPI11g00672.1[&&NHX:species=S. pimp],Capana12g002651[&&NHX:species=Dom. pepper],Sopen11g004890.1[&&NHX:species=S. Pennelli],Capang12g002291[&&NHX:species=Wild pepper],Solyc11g009100.2.1[&&NHX:species=Tomato],PGSC0003DMP400028338[&&NHX:species=Potato],SLYcer11g00530.1[&&NHX:species=Tomato Cherry])S)D,(((Capana08g002055[&&NHX:species=Dom. pepper],PGSC0003DMP400022199[&&NHX:species=Potato],Solyc01g105450.4.1[&&NHX:species=Tomato],SPI01g08170.1[&&NHX:species=S. pimp],Sopen01g047950.1[&&NHX:species=S. Pennelli])S,(Capana08g002054[&&NHX:species=Dom. pepper],Capang01g004614[&&NHX:species=Wild pepper])S)D,((Capana08g002050[&&NHX:species=Dom. pepper],Sopen01g047920.1[&&NHX:species=S. Pennelli],Solyc01g105387.1.1[&&NHX:species=Tomato],SLYcer01g07927.1[&&NHX:species=Tomato Cherry],Capang01g004609[&&NHX:species=Wild pepper])S,(Capang01g004612[&&NHX:species=Wild pepper],Sopen01g047930.1[&&NHX:species=S. Pennelli],SLYcer01g07932.1[&&NHX:species=Tomato Cherry],Capana08g002051[&&NHX:species=Dom. pepper])S)D)D)D;	1	1	42	Capang05g001438,Capang05g001436,PGSC0003DMP400029348,Solyc05g051530.4.1
OG26737	(((Solyc09g012010.1.1[&&NHX:species=Tomato],Solyc03g078530.1.1[&&NHX:species=Tomato])D,SPI09g00993.1[&&NHX:species=S. pimp],(Sopen09g006830.1[&&NHX:species=S. Pennelli],Sopen03g021420.1[&&NHX:species=S. Pennelli])D,PGSC0003DMP400068205[&&NHX:species=Potato],Capang09g001222[&&NHX:species=Wild pepper],SLYcer09g01086.1[&&NHX:species=Tomato Cherry])S,(Sopen09g006840.1[&&NHX:species=S. Pennelli],SPI09g00999.1[&&NHX:species=S. pimp],Solyc09g012020.1.1[&&NHX:species=Tomato],SLYcer09g01093.1[&&NHX:species=Tomato Cherry])S,((((SLYcer09g01148.1[&&NHX:species=Tomato Cherry],Sopen05g009680.1[&&NHX:species=S. Pennelli])S,Sopen09g006900.1[&&NHX:species=S. Pennelli])D,Capang00g001550[&&NHX:species=Wild pepper])S,(SPI09g01036.1[&&NHX:species=S. pimp],Sopen09g006880.1[&&NHX:species=S. Pennelli])S)D,((Capana09g001639[&&NHX:species=Dom. pepper],SLYcer03g03081.1[&&NHX:species=Tomato Cherry],SPI03g03181.1[&&NHX:species=S. pimp])S,(Solyc03g078560.1.1[&&NHX:species=Tomato],SLYcer03g03103.1[&&NHX:species=Tomato Cherry],SPI03g03202.1[&&NHX:species=S. pimp])S)D,(Capana01g001508[&&NHX:species=Dom. pepper],Capang00g005387[&&NHX:species=Wild pepper])S,(((SLYcer09g01114.1[&&NHX:species=Tomato Cherry],SPI09g01015.1[&&NHX:species=S. pimp])S,((SLYcer09g01127.1[&&NHX:species=Tomato Cherry],SLYcer09g01142.1[&&NHX:species=Tomato Cherry])D,(SPI09g01030.1[&&NHX:species=S. pimp],SPI00g03307.1[&&NHX:species=S. pimp])D)S)D,Capana09g001605[&&NHX:species=Dom. pepper],Capang09g001195[&&NHX:species=Wild pepper])S)D;	1	0	0	
OG26756	((Capang01g005154[&&NHX:species=Wild pepper],Solyc10g048180.1.1[&&NHX:species=Tomato],PGSC0003DMP400022734[&&NHX:species=Potato],SLYcer10g03898.1[&&NHX:species=Tomato Cherry],Capana00g004212[&&NHX:species=Dom. pepper],Sopen10g020200.1[&&NHX:species=S. Pennelli],SPI10g02244.1[&&NHX:species=S. pimp])S,((((Sopen02g012550.1[&&NHX:species=S. Pennelli],SPI02g01885.1[&&NHX:species=S. pimp],PGSC0003DMP400030527[&&NHX:species=Potato],SLYcer02g02970.1[&&NHX:species=Tomato Cherry],Solyc02g038811.1.1[&&NHX:species=Tomato])S,PGSC0003DMP400030526[&&NHX:species=Potato])D,(SLYcer03g00711.1[&&NHX:species=Tomato Cherry],Capana04g002414[&&NHX:species=Dom. pepper],PGSC0003DMP400032538[&&NHX:species=Potato],Capang04g002131[&&NHX:species=Wild pepper],Sopen03g005940.1[&&NHX:species=S. Pennelli],SPI03g00870.1[&&NHX:species=S. pimp],Solyc03g032090.1.1[&&NHX:species=Tomato])S)D,(((Solyc02g082520.3.1[&&NHX:species=Tomato],Sopen02g027210.1[&&NHX:species=S. Pennelli],PGSC0003DMP400065892[&&NHX:species=Potato],Capang02g002175[&&NHX:species=Wild pepper],Capana02g002434[&&NHX:species=Dom. pepper])S,(Capang02g002174[&&NHX:species=Wild pepper],Capana02g002433[&&NHX:species=Dom. pepper])S)D,(PGSC0003DMP400057927[&&NHX:species=Potato],Capang02g002173[&&NHX:species=Wild pepper],Sopen02g027200.1[&&NHX:species=S. Pennelli],SPI02g03558.1[&&NHX:species=S. pimp],Solyc02g082510.1.1[&&NHX:species=Tomato],SLYcer02g04641.1[&&NHX:species=Tomato Cherry],Capana02g002432[&&NHX:species=Dom. pepper])S)D)D)D;	1	1	0	
OG26776	((PGSC0003DMP400050188[&&NHX:species=Potato],Solyc12g006300.2.1[&&NHX:species=Tomato],Capana05g001317[&&NHX:species=Dom. pepper])S,((SPI12g00280.1[&&NHX:species=S. pimp],SLYcer12g00249.1[&&NHX:species=Tomato Cherry],Solyc12g006317.1.1[&&NHX:species=Tomato],Capana05g001315[&&NHX:species=Dom. pepper],PGSC0003DMP400050190[&&NHX:species=Potato])S,(SPI12g00278.1[&&NHX:species=S. pimp],Capana11g000710[&&NHX:species=Dom. pepper],Solyc09g064320.3.1[&&NHX:species=Tomato])S)D,(Solyc05g025510.3.1[&&NHX:species=Tomato],SLYcer05g02341.1[&&NHX:species=Tomato Cherry],SPI05g02923.1[&&NHX:species=S. pimp],Sopen05g019720.1[&&NHX:species=S. Pennelli],Capang00g000179[&&NHX:species=Wild pepper])S,((SLYcer07g03924.1[&&NHX:species=Tomato Cherry],Solyc07g044850.3.1[&&NHX:species=Tomato],Capang00g001960[&&NHX:species=Wild pepper],SPI07g04636.1[&&NHX:species=S. pimp],Sopen07g023410.1[&&NHX:species=S. Pennelli])S,(Capana09g000448[&&NHX:species=Dom. pepper],PGSC0003DMP400050189[&&NHX:species=Potato],SLYcer12g00246.1[&&NHX:species=Tomato Cherry],SPI12g00283.1[&&NHX:species=S. pimp],Capang09g000411[&&NHX:species=Wild pepper],Sopen12g002260.1[&&NHX:species=S. Pennelli])S)D,((Sopen09g025480.1[&&NHX:species=S. Pennelli],(Solyc09g064310.3.1[&&NHX:species=Tomato],Sopen09g025480.2[&&NHX:species=S. Pennelli])S)D,Capang11g000659[&&NHX:species=Wild pepper],SLYcer09g03542.1[&&NHX:species=Tomato Cherry],Capana11g000709[&&NHX:species=Dom. pepper],SPI09g03435.1[&&NHX:species=S. pimp],PGSC0003DMP400013620[&&NHX:species=Potato])S)D;	1	0	0	
OG26846	(((((Capana10g001439[&&NHX:species=Dom. pepper],Capana07g000433[&&NHX:species=Dom. pepper])D,Solyc04g011360.3.1[&&NHX:species=Tomato],SPI04g00710.1[&&NHX:species=S. pimp])S,(SLYcer04g00895.1[&&NHX:species=Tomato Cherry],Capang05g000320[&&NHX:species=Wild pepper],Solyc06g005350.3.1[&&NHX:species=Tomato],Sopen04g005550.1[&&NHX:species=S. Pennelli],PGSC0003DMP400048235[&&NHX:species=Potato],Capana05g000364[&&NHX:species=Dom. pepper])S)D,((((PGSC0003DMP400033284[&&NHX:species=Potato],(PGSC0003DMP400015543[&&NHX:species=Potato],PGSC0003DMP400015544[&&NHX:species=Potato])D)D,SPI10g04488.1[&&NHX:species=S. pimp])S,((SPI10g04472.1[&&NHX:species=S. pimp],Solyc10g086350.2.1[&&NHX:species=Tomato],SLYcer10g05938.1[&&NHX:species=Tomato Cherry])S,Solyc09g010370.3.1[&&NHX:species=Tomato])D)D,(SLYcer09g00892.1[&&NHX:species=Tomato Cherry],PGSC0003DMP400015542[&&NHX:species=Potato],SPI09g00802.1[&&NHX:species=S. pimp])S)D)D,((SLYcer11g04211.1[&&NHX:species=Tomato Cherry],((PGSC0003DMP400027216[&&NHX:species=Potato],PGSC0003DMP400027215[&&NHX:species=Potato])D,PGSC0003DMP400027214[&&NHX:species=Potato])D,SPI11g04285.1[&&NHX:species=S. pimp],Capana00g003140[&&NHX:species=Dom. pepper],Solyc11g073050.2.1[&&NHX:species=Tomato],Capang00g000316[&&NHX:species=Wild pepper])S,((SLYcer06g00288.1[&&NHX:species=Tomato Cherry],PGSC0003DMP400006174[&&NHX:species=Potato],SPI06g00057.1[&&NHX:species=S. pimp])S,PGSC0003DMP400002240[&&NHX:species=Potato])D)D)D;	4	4	174	Sopen06g001310.1,Sopen11g030690.1,Sopen09g005110.1,Sopen10g035730.1
OG26874	((SPI04g01617.1[&&NHX:species=S. pimp],Sopen04g009780.1[&&NHX:species=S. Pennelli],SLYcer04g01834.1[&&NHX:species=Tomato Cherry])S,((((SLYcer12g04215.1[&&NHX:species=Tomato Cherry],PGSC0003DMP400057277[&&NHX:species=Potato],Solyc12g150121.1.1[&&NHX:species=Tomato],SPI12g04143.1[&&NHX:species=S. pimp])S,SLYcer12g04195.1[&&NHX:species=Tomato Cherry])D,SLYcer12g04194.1[&&NHX:species=Tomato Cherry])D,(SLYcer12g04210.1[&&NHX:species=Tomato Cherry],SPI12g04133.1[&&NHX:species=S. pimp])S)D,(Capana12g000257[&&NHX:species=Dom. pepper],SPI03g03401.1[&&NHX:species=S. pimp],SLYcer03g03314.1[&&NHX:species=Tomato Cherry],Solyc03g083110.1.1[&&NHX:species=Tomato],Capang12g000224[&&NHX:species=Wild pepper])S,(SLYcer05g00638.1[&&NHX:species=Tomato Cherry],Solyc05g009790.1.1[&&NHX:species=Tomato],Sopen05g005620.1[&&NHX:species=S. Pennelli],SPI05g00671.1[&&NHX:species=S. pimp],Capang11g002136[&&NHX:species=Wild pepper],Capana11g002234[&&NHX:species=Dom. pepper],PGSC0003DMP400001547[&&NHX:species=Potato])S,(((SLYcer12g05022.1[&&NHX:species=Tomato Cherry],SPI12g04980.1[&&NHX:species=S. pimp],Solyc12g098460.2.1[&&NHX:species=Tomato],Sopen12g033240.1[&&NHX:species=S. Pennelli])S,((SLYcer12g03358.1[&&NHX:species=Tomato Cherry],PGSC0003DMP400063991[&&NHX:species=Potato],SPI12g03332.1[&&NHX:species=S. pimp])S,PGSC0003DMP400027742[&&NHX:species=Potato])D)D,(SLYcer12g03343.1[&&NHX:species=Tomato Cherry],SPI12g03317.1[&&NHX:species=S. pimp])S)D,(SLYcer04g00293.1[&&NHX:species=Tomato Cherry],PGSC0003DMP400013222[&&NHX:species=Potato],Solyc04g007000.2.1[&&NHX:species=Tomato],Sopen04g002090.1[&&NHX:species=S. Pennelli],SPI04g00269.1[&&NHX:species=S. pimp])S)D;	3	2	0	
OG26893	((((PGSC0003DMP400032559[&&NHX:species=Potato],SLYcer03g00697.1[&&NHX:species=Tomato Cherry],SPI03g00854.1[&&NHX:species=S. pimp],Solyc03g031990.4.1[&&NHX:species=Tomato],Sopen03g005840.1[&&NHX:species=S. Pennelli],Capang04g002175[&&NHX:species=Wild pepper],Capana04g002492[&&NHX:species=Dom. pepper])S,(PGSC0003DMP400032558[&&NHX:species=Potato],PGSC0003DMP400032560[&&NHX:species=Potato])D)D,((SPI02g01796.1[&&NHX:species=S. pimp],Sopen02g011960.1[&&NHX:species=S. Pennelli],Capang07g001545[&&NHX:species=Wild pepper],Capana00g004133[&&NHX:species=Dom. pepper],Solyc02g037550.3.1[&&NHX:species=Tomato],PGSC0003DMP400031200[&&NHX:species=Potato])S,(SLYcer02g02908.1[&&NHX:species=Tomato Cherry],PGSC0003DMP400031202[&&NHX:species=Potato])S)D)D,((((Capana02g002425[&&NHX:species=Dom. pepper],Capang02g002167[&&NHX:species=Wild pepper],PGSC0003DMP400024150[&&NHX:species=Potato],Sopen02g027140.1[&&NHX:species=S. Pennelli],Solyc02g082450.3.1[&&NHX:species=Tomato],SPI02g03552.1[&&NHX:species=S. pimp])S,(PGSC0003DMP400024149[&&NHX:species=Potato],SLYcer02g04635.1[&&NHX:species=Tomato Cherry])S)D,((Solyc03g032080.4.1[&&NHX:species=Tomato],PGSC0003DMP400032536[&&NHX:species=Potato],Sopen03g005930.1[&&NHX:species=S. Pennelli],SLYcer03g00710.1[&&NHX:species=Tomato Cherry],SPI03g00869.1[&&NHX:species=S. pimp])S,PGSC0003DMP400024151[&&NHX:species=Potato],PGSC0003DMP400051201[&&NHX:species=Potato])D)D,(PGSC0003DMP400051202[&&NHX:species=Potato],((PGSC0003DMP400032556[&&NHX:species=Potato],PGSC0003DMP400032557[&&NHX:species=Potato])D,Capana04g002415[&&NHX:species=Dom. pepper])S,PGSC0003DMP400051203[&&NHX:species=Potato],PGSC0003DMP400048169[&&NHX:species=Potato])D)D)D;	4	2	0	
OG26926	((((((Capang03g002184[&&NHX:species=Wild pepper],Capang03g002183[&&NHX:species=Wild pepper])D,(Capana01g004422[&&NHX:species=Dom. pepper],Capang03g002182[&&NHX:species=Wild pepper])S)D,Solyc08g150103.1.1[&&NHX:species=Tomato],SLYcer08g00412.1[&&NHX:species=Tomato Cherry],SPI08g00349.1[&&NHX:species=S. pimp],Sopen08g003390.1[&&NHX:species=S. Pennelli])S,((SLYcer08g06149.1[&&NHX:species=Tomato Cherry],Sopen08g027600.1[&&NHX:species=S. Pennelli],Capang01g000451[&&NHX:species=Wild pepper],SPI08g06041.1[&&NHX:species=S. pimp],Capana01g000511[&&NHX:species=Dom. pepper],Solyc08g079150.1.1[&&NHX:species=Tomato],PGSC0003DMP400008486[&&NHX:species=Potato])S,(SPI08g06040.1[&&NHX:species=S. pimp],Solyc08g079140.1.1[&&NHX:species=Tomato],SLYcer08g06148.1[&&NHX:species=Tomato Cherry],PGSC0003DMP400008487[&&NHX:species=Potato],Sopen08g027590.1[&&NHX:species=S. Pennelli])S)D)D,(Capang01g000454[&&NHX:species=Wild pepper],SPI08g06039.1[&&NHX:species=S. pimp],PGSC0003DMP400008488[&&NHX:species=Potato],SLYcer08g06147.1[&&NHX:species=Tomato Cherry],Capana01g000513[&&NHX:species=Dom. pepper],Solyc08g079130.1.1[&&NHX:species=Tomato])S)D,((PGSC0003DMP400002299[&&NHX:species=Potato],Sopen10g007580.1[&&NHX:species=S. Pennelli],Capang02g000063[&&NHX:species=Wild pepper],SLYcer10g01044.1[&&NHX:species=Tomato Cherry],Solyc10g018340.1.1[&&NHX:species=Tomato],SPI10g00915.1[&&NHX:species=S. pimp])S,(SPI01g07085.1[&&NHX:species=S. pimp],PGSC0003DMP400045120[&&NHX:species=Potato],SLYcer01g06775.1[&&NHX:species=Tomato Cherry],Sopen01g036760.1[&&NHX:species=S. Pennelli],Solyc01g091030.3.1[&&NHX:species=Tomato],Capang08g000514[&&NHX:species=Wild pepper],Capana01g003581[&&NHX:species=Dom. pepper])S)D)D;	2	2	16	PGSC0003DMP400022169
OG27037	((SLYcer06g05406.1[&&NHX:species=Tomato Cherry],SPI06g05298.1[&&NHX:species=S. pimp],Capana06g000177[&&NHX:species=Dom. pepper],PGSC0003DMP400034861[&&NHX:species=Potato],Sopen06g034840.1[&&NHX:species=S. Pennelli],Capang06g000154[&&NHX:species=Wild pepper],Solyc06g083460.4.1[&&NHX:species=Tomato])S,((PGSC0003DMP400030838[&&NHX:species=Potato],PGSC0003DMP400030837[&&NHX:species=Potato])D,Solyc09g061290.3.1[&&NHX:species=Tomato],Capana09g001187[&&NHX:species=Dom. pepper],SLYcer09g03309.1[&&NHX:species=Tomato Cherry],SPI09g03235.1[&&NHX:species=S. pimp],Capang09g000896[&&NHX:species=Wild pepper],Sopen09g024030.1[&&NHX:species=S. Pennelli])S,((Sopen06g024040.2[&&NHX:species=S. Pennelli],(Sopen06g024040.3[&&NHX:species=S. Pennelli],Sopen06g024040.1[&&NHX:species=S. Pennelli])D)D,Capang06g001335[&&NHX:species=Wild pepper],Solyc06g065640.3.1[&&NHX:species=Tomato],Capana06g001401[&&NHX:species=Dom. pepper],SPI06g04125.1[&&NHX:species=S. pimp],SLYcer06g04263.1[&&NHX:species=Tomato Cherry])S,(((Sopen02g022840.1[&&NHX:species=S. Pennelli],Solyc02g078000.2.1[&&NHX:species=Tomato],Capang02g001707[&&NHX:species=Wild pepper],Capana02g001930[&&NHX:species=Dom. pepper])S,(Solyc08g006910.4.1[&&NHX:species=Tomato],Sopen08g002880.1[&&NHX:species=S. Pennelli],SPI08g00291.1[&&NHX:species=S. pimp],SLYcer08g00355.1[&&NHX:species=Tomato Cherry])S)D,((Sopen08g002880.3[&&NHX:species=S. Pennelli],Sopen08g002880.2[&&NHX:species=S. Pennelli])D,PGSC0003DMP400026856[&&NHX:species=Potato],SLYcer12g00813.1[&&NHX:species=Tomato Cherry],SPI12g00859.1[&&NHX:species=S. pimp],Solyc12g013940.1.1[&&NHX:species=Tomato])S)D,(PGSC0003DMP400027868[&&NHX:species=Potato],((Capang06g001334[&&NHX:species=Wild pepper],Capana06g001400[&&NHX:species=Dom. pepper],PGSC0003DMP400027870[&&NHX:species=Potato])S,(PGSC0003DMP400027869[&&NHX:species=Potato],(PGSC0003DMP400027867[&&NHX:species=Potato],Sopen05g022910.1[&&NHX:species=S. Pennelli],SLYcer05g02728.1[&&NHX:species=Tomato Cherry])S)D)D)D)D;	4	3	17	Solyc05g026480.2.1
OG27039	(((Sopen05g032440.1[&&NHX:species=S. Pennelli],Solyc06g061270.2.1[&&NHX:species=Tomato])S,(Sopen03g010380.1[&&NHX:species=S. Pennelli],(PGSC0003DMP400052032[&&NHX:species=Potato],Sopen03g010380.2[&&NHX:species=S. Pennelli])S)D)D,(PGSC0003DMP400052033[&&NHX:species=Potato],((Sopen03g009910.1[&&NHX:species=S. Pennelli],PGSC0003DMP400006063[&&NHX:species=Potato],Solyc03g013160.4.1[&&NHX:species=Tomato],Capang04g001615[&&NHX:species=Wild pepper],SPI03g03021.1[&&NHX:species=S. pimp],Capana04g001726[&&NHX:species=Dom. pepper])S,PGSC0003DMP400006062[&&NHX:species=Potato])D)D,((Solyc11g008440.3.1[&&NHX:species=Tomato],Sopen11g004230.1[&&NHX:species=S. Pennelli],Capana12g002523[&&NHX:species=Dom. pepper],SLYcer11g00457.1[&&NHX:species=Tomato Cherry],SPI11g00601.1[&&NHX:species=S. pimp],Capang12g002175[&&NHX:species=Wild pepper],PGSC0003DMP400013149[&&NHX:species=Potato])S,PGSC0003DMP400013148[&&NHX:species=Potato])D,((PGSC0003DMP400054604[&&NHX:species=Potato],(PGSC0003DMP400024602[&&NHX:species=Potato],SLYcer03g02494.1[&&NHX:species=Tomato Cherry],Sopen03g015320.1[&&NHX:species=S. Pennelli],Solyc03g063040.4.1[&&NHX:species=Tomato])S)D,((PGSC0003DMP400055493[&&NHX:species=Potato],(Solyc06g061260.2.1[&&NHX:species=Tomato],PGSC0003DMP400013563[&&NHX:species=Potato])S)D,(SPI03g02620.1[&&NHX:species=S. pimp],PGSC0003DMP400052031[&&NHX:species=Potato],Sopen03g010400.1[&&NHX:species=S. Pennelli],SLYcer03g02842.1[&&NHX:species=Tomato Cherry])S)D)D,(((Capang05g001887[&&NHX:species=Wild pepper],Solyc05g053970.2.1[&&NHX:species=Tomato],Capana05g002349[&&NHX:species=Dom. pepper],SPI06g03881.1[&&NHX:species=S. pimp],SLYcer06g04009.1[&&NHX:species=Tomato Cherry])S,Solyc05g054025.1.1[&&NHX:species=Tomato])D,(((PGSC0003DMP400052029[&&NHX:species=Potato],SLYcer03g02841.1[&&NHX:species=Tomato Cherry],SPI03g02941.1[&&NHX:species=S. pimp])S,PGSC0003DMP400052030[&&NHX:species=Potato])D,Capang12g002207[&&NHX:species=Wild pepper],Capana12g002556[&&NHX:species=Dom. pepper])S)D)D;	4	3	4	Solyc03g013440.4.1
OG27058	((SPI08g04143.1[&&NHX:species=S. pimp],(SLYcer01g05451.1[&&NHX:species=Tomato Cherry],SPI01g05605.1[&&NHX:species=S. pimp])S)D,(SPI08g04137.1[&&NHX:species=S. pimp],SLYcer08g04232.1[&&NHX:species=Tomato Cherry])S,(SPI08g04067.1[&&NHX:species=S. pimp],SLYcer08g04162.1[&&NHX:species=Tomato Cherry])S,((SPI07g00963.1[&&NHX:species=S. pimp],SLYcer07g00942.1[&&NHX:species=Tomato Cherry],Solyc07g017470.3.1[&&NHX:species=Tomato])S,(SLYcer07g00931.1[&&NHX:species=Tomato Cherry],SPI07g00950.1[&&NHX:species=S. pimp])S)D,((SLYcer01g05423.1[&&NHX:species=Tomato Cherry],SPI01g05581.1[&&NHX:species=S. pimp])S,SPI08g04144.1[&&NHX:species=S. pimp])D,((((PGSC0003DMP400003217[&&NHX:species=Potato],PGSC0003DMP400036415[&&NHX:species=Potato])D,PGSC0003DMP400003216[&&NHX:species=Potato])D,SLYcer01g06321.1[&&NHX:species=Tomato Cherry],Solyc01g081400.3.1[&&NHX:species=Tomato],Sopen01g032970.1[&&NHX:species=S. Pennelli],SPI01g06590.1[&&NHX:species=S. pimp])S,PGSC0003DMP400064726[&&NHX:species=Potato])D,(SPI01g05593.1[&&NHX:species=S. pimp],SLYcer01g05436.1[&&NHX:species=Tomato Cherry])S,(((SLYcer01g05445.1[&&NHX:species=Tomato Cherry],SPI01g05600.1[&&NHX:species=S. pimp])S,(SLYcer01g05455.1[&&NHX:species=Tomato Cherry],Solyc01g060370.2.1[&&NHX:species=Tomato],SPI01g05611.1[&&NHX:species=S. pimp])S)D,((SLYcer01g05437.1[&&NHX:species=Tomato Cherry],SLYcer01g05453.1[&&NHX:species=Tomato Cherry])D,(SPI01g05594.1[&&NHX:species=S. pimp],SPI01g05609.1[&&NHX:species=S. pimp])D,Solyc01g150140.1.1[&&NHX:species=Tomato],Capang02g003121[&&NHX:species=Wild pepper],Capana02g003385[&&NHX:species=Dom. pepper])S)D,(((SLYcer08g03983.1[&&NHX:species=Tomato Cherry],PGSC0003DMP400036418[&&NHX:species=Potato],SPI08g03897.1[&&NHX:species=S. pimp])S,(SPI08g03899.1[&&NHX:species=S. pimp],SLYcer08g03986.1[&&NHX:species=Tomato Cherry])S)D,SLYcer01g05441.1[&&NHX:species=Tomato Cherry])D,(SLYcer07g00933.1[&&NHX:species=Tomato Cherry],SPI07g00953.1[&&NHX:species=S. pimp])S)D;	3	2	24	Capana01g003282,Capang08g000227
OG27115	((((SPI04g02531.1[&&NHX:species=S. pimp],PGSC0003DMP400038532[&&NHX:species=Potato],Solyc04g045290.1.1[&&NHX:species=Tomato],SLYcer04g02771.1[&&NHX:species=Tomato Cherry])S,(((PGSC0003DMP400037463[&&NHX:species=Potato],PGSC0003DMP400037462[&&NHX:species=Potato])D,(Sopen07g034310.1[&&NHX:species=S. Pennelli],Solyc07g066130.1.1[&&NHX:species=Tomato],PGSC0003DMP400038533[&&NHX:species=Potato])S)D,SPI07g06368.1[&&NHX:species=S. pimp])S)D,(PGSC0003DMP400059308[&&NHX:species=Potato],Solyc07g066140.1.1[&&NHX:species=Tomato],SLYcer07g05651.1[&&NHX:species=Tomato Cherry],Sopen07g034320.1[&&NHX:species=S. Pennelli])S)D,((((SLYcer04g04997.1[&&NHX:species=Tomato Cherry],SPI04g04478.1[&&NHX:species=S. pimp],Capang04g001050[&&NHX:species=Wild pepper],Sopen04g029060.3[&&NHX:species=S. Pennelli],Capana04g001108[&&NHX:species=Dom. pepper],Solyc04g072890.4.1[&&NHX:species=Tomato],PGSC0003DMP400016761[&&NHX:species=Potato])S,((Sopen04g029060.4[&&NHX:species=S. Pennelli],PGSC0003DMP400016760[&&NHX:species=Potato])S,PGSC0003DMP400016759[&&NHX:species=Potato])D)D,((SPI12g05008.1[&&NHX:species=S. pimp],(PGSC0003DMP400008107[&&NHX:species=Potato],PGSC0003DMP400008106[&&NHX:species=Potato])D,SLYcer12g05050.1[&&NHX:species=Tomato Cherry],Capana12g000246[&&NHX:species=Dom. pepper],Capang12g000215[&&NHX:species=Wild pepper],Solyc12g098690.2.1[&&NHX:species=Tomato],Sopen12g033440.1[&&NHX:species=S. Pennelli])S,(PGSC0003DMP400037460[&&NHX:species=Potato],(PGSC0003DMP400037459[&&NHX:species=Potato],SLYcer09g05280.1[&&NHX:species=Tomato Cherry],Sopen09g036250.1[&&NHX:species=S. Pennelli],SPI09g04970.1[&&NHX:species=S. pimp],Solyc09g098330.3.1[&&NHX:species=Tomato])S)D)D)D,((((PGSC0003DMP400015276[&&NHX:species=Potato],PGSC0003DMP400015274[&&NHX:species=Potato])D,Solyc10g005730.3.1[&&NHX:species=Tomato],SPI10g00174.1[&&NHX:species=S. pimp],SLYcer10g00310.1[&&NHX:species=Tomato Cherry],Sopen10g001700.1[&&NHX:species=S. Pennelli],Capang00g003190[&&NHX:species=Wild pepper],Capana10g000200[&&NHX:species=Dom. pepper])S,(Capang03g003075[&&NHX:species=Wild pepper],Capana03g003181[&&NHX:species=Dom. pepper])S)D,(Capang07g002440[&&NHX:species=Wild pepper],Capana07g002444[&&NHX:species=Dom. pepper])S)D)D)D;	3	3	5	SLYcer07g05650.1
OG27130	((Solyc06g070930.3.1[&&NHX:species=Tomato],Sopen03g032140.4[&&NHX:species=S. Pennelli])S,(Sopen06g027200.1[&&NHX:species=S. Pennelli],Solyc06g070920.3.1[&&NHX:species=Tomato],Capana06g001015[&&NHX:species=Dom. pepper],SLYcer06g04639.1[&&NHX:species=Tomato Cherry],Capang06g000960[&&NHX:species=Wild pepper],PGSC0003DMP400055792[&&NHX:species=Potato])S,((((Sopen03g032120.1[&&NHX:species=S. Pennelli],Solyc03g113040.4.1[&&NHX:species=Tomato],SPI03g04535.1[&&NHX:species=S. pimp],SLYcer03g04486.1[&&NHX:species=Tomato Cherry],Capang03g001061[&&NHX:species=Wild pepper])S,Capang03g001059[&&NHX:species=Wild pepper])D,(SPI03g04537.1[&&NHX:species=S. pimp],Sopen03g032140.2[&&NHX:species=S. Pennelli],SLYcer03g04488.1[&&NHX:species=Tomato Cherry],Solyc03g113060.3.1[&&NHX:species=Tomato])S)D,((Capana03g001107[&&NHX:species=Dom. pepper],Capana03g001105[&&NHX:species=Dom. pepper])D,Sopen03g032140.3[&&NHX:species=S. Pennelli])S)D,((PGSC0003DMP400031614[&&NHX:species=Potato],SPI03g04538.1[&&NHX:species=S. pimp],Capana03g001104[&&NHX:species=Dom. pepper],Solyc03g113070.4.1[&&NHX:species=Tomato],SLYcer03g04489.1[&&NHX:species=Tomato Cherry],Sopen03g032150.1[&&NHX:species=S. Pennelli],Capang03g001058[&&NHX:species=Wild pepper])S,((PGSC0003DMP400055847[&&NHX:species=Potato],PGSC0003DMP400055846[&&NHX:species=Potato])D,Solyc06g070940.4.1[&&NHX:species=Tomato],Sopen06g027210.1[&&NHX:species=S. Pennelli],Capana06g001014[&&NHX:species=Dom. pepper],Capang06g000959[&&NHX:species=Wild pepper])S)D,(Solyc06g070950.2.1[&&NHX:species=Tomato],Capana06g001013[&&NHX:species=Dom. pepper],SPI06g04499.1[&&NHX:species=S. pimp],Sopen06g027220.1[&&NHX:species=S. Pennelli],SLYcer06g04641.1[&&NHX:species=Tomato Cherry],Capang06g000958[&&NHX:species=Wild pepper])S,(Solyc06g070960.3.1[&&NHX:species=Tomato],Capana06g001011[&&NHX:species=Dom. pepper],Sopen06g027230.1[&&NHX:species=S. Pennelli],SPI06g04501.1[&&NHX:species=S. pimp],Capang06g000956[&&NHX:species=Wild pepper],SLYcer06g04642.1[&&NHX:species=Tomato Cherry])S,((Capana03g001103[&&NHX:species=Dom. pepper],SPI06g04500.1[&&NHX:species=S. pimp],SLYcer06g04640.1[&&NHX:species=Tomato Cherry])S,(SPI06g04498.1[&&NHX:species=S. pimp],Sopen03g032140.1[&&NHX:species=S. Pennelli])S)D)D;	2	1	7	PGSC0003DMP400031613
OG27133	((Sopen01g051160.1[&&NHX:species=S. Pennelli],Solyc01g108950.3.1[&&NHX:species=Tomato],PGSC0003DMP400044803[&&NHX:species=Potato],SLYcer01g08286.1[&&NHX:species=Tomato Cherry],Capang06g002599[&&NHX:species=Wild pepper])S,((((Sopen05g025010.1[&&NHX:species=S. Pennelli],PGSC0003DMP400057509[&&NHX:species=Potato],Solyc05g041100.3.1[&&NHX:species=Tomato])S,PGSC0003DMP400066709[&&NHX:species=Potato])D,SPI05g03527.1[&&NHX:species=S. pimp],SLYcer05g02899.1[&&NHX:species=Tomato Cherry])S,SPI01g08511.1[&&NHX:species=S. pimp],(SPI05g02911.1[&&NHX:species=S. pimp],SLYcer05g02329.1[&&NHX:species=Tomato Cherry])S)D,(((Sopen02g009350.1[&&NHX:species=S. Pennelli],SLYcer02g02408.1[&&NHX:species=Tomato Cherry],PGSC0003DMP400067807[&&NHX:species=Potato])S,(Solyc02g026080.2.1[&&NHX:species=Tomato],Sopen02g006830.1[&&NHX:species=S. Pennelli],PGSC0003DMP400058490[&&NHX:species=Potato],SPI02g01306.1[&&NHX:species=S. pimp])S)D,Capana00g000209[&&NHX:species=Dom. pepper])S,(((Capana08g002480[&&NHX:species=Dom. pepper],Capang01g005002[&&NHX:species=Wild pepper])S,Capana06g002818[&&NHX:species=Dom. pepper])D,SPI01g08513.1[&&NHX:species=S. pimp],Sopen01g051190.1[&&NHX:species=S. Pennelli])S,(((((Sopen01g051140.1[&&NHX:species=S. Pennelli],Solyc01g108940.2.1[&&NHX:species=Tomato])S,Sopen06g015150.1[&&NHX:species=S. Pennelli])D,PGSC0003DMP400018858[&&NHX:species=Potato])S,((Sopen01g048640.2[&&NHX:species=S. Pennelli],Sopen01g048640.1[&&NHX:species=S. Pennelli])D,(Capana08g002459[&&NHX:species=Dom. pepper],(Capang01g004710[&&NHX:species=Wild pepper],Capana08g002166[&&NHX:species=Dom. pepper])S)D,SLYcer01g08016.1[&&NHX:species=Tomato Cherry],Solyc01g106250.4.1[&&NHX:species=Tomato])S)D,(Capana07g000481[&&NHX:species=Dom. pepper],Capang07g000533[&&NHX:species=Wild pepper])S)D,((PGSC0003DMP400044805[&&NHX:species=Potato],SLYcer01g08293.1[&&NHX:species=Tomato Cherry])S,PGSC0003DMP400044806[&&NHX:species=Potato])D)D;	4	2	223	SPI01g08249.1,SPI01g08247.1,SPI01g08245.1,PGSC0003DMP400059633,PGSC0003DMP400066829,Capang08g001221,PGSC0003DMP400044807,Solyc01g109030.4.1,SPI01g08515.1
OG27150	(((Capang02g003133[&&NHX:species=Wild pepper],SPI02g04108.1[&&NHX:species=S. pimp],Solyc02g087660.4.1[&&NHX:species=Tomato],PGSC0003DMP400002547[&&NHX:species=Potato],Capana02g003400[&&NHX:species=Dom. pepper],SLYcer02g05179.1[&&NHX:species=Tomato Cherry])S,Capang07g000958[&&NHX:species=Wild pepper])D,((((Capang03g000694[&&NHX:species=Wild pepper],Sopen03g037680.1[&&NHX:species=S. Pennelli],PGSC0003DMP400010213[&&NHX:species=Potato],Solyc03g118740.3.1[&&NHX:species=Tomato],Capana03g000765[&&NHX:species=Dom. pepper],SPI03g05130.1[&&NHX:species=S. pimp],SLYcer03g05070.1[&&NHX:species=Tomato Cherry])S,((PGSC0003DMP400010574[&&NHX:species=Potato],Capang05g000982[&&NHX:species=Wild pepper],(Sopen04g002780.1[&&NHX:species=S. Pennelli],Sopen04g002780.2[&&NHX:species=S. Pennelli])D,SLYcer04g00376.1[&&NHX:species=Tomato Cherry],SPI04g00360.1[&&NHX:species=S. pimp],Capana05g001149[&&NHX:species=Dom. pepper],Solyc04g007690.3.1[&&NHX:species=Tomato])S,((PGSC0003DMP400053058[&&NHX:species=Potato],PGSC0003DMP400053057[&&NHX:species=Potato])D,Capang00g003849[&&NHX:species=Wild pepper],Solyc05g008060.4.1[&&NHX:species=Tomato],SPI05g00479.1[&&NHX:species=S. pimp],(Sopen05g003900.2[&&NHX:species=S. Pennelli],Sopen05g003900.1[&&NHX:species=S. Pennelli])D,SLYcer05g00445.1[&&NHX:species=Tomato Cherry],Capana00g002374[&&NHX:species=Dom. pepper])S)D)D,((((SLYcer10g05480.1[&&NHX:species=Tomato Cherry],SPI10g03980.1[&&NHX:species=S. pimp],Solyc10g080880.2.1[&&NHX:species=Tomato],Sopen10g031390.1[&&NHX:species=S. Pennelli],PGSC0003DMP400048999[&&NHX:species=Potato])S,PGSC0003DMP400049000[&&NHX:species=Potato])D,Capana10g002152[&&NHX:species=Dom. pepper])S,(Capana10g002459[&&NHX:species=Dom. pepper],Solyc10g078370.2.1[&&NHX:species=Tomato],PGSC0003DMP400014705[&&NHX:species=Potato],SPI10g03683.1[&&NHX:species=S. pimp],Capang10g002223[&&NHX:species=Wild pepper],SLYcer10g05199.1[&&NHX:species=Tomato Cherry],Sopen10g029030.1[&&NHX:species=S. Pennelli])S)D)D,(SLYcer06g03787.1[&&NHX:species=Tomato Cherry],PGSC0003DMP400053557[&&NHX:species=Potato],Sopen06g019800.1[&&NHX:species=S. Pennelli],Solyc06g059730.3.1[&&NHX:species=Tomato],Capang06g001716[&&NHX:species=Wild pepper],Capana06g001830[&&NHX:species=Dom. pepper],SPI06g03690.1[&&NHX:species=S. pimp])S)D)D;	1	1	6	Capang10g001908
OG27181	((SPI12g04218.1[&&NHX:species=S. pimp],Solyc12g049100.3.1[&&NHX:species=Tomato],PGSC0003DMP400065303[&&NHX:species=Potato],Capana12g000788[&&NHX:species=Dom. pepper],Sopen12g023530.1[&&NHX:species=S. Pennelli],SLYcer12g04278.1[&&NHX:species=Tomato Cherry],Capang12g000670[&&NHX:species=Wild pepper])S,(Sopen12g030530.1[&&NHX:species=S. Pennelli],SPI12g04644.1[&&NHX:species=S. pimp],PGSC0003DMP400064701[&&NHX:species=Potato],SLYcer12g04685.1[&&NHX:species=Tomato Cherry],Solyc12g088630.2.1[&&NHX:species=Tomato])S,(((Sopen12g030510.1[&&NHX:species=S. Pennelli],Solyc12g088540.3.1[&&NHX:species=Tomato],SLYcer12g04679.1[&&NHX:species=Tomato Cherry],PGSC0003DMP400061609[&&NHX:species=Potato])S,(PGSC0003DMP400060435[&&NHX:species=Potato],SLYcer12g04684.1[&&NHX:species=Tomato Cherry],SPI12g04643.1[&&NHX:species=S. pimp],Solyc12g088620.2.1[&&NHX:species=Tomato])S)D,(SLYcer05g01107.1[&&NHX:species=Tomato Cherry],PGSC0003DMP400068295[&&NHX:species=Potato],SPI05g01181.1[&&NHX:species=S. pimp])S)D,((Solyc09g064770.1.1[&&NHX:species=Tomato],SLYcer09g03613.1[&&NHX:species=Tomato Cherry],SPI09g03509.1[&&NHX:species=S. pimp])S,(Sopen02g002170.1[&&NHX:species=S. Pennelli],SPI09g01291.1[&&NHX:species=S. pimp],SLYcer09g01426.1[&&NHX:species=Tomato Cherry],Solyc09g015500.1.1[&&NHX:species=Tomato])S)D,((((((Capang12g000265[&&NHX:species=Wild pepper],Capana12g000308[&&NHX:species=Dom. pepper])S,(Capang10g001538[&&NHX:species=Wild pepper],Capana12g000313[&&NHX:species=Dom. pepper])S)D,Capang00g003997[&&NHX:species=Wild pepper])D,(Capang12g000261[&&NHX:species=Wild pepper],Capana12g000311[&&NHX:species=Dom. pepper])S)D,(Capana12g000752[&&NHX:species=Dom. pepper],Capang12g000631[&&NHX:species=Wild pepper])S)D,SPI12g04639.1[&&NHX:species=S. pimp])S,((Solyc05g014420.3.1[&&NHX:species=Tomato],Capana07g002496[&&NHX:species=Dom. pepper])S,(Capang00g003003[&&NHX:species=Wild pepper],Solyc12g088570.3.1[&&NHX:species=Tomato],SPI12g04636.1[&&NHX:species=S. pimp],SLYcer12g04680.1[&&NHX:species=Tomato Cherry])S,(Sopen05g009550.1[&&NHX:species=S. Pennelli],SLYcer05g01108.1[&&NHX:species=Tomato Cherry],SPI05g01182.1[&&NHX:species=S. pimp],Solyc05g014460.3.1[&&NHX:species=Tomato])S)D,(Capang04g000591[&&NHX:species=Wild pepper],Solyc04g078320.4.1[&&NHX:species=Tomato],SLYcer04g05441.1[&&NHX:species=Tomato Cherry],SPI04g04939.1[&&NHX:species=S. pimp],Sopen04g031910.1[&&NHX:species=S. Pennelli],Capana04g000624[&&NHX:species=Dom. pepper])S)D;	4	2	0	
OG27235	((((((Capana11g001082[&&NHX:species=Dom. pepper],PGSC0003DMP400029655[&&NHX:species=Potato],Capang11g001063[&&NHX:species=Wild pepper],Sopen05g008820.1[&&NHX:species=S. Pennelli],SPI05g01097.1[&&NHX:species=S. pimp])S,(SLYcer03g04351.1[&&NHX:species=Tomato Cherry],Solyc03g111780.1.1[&&NHX:species=Tomato],PGSC0003DMP400003429[&&NHX:species=Potato],Capang00g002151[&&NHX:species=Wild pepper],SPI03g04407.1[&&NHX:species=S. pimp])S,(SLYcer09g03238.1[&&NHX:species=Tomato Cherry],SPI09g03168.1[&&NHX:species=S. pimp])S)D,((Capana11g001442[&&NHX:species=Dom. pepper],Capang11g001400[&&NHX:species=Wild pepper],SPI05g00243.1[&&NHX:species=S. pimp],Sopen05g002300.1[&&NHX:species=S. Pennelli],Solyc05g006340.3.1[&&NHX:species=Tomato],PGSC0003DMP400027359[&&NHX:species=Potato],SLYcer05g00227.1[&&NHX:species=Tomato Cherry])S,(SLYcer03g04560.1[&&NHX:species=Tomato Cherry],SPI03g04611.1[&&NHX:species=S. pimp],Sopen03g032900.1[&&NHX:species=S. Pennelli],Solyc03g113850.1.1[&&NHX:species=Tomato],Capana03g001019[&&NHX:species=Dom. pepper],Capang03g000953[&&NHX:species=Wild pepper],PGSC0003DMP400042308[&&NHX:species=Potato])S)D)D,((Sopen04g001030.1[&&NHX:species=S. Pennelli],PGSC0003DMP400003430[&&NHX:species=Potato],SPI04g00074.1[&&NHX:species=S. pimp],Solyc04g005020.3.1[&&NHX:species=Tomato],SLYcer04g00123.1[&&NHX:species=Tomato Cherry])S,(PGSC0003DMP400011929[&&NHX:species=Potato],Sopen01g030180.1[&&NHX:species=S. Pennelli],Capang01g002381[&&NHX:species=Wild pepper],Capana01g002718[&&NHX:species=Dom. pepper],Solyc01g068250.2.1[&&NHX:species=Tomato])S)D)D,(((SLYcer01g08301.1[&&NHX:species=Tomato Cherry],Solyc01g109120.3.1[&&NHX:species=Tomato],SPI01g08523.1[&&NHX:species=S. pimp],Capana08g002490[&&NHX:species=Dom. pepper],Capang01g005012[&&NHX:species=Wild pepper],Sopen01g051310.1[&&NHX:species=S. Pennelli],PGSC0003DMP400044998[&&NHX:species=Potato])S,PGSC0003DMP400044997[&&NHX:species=Potato])D,((Capana02g003164[&&NHX:species=Dom. pepper],Solyc02g090150.1.1[&&NHX:species=Tomato],PGSC0003DMP400017863[&&NHX:species=Potato],Capang02g002869[&&NHX:species=Wild pepper],Sopen02g034840.1[&&NHX:species=S. Pennelli])S,(Solyc03g044830.4.1[&&NHX:species=Tomato],SLYcer03g01250.1[&&NHX:species=Tomato Cherry],SPI03g01459.1[&&NHX:species=S. pimp],Sopen03g009100.1[&&NHX:species=S. Pennelli],Capana04g002016[&&NHX:species=Dom. pepper],PGSC0003DMP400039740[&&NHX:species=Potato],Capang04g001826[&&NHX:species=Wild pepper])S)D)D)D,(PGSC0003DMP400016961[&&NHX:species=Potato],Capang01g003207[&&NHX:species=Wild pepper],SPI08g04988.1[&&NHX:species=S. pimp],Sopen08g020800.1[&&NHX:species=S. Pennelli],Capana00g003959[&&NHX:species=Dom. pepper],SLYcer08g05097.1[&&NHX:species=Tomato Cherry])S)D;	2	1	0	
OG27293	((Sopen03g036280.1[&&NHX:species=S. Pennelli],(SPI03g04992.1[&&NHX:species=S. pimp],SLYcer03g04935.1[&&NHX:species=Tomato Cherry],PGSC0003DMP400024848[&&NHX:species=Potato],Solyc03g117370.3.1[&&NHX:species=Tomato],Capana03g000468[&&NHX:species=Dom. pepper],Capang03g000427[&&NHX:species=Wild pepper],Sopen03g036260.1[&&NHX:species=S. Pennelli])S)D,(((PGSC0003DMP400019359[&&NHX:species=Potato],(((((((((PGSC0003DMP400019365[&&NHX:species=Potato],PGSC0003DMP400019364[&&NHX:species=Potato])D,(PGSC0003DMP400019362[&&NHX:species=Potato],PGSC0003DMP400019368[&&NHX:species=Potato])D)D,((PGSC0003DMP400019361[&&NHX:species=Potato],PGSC0003DMP400019358[&&NHX:species=Potato])D,(PGSC0003DMP400019357[&&NHX:species=Potato],PGSC0003DMP400019363[&&NHX:species=Potato])D)D)D,PGSC0003DMP400019366[&&NHX:species=Potato])D,PGSC0003DMP400019367[&&NHX:species=Potato])D,PGSC0003DMP400019360[&&NHX:species=Potato])D,PGSC0003DMP400019372[&&NHX:species=Potato])D,((PGSC0003DMP400019373[&&NHX:species=Potato],PGSC0003DMP400019370[&&NHX:species=Potato])D,PGSC0003DMP400019371[&&NHX:species=Potato])D)D,PGSC0003DMP400019369[&&NHX:species=Potato])D)D,((Sopen08g009970.1[&&NHX:species=S. Pennelli],Sopen08g009970.2[&&NHX:species=S. Pennelli])D,Sopen08g009970.3[&&NHX:species=S. Pennelli])D)S,PGSC0003DMP400019356[&&NHX:species=Potato])D,(SPI03g04990.1[&&NHX:species=S. pimp],Capang03g000482[&&NHX:species=Wild pepper],Sopen03g036250.1[&&NHX:species=S. Pennelli],Capana03g000524[&&NHX:species=Dom. pepper],PGSC0003DMP400024847[&&NHX:species=Potato],SLYcer03g04933.1[&&NHX:species=Tomato Cherry],Solyc03g117360.4.1[&&NHX:species=Tomato])S,((Capana01g000876[&&NHX:species=Dom. pepper],Solyc08g076030.3.1[&&NHX:species=Tomato],(Sopen08g024680.1[&&NHX:species=S. Pennelli],Sopen08g024680.2[&&NHX:species=S. Pennelli])D,SPI08g05709.1[&&NHX:species=S. pimp],SLYcer08g05822.1[&&NHX:species=Tomato Cherry],Capang01g000789[&&NHX:species=Wild pepper])S,(Solyc01g100050.3.1[&&NHX:species=Tomato],SLYcer01g07550.1[&&NHX:species=Tomato Cherry],Capana08g001567[&&NHX:species=Dom. pepper],(Sopen01g043580.2[&&NHX:species=S. Pennelli],Sopen01g043580.1[&&NHX:species=S. Pennelli])D,SPI01g07723.1[&&NHX:species=S. pimp],Capang01g004115[&&NHX:species=Wild pepper])S)D,(((Solyc03g116750.3.1[&&NHX:species=Tomato],Sopen03g035660.1[&&NHX:species=S. Pennelli],Capang03g000412[&&NHX:species=Wild pepper],Capana03g000455[&&NHX:species=Dom. pepper],SPI03g04929.1[&&NHX:species=S. pimp],SLYcer03g04871.1[&&NHX:species=Tomato Cherry])S,Capana01g000877[&&NHX:species=Dom. pepper])D,(SLYcer07g00493.1[&&NHX:species=Tomato Cherry],Capana07g000413[&&NHX:species=Dom. pepper],SPI07g00547.1[&&NHX:species=S. pimp],(Sopen07g003920.2[&&NHX:species=S. Pennelli],Sopen07g003920.1[&&NHX:species=S. Pennelli])D,Capang07g000461[&&NHX:species=Wild pepper],Solyc07g008040.4.1[&&NHX:species=Tomato])S)D)D;	3	2	417	PGSC0003DMP400053822,PGSC0003DMP400053821,PGSC0003DMP400042818,PGSC0003DMP400042819,Solyc08g029050.4.1,SLYcer08g04227.1,SPI08g04132.1
OG27302	(((SLYcer08g00358.1[&&NHX:species=Tomato Cherry],Capana01g003911[&&NHX:species=Dom. pepper],PGSC0003DMP400062614[&&NHX:species=Potato],SPI08g00294.1[&&NHX:species=S. pimp],Capang08g000808[&&NHX:species=Wild pepper],Solyc08g006940.4.1[&&NHX:species=Tomato],Sopen08g002910.1[&&NHX:species=S. Pennelli])S,(SPI08g00815.1[&&NHX:species=S. pimp],Solyc08g013780.1.1[&&NHX:species=Tomato],SLYcer08g00837.1[&&NHX:species=Tomato Cherry],PGSC0003DMP400036566[&&NHX:species=Potato])S)D,(((Solyc03g122100.3.1[&&NHX:species=Tomato],Sopen03g040890.1[&&NHX:species=S. Pennelli],PGSC0003DMP400011399[&&NHX:species=Potato])S,Sopen03g040890.2[&&NHX:species=S. Pennelli])D,SPI08g00857.1[&&NHX:species=S. pimp])S,((Sopen03g040880.1[&&NHX:species=S. Pennelli],SPI03g05468.1[&&NHX:species=S. pimp],SLYcer03g05433.1[&&NHX:species=Tomato Cherry])S,((SLYcer08g00357.1[&&NHX:species=Tomato Cherry],PGSC0003DMP400035622[&&NHX:species=Potato],Solyc08g006920.3.1[&&NHX:species=Tomato],SPI08g00293.1[&&NHX:species=S. pimp],Sopen08g002890.1[&&NHX:species=S. Pennelli])S,(Capana01g003887[&&NHX:species=Dom. pepper],Sopen08g004590.1[&&NHX:species=S. Pennelli],PGSC0003DMP400011183[&&NHX:species=Potato])S)D)D,(SLYcer07g04369.1[&&NHX:species=Tomato Cherry],(PGSC0003DMP400011398[&&NHX:species=Potato],PGSC0003DMP400011395[&&NHX:species=Potato])D,Capana07g001347[&&NHX:species=Dom. pepper],SPI07g05074.1[&&NHX:species=S. pimp],Sopen07g024970.1[&&NHX:species=S. Pennelli],Solyc07g049570.3.1[&&NHX:species=Tomato],Capang07g001377[&&NHX:species=Wild pepper])S,((((PGSC0003DMP400036565[&&NHX:species=Potato],PGSC0003DMP400036564[&&NHX:species=Potato])D,((Capang02g001275[&&NHX:species=Wild pepper],Capana02g001440[&&NHX:species=Dom. pepper])S,(Capang02g001274[&&NHX:species=Wild pepper],Capana02g001439[&&NHX:species=Dom. pepper])S)D)S,((Capana02g001343[&&NHX:species=Dom. pepper],SPI08g00583.1[&&NHX:species=S. pimp],SLYcer08g00611.1[&&NHX:species=Tomato Cherry],PGSC0003DMP400010399[&&NHX:species=Potato],Sopen08g004670.1[&&NHX:species=S. Pennelli],Solyc08g013820.3.1[&&NHX:species=Tomato])S,(PGSC0003DMP400066752[&&NHX:species=Potato],Capang02g000476[&&NHX:species=Wild pepper],Capana02g000532[&&NHX:species=Dom. pepper])S)D)D,((Solyc08g013800.4.1[&&NHX:species=Tomato],SPI08g00581.1[&&NHX:species=S. pimp],SLYcer08g00606.1[&&NHX:species=Tomato Cherry])S,(Solyc08g013805.2.1[&&NHX:species=Tomato],PGSC0003DMP400010398[&&NHX:species=Potato],SPI08g00582.1[&&NHX:species=S. pimp],SLYcer08g00607.1[&&NHX:species=Tomato Cherry],Sopen08g004650.1[&&NHX:species=S. Pennelli])S)D)D,(((PGSC0003DMP400010380[&&NHX:species=Potato],Solyc08g013790.2.1[&&NHX:species=Tomato],Sopen08g004590.2[&&NHX:species=S. Pennelli],SPI08g00573.1[&&NHX:species=S. pimp])S,(Capana01g003886[&&NHX:species=Dom. pepper],SLYcer08g00600.1[&&NHX:species=Tomato Cherry],PGSC0003DMP400035621[&&NHX:species=Potato],Solyc08g013750.3.1[&&NHX:species=Tomato])S)D,((Capana01g003912[&&NHX:species=Dom. pepper],SPI08g00295.1[&&NHX:species=S. pimp],SLYcer08g00359.1[&&NHX:species=Tomato Cherry],PGSC0003DMP400035619[&&NHX:species=Potato],Capang00g004411[&&NHX:species=Wild pepper])S,PGSC0003DMP400010397[&&NHX:species=Potato])D)D)D;	3	2	4	Capana06g002923
OG27337	(((PGSC0003DMP400064292[&&NHX:species=Potato],((Solyc02g005410.3.1[&&NHX:species=Tomato],SLYcer02g00386.1[&&NHX:species=Tomato Cherry],PGSC0003DMP400060524[&&NHX:species=Potato])S,((((SPI09g04804.1[&&NHX:species=S. pimp],(PGSC0003DMP400059729[&&NHX:species=Potato],PGSC0003DMP400068682[&&NHX:species=Potato])D)S,(Capana00g002430[&&NHX:species=Dom. pepper],PGSC0003DMP400064453[&&NHX:species=Potato])S)D,((PGSC0003DMP400057435[&&NHX:species=Potato],Solyc09g091720.1.1[&&NHX:species=Tomato],SPI09g04789.1[&&NHX:species=S. pimp])S,(PGSC0003DMP400066598[&&NHX:species=Potato],Solyc09g091870.2.1[&&NHX:species=Tomato],SLYcer09g05109.1[&&NHX:species=Tomato Cherry])S)D)D,((SPI07g03798.1[&&NHX:species=S. pimp],SLYcer07g03086.1[&&NHX:species=Tomato Cherry])S,(PGSC0003DMP400045265[&&NHX:species=Potato],(SLYcer09g05125.1[&&NHX:species=Tomato Cherry],Sopen09g034760.1[&&NHX:species=S. Pennelli],Capana03g004364[&&NHX:species=Dom. pepper],PGSC0003DMP400061859[&&NHX:species=Potato])S)D)D)D)D)D,(SPI09g04080.1[&&NHX:species=S. pimp],Capang03g003456[&&NHX:species=Wild pepper],SLYcer09g04274.1[&&NHX:species=Tomato Cherry],Solyc09g074430.4.1[&&NHX:species=Tomato],Sopen09g029280.1[&&NHX:species=S. Pennelli],Capana03g003547[&&NHX:species=Dom. pepper])S)D,(((Sopen08g022020.1[&&NHX:species=S. Pennelli],PGSC0003DMP400025571[&&NHX:species=Potato],SLYcer08g05242.1[&&NHX:species=Tomato Cherry],Capana08g000749[&&NHX:species=Dom. pepper],Solyc08g068160.2.1[&&NHX:species=Tomato],Capang01g003397[&&NHX:species=Wild pepper],SPI08g05131.1[&&NHX:species=S. pimp])S,(((Sopen06g024050.1[&&NHX:species=S. Pennelli],SPI06g04124.1[&&NHX:species=S. pimp],Solyc06g065630.3.1[&&NHX:species=Tomato],SLYcer06g04262.1[&&NHX:species=Tomato Cherry],PGSC0003DMP400045264[&&NHX:species=Potato])S,Solyc08g065700.3.1[&&NHX:species=Tomato])D,Capang00g004456[&&NHX:species=Wild pepper])S)D,((((PGSC0003DMP400034817[&&NHX:species=Potato],Capana06g000153[&&NHX:species=Dom. pepper],Capang06g000131[&&NHX:species=Wild pepper],SLYcer06g05432.1[&&NHX:species=Tomato Cherry],Sopen06g035120.1[&&NHX:species=S. Pennelli],SPI06g05323.1[&&NHX:species=S. pimp],Solyc06g083700.4.1[&&NHX:species=Tomato])S,(Capana06g002980[&&NHX:species=Dom. pepper],Capang06g002743[&&NHX:species=Wild pepper],Solyc06g008050.4.1[&&NHX:species=Tomato],PGSC0003DMP400025916[&&NHX:species=Potato],Sopen06g002890.1[&&NHX:species=S. Pennelli],SPI06g00270.1[&&NHX:species=S. pimp])S)D,((SLYcer09g03524.1[&&NHX:species=Tomato Cherry],Capang00g002066[&&NHX:species=Wild pepper],Solyc09g064160.3.1[&&NHX:species=Tomato],SPI09g03413.1[&&NHX:species=S. pimp],Sopen09g025350.1[&&NHX:species=S. Pennelli],PGSC0003DMP400038092[&&NHX:species=Potato],Capana09g001267[&&NHX:species=Dom. pepper])S,(SPI09g03415.1[&&NHX:species=S. pimp],PGSC0003DMP400038093[&&NHX:species=Potato],SLYcer09g03526.1[&&NHX:species=Tomato Cherry],Sopen09g025400.1[&&NHX:species=S. Pennelli])S)D)D,((SLYcer09g05038.1[&&NHX:species=Tomato Cherry],PGSC0003DMP400020547[&&NHX:species=Potato],Capana03g004407[&&NHX:species=Dom. pepper],Capang03g004219[&&NHX:species=Wild pepper],SPI09g04705.1[&&NHX:species=S. pimp],Sopen09g034070.1[&&NHX:species=S. Pennelli],Solyc09g091090.2.1[&&NHX:species=Tomato])S,(Capana02g001306[&&NHX:species=Dom. pepper],Capang02g001146[&&NHX:species=Wild pepper])S)D)D)D)D;	2	2	122	Capang03g004174,Capang03g003916,Capana06g001405,Capana00g002431
OG27345	((SPI03g00700.1[&&NHX:species=S. pimp],Solyc03g025930.4.1[&&NHX:species=Tomato],Sopen03g004750.1[&&NHX:species=S. Pennelli],PGSC0003DMP400025250[&&NHX:species=Potato],SLYcer03g00480.1[&&NHX:species=Tomato Cherry])S,((Solyc03g026410.3.1[&&NHX:species=Tomato],SLYcer03g00532.1[&&NHX:species=Tomato Cherry],SPI03g00754.1[&&NHX:species=S. pimp])S,((SPI01g02637.1[&&NHX:species=S. pimp],PGSC0003DMP400065796[&&NHX:species=Potato])S,((SLYcer01g02317.1[&&NHX:species=Tomato Cherry],SLYcer01g02562.1[&&NHX:species=Tomato Cherry])D,PGSC0003DMP400025252[&&NHX:species=Potato])S)D)D,((SPI01g02204.1[&&NHX:species=S. pimp],SLYcer01g02318.1[&&NHX:species=Tomato Cherry])S,((Sopen03g004760.1[&&NHX:species=S. Pennelli],SPI03g00701.1[&&NHX:species=S. pimp],SLYcer03g00481.1[&&NHX:species=Tomato Cherry],Capang03g002284[&&NHX:species=Wild pepper],PGSC0003DMP400025249[&&NHX:species=Potato])S,((PGSC0003DMP400052612[&&NHX:species=Potato],PGSC0003DMP400025242[&&NHX:species=Potato])D,Solyc03g025940.3.1[&&NHX:species=Tomato])S)D)D,((SLYcer01g02300.1[&&NHX:species=Tomato Cherry],SPI01g02371.1[&&NHX:species=S. pimp])S,((PGSC0003DMP400041611[&&NHX:species=Potato],PGSC0003DMP400052613[&&NHX:species=Potato])D,SPI01g02072.1[&&NHX:species=S. pimp],SLYcer01g01992.1[&&NHX:species=Tomato Cherry],Solyc01g015130.1.1[&&NHX:species=Tomato])S)D,((SPI01g02638.1[&&NHX:species=S. pimp],SLYcer01g02564.1[&&NHX:species=Tomato Cherry],Solyc01g017820.3.1[&&NHX:species=Tomato])S,((SLYcer03g00531.1[&&NHX:species=Tomato Cherry],Solyc03g026400.3.1[&&NHX:species=Tomato],SPI03g00753.1[&&NHX:species=S. pimp])S,(PGSC0003DMP400025286[&&NHX:species=Potato],Solyc03g062800.1.1[&&NHX:species=Tomato])S)D,(SPI03g02578.1[&&NHX:species=S. pimp],SLYcer03g02452.1[&&NHX:species=Tomato Cherry])S)D,((Solyc01g015180.1.1[&&NHX:species=Tomato],SLYcer01g02018.1[&&NHX:species=Tomato Cherry],SPI01g02094.1[&&NHX:species=S. pimp])S,((SLYcer01g02011.1[&&NHX:species=Tomato Cherry],(SPI01g02089.1[&&NHX:species=S. pimp],SPI01g02125.1[&&NHX:species=S. pimp])D)S,SPI01g02103.1[&&NHX:species=S. pimp])D)D,((Capang03g002291[&&NHX:species=Wild pepper],Capana03g002369[&&NHX:species=Dom. pepper])S,((Capang03g002239[&&NHX:species=Wild pepper],(PGSC0003DMP400025256[&&NHX:species=Potato],PGSC0003DMP400025257[&&NHX:species=Potato])D,Solyc03g096620.3.1[&&NHX:species=Tomato],SPI03g00699.1[&&NHX:species=S. pimp])S,((PGSC0003DMP400025258[&&NHX:species=Potato],PGSC0003DMP400025254[&&NHX:species=Potato])D,Capana03g002329[&&NHX:species=Dom. pepper],SLYcer03g00479.1[&&NHX:species=Tomato Cherry],Sopen03g004730.1[&&NHX:species=S. Pennelli],Capang03g002238[&&NHX:species=Wild pepper],Solyc03g025920.4.1[&&NHX:species=Tomato])S)D)D,(((SLYcer03g00535.1[&&NHX:species=Tomato Cherry],SPI03g00756.1[&&NHX:species=S. pimp])S,(((SLYcer06g00639.1[&&NHX:species=Tomato Cherry],SPI06g00418.1[&&NHX:species=S. pimp],PGSC0003DMP400025255[&&NHX:species=Potato])S,((((SPI06g00416.1[&&NHX:species=S. pimp],SLYcer06g00637.1[&&NHX:species=Tomato Cherry])S,(SPI03g00755.1[&&NHX:species=S. pimp],SLYcer03g00534.1[&&NHX:species=Tomato Cherry])S)D,SLYcer03g00533.1[&&NHX:species=Tomato Cherry])D,(Solyc06g009250.2.1[&&NHX:species=Tomato],SLYcer06g00635.1[&&NHX:species=Tomato Cherry])S)D)D,(SPI06g00417.1[&&NHX:species=S. pimp],SLYcer06g00638.1[&&NHX:species=Tomato Cherry])S)D)D,(PGSC0003DMP400029287[&&NHX:species=Potato],Solyc03g062810.1.1[&&NHX:species=Tomato],Sopen03g026740.1[&&NHX:species=S. Pennelli],SLYcer03g02454.1[&&NHX:species=Tomato Cherry],SPI03g02580.1[&&NHX:species=S. pimp])S)D)D;	5	3	6	Solyc01g150123.1.1
OG27363	((Capana10g002005[&&NHX:species=Dom. pepper],Sopen10g032800.1[&&NHX:species=S. Pennelli],SLYcer10g05638.1[&&NHX:species=Tomato Cherry],PGSC0003DMP400049116[&&NHX:species=Potato],Capang10g001766[&&NHX:species=Wild pepper],Solyc10g083320.3.1[&&NHX:species=Tomato],SPI10g04164.1[&&NHX:species=S. pimp])S,((PGSC0003DMP400006907[&&NHX:species=Potato],Solyc09g008170.3.1[&&NHX:species=Tomato],Capana09g002232[&&NHX:species=Dom. pepper],Sopen09g002970.1[&&NHX:species=S. Pennelli],SLYcer09g00416.1[&&NHX:species=Tomato Cherry],Capang09g001739[&&NHX:species=Wild pepper],SPI09g00329.1[&&NHX:species=S. pimp])S,((Capang09g001740[&&NHX:species=Wild pepper],Sopen09g002980.1[&&NHX:species=S. Pennelli],PGSC0003DMP400006908[&&NHX:species=Potato])S,Capang09g001741[&&NHX:species=Wild pepper])D)D,(Capang10g001639[&&NHX:species=Wild pepper],(Sopen10g033480.1[&&NHX:species=S. Pennelli],SPI10g04241.1[&&NHX:species=S. pimp],Capana00g001595[&&NHX:species=Dom. pepper],SLYcer10g05710.1[&&NHX:species=Tomato Cherry],PGSC0003DMP400018525[&&NHX:species=Potato],Capang10g001638[&&NHX:species=Wild pepper])S)D,((Capang10g001633[&&NHX:species=Wild pepper],SPI10g04237.1[&&NHX:species=S. pimp],PGSC0003DMP400068548[&&NHX:species=Potato])S,((Capang10g001630[&&NHX:species=Wild pepper],PGSC0003DMP400048992[&&NHX:species=Potato])S,(((Capana10g001861[&&NHX:species=Dom. pepper],Capana10g001859[&&NHX:species=Dom. pepper])D,(Capang10g001629[&&NHX:species=Wild pepper],Capang10g001640[&&NHX:species=Wild pepper])D,Solyc10g084020.1.1[&&NHX:species=Tomato])S,((Capana10g001858[&&NHX:species=Dom. pepper],PGSC0003DMP400048993[&&NHX:species=Potato],Capang10g001632[&&NHX:species=Wild pepper])S,(Capana10g001860[&&NHX:species=Dom. pepper],Capang10g001641[&&NHX:species=Wild pepper])S)D)D)D)D,((((Capang10g001635[&&NHX:species=Wild pepper],Capana00g001329[&&NHX:species=Dom. pepper],SLYcer10g05706.1[&&NHX:species=Tomato Cherry])S,((PGSC0003DMP400049190[&&NHX:species=Potato],Capang07g001439[&&NHX:species=Wild pepper])S,PGSC0003DMP400048995[&&NHX:species=Potato])D)D,(PGSC0003DMP400048994[&&NHX:species=Potato],SLYcer10g05707.1[&&NHX:species=Tomato Cherry],Solyc10g150147.1.1[&&NHX:species=Tomato],SPI10g04238.1[&&NHX:species=S. pimp],Capang10g001634[&&NHX:species=Wild pepper],Capana00g001328[&&NHX:species=Dom. pepper])S)D,(Solyc10g084010.1.1[&&NHX:species=Tomato],Capang10g001644[&&NHX:species=Wild pepper],Capana10g001862[&&NHX:species=Dom. pepper],Sopen10g033460.1[&&NHX:species=S. Pennelli])S)D,((SPI10g04239.1[&&NHX:species=S. pimp],Capang10g001636[&&NHX:species=Wild pepper],SLYcer10g05708.1[&&NHX:species=Tomato Cherry],PGSC0003DMP400048996[&&NHX:species=Potato],Solyc10g150148.1.1[&&NHX:species=Tomato],Capana00g001594[&&NHX:species=Dom. pepper])S,((SPI07g06412.1[&&NHX:species=S. pimp],Sopen07g034720.1[&&NHX:species=S. Pennelli],PGSC0003DMP400038499[&&NHX:species=Potato],SLYcer07g05695.1[&&NHX:species=Tomato Cherry],Solyc07g066560.1.1[&&NHX:species=Tomato],Capang00g004914[&&NHX:species=Wild pepper])S,Capang00g003567[&&NHX:species=Wild pepper])D)D,((Capana06g000524[&&NHX:species=Dom. pepper],Capang00g003865[&&NHX:species=Wild pepper],SLYcer06g05059.1[&&NHX:species=Tomato Cherry],Sopen06g031350.1[&&NHX:species=S. Pennelli],PGSC0003DMP400012704[&&NHX:species=Potato],SPI06g04919.1[&&NHX:species=S. pimp],Solyc06g074950.1.1[&&NHX:species=Tomato])S,(Sopen11g027820.1[&&NHX:species=S. Pennelli],SPI11g03939.1[&&NHX:species=S. pimp],SLYcer11g03876.1[&&NHX:species=Tomato Cherry],PGSC0003DMP400014202[&&NHX:species=Potato],Solyc11g069093.1.1[&&NHX:species=Tomato])S)D)D;	3	2	25	SPI10g04236.1,SLYcer10g05705.1,Solyc09g008175.1.1,SLYcer09g00417.1
OG27384	((Solyc01g111560.3.1[&&NHX:species=Tomato],(PGSC0003DMP400010977[&&NHX:species=Potato],PGSC0003DMP400010978[&&NHX:species=Potato])D,SPI01g08758.1[&&NHX:species=S. pimp],SLYcer01g08532.1[&&NHX:species=Tomato Cherry],Capana08g002736[&&NHX:species=Dom. pepper],Capang01g005320[&&NHX:species=Wild pepper],Sopen01g053600.1[&&NHX:species=S. Pennelli])S,(PGSC0003DMP400003042[&&NHX:species=Potato],Solyc01g088780.3.1[&&NHX:species=Tomato],SLYcer01g06635.1[&&NHX:species=Tomato Cherry],SPI01g06896.1[&&NHX:species=S. pimp],Capana01g003422[&&NHX:species=Dom. pepper],Sopen01g035620.1[&&NHX:species=S. Pennelli])S,(((Solyc07g020800.3.1[&&NHX:species=Tomato],Capang09g000274[&&NHX:species=Wild pepper],(PGSC0003DMP400015200[&&NHX:species=Potato],PGSC0003DMP400015201[&&NHX:species=Potato])D,SLYcer07g01351.1[&&NHX:species=Tomato Cherry],Sopen07g008780.1[&&NHX:species=S. Pennelli],SPI07g01375.1[&&NHX:species=S. pimp])S,((Sopen12g003190.1[&&NHX:species=S. Pennelli],Sopen12g003190.2[&&NHX:species=S. Pennelli])D,SLYcer12g00356.1[&&NHX:species=Tomato Cherry],Capana09g000287[&&NHX:species=Dom. pepper],Solyc12g007210.2.1[&&NHX:species=Tomato],(PGSC0003DMP400000604[&&NHX:species=Potato],PGSC0003DMP400000605[&&NHX:species=Potato])D,SPI12g00386.1[&&NHX:species=S. pimp])S)D,(Capang01g004235[&&NHX:species=Wild pepper],Capana05g002180[&&NHX:species=Dom. pepper],PGSC0003DMP400000606[&&NHX:species=Potato])S)D,((((Capana04g002378[&&NHX:species=Dom. pepper],Capang04g002101[&&NHX:species=Wild pepper])S,(Capana02g002553[&&NHX:species=Dom. pepper],Capana02g000559[&&NHX:species=Dom. pepper])D)D,((Capang02g000484[&&NHX:species=Wild pepper],(Capang02g002291[&&NHX:species=Wild pepper],Capang04g002080[&&NHX:species=Wild pepper])D)D,Capana04g002352[&&NHX:species=Dom. pepper])S)D,(PGSC0003DMP400006396[&&NHX:species=Potato],(PGSC0003DMP400041286[&&NHX:species=Potato],(PGSC0003DMP400039110[&&NHX:species=Potato],PGSC0003DMP400039111[&&NHX:species=Potato])D)D)D,((SPI02g01955.1[&&NHX:species=S. pimp],SPI03g01007.1[&&NHX:species=S. pimp])D,SPI02g03663.1[&&NHX:species=S. pimp])D,(Sopen02g028360.1[&&NHX:species=S. Pennelli],(Sopen02g012980.1[&&NHX:species=S. Pennelli],Sopen03g006190.1[&&NHX:species=S. Pennelli])D)D)S,((Capang03g000941[&&NHX:species=Wild pepper],(PGSC0003DMP400042562[&&NHX:species=Potato],PGSC0003DMP400042561[&&NHX:species=Potato])D,Sopen03g033120.1[&&NHX:species=S. Pennelli],SLYcer03g04586.1[&&NHX:species=Tomato Cherry],SPI03g04640.1[&&NHX:species=S. pimp],Capana03g000994[&&NHX:species=Dom. pepper],Solyc03g114070.3.1[&&NHX:species=Tomato])S,PGSC0003DMP400042559[&&NHX:species=Potato])D,((PGSC0003DMP400021153[&&NHX:species=Potato],Capang08g000361[&&NHX:species=Wild pepper])S,(PGSC0003DMP400018964[&&NHX:species=Potato],(Sopen02g022300.1[&&NHX:species=S. Pennelli],Solyc02g077400.4.1[&&NHX:species=Tomato],Capang02g001637[&&NHX:species=Wild pepper],Capana02g001855[&&NHX:species=Dom. pepper],SLYcer02g04134.1[&&NHX:species=Tomato Cherry],PGSC0003DMP400018965[&&NHX:species=Potato],SPI02g03029.1[&&NHX:species=S. pimp])S)D)D,(((((Solyc09g065130.4.1[&&NHX:species=Tomato],Sopen09g026850.1[&&NHX:species=S. Pennelli],PGSC0003DMP400022831[&&NHX:species=Potato])S,PGSC0003DMP400022830[&&NHX:species=Potato])D,SPI09g03578.1[&&NHX:species=S. pimp],SLYcer09g03682.1[&&NHX:species=Tomato Cherry])S,PGSC0003DMP400022833[&&NHX:species=Potato])D,(Capana08g001439[&&NHX:species=Dom. pepper],SLYcer01g07661.1[&&NHX:species=Tomato Cherry],Sopen01g042460.1[&&NHX:species=S. Pennelli],Capang01g004000[&&NHX:species=Wild pepper],Solyc01g098920.4.1[&&NHX:species=Tomato],PGSC0003DMP400049801[&&NHX:species=Potato])S)D)D;	7	6	476	SLYcer02g04751.1,SLYcer03g00841.1,Solyc02g062020.3.1,Solyc02g083580.4.1,Solyc03g033420.4.1,Capana09g001435,Capang09g001011
OG27424	((SPI11g01046.1[&&NHX:species=S. pimp],Capang04g001663[&&NHX:species=Wild pepper],Sopen11g008490.1[&&NHX:species=S. Pennelli],Capana04g001778[&&NHX:species=Dom. pepper],Solyc11g013480.3.1[&&NHX:species=Tomato],SLYcer11g00897.1[&&NHX:species=Tomato Cherry],PGSC0003DMP400048339[&&NHX:species=Potato])S,((Capana00g004127[&&NHX:species=Dom. pepper],SPI02g01794.1[&&NHX:species=S. pimp],Sopen02g011920.1[&&NHX:species=S. Pennelli],SLYcer02g02906.1[&&NHX:species=Tomato Cherry],Solyc02g037530.3.1[&&NHX:species=Tomato],Capang09g001337[&&NHX:species=Wild pepper])S,(((Capana04g002496[&&NHX:species=Dom. pepper],PGSC0003DMP400032531[&&NHX:species=Potato])S,PGSC0003DMP400032530[&&NHX:species=Potato])D,((PGSC0003DMP400032529[&&NHX:species=Potato],Solyc03g031970.4.1[&&NHX:species=Tomato],Sopen03g005820.1[&&NHX:species=S. Pennelli],SPI03g00852.1[&&NHX:species=S. pimp])S,(Capang04g002178[&&NHX:species=Wild pepper],Sopen03g005820.2[&&NHX:species=S. Pennelli])S)D)D)D,(((Capang01g003322[&&NHX:species=Wild pepper],((Capana09g002055[&&NHX:species=Dom. pepper],(Capang11g000560[&&NHX:species=Wild pepper],Capang03g000191[&&NHX:species=Wild pepper])D)S,Capang03g001319[&&NHX:species=Wild pepper])D)D,((Sopen02g011930.1[&&NHX:species=S. Pennelli],Capang03g003380[&&NHX:species=Wild pepper])S,((Capang02g001413[&&NHX:species=Wild pepper],Capang00g004357[&&NHX:species=Wild pepper])D,(Capana11g000611[&&NHX:species=Dom. pepper],Capana03g001382[&&NHX:species=Dom. pepper])D)S)D)D,(((SPI07g04605.1[&&NHX:species=S. pimp],Capana00g004126[&&NHX:species=Dom. pepper],PGSC0003DMP400025461[&&NHX:species=Potato])S,((Capana04g002498[&&NHX:species=Dom. pepper],PGSC0003DMP400032528[&&NHX:species=Potato],SLYcer03g00695.1[&&NHX:species=Tomato Cherry])S,Capana00g001997[&&NHX:species=Dom. pepper])D)D,(Capang10g002155[&&NHX:species=Wild pepper],Capana00g000130[&&NHX:species=Dom. pepper])S)D)D,((SPI08g06391.1[&&NHX:species=S. pimp],Solyc08g082630.3.1[&&NHX:species=Tomato],SLYcer08g06486.1[&&NHX:species=Tomato Cherry],Sopen08g030870.1[&&NHX:species=S. Pennelli],PGSC0003DMP400021708[&&NHX:species=Potato],Capana01g000109[&&NHX:species=Dom. pepper],Capang01g000102[&&NHX:species=Wild pepper])S,PGSC0003DMP400021707[&&NHX:species=Potato])D,((Capana00g000236[&&NHX:species=Dom. pepper],Solyc08g008380.4.1[&&NHX:species=Tomato],SPI08g00535.1[&&NHX:species=S. pimp],Capang08g001323[&&NHX:species=Wild pepper],SLYcer08g00561.1[&&NHX:species=Tomato Cherry],PGSC0003DMP400010270[&&NHX:species=Potato])S,(PGSC0003DMP400000261[&&NHX:species=Potato],Capana09g001199[&&NHX:species=Dom. pepper],Capang09g000913[&&NHX:species=Wild pepper])S,(PGSC0003DMP400032526[&&NHX:species=Potato],Capana04g002497[&&NHX:species=Dom. pepper])S)D,(((Solyc07g043610.3.1[&&NHX:species=Tomato],SLYcer07g03890.1[&&NHX:species=Tomato Cherry],PGSC0003DMP400050215[&&NHX:species=Potato])S,(((SLYcer12g00252.1[&&NHX:species=Tomato Cherry],SLYcer12g00254.1[&&NHX:species=Tomato Cherry])D,(PGSC0003DMP400050217[&&NHX:species=Potato],PGSC0003DMP400050216[&&NHX:species=Potato])D,(Sopen12g002300.1[&&NHX:species=S. Pennelli],Sopen12g002300.2[&&NHX:species=S. Pennelli])D,Capang09g000407[&&NHX:species=Wild pepper],Capana09g000452[&&NHX:species=Dom. pepper])S,PGSC0003DMP400050218[&&NHX:species=Potato])D)D,((PGSC0003DMP400027884[&&NHX:species=Potato],PGSC0003DMP400027883[&&NHX:species=Potato])D,SLYcer07g03891.1[&&NHX:species=Tomato Cherry],Capana00g001906[&&NHX:species=Dom. pepper],Solyc07g043620.3.1[&&NHX:species=Tomato],Sopen07g023180.1[&&NHX:species=S. Pennelli],Capang00g003509[&&NHX:species=Wild pepper])S)D,(((Capang10g001235[&&NHX:species=Wild pepper],Capana10g001461[&&NHX:species=Dom. pepper])S,(SLYcer09g00375.1[&&NHX:species=Tomato Cherry],Sopen09g002650.1[&&NHX:species=S. Pennelli],Solyc09g007810.4.1[&&NHX:species=Tomato],Capana09g002164[&&NHX:species=Dom. pepper],SPI09g00282.1[&&NHX:species=S. pimp],Capang09g001686[&&NHX:species=Wild pepper])S)D,(Solyc10g086130.3.1[&&NHX:species=Tomato],SLYcer10g05916.1[&&NHX:species=Tomato Cherry],Sopen10g035510.1[&&NHX:species=S. Pennelli],SPI10g04450.1[&&NHX:species=S. pimp])S)D)D;	8	6	482	SPI12g00286.1,SPI12g00288.1,PGSC0003DMP400037381,PGSC0003DMP400037379,PGSC0003DMP400037382,Sopen08g004260.2,Sopen08g004260.1,Solyc12g006350.3.1,Solyc12g006340.3.1
OG27492	((Capana08g001238[&&NHX:species=Dom. pepper],Solyc01g097290.4.1[&&NHX:species=Tomato],Sopen01g040960.1[&&NHX:species=S. Pennelli],SPI01g07449.1[&&NHX:species=S. pimp],SLYcer01g07828.1[&&NHX:species=Tomato Cherry],Capang01g003821[&&NHX:species=Wild pepper],PGSC0003DMP400033829[&&NHX:species=Potato])S,(Capana00g002758[&&NHX:species=Dom. pepper],Sopen12g032790.1[&&NHX:species=S. Pennelli],Solyc12g096980.3.1[&&NHX:species=Tomato],PGSC0003DMP400051083[&&NHX:species=Potato],Capang12g000299[&&NHX:species=Wild pepper],SLYcer12g04966.1[&&NHX:species=Tomato Cherry],SPI12g04924.1[&&NHX:species=S. pimp])S,(((PGSC0003DMP400004725[&&NHX:species=Potato],(Sopen03g039290.1[&&NHX:species=S. Pennelli],PGSC0003DMP400004724[&&NHX:species=Potato],Solyc03g120390.3.1[&&NHX:species=Tomato])S)D,SPI03g05307.1[&&NHX:species=S. pimp],SLYcer03g05256.1[&&NHX:species=Tomato Cherry])S,(Capang06g002823[&&NHX:species=Wild pepper],Sopen06g003360.1[&&NHX:species=S. Pennelli],PGSC0003DMP400009432[&&NHX:species=Potato],SLYcer06g00550.1[&&NHX:species=Tomato Cherry],Capana06g003073[&&NHX:species=Dom. pepper],Solyc06g008590.3.1[&&NHX:species=Tomato],SPI06g00327.1[&&NHX:species=S. pimp])S)D,((Capana06g001308[&&NHX:species=Dom. pepper],Capang06g001269[&&NHX:species=Wild pepper])S,((SLYcer06g04399.1[&&NHX:species=Tomato Cherry],PGSC0003DMP400028876[&&NHX:species=Potato],SPI06g04262.1[&&NHX:species=S. pimp],Sopen06g025080.1[&&NHX:species=S. Pennelli])S,(Capang03g000288[&&NHX:species=Wild pepper],Capana03g000311[&&NHX:species=Dom. pepper],Solyc03g120380.3.1[&&NHX:species=Tomato],PGSC0003DMP400004726[&&NHX:species=Potato],Sopen03g039270.1[&&NHX:species=S. Pennelli])S)D)D,((SLYcer09g03788.1[&&NHX:species=Tomato Cherry],Sopen09g027640.1[&&NHX:species=S. Pennelli],Capang03g003279[&&NHX:species=Wild pepper],PGSC0003DMP400033533[&&NHX:species=Potato],Capana03g003343[&&NHX:species=Dom. pepper],Solyc09g065850.4.1[&&NHX:species=Tomato],SPI09g03709.1[&&NHX:species=S. pimp])S,(PGSC0003DMP400009456[&&NHX:species=Potato],SPI06g00326.1[&&NHX:species=S. pimp],Capang06g002824[&&NHX:species=Wild pepper],Sopen06g003340.1[&&NHX:species=S. Pennelli],Solyc06g008580.3.1[&&NHX:species=Tomato],SLYcer06g00549.1[&&NHX:species=Tomato Cherry])S)D,((Sopen06g018950.1[&&NHX:species=S. Pennelli],PGSC0003DMP400028445[&&NHX:species=Potato],Capang00g001611[&&NHX:species=Wild pepper],Solyc06g053830.3.1[&&NHX:species=Tomato],SLYcer06g03671.1[&&NHX:species=Tomato Cherry],SPI06g03582.1[&&NHX:species=S. pimp])S,(SLYcer09g04849.1[&&NHX:species=Tomato Cherry],Solyc09g083290.3.1[&&NHX:species=Tomato],Capang03g004372[&&NHX:species=Wild pepper],PGSC0003DMP400010816[&&NHX:species=Potato],Sopen09g032210.1[&&NHX:species=S. Pennelli],Capana03g004567[&&NHX:species=Dom. pepper],SPI09g04509.1[&&NHX:species=S. pimp])S)D,((((SLYcer09g04848.1[&&NHX:species=Tomato Cherry],Capang03g004373[&&NHX:species=Wild pepper],Solyc09g083280.3.1[&&NHX:species=Tomato],PGSC0003DMP400010843[&&NHX:species=Potato],Capana03g004568[&&NHX:species=Dom. pepper],Sopen09g032200.1[&&NHX:species=S. Pennelli],SPI09g04508.1[&&NHX:species=S. pimp])S,(PGSC0003DMP400010842[&&NHX:species=Potato],PGSC0003DMP400010844[&&NHX:length=-1.85528:species=Potato])D)D,((Solyc06g053840.3.1[&&NHX:species=Tomato],Capana06g002018[&&NHX:species=Dom. pepper],SLYcer06g03673.1[&&NHX:species=Tomato Cherry],Sopen06g018970.1[&&NHX:species=S. Pennelli],SPI06g03584.1[&&NHX:species=S. pimp],PGSC0003DMP400028515[&&NHX:species=Potato],Capang00g002372[&&NHX:species=Wild pepper])S,PGSC0003DMP400028514[&&NHX:species=Potato])D)D,(((SLYcer03g00062.1[&&NHX:species=Tomato Cherry],SPI03g00225.1[&&NHX:species=S. pimp],Sopen03g001400.1[&&NHX:species=S. Pennelli],PGSC0003DMP400023793[&&NHX:species=Potato])S,(Solyc04g054280.2.1[&&NHX:species=Tomato],SLYcer04g03891.1[&&NHX:species=Tomato Cherry])S)D,(PGSC0003DMP400032527[&&NHX:species=Potato],Capana07g000990[&&NHX:species=Dom. pepper])S)D)D,(SPI05g00563.1[&&NHX:species=S. pimp],Solyc05g008850.4.1[&&NHX:species=Tomato],SLYcer05g00530.1[&&NHX:species=Tomato Cherry],Capang01g000800[&&NHX:species=Wild pepper],Capana00g002644[&&NHX:species=Dom. pepper],Sopen05g004610.1[&&NHX:species=S. Pennelli])S,(((Capana00g000845[&&NHX:species=Dom. pepper],Capang00g001118[&&NHX:species=Wild pepper])S,(Capana02g000711[&&NHX:species=Dom. pepper],Capang02g000598[&&NHX:species=Wild pepper])S)D,(SPI04g04784.1[&&NHX:species=S. pimp],SLYcer04g05293.1[&&NHX:species=Tomato Cherry],Solyc04g076850.3.1[&&NHX:species=Tomato],Sopen00g009470.1[&&NHX:species=S. Pennelli],Capana04g000808[&&NHX:species=Dom. pepper],Capang04g000768[&&NHX:species=Wild pepper],PGSC0003DMP400011339[&&NHX:species=Potato])S)D,(Capana03g000299[&&NHX:species=Dom. pepper],Capang03g000276[&&NHX:species=Wild pepper],SPI03g05315.1[&&NHX:species=S. pimp],Sopen03g039380.1[&&NHX:species=S. Pennelli],PGSC0003DMP400004537[&&NHX:species=Potato],Solyc03g120500.4.1[&&NHX:species=Tomato])S,(((PGSC0003DMP400034949[&&NHX:species=Potato],Capana06g000110[&&NHX:species=Dom. pepper],(Sopen06g035460.1[&&NHX:species=S. Pennelli],Sopen06g035460.2[&&NHX:species=S. Pennelli])D,Capang06g000093[&&NHX:species=Wild pepper],SPI06g05363.1[&&NHX:species=S. pimp],Solyc06g084070.3.1[&&NHX:species=Tomato],SLYcer06g05471.1[&&NHX:species=Tomato Cherry])S,PGSC0003DMP400035574[&&NHX:species=Potato])D,(((Capang01g001243[&&NHX:species=Wild pepper],Capana01g001423[&&NHX:species=Dom. pepper])S,Capang07g001633[&&NHX:species=Wild pepper])D,SPI04g03600.1[&&NHX:species=S. pimp],Sopen09g032210.2[&&NHX:species=S. Pennelli])S)D,((Capana09g000285[&&NHX:species=Dom. pepper],PGSC0003DMP400000747[&&NHX:species=Potato],Solyc12g007230.2.1[&&NHX:species=Tomato],SPI12g00388.1[&&NHX:species=S. pimp],SLYcer12g00358.1[&&NHX:species=Tomato Cherry])S,(PGSC0003DMP400000748[&&NHX:species=Potato],Capang09g000272[&&NHX:species=Wild pepper])S)D)D;	6	5	48	Sopen12g003200.1,SLYcer03g05271.1,Capana03g000310,Capang03g000287,PGSC0003DMP400011340
OG27505	((((Sopen12g030190.1[&&NHX:species=S. Pennelli],SPI12g04596.1[&&NHX:species=S. pimp],SLYcer12g04640.1[&&NHX:species=Tomato Cherry],PGSC0003DMP400020470[&&NHX:species=Potato],Capang12g000704[&&NHX:species=Wild pepper],Solyc12g088190.2.1[&&NHX:species=Tomato],Capana12g000826[&&NHX:species=Dom. pepper])S,(SPI04g04806.1[&&NHX:species=S. pimp],Capana04g000780[&&NHX:species=Dom. pepper],SLYcer04g05314.1[&&NHX:species=Tomato Cherry],Solyc04g077050.3.1[&&NHX:species=Tomato],PGSC0003DMP400008841[&&NHX:species=Potato],Capang04g000742[&&NHX:species=Wild pepper])S)D,(SPI01g08299.1[&&NHX:species=S. pimp],Capana08g002210[&&NHX:species=Dom. pepper],Sopen01g049110.1[&&NHX:species=S. Pennelli],Solyc01g106800.4.1[&&NHX:species=Tomato],Capang01g004759[&&NHX:species=Wild pepper],SLYcer01g08067.1[&&NHX:species=Tomato Cherry])S)D,((((PGSC0003DMP400038553[&&NHX:species=Potato],(Capang12g001385[&&NHX:species=Wild pepper],PGSC0003DMP400038558[&&NHX:species=Potato])S)D,PGSC0003DMP400010691[&&NHX:species=Potato])D,(PGSC0003DMP400008840[&&NHX:species=Potato],Sopen04g030700.1[&&NHX:species=S. Pennelli])S,(PGSC0003DMP400020865[&&NHX:species=Potato],Solyc12g027880.3.1[&&NHX:species=Tomato])S,((Capang02g003334[&&NHX:species=Wild pepper],PGSC0003DMP400032500[&&NHX:species=Potato],SPI10g03334.1[&&NHX:species=S. pimp])S,PGSC0003DMP400017461[&&NHX:species=Potato])D)D,PGSC0003DMP400020726[&&NHX:species=Potato])D,(((Capang00g000639[&&NHX:species=Wild pepper],SLYcer12g02514.1[&&NHX:species=Tomato Cherry],Sopen12g013380.1[&&NHX:species=S. Pennelli],SPI12g02283.1[&&NHX:species=S. pimp],Capana04g001881[&&NHX:species=Dom. pepper],PGSC0003DMP400030902[&&NHX:species=Potato])S,PGSC0003DMP400030901[&&NHX:species=Potato])D,(Capang11g000225[&&NHX:species=Wild pepper],SPI05g01191.1[&&NHX:species=S. pimp],SLYcer05g01121.1[&&NHX:species=Tomato Cherry],Capana11g000230[&&NHX:species=Dom. pepper],Solyc05g014530.1.1[&&NHX:species=Tomato],PGSC0003DMP400030468[&&NHX:species=Potato])S)D,((((((Capana04g002888[&&NHX:species=Dom. pepper],Capang04g002490[&&NHX:species=Wild pepper])S,(Sopen02g038510.1[&&NHX:species=S. Pennelli],(PGSC0003DMP400035220[&&NHX:species=Potato],Capana02g003614[&&NHX:species=Dom. pepper],Sopen02g038500.1[&&NHX:species=S. Pennelli],Solyc02g093860.3.1[&&NHX:species=Tomato])S)D)D,(Capana11g000398[&&NHX:species=Dom. pepper],Capang11g000386[&&NHX:species=Wild pepper])S)D,Capana02g003615[&&NHX:species=Dom. pepper])D,(SLYcer02g05782.1[&&NHX:species=Tomato Cherry],Sopen02g038520.1[&&NHX:species=S. Pennelli],Capana02g003616[&&NHX:species=Dom. pepper],Capang02g003335[&&NHX:species=Wild pepper],Solyc02g093870.4.1[&&NHX:species=Tomato],SPI02g04703.1[&&NHX:species=S. pimp],PGSC0003DMP400035219[&&NHX:species=Potato])S)D,((Sopen04g005770.1[&&NHX:species=S. Pennelli],SLYcer04g00923.1[&&NHX:species=Tomato Cherry],SPI04g00738.1[&&NHX:species=S. pimp],Solyc04g011590.3.1[&&NHX:species=Tomato],Capang05g000292[&&NHX:species=Wild pepper],Capana05g000336[&&NHX:species=Dom. pepper],PGSC0003DMP400011247[&&NHX:species=Potato])S,(SLYcer03g04277.1[&&NHX:species=Tomato Cherry],Capang03g001316[&&NHX:species=Wild pepper],Capana03g001379[&&NHX:species=Dom. pepper],SPI03g04336.1[&&NHX:species=S. pimp],PGSC0003DMP400026660[&&NHX:species=Potato],Solyc03g111040.2.1[&&NHX:species=Tomato],Sopen03g030210.1[&&NHX:species=S. Pennelli])S)D)D,(((Sopen05g005520.1[&&NHX:species=S. Pennelli],PGSC0003DMP400001563[&&NHX:species=Potato],SLYcer05g00629.1[&&NHX:species=Tomato Cherry],SPI05g00662.1[&&NHX:species=S. pimp],Solyc05g009700.4.1[&&NHX:species=Tomato])S,PGSC0003DMP400001562[&&NHX:species=Potato])D,Capang11g002150[&&NHX:species=Wild pepper])S,((((Sopen07g034210.1[&&NHX:species=S. Pennelli],PGSC0003DMP400038552[&&NHX:species=Potato],Capang00g001041[&&NHX:species=Wild pepper])S,Sopen07g034210.2[&&NHX:species=S. Pennelli])D,(Solyc07g066020.2.1[&&NHX:species=Tomato],PGSC0003DMP400038554[&&NHX:species=Potato],SLYcer07g05639.1[&&NHX:species=Tomato Cherry],Capana07g002432[&&NHX:species=Dom. pepper],SPI07g06357.1[&&NHX:species=S. pimp])S)D,(Solyc12g027890.1.1[&&NHX:species=Tomato],Capang02g003333[&&NHX:species=Wild pepper])S,((Capana05g000762[&&NHX:species=Dom. pepper],Capang05g000649[&&NHX:species=Wild pepper],PGSC0003DMP400038555[&&NHX:species=Potato])S,((Capang07g002428[&&NHX:species=Wild pepper],(Capang01g001753[&&NHX:species=Wild pepper],Capana01g002046[&&NHX:species=Dom. pepper])S)D,PGSC0003DMP400020471[&&NHX:species=Potato])S)D)D,((((Solyc04g082220.3.1[&&NHX:species=Tomato],PGSC0003DMP400017598[&&NHX:species=Potato],Capana04g000098[&&NHX:species=Dom. pepper],SLYcer04g05823.1[&&NHX:species=Tomato Cherry],Sopen04g035850.2[&&NHX:species=S. Pennelli],Capang04g000087[&&NHX:species=Wild pepper],SPI04g05336.1[&&NHX:species=S. pimp])S,Sopen04g035850.1[&&NHX:species=S. Pennelli])D,(Capana04g000106[&&NHX:species=Dom. pepper],Capang04g000095[&&NHX:species=Wild pepper])S)D,((Sopen10g025520.1[&&NHX:species=S. Pennelli],SPI10g03333.1[&&NHX:species=S. pimp],PGSC0003DMP400019193[&&NHX:species=Potato],SLYcer10g04842.1[&&NHX:species=Tomato Cherry],Solyc10g055740.2.1[&&NHX:species=Tomato])S,(SLYcer10g04844.1[&&NHX:species=Tomato Cherry],Solyc10g055750.1.1[&&NHX:species=Tomato])S)D)D,(((Capana07g002431[&&NHX:species=Dom. pepper],(Sopen07g034200.1[&&NHX:species=S. Pennelli],PGSC0003DMP400038556[&&NHX:species=Potato],Capana07g002429[&&NHX:species=Dom. pepper],Solyc07g066010.3.1[&&NHX:species=Tomato],SLYcer07g05638.1[&&NHX:species=Tomato Cherry])S)D,Capana07g002430[&&NHX:species=Dom. pepper])D,(((PGSC0003DMP400029354[&&NHX:species=Potato],Capang05g001452[&&NHX:species=Wild pepper],Capana05g001770[&&NHX:species=Dom. pepper])S,((Capang06g001648[&&NHX:species=Wild pepper],PGSC0003DMP400020862[&&NHX:species=Potato],SPI06g03730.1[&&NHX:species=S. pimp],Solyc06g060110.3.1[&&NHX:species=Tomato],Capana06g001752[&&NHX:species=Dom. pepper],SLYcer06g03827.1[&&NHX:species=Tomato Cherry],Sopen06g020230.1[&&NHX:species=S. Pennelli])S,PGSC0003DMP400006005[&&NHX:species=Potato])D)D,(Capana04g001588[&&NHX:species=Dom. pepper],SLYcer11g00086.1[&&NHX:species=Tomato Cherry],Capang04g001490[&&NHX:species=Wild pepper],PGSC0003DMP400010690[&&NHX:species=Potato],SPI11g00250.1[&&NHX:species=S. pimp],Sopen11g001070.1[&&NHX:species=S. Pennelli],Solyc11g005070.2.1[&&NHX:species=Tomato])S)D)D)D;	8	5	6	Capana11g002248
OG27515	((SPI02g01134.1[&&NHX:species=S. pimp],(Sopen02g005730.2[&&NHX:species=S. Pennelli],Sopen02g005730.1[&&NHX:species=S. Pennelli])D,Capana03g002562[&&NHX:species=Dom. pepper],Capang02g000675[&&NHX:species=Wild pepper],Solyc02g021260.3.1[&&NHX:species=Tomato])S,(((SPI11g02615.1[&&NHX:species=S. pimp],SLYcer11g02560.1[&&NHX:species=Tomato Cherry])S,(PGSC0003DMP400062767[&&NHX:species=Potato],SLYcer11g02558.1[&&NHX:species=Tomato Cherry],SPI11g02614.1[&&NHX:species=S. pimp],Solyc11g045450.3.1[&&NHX:species=Tomato])S)D,(SLYcer11g03428.1[&&NHX:species=Tomato Cherry],SPI11g03502.1[&&NHX:species=S. pimp])S)D,(Solyc00g500097.1.1[&&NHX:species=Tomato],SLYcer03g00995.1[&&NHX:species=Tomato Cherry],(SPI03g01172.1[&&NHX:species=S. pimp],SPI03g01156.1[&&NHX:species=S. pimp])D)S,(SPI01g03122.1[&&NHX:species=S. pimp],SLYcer01g03030.1[&&NHX:species=Tomato Cherry])S,((SLYcer01g02058.1[&&NHX:species=Tomato Cherry],SPI01g02136.1[&&NHX:species=S. pimp])S,(Solyc00g500221.1.1[&&NHX:species=Tomato],SLYcer00g03828.1[&&NHX:species=Tomato Cherry],SPI03g01190.1[&&NHX:species=S. pimp])S)D,((Sopen05g014200.1[&&NHX:species=S. Pennelli],Solyc01g034190.1.1[&&NHX:species=Tomato],SPI01g03129.1[&&NHX:species=S. pimp],SLYcer01g03036.1[&&NHX:species=Tomato Cherry])S,((Sopen03g007420.1[&&NHX:species=S. Pennelli],(SPI03g01210.1[&&NHX:species=S. pimp],(SPI03g01201.1[&&NHX:species=S. pimp],SPI03g01168.1[&&NHX:species=S. pimp])D)D,SLYcer03g01005.1[&&NHX:species=Tomato Cherry])S,(Solyc03g042500.1.1[&&NHX:species=Tomato],SPI03g01185.1[&&NHX:species=S. pimp],SLYcer03g01012.1[&&NHX:species=Tomato Cherry])S)D,(((Sopen02g015540.1[&&NHX:species=S. Pennelli],(Solyc00g500093.1.1[&&NHX:species=Tomato],Sopen00g004350.1[&&NHX:species=S. Pennelli])S)D,SLYcer00g03836.1[&&NHX:species=Tomato Cherry])S,SLYcer00g03844.1[&&NHX:species=Tomato Cherry])D)D,(((SLYcer05g01623.1[&&NHX:species=Tomato Cherry],(Solyc02g081780.3.1[&&NHX:species=Tomato],Sopen02g026380.1[&&NHX:species=S. Pennelli],SLYcer02g04565.1[&&NHX:species=Tomato Cherry],SPI02g03459.1[&&NHX:species=S. pimp])S)D,(PGSC0003DMP400067145[&&NHX:species=Potato],Solyc05g017740.1.1[&&NHX:species=Tomato],Sopen05g014190.1[&&NHX:species=S. Pennelli],SPI05g02125.1[&&NHX:species=S. pimp])S)D,((Sopen02g015520.1[&&NHX:species=S. Pennelli],SPI02g02275.1[&&NHX:species=S. pimp],Capana02g000756[&&NHX:species=Dom. pepper],SLYcer02g03388.1[&&NHX:species=Tomato Cherry],Capang02g000676[&&NHX:species=Wild pepper],Solyc02g065340.3.1[&&NHX:species=Tomato],PGSC0003DMP400065457[&&NHX:species=Potato])S,Sopen02g015510.1[&&NHX:species=S. Pennelli])D)D,(Solyc07g019480.1.1[&&NHX:species=Tomato],SLYcer07g01252.1[&&NHX:species=Tomato Cherry],SPI07g01273.1[&&NHX:species=S. pimp])S,(SLYcer01g02111.1[&&NHX:species=Tomato Cherry],SPI01g02185.1[&&NHX:species=S. pimp])S,((Solyc01g016300.1.1[&&NHX:species=Tomato],SPI01g02180.1[&&NHX:species=S. pimp],SLYcer01g02106.1[&&NHX:species=Tomato Cherry])S,((SPI01g03131.1[&&NHX:species=S. pimp],(SPI01g03119.1[&&NHX:species=S. pimp],PGSC0003DMP400068613[&&NHX:species=Potato],SLYcer01g03026.1[&&NHX:species=Tomato Cherry])S)D,SLYcer01g03452.1[&&NHX:species=Tomato Cherry])D)D,((SPI07g01268.1[&&NHX:species=S. pimp],SLYcer07g01247.1[&&NHX:species=Tomato Cherry])S,SLYcer01g03038.1[&&NHX:species=Tomato Cherry])D,(SPI11g03498.1[&&NHX:species=S. pimp],(SLYcer11g02563.1[&&NHX:species=Tomato Cherry],SPI11g02618.1[&&NHX:species=S. pimp])S)D,(((SLYcer01g01407.1[&&NHX:species=Tomato Cherry],SPI01g01468.1[&&NHX:species=S. pimp])S,(SLYcer01g01553.1[&&NHX:species=Tomato Cherry],SPI01g01663.1[&&NHX:species=S. pimp],Solyc01g013995.2.1[&&NHX:species=Tomato])S)D,((((SLYcer01g02038.1[&&NHX:species=Tomato Cherry],Solyc01g015210.1.1[&&NHX:species=Tomato],SPI01g02116.1[&&NHX:species=S. pimp])S,(SPI01g01587.1[&&NHX:species=S. pimp],Sopen01g007270.1[&&NHX:species=S. Pennelli],SLYcer01g01523.1[&&NHX:species=Tomato Cherry])S)D,(SPI01g01684.1[&&NHX:species=S. pimp],SLYcer01g01589.1[&&NHX:species=Tomato Cherry])S)D,(SLYcer01g01438.1[&&NHX:species=Tomato Cherry],SPI01g01497.1[&&NHX:species=S. pimp])S)D)D,((PGSC0003DMP400057492[&&NHX:species=Potato],(PGSC0003DMP400029745[&&NHX:species=Potato],(SPI02g02279.1[&&NHX:species=S. pimp],Sopen02g015560.1[&&NHX:species=S. Pennelli],Solyc02g065350.3.1[&&NHX:species=Tomato],SLYcer02g03391.1[&&NHX:species=Tomato Cherry],Capana02g000758[&&NHX:species=Dom. pepper],PGSC0003DMP400004999[&&NHX:species=Potato],Capang02g000678[&&NHX:species=Wild pepper])S)D)D,((PGSC0003DMP400023208[&&NHX:species=Potato],Sopen02g015460.1[&&NHX:species=S. Pennelli],Solyc02g065310.1.1[&&NHX:species=Tomato],Capang02g000663[&&NHX:species=Wild pepper],Capana02g000747[&&NHX:species=Dom. pepper])S,((SLYcer02g03386.1[&&NHX:species=Tomato Cherry],SPI02g02273.1[&&NHX:species=S. pimp],PGSC0003DMP400004998[&&NHX:species=Potato])S,PGSC0003DMP400025606[&&NHX:species=Potato])D[&&NHX:length=-9.03787])D)D,(((SPI05g02121.1[&&NHX:species=S. pimp],SLYcer05g01619.1[&&NHX:species=Tomato Cherry])S,(SLYcer00g03830.1[&&NHX:species=Tomato Cherry],SPI03g01189.1[&&NHX:species=S. pimp])S)D,((((SPI05g02126.1[&&NHX:species=S. pimp],SLYcer05g01624.1[&&NHX:species=Tomato Cherry])S,(SLYcer03g01013.1[&&NHX:species=Tomato Cherry],(SPI03g01202.1[&&NHX:species=S. pimp],(SPI03g01169.1[&&NHX:species=S. pimp],SPI03g01186.1[&&NHX:length=-0.50876:species=S. pimp])D)D)S)D,(((Solyc00g500219.1.1[&&NHX:species=Tomato],Solyc03g036477.2.1[&&NHX:species=Tomato])D,Solyc00g500092.1.1[&&NHX:species=Tomato])D,((SPI00g02744.1[&&NHX:species=S. pimp],SLYcer00g03834.1[&&NHX:species=Tomato Cherry])S,(SPI03g01211.1[&&NHX:species=S. pimp],SLYcer00g03859.1[&&NHX:species=Tomato Cherry])S)D)S)D,((SLYcer03g01098.1[&&NHX:species=Tomato Cherry],SPI03g01303.1[&&NHX:species=S. pimp],Solyc03g043580.3.1[&&NHX:species=Tomato])S,(((((SPI03g01158.1[&&NHX:species=S. pimp],SLYcer03g00997.1[&&NHX:species=Tomato Cherry])S,SLYcer00g03857.1[&&NHX:species=Tomato Cherry])D,Solyc00g011660.1.1[&&NHX:species=Tomato])S,SPI03g01174.1[&&NHX:species=S. pimp])D,(SPI05g02119.1[&&NHX:species=S. pimp],SLYcer05g01618.1[&&NHX:species=Tomato Cherry])S)D)D)D)D,(((SLYcer00g03861.1[&&NHX:species=Tomato Cherry],SPI03g01214.1[&&NHX:species=S. pimp],Solyc00g500222.1.1[&&NHX:species=Tomato])S,(SLYcer03g01016.1[&&NHX:species=Tomato Cherry],Solyc00g500220.1.1[&&NHX:species=Tomato])S)D,(SPI11g02632.1[&&NHX:species=S. pimp],(SLYcer01g01588.1[&&NHX:species=Tomato Cherry],SPI01g01683.1[&&NHX:species=S. pimp])S)D,(SPI01g03134.1[&&NHX:species=S. pimp],SLYcer01g03041.1[&&NHX:species=Tomato Cherry])S,(SPI08g00959.1[&&NHX:species=S. pimp],SLYcer08g00998.1[&&NHX:species=Tomato Cherry])S)D)D;	13	10	12	PGSC0003DMP400005000
OG27521	((((((Solyc10g006630.3.1[&&NHX:species=Tomato],PGSC0003DMP400043378[&&NHX:species=Potato])S,PGSC0003DMP400043377[&&NHX:species=Potato])D,SLYcer10g00396.1[&&NHX:species=Tomato Cherry])S,PGSC0003DMP400043416[&&NHX:species=Potato])D,(PGSC0003DMP400046367[&&NHX:species=Potato],PGSC0003DMP400046368[&&NHX:species=Potato])D)D,(((((Capana07g001573[&&NHX:species=Dom. pepper],Sopen07g026580.1[&&NHX:species=S. Pennelli],SLYcer07g04810.1[&&NHX:species=Tomato Cherry],PGSC0003DMP400045440[&&NHX:species=Potato],SPI07g05529.1[&&NHX:species=S. pimp],Capang07g001562[&&NHX:species=Wild pepper],Solyc07g053030.4.1[&&NHX:species=Tomato])S,(Solyc07g063850.3.1[&&NHX:species=Tomato],SLYcer07g05419.1[&&NHX:species=Tomato Cherry],SPI07g06137.1[&&NHX:species=S. pimp],Sopen07g031970.1[&&NHX:species=S. Pennelli],Capang07g002279[&&NHX:species=Wild pepper],PGSC0003DMP400033488[&&NHX:species=Potato])S)D,(SLYcer10g00395.1[&&NHX:species=Tomato Cherry],Capang10g000034[&&NHX:species=Wild pepper],PGSC0003DMP400043415[&&NHX:species=Potato],SPI10g00263.1[&&NHX:species=S. pimp],Sopen10g002550.1[&&NHX:species=S. Pennelli],Solyc10g006610.4.1[&&NHX:species=Tomato])S)D,(PGSC0003DMP400043379[&&NHX:species=Potato],((PGSC0003DMP400037771[&&NHX:species=Potato],(SLYcer12g00114.1[&&NHX:species=Tomato Cherry],Solyc12g005310.2.1[&&NHX:species=Tomato],SPI12g00162.1[&&NHX:species=S. pimp],PGSC0003DMP400037770[&&NHX:species=Potato],Sopen12g001290.1[&&NHX:species=S. Pennelli])S)D,((PGSC0003DMP400043380[&&NHX:species=Potato],PGSC0003DMP400043383[&&NHX:species=Potato])D,Capang10g000035[&&NHX:species=Wild pepper])S)D)D)D,(PGSC0003DMP400043384[&&NHX:species=Potato],Sopen10g002560.1[&&NHX:species=S. Pennelli],Solyc10g006615.1.1[&&NHX:species=Tomato])S)D,((PGSC0003DMP400044852[&&NHX:species=Potato],SLYcer01g08126.1[&&NHX:species=Tomato Cherry],SPI01g08357.1[&&NHX:species=S. pimp],Sopen01g049630.1[&&NHX:species=S. Pennelli],Solyc01g107390.4.1[&&NHX:species=Tomato],Capang01g004830[&&NHX:species=Wild pepper],Capana08g002278[&&NHX:species=Dom. pepper])S,PGSC0003DMP400044853[&&NHX:species=Potato])D,((SLYcer10g00598.1[&&NHX:species=Tomato Cherry],Capana10g000405[&&NHX:species=Dom. pepper],Solyc10g008520.3.1[&&NHX:species=Tomato],PGSC0003DMP400037585[&&NHX:species=Potato],SPI10g00459.1[&&NHX:species=S. pimp],Sopen10g004340.1[&&NHX:species=S. Pennelli],Capang10g000304[&&NHX:species=Wild pepper])S,(((SPI07g05709.1[&&NHX:species=S. pimp],SLYcer07g04981.1[&&NHX:species=Tomato Cherry],Capang07g001658[&&NHX:species=Wild pepper],Capana07g001662[&&NHX:species=Dom. pepper],Solyc07g054580.3.1[&&NHX:species=Tomato],PGSC0003DMP400032009[&&NHX:species=Potato],Sopen07g028470.1[&&NHX:species=S. Pennelli])S,(SPI08g05169.1[&&NHX:species=S. pimp],Solyc08g068490.3.1[&&NHX:species=Tomato],SLYcer08g05274.1[&&NHX:species=Tomato Cherry])S)D,SPI06g03109.1[&&NHX:species=S. pimp])D)D,(Sopen10g005440.1[&&NHX:species=S. Pennelli],SPI10g00601.1[&&NHX:species=S. pimp],SLYcer10g00735.1[&&NHX:species=Tomato Cherry])S,(((Capang01g001645[&&NHX:species=Wild pepper],PGSC0003DMP400043382[&&NHX:species=Potato],SLYcer10g00740.1[&&NHX:species=Tomato Cherry],SPI10g00264.1[&&NHX:species=S. pimp],Sopen10g030510.1[&&NHX:species=S. Pennelli],Solyc00g500213.1.1[&&NHX:species=Tomato])S,((Solyc05g050290.3.1[&&NHX:species=Tomato],SLYcer10g02724.1[&&NHX:species=Tomato Cherry],(Capana05g001005[&&NHX:species=Dom. pepper],Capana03g001583[&&NHX:species=Dom. pepper])D)S,((Solyc00g500287.1.1[&&NHX:species=Tomato],PGSC0003DMP400043381[&&NHX:species=Potato])S,Solyc00g500285.1.1[&&NHX:species=Tomato])D)D)D,(PGSC0003DMP400043418[&&NHX:species=Potato],SLYcer06g03206.1[&&NHX:species=Tomato Cherry],(Capana01g001928[&&NHX:species=Dom. pepper],Capana04g002544[&&NHX:species=Dom. pepper])D,SPI10g00608.1[&&NHX:species=S. pimp],(Solyc00g266110.1.1[&&NHX:species=Tomato],Solyc00g322630.1.1[&&NHX:species=Tomato])D)S)D,(((Solyc00g254910.1.1[&&NHX:species=Tomato],Solyc00g500286.1.1[&&NHX:species=Tomato])D,SPI10g00607.1[&&NHX:species=S. pimp])S,(((((PGSC0003DMP400056257[&&NHX:species=Potato],(PGSC0003DMP400000216[&&NHX:species=Potato],PGSC0003DMP400000215[&&NHX:length=-0.0:species=Potato])D)D,PGSC0003DMP400034515[&&NHX:species=Potato])D,(((Sopen10g005410.1[&&NHX:species=S. Pennelli],(Sopen06g014910.1[&&NHX:species=S. Pennelli],Solyc00g500216.1.1[&&NHX:species=Tomato],PGSC0003DMP400056258[&&NHX:species=Potato])S)D,(Solyc10g009620.3.1[&&NHX:species=Tomato],Solyc10g011650.3.1[&&NHX:species=Tomato])D)D,(SPI10g00613.1[&&NHX:species=S. pimp],SPI06g03111.1[&&NHX:species=S. pimp])D)S)D,(((Sopen06g014900.1[&&NHX:species=S. Pennelli],Sopen10g005420.1[&&NHX:species=S. Pennelli])D,(Solyc10g009610.2.1[&&NHX:species=Tomato],Solyc06g048710.2.1[&&NHX:species=Tomato])D)S,((SPI10g00614.1[&&NHX:species=S. pimp],SPI10g00606.1[&&NHX:species=S. pimp])D,(Solyc10g009600.1.1[&&NHX:species=Tomato],(SPI10g00602.1[&&NHX:species=S. pimp],(SLYcer10g00738.1[&&NHX:species=Tomato Cherry],SLYcer10g00743.1[&&NHX:species=Tomato Cherry])D,Capana10g000854[&&NHX:species=Dom. pepper],Sopen10g005450.1[&&NHX:species=S. Pennelli],Capang10g000666[&&NHX:species=Wild pepper])S)D)D)D)D,(((SPI10g00609.1[&&NHX:species=S. pimp],Solyc00g500214.1.1[&&NHX:species=Tomato])S,(Solyc00g500218.1.1[&&NHX:species=Tomato],SPI10g00611.1[&&NHX:species=S. pimp])S)D,((SPI10g00604.1[&&NHX:species=S. pimp],SLYcer10g00736.1[&&NHX:species=Tomato Cherry])S,SLYcer10g00739.1[&&NHX:species=Tomato Cherry])D)D)D)D,((Sopen01g039330.1[&&NHX:species=S. Pennelli],SPI01g07286.1[&&NHX:species=S. pimp],Capana08g001036[&&NHX:species=Dom. pepper],Solyc01g095580.3.1[&&NHX:species=Tomato],Capang01g003607[&&NHX:species=Wild pepper],SLYcer01g07036.1[&&NHX:species=Tomato Cherry],PGSC0003DMP400000217[&&NHX:species=Potato])S,(SLYcer10g02729.1[&&NHX:species=Tomato Cherry],SPI05g04243.1[&&NHX:species=S. pimp],Solyc05g050280.3.1[&&NHX:species=Tomato],Sopen05g028710.1[&&NHX:species=S. Pennelli])S,(Solyc00g500284.1.1[&&NHX:species=Tomato],SPI06g03110.1[&&NHX:species=S. pimp])S)D,(PGSC0003DMP400043417[&&NHX:species=Potato],Capang00g005327[&&NHX:species=Wild pepper])S,(((SLYcer02g05679.1[&&NHX:species=Tomato Cherry],SPI02g04598.1[&&NHX:species=S. pimp],PGSC0003DMP400043351[&&NHX:species=Potato],Solyc02g092820.4.1[&&NHX:species=Tomato])S,(Solyc02g064830.4.1[&&NHX:species=Tomato],SPI02g02211.1[&&NHX:species=S. pimp],SLYcer02g03325.1[&&NHX:species=Tomato Cherry],PGSC0003DMP400046369[&&NHX:species=Potato])S)D,((Capang00g000777[&&NHX:species=Wild pepper],Capang02g000561[&&NHX:length=-0.59123:species=Wild pepper])D,Capang02g002739[&&NHX:species=Wild pepper])D)S,((SPI01g08361.1[&&NHX:species=S. pimp],Sopen01g049640.1[&&NHX:species=S. Pennelli],SLYcer01g08131.1[&&NHX:species=Tomato Cherry],PGSC0003DMP400044854[&&NHX:species=Potato])S,PGSC0003DMP400025582[&&NHX:species=Potato])D)D;	11	9	143	Capana02g000676,Capana02g003021,Sopen02g014930.1,Sopen02g037370.1,SLYcer10g00741.1,SLYcer06g03207.1,Solyc10g011660.3.1,SPI10g00265.1
OG27524	((((Solyc10g052590.1.1[&&NHX:species=Tomato],SPI10g02884.1[&&NHX:species=S. pimp],SLYcer10g04380.1[&&NHX:species=Tomato Cherry])S,(((((Sopen10g023310.1[&&NHX:species=S. Pennelli],(PGSC0003DMP400038036[&&NHX:species=Potato],PGSC0003DMP400038037[&&NHX:species=Potato])D,SPI10g02877.1[&&NHX:species=S. pimp],SLYcer10g04375.1[&&NHX:species=Tomato Cherry],Solyc10g052550.1.1[&&NHX:species=Tomato])S,PGSC0003DMP400038038[&&NHX:species=Potato])D,Capang11g001698[&&NHX:species=Wild pepper])S,(SLYcer10g04373.1[&&NHX:species=Tomato Cherry],((PGSC0003DMP400038035[&&NHX:species=Potato],Sopen10g023290.1[&&NHX:species=S. Pennelli])S,PGSC0003DMP400061742[&&NHX:species=Potato])D,SPI10g02875.1[&&NHX:species=S. pimp])S)D,(Sopen10g023320.1[&&NHX:species=S. Pennelli],SPI10g02878.1[&&NHX:species=S. pimp],SLYcer10g04376.1[&&NHX:species=Tomato Cherry],Solyc10g052560.1.1[&&NHX:species=Tomato])S)D)D,(((((PGSC0003DMP400008962[&&NHX:species=Potato],SPI11g00837.1[&&NHX:species=S. pimp])S,(SPI11g00842.1[&&NHX:species=S. pimp],(Sopen11g006550.1[&&NHX:species=S. Pennelli],Sopen11g006490.1[&&NHX:species=S. Pennelli])D,Solyc11g011660.1.1[&&NHX:species=Tomato])S,(SPI04g03496.1[&&NHX:species=S. pimp],SLYcer04g03783.1[&&NHX:species=Tomato Cherry],PGSC0003DMP400028960[&&NHX:species=Potato])S)D,((Capang11g001660[&&NHX:species=Wild pepper],SPI04g03513.1[&&NHX:species=S. pimp],Capana11g001716[&&NHX:species=Dom. pepper])S,((((Capang11g001695[&&NHX:species=Wild pepper],Capana00g002521[&&NHX:species=Dom. pepper])S,Capana00g002523[&&NHX:species=Dom. pepper])D,((Capang11g001708[&&NHX:species=Wild pepper],(Capang09g001514[&&NHX:species=Wild pepper],((Solyc11g011673.1.1[&&NHX:species=Tomato],Solyc11g011670.1.1[&&NHX:species=Tomato])D,Capang11g001693[&&NHX:species=Wild pepper],Sopen11g006510.1[&&NHX:species=S. Pennelli],SPI11g00844.1[&&NHX:species=S. pimp])S)D)D,(((PGSC0003DMP400058737[&&NHX:species=Potato],PGSC0003DMP400023445[&&NHX:species=Potato])D,PGSC0003DMP400029004[&&NHX:species=Potato])D,(SLYcer11g00692.1[&&NHX:species=Tomato Cherry],(SLYcer04g03799.1[&&NHX:species=Tomato Cherry],SLYcer04g03797.1[&&NHX:species=Tomato Cherry])D)D)S)D)D,((Capang11g001657[&&NHX:species=Wild pepper],Capana11g001713[&&NHX:species=Dom. pepper])S,((PGSC0003DMP400026425[&&NHX:species=Potato],PGSC0003DMP400008923[&&NHX:species=Potato])D,(SLYcer10g04377.1[&&NHX:species=Tomato Cherry],SPI10g02879.1[&&NHX:species=S. pimp])S)S)D)D)D)D,(((((Capang11g001705[&&NHX:species=Wild pepper],Capang11g001707[&&NHX:species=Wild pepper])D,SLYcer04g03795.1[&&NHX:species=Tomato Cherry],Solyc04g052980.1.1[&&NHX:species=Tomato],PGSC0003DMP400028963[&&NHX:species=Potato],Sopen04g023270.1[&&NHX:species=S. Pennelli])S,(((Capang03g003373[&&NHX:species=Wild pepper],Capang00g000856[&&NHX:species=Wild pepper])D,Capana00g002511[&&NHX:species=Dom. pepper])S,(Capang11g001699[&&NHX:species=Wild pepper],Capana00g002516[&&NHX:species=Dom. pepper])S)D)D,(((((Sopen04g012620.1[&&NHX:species=S. Pennelli],((((Sopen11g006480.1[&&NHX:species=S. Pennelli],Sopen11g006540.1[&&NHX:species=S. Pennelli])D,Sopen11g006520.1[&&NHX:species=S. Pennelli])D,Sopen11g006530.1[&&NHX:species=S. Pennelli])D,(Sopen11g006470.1[&&NHX:species=S. Pennelli],Sopen11g006560.1[&&NHX:species=S. Pennelli])D)D)D,(SPI11g00839.1[&&NHX:species=S. pimp],((SPI11g00845.1[&&NHX:species=S. pimp],SPI11g00843.1[&&NHX:species=S. pimp])D,SPI11g00840.1[&&NHX:species=S. pimp])D)D)D,((SLYcer11g00693.1[&&NHX:species=Tomato Cherry],SLYcer11g00691.1[&&NHX:species=Tomato Cherry])D,SLYcer11g00683.1[&&NHX:species=Tomato Cherry])D)D,(((Capang12g001289[&&NHX:species=Wild pepper],Capang12g002419[&&NHX:species=Wild pepper])D,((Solyc04g052960.1.1[&&NHX:species=Tomato],Solyc11g011690.1.1[&&NHX:species=Tomato])D,(Solyc11g011730.1.1[&&NHX:species=Tomato],Solyc11g011640.1.1[&&NHX:species=Tomato])D)D)S,(Solyc11g011710.1.1[&&NHX:species=Tomato],Solyc11g011630.3.1[&&NHX:species=Tomato])D)D)D,((PGSC0003DMP400023568[&&NHX:species=Potato],PGSC0003DMP400023569[&&NHX:species=Potato])D,((Capana11g001749[&&NHX:species=Dom. pepper],((PGSC0003DMP400068646[&&NHX:species=Potato],PGSC0003DMP400023440[&&NHX:species=Potato])D,(PGSC0003DMP400023438[&&NHX:species=Potato],PGSC0003DMP400028962[&&NHX:species=Potato])D)D,Capang11g001712[&&NHX:species=Wild pepper])S,(PGSC0003DMP400023439[&&NHX:species=Potato],(Capang12g001673[&&NHX:species=Wild pepper],((PGSC0003DMP400028961[&&NHX:species=Potato],PGSC0003DMP400028965[&&NHX:species=Potato])D,PGSC0003DMP400023441[&&NHX:species=Potato])D)S)D)D)D)D)D,((Capana11g001727[&&NHX:species=Dom. pepper],Capana11g001735[&&NHX:species=Dom. pepper])D,Capang11g001671[&&NHX:species=Wild pepper])S)D)D,(((Sopen10g023330.1[&&NHX:species=S. Pennelli],PGSC0003DMP400026424[&&NHX:species=Potato])S,(PGSC0003DMP400028968[&&NHX:species=Potato],SPI04g03507.1[&&NHX:species=S. pimp])S)D,(((((SLYcer04g03802.1[&&NHX:species=Tomato Cherry],(PGSC0003DMP400028994[&&NHX:species=Potato],PGSC0003DMP400028992[&&NHX:species=Potato])D,Sopen04g023320.1[&&NHX:species=S. Pennelli],Solyc04g053020.2.1[&&NHX:species=Tomato])S,(((PGSC0003DMP400028967[&&NHX:species=Potato],SLYcer11g00695.1[&&NHX:species=Tomato Cherry],SPI11g00846.1[&&NHX:species=S. pimp])S,SLYcer04g03793.1[&&NHX:species=Tomato Cherry])D,PGSC0003DMP400028969[&&NHX:species=Potato])D)D,(SLYcer04g03798.1[&&NHX:species=Tomato Cherry],PGSC0003DMP400023437[&&NHX:species=Potato])S)D,PGSC0003DMP400028974[&&NHX:species=Potato])D,((((PGSC0003DMP400028993[&&NHX:species=Potato],PGSC0003DMP400028973[&&NHX:species=Potato])D,(PGSC0003DMP400028970[&&NHX:species=Potato],PGSC0003DMP400028966[&&NHX:species=Potato])D)D,((Sopen04g023330.1[&&NHX:species=S. Pennelli],Solyc04g053030.1.1[&&NHX:species=Tomato])S,Sopen04g023310.1[&&NHX:species=S. Pennelli])D)S,((Capang12g002186[&&NHX:species=Wild pepper],(Capang11g001674[&&NHX:species=Wild pepper],(Capang12g002188[&&NHX:species=Wild pepper],Capang12g002187[&&NHX:species=Wild pepper])D)D)D,PGSC0003DMP400028964[&&NHX:species=Potato],Sopen04g023300.1[&&NHX:species=S. Pennelli])S)D)D)D)D)D,((((SLYcer04g03782.1[&&NHX:species=Tomato Cherry],SPI04g03495.1[&&NHX:species=S. pimp])S,(PGSC0003DMP400023667[&&NHX:species=Potato],(PGSC0003DMP400028972[&&NHX:species=Potato],SPI11g00836.1[&&NHX:species=S. pimp])S)D)D,(((SLYcer10g04379.1[&&NHX:species=Tomato Cherry],PGSC0003DMP400008960[&&NHX:species=Potato],SPI04g03514.1[&&NHX:species=S. pimp],Capana00g002514[&&NHX:species=Dom. pepper])S,Capana00g002654[&&NHX:species=Dom. pepper])D,((PGSC0003DMP400023564[&&NHX:species=Potato],PGSC0003DMP400023666[&&NHX:species=Potato])D,SPI10g02881.1[&&NHX:species=S. pimp])S)D)D,(Solyc04g052910.3.1[&&NHX:species=Tomato],(PGSC0003DMP400008963[&&NHX:species=Potato],PGSC0003DMP400029006[&&NHX:species=Potato])D,Capana11g001753[&&NHX:species=Dom. pepper],SLYcer04g03788.1[&&NHX:species=Tomato Cherry])S)D)D;	20	19	81	SPI04g03515.1,Sopen04g023290.1,Solyc04g052990.1.1,Solyc04g053010.1.1,SPI04g03509.1,Solyc10g052565.1.1,Capana00g002517,Capang11g001672,Solyc04g052890.3.1,Capang11g001697,Capang11g001702,Solyc10g052530.1.1
OG27533	((PGSC0003DMP400010438[&&NHX:species=Potato],Solyc06g074160.3.1[&&NHX:species=Tomato],SPI06g04836.1[&&NHX:species=S. pimp],Sopen06g030580.1[&&NHX:species=S. Pennelli],SLYcer06g04968.1[&&NHX:species=Tomato Cherry],Capana06g000626[&&NHX:species=Dom. pepper],Capang06g000575[&&NHX:species=Wild pepper])S,(((Capana01g004073[&&NHX:species=Dom. pepper],Sopen08g002250.4[&&NHX:species=S. Pennelli],Capang08g000964[&&NHX:species=Wild pepper],SLYcer02g03203.1[&&NHX:species=Tomato Cherry],SPI02g02087.1[&&NHX:species=S. pimp],PGSC0003DMP400065826[&&NHX:species=Potato])S,(((PGSC0003DMP400016858[&&NHX:species=Potato],PGSC0003DMP400016859[&&NHX:species=Potato],PGSC0003DMP400016862[&&NHX:species=Potato])D,Capana06g002800[&&NHX:species=Dom. pepper],Sopen08g002170.1[&&NHX:species=S. Pennelli])S,((SLYcer08g00302.1[&&NHX:species=Tomato Cherry],Capang11g000158[&&NHX:species=Wild pepper],PGSC0003DMP400024049[&&NHX:species=Potato],SPI08g00236.1[&&NHX:species=S. pimp])S,PGSC0003DMP400024050[&&NHX:species=Potato])D)D)D,((Capang08g000987[&&NHX:species=Wild pepper],Capang05g000398[&&NHX:species=Wild pepper])D,Solyc08g006230.4.1[&&NHX:species=Tomato],PGSC0003DMP400016848[&&NHX:species=Potato],Capana01g004083[&&NHX:species=Dom. pepper])S)D,(((Capang08g000873[&&NHX:species=Wild pepper],Capana01g003987[&&NHX:species=Dom. pepper])S,(Capana00g000515[&&NHX:species=Dom. pepper],(Capana01g003975[&&NHX:species=Dom. pepper],Capang08g000874[&&NHX:species=Wild pepper],Sopen08g002200.1[&&NHX:species=S. Pennelli])S)D)D,((((Capana01g003977[&&NHX:species=Dom. pepper],(Sopen02g008810.1[&&NHX:species=S. Pennelli],Capana01g004072[&&NHX:species=Dom. pepper])S)D,(Capana01g004069[&&NHX:species=Dom. pepper],Capana03g003864[&&NHX:species=Dom. pepper])D)D,(((SPI05g01065.1[&&NHX:species=S. pimp],SLYcer05g01006.1[&&NHX:species=Tomato Cherry])S,(SLYcer02g00097.1[&&NHX:species=Tomato Cherry],SPI02g00107.1[&&NHX:species=S. pimp])S)D,Sopen08g002200.2[&&NHX:species=S. Pennelli])S)D,(PGSC0003DMP400024048[&&NHX:species=Potato],Capana01g004046[&&NHX:species=Dom. pepper],Sopen08g002440.1[&&NHX:species=S. Pennelli])S)D)D,(((((SLYcer05g03308.1[&&NHX:species=Tomato Cherry],SPI05g03939.1[&&NHX:species=S. pimp])S,SPI05g03801.1[&&NHX:species=S. pimp])D,PGSC0003DMP400066132[&&NHX:species=Potato])S,(((SLYcer10g04490.1[&&NHX:species=Tomato Cherry],SPI10g02991.1[&&NHX:species=S. pimp])S,(PGSC0003DMP400056863[&&NHX:species=Potato],SLYcer10g04491.1[&&NHX:species=Tomato Cherry],Solyc10g053890.2.1[&&NHX:species=Tomato],SPI10g02992.1[&&NHX:species=S. pimp])S)D,(Capana00g004495[&&NHX:species=Dom. pepper],(PGSC0003DMP400068898[&&NHX:species=Potato],PGSC0003DMP400068112[&&NHX:species=Potato])D)S)D)D,((Capang04g002037[&&NHX:species=Wild pepper],Capana00g004493[&&NHX:species=Dom. pepper])S,((PGSC0003DMP400057446[&&NHX:species=Potato],Capana03g001327[&&NHX:species=Dom. pepper],Capang03g001257[&&NHX:species=Wild pepper],SPI10g02693.1[&&NHX:species=S. pimp])S,SPI10g02692.1[&&NHX:species=S. pimp])D)D)D,((Capang03g002368[&&NHX:species=Wild pepper],PGSC0003DMP400054031[&&NHX:species=Potato],Capana03g002448[&&NHX:species=Dom. pepper])S,((PGSC0003DMP400054032[&&NHX:species=Potato],SPI03g00527.1[&&NHX:species=S. pimp])S,((Capang03g002369[&&NHX:species=Wild pepper],Solyc03g007140.3.1[&&NHX:species=Tomato],SLYcer03g00309.1[&&NHX:species=Tomato Cherry],Sopen03g003130.1[&&NHX:species=S. Pennelli],PGSC0003DMP400054033[&&NHX:species=Potato],Capana03g002450[&&NHX:species=Dom. pepper])S,PGSC0003DMP400054034[&&NHX:species=Potato])D)D)D,(((((PGSC0003DMP400047332[&&NHX:species=Potato],PGSC0003DMP400047333[&&NHX:species=Potato])D,PGSC0003DMP400047335[&&NHX:species=Potato])D,SLYcer04g01320.1[&&NHX:species=Tomato Cherry],SPI04g01051.1[&&NHX:species=S. pimp],Solyc04g015500.3.1[&&NHX:species=Tomato])S,(Sopen04g007580.1[&&NHX:species=S. Pennelli],PGSC0003DMP400047334[&&NHX:species=Potato])S)D,Capana05g000106[&&NHX:species=Dom. pepper],Capang05g000109[&&NHX:species=Wild pepper])S,(((Sopen08g002170.3[&&NHX:species=S. Pennelli],PGSC0003DMP400016860[&&NHX:species=Potato])S,PGSC0003DMP400016855[&&NHX:species=Potato])D,((Sopen08g002250.5[&&NHX:species=S. Pennelli],Capana01g004070[&&NHX:species=Dom. pepper],Capang08g000968[&&NHX:species=Wild pepper])S,Capang08g000875[&&NHX:species=Wild pepper])D,(Capana00g002998[&&NHX:species=Dom. pepper],(Capana11g000157[&&NHX:species=Dom. pepper],SLYcer08g00273.1[&&NHX:species=Tomato Cherry],Sopen08g002190.2[&&NHX:species=S. Pennelli],PGSC0003DMP400045681[&&NHX:species=Potato])S)D,(PGSC0003DMP400016866[&&NHX:species=Potato],(Solyc08g006220.4.1[&&NHX:species=Tomato],PGSC0003DMP400016865[&&NHX:species=Potato])S)D)D,((Sopen08g002260.2[&&NHX:species=S. Pennelli],(Solyc08g006280.2.1[&&NHX:species=Tomato],SPI08g00217.1[&&NHX:species=S. pimp],Sopen08g002260.1[&&NHX:species=S. Pennelli])S)D,((SPI08g00207.1[&&NHX:species=S. pimp],((Capang08g000961[&&NHX:species=Wild pepper],Sopen08g002250.3[&&NHX:species=S. Pennelli],Capana01g004074[&&NHX:species=Dom. pepper],SPI08g00216.1[&&NHX:species=S. pimp])S,(Sopen08g002250.2[&&NHX:species=S. Pennelli],Sopen08g002250.1[&&NHX:length=-0.59122:species=S. Pennelli])D)D)D,((Capana00g003885[&&NHX:species=Dom. pepper],Capang08g000880[&&NHX:species=Wild pepper])S,((Sopen08g002170.2[&&NHX:species=S. Pennelli],SLYcer08g00274.1[&&NHX:species=Tomato Cherry],Capang08g000882[&&NHX:species=Wild pepper])S,((Sopen08g002220.1[&&NHX:species=S. Pennelli],Solyc08g006270.1.1[&&NHX:species=Tomato],Capana00g001607[&&NHX:species=Dom. pepper])S,(Capana01g003983[&&NHX:species=Dom. pepper],Solyc08g006240.3.1[&&NHX:species=Tomato],SPI08g00208.1[&&NHX:species=S. pimp],Capang08g000962[&&NHX:species=Wild pepper])S)D)D)D)D)D,((((SPI03g04366.1[&&NHX:species=S. pimp],Solyc03g111410.3.1[&&NHX:species=Tomato],Sopen03g030540.1[&&NHX:species=S. Pennelli],SLYcer03g04306.1[&&NHX:species=Tomato Cherry])S,SPI05g03104.1[&&NHX:species=S. pimp])D,Capana03g001325[&&NHX:species=Dom. pepper],Capang03g001255[&&NHX:species=Wild pepper])S,((SPI05g03806.1[&&NHX:species=S. pimp],Capang06g001772[&&NHX:species=Wild pepper],SLYcer05g03186.1[&&NHX:species=Tomato Cherry])S,((Capang03g001254[&&NHX:species=Wild pepper],Capana03g001323[&&NHX:species=Dom. pepper],PGSC0003DMP400026626[&&NHX:species=Potato])S,(PGSC0003DMP400026625[&&NHX:species=Potato],Solyc03g111500.3.1[&&NHX:species=Tomato],Capang03g002203[&&NHX:species=Wild pepper],SPI03g04377.1[&&NHX:species=S. pimp],Capana03g002292[&&NHX:species=Dom. pepper],SLYcer03g04319.1[&&NHX:species=Tomato Cherry])S)D)D)D,((((Capang08g000963[&&NHX:species=Wild pepper],(Capana00g003884[&&NHX:species=Dom. pepper],Capang00g001734[&&NHX:species=Wild pepper])S)D,Solyc08g006210.3.1[&&NHX:species=Tomato])S,((Capang06g002585[&&NHX:species=Wild pepper],PGSC0003DMP400016867[&&NHX:species=Potato],Capana01g003988[&&NHX:species=Dom. pepper],Sopen08g002190.1[&&NHX:species=S. Pennelli])S,Sopen08g002180.1[&&NHX:species=S. Pennelli])D)D,(Solyc08g006200.3.1[&&NHX:species=Tomato],(Sopen08g002160.2[&&NHX:species=S. Pennelli],Sopen08g002160.1[&&NHX:species=S. Pennelli])D,Capana00g003881[&&NHX:species=Dom. pepper],SLYcer08g00272.1[&&NHX:species=Tomato Cherry],PGSC0003DMP400016861[&&NHX:species=Potato])S)D)D;	14	11	142	PGSC0003DMP400016864,PGSC0003DMP400016863,SLYcer08g00283.1,Solyc08g006190.3.1,Solyc08g006483.1.1,SLYcer08g00271.1,PGSC0003DMP400026627,Capang08g000925,Capana01g003985,Sopen08g002240.1,Sopen08g002210.1
OG27589	((((((Capang07g001805[&&NHX:species=Wild pepper],Sopen07g026930.1[&&NHX:species=S. Pennelli],SLYcer07g05055.1[&&NHX:species=Tomato Cherry],SPI07g05789.1[&&NHX:species=S. pimp],Capana07g001807[&&NHX:species=Dom. pepper],Solyc07g055290.3.1[&&NHX:species=Tomato])S,Capana07g001808[&&NHX:species=Dom. pepper])D,(((Capana02g001643[&&NHX:species=Dom. pepper],Capang02g001471[&&NHX:species=Wild pepper])S,Capang03g003639[&&NHX:species=Wild pepper])D,PGSC0003DMP400049449[&&NHX:species=Potato],Sopen02g021160.1[&&NHX:species=S. Pennelli],Solyc02g072180.3.1[&&NHX:species=Tomato],SLYcer02g04021.1[&&NHX:species=Tomato Cherry],SPI02g02917.1[&&NHX:species=S. pimp])S)D,(((((PGSC0003DMP400013773[&&NHX:species=Potato],PGSC0003DMP400013772[&&NHX:species=Potato])D,Sopen12g005350.1[&&NHX:species=S. Pennelli])S,((Sopen07g027440.1[&&NHX:species=S. Pennelli],Solyc07g053480.4.1[&&NHX:species=Tomato],PGSC0003DMP400016621[&&NHX:species=Potato])S,Solyc12g010790.2.1[&&NHX:species=Tomato])D)D,(Capana07g001782[&&NHX:species=Dom. pepper],Capana09g000616[&&NHX:species=Dom. pepper])D,(SPI12g00691.1[&&NHX:species=S. pimp],SPI07g05589.1[&&NHX:species=S. pimp])D)S,(PGSC0003DMP400068489[&&NHX:species=Potato],(Solyc12g014080.2.1[&&NHX:species=Tomato],PGSC0003DMP400026956[&&NHX:species=Potato],SPI12g00878.1[&&NHX:species=S. pimp],Capang00g001733[&&NHX:species=Wild pepper],SLYcer12g00829.1[&&NHX:species=Tomato Cherry],Capana09g001012[&&NHX:species=Dom. pepper],Sopen12g005850.1[&&NHX:species=S. Pennelli])S)D)D)D,((Sopen03g037770.1[&&NHX:species=S. Pennelli],Capang03g000363[&&NHX:species=Wild pepper],PGSC0003DMP400010204[&&NHX:species=Potato],SLYcer03g05081.1[&&NHX:species=Tomato Cherry],Solyc03g118820.4.1[&&NHX:species=Tomato],SPI03g05139.1[&&NHX:species=S. pimp])S,(PGSC0003DMP400010203[&&NHX:species=Potato],Capana00g000136[&&NHX:species=Dom. pepper])S)D)D,((Sopen11g004220.1[&&NHX:species=S. Pennelli],Solyc11g008430.2.1[&&NHX:species=Tomato],PGSC0003DMP400013183[&&NHX:species=Potato],SLYcer11g00455.1[&&NHX:species=Tomato Cherry],SPI11g00599.1[&&NHX:species=S. pimp],Capana12g002528[&&NHX:species=Dom. pepper])S,((((SPI02g01781.1[&&NHX:species=S. pimp],SPI02g03419.1[&&NHX:species=S. pimp])D,(SLYcer02g04525.1[&&NHX:species=Tomato Cherry],SLYcer02g02891.1[&&NHX:species=Tomato Cherry])D)D,((Solyc02g081380.3.1[&&NHX:species=Tomato],PGSC0003DMP400034272[&&NHX:species=Potato],Sopen02g026010.1[&&NHX:species=S. Pennelli])S,(Solyc02g036450.3.1[&&NHX:species=Tomato],PGSC0003DMP400037184[&&NHX:species=Potato],Sopen02g011810.1[&&NHX:species=S. Pennelli])S)D)S,((SLYcer02g03741.1[&&NHX:species=Tomato Cherry],Capang02g001149[&&NHX:species=Wild pepper],Solyc02g069370.3.1[&&NHX:species=Tomato],SPI02g02638.1[&&NHX:species=S. pimp],Sopen02g018520.1[&&NHX:species=S. Pennelli],Capana02g001309[&&NHX:species=Dom. pepper])S,(Capana02g000549[&&NHX:species=Dom. pepper],Capang00g001015[&&NHX:species=Wild pepper])S)D)D)D,(((((SPI10g01755.1[&&NHX:species=S. pimp],PGSC0003DMP400031135[&&NHX:species=Potato],Sopen10g015820.1[&&NHX:species=S. Pennelli],Solyc10g045550.2.1[&&NHX:species=Tomato],SLYcer10g03438.1[&&NHX:species=Tomato Cherry])S,PGSC0003DMP400031134[&&NHX:species=Potato])D,Solyc01g103380.4.1[&&NHX:species=Tomato])D,(PGSC0003DMP400043199[&&NHX:species=Potato],SPI01g07945.1[&&NHX:species=S. pimp],SLYcer01g07318.1[&&NHX:species=Tomato Cherry])S)D,(Capang01g004378[&&NHX:species=Wild pepper],Capang12g000672[&&NHX:species=Wild pepper])D)S,((Capana12g002652[&&NHX:species=Dom. pepper],Capana05g000285[&&NHX:species=Dom. pepper])D,((Sopen11g004900.1[&&NHX:species=S. Pennelli],SLYcer11g00533.1[&&NHX:species=Tomato Cherry],PGSC0003DMP400028337[&&NHX:species=Potato])S,(PGSC0003DMP400040819[&&NHX:species=Potato],Sopen04g006290.1[&&NHX:species=S. Pennelli])S)D,(Capang05g000244[&&NHX:species=Wild pepper],Capang12g002294[&&NHX:species=Wild pepper])D)S,(((((PGSC0003DMP400023500[&&NHX:species=Potato],PGSC0003DMP400023499[&&NHX:species=Potato])D,PGSC0003DMP400023498[&&NHX:species=Potato])D,SLYcer11g00776.1[&&NHX:species=Tomato Cherry],Sopen11g007200.1[&&NHX:species=S. Pennelli],SPI11g00924.1[&&NHX:species=S. pimp])S,(Solyc11g012460.3.1[&&NHX:species=Tomato],(Solyc05g054150.3.1[&&NHX:species=Tomato],(PGSC0003DMP400014840[&&NHX:species=Potato],PGSC0003DMP400014839[&&NHX:species=Potato])D,Sopen05g032640.1[&&NHX:species=S. Pennelli],SPI05g04737.1[&&NHX:species=S. pimp])S)D)D,((Capana00g003775[&&NHX:species=Dom. pepper],Capang03g001519[&&NHX:species=Wild pepper])S,(Capang12g002500[&&NHX:species=Wild pepper],Capana12g002858[&&NHX:species=Dom. pepper])S)D)S,(((Capang03g002717[&&NHX:species=Wild pepper],Solyc03g079900.3.1[&&NHX:species=Tomato],SLYcer03g03173.1[&&NHX:species=Tomato Cherry],SPI03g03264.1[&&NHX:species=S. pimp],Sopen03g027230.1[&&NHX:species=S. Pennelli],PGSC0003DMP400037612[&&NHX:species=Potato])S,(Capang05g001711[&&NHX:species=Wild pepper],Sopen05g031410.1[&&NHX:species=S. Pennelli],SPI05g04596.1[&&NHX:species=S. pimp],PGSC0003DMP400047142[&&NHX:species=Potato],SLYcer10g02376.1[&&NHX:species=Tomato Cherry],Solyc05g052900.3.1[&&NHX:species=Tomato])S)D,(((SPI06g00128.1[&&NHX:species=S. pimp],PGSC0003DMP400036207[&&NHX:species=Potato],((Capang06g002472[&&NHX:species=Wild pepper],Capana06g002666[&&NHX:species=Dom. pepper])S,Capana06g000393[&&NHX:species=Dom. pepper])D,Solyc06g005810.3.1[&&NHX:species=Tomato],SLYcer06g00350.1[&&NHX:species=Tomato Cherry],Sopen06g001790.1[&&NHX:species=S. Pennelli])S,PGSC0003DMP400036206[&&NHX:species=Potato])D,(SPI06g05090.1[&&NHX:species=S. pimp],PGSC0003DMP400052948[&&NHX:species=Potato],Capang06g000366[&&NHX:species=Wild pepper],Sopen06g032860.1[&&NHX:species=S. Pennelli],Solyc06g076450.3.1[&&NHX:species=Tomato],SLYcer06g05204.1[&&NHX:species=Tomato Cherry])S)D)D,((Sopen05g018400.1[&&NHX:species=S. Pennelli],Sopen01g047220.1[&&NHX:species=S. Pennelli],Sopen01g047200.1[&&NHX:species=S. Pennelli])D,(SPI01g08096.1[&&NHX:species=S. pimp],SPI05g02726.1[&&NHX:species=S. pimp],SPI01g08094.1[&&NHX:species=S. pimp])D,(Solyc01g104700.4.1[&&NHX:species=Tomato],Solyc05g023800.3.1[&&NHX:species=Tomato],Solyc01g104680.4.1[&&NHX:species=Tomato])D,(SLYcer05g02139.1[&&NHX:species=Tomato Cherry],SLYcer01g07166.1[&&NHX:species=Tomato Cherry],SLYcer01g07164.1[&&NHX:species=Tomato Cherry])D,((Capana06g000261[&&NHX:species=Dom. pepper],Capang06g000249[&&NHX:species=Wild pepper])S,(((Capang09g000332[&&NHX:species=Wild pepper],Capang09g000333[&&NHX:species=Wild pepper])D,Capana09g000354[&&NHX:species=Dom. pepper])S,Capana09g000353[&&NHX:species=Dom. pepper])D)D)S,(((((((Capana04g002429[&&NHX:species=Dom. pepper],Capang04g002146[&&NHX:species=Wild pepper])S,Capang00g002596[&&NHX:species=Wild pepper])D,Capang04g002092[&&NHX:species=Wild pepper])D,(Capana04g002742[&&NHX:species=Dom. pepper],Capang06g002701[&&NHX:species=Wild pepper])S)D,Capang04g002151[&&NHX:species=Wild pepper])D,(((PGSC0003DMP400039604[&&NHX:species=Potato],Sopen10g004630.1[&&NHX:species=S. Pennelli],SLYcer10g00635.1[&&NHX:species=Tomato Cherry],SPI10g00496.1[&&NHX:species=S. pimp],Solyc10g008840.3.1[&&NHX:species=Tomato])S,(Sopen03g002280.1[&&NHX:species=S. Pennelli],PGSC0003DMP400022719[&&NHX:species=Potato],Capang01g001324[&&NHX:species=Wild pepper],Capana00g001258[&&NHX:species=Dom. pepper],Solyc03g006270.3.1[&&NHX:species=Tomato],SPI03g00342.1[&&NHX:species=S. pimp],SLYcer03g00203.1[&&NHX:species=Tomato Cherry])S)D,Capana04g002726[&&NHX:species=Dom. pepper])D)D,(Capang10g000350[&&NHX:species=Wild pepper],Capana00g002934[&&NHX:species=Dom. pepper])S)D,(((SPI02g04667.1[&&NHX:species=S. pimp],SLYcer02g05747.1[&&NHX:species=Tomato Cherry],Solyc02g093530.4.1[&&NHX:species=Tomato],PGSC0003DMP400022392[&&NHX:species=Potato],Sopen02g038120.1[&&NHX:species=S. Pennelli],Capang02g003295[&&NHX:species=Wild pepper],Capana02g003574[&&NHX:species=Dom. pepper])S,(Solyc06g060210.1.1[&&NHX:species=Tomato],SLYcer06g03838.1[&&NHX:species=Tomato Cherry],Sopen06g020330.1[&&NHX:species=S. Pennelli],Capang00g005350[&&NHX:species=Wild pepper],SPI06g03739.1[&&NHX:species=S. pimp])S)D,((((SLYcer07g05128.1[&&NHX:species=Tomato Cherry],SLYcer10g00510.1[&&NHX:length=-0.00157:species=Tomato Cherry])D,SLYcer12g00712.1[&&NHX:species=Tomato Cherry])D,SLYcer10g04098.1[&&NHX:species=Tomato Cherry])D,((Solyc12g011130.2.1[&&NHX:species=Tomato],Solyc10g007700.3.1[&&NHX:species=Tomato])D,Solyc07g056150.4.1[&&NHX:species=Tomato])D,(Capana00g004618[&&NHX:species=Dom. pepper],Capana07g001984[&&NHX:species=Dom. pepper])D,((Sopen07g029510.1[&&NHX:species=S. Pennelli],Sopen10g003610.1[&&NHX:length=-0.00157:species=S. Pennelli])D,Sopen12g006490.1[&&NHX:species=S. Pennelli])D,((SPI07g05867.1[&&NHX:species=S. pimp],SPI10g00375.1[&&NHX:length=-0.00157:species=S. pimp])D,SPI12g00728.1[&&NHX:species=S. pimp])D)S)D,(((Capana03g004302[&&NHX:species=Dom. pepper],Capang03g003769[&&NHX:species=Wild pepper])S,Capang12g000879[&&NHX:species=Wild pepper],(Solyc09g056340.3.1[&&NHX:species=Tomato],SLYcer09g02716.1[&&NHX:species=Tomato Cherry],SPI09g02640.1[&&NHX:species=S. pimp],PGSC0003DMP400009585[&&NHX:species=Potato],Capana09g000996[&&NHX:species=Dom. pepper],Sopen09g020490.1[&&NHX:species=S. Pennelli],Capang00g003514[&&NHX:species=Wild pepper])S)D,((Sopen01g035420.1[&&NHX:species=S. Pennelli],SPI01g06872.1[&&NHX:species=S. pimp],Capana01g003391[&&NHX:species=Dom. pepper],Solyc01g088560.3.1[&&NHX:species=Tomato],PGSC0003DMP400003083[&&NHX:species=Potato],SLYcer01g06608.1[&&NHX:species=Tomato Cherry])S,(((Solyc03g078570.3.1[&&NHX:species=Tomato],SPI03g03203.1[&&NHX:species=S. pimp],SLYcer03g03105.1[&&NHX:species=Tomato Cherry],PGSC0003DMP400037760[&&NHX:species=Potato],Sopen03g021480.1[&&NHX:species=S. Pennelli])S,PGSC0003DMP400037759[&&NHX:species=Potato])D,(SLYcer10g02539.1[&&NHX:species=Tomato Cherry],SPI05g04424.1[&&NHX:species=S. pimp],Capana05g001767[&&NHX:species=Dom. pepper],Sopen05g030020.1[&&NHX:species=S. Pennelli],PGSC0003DMP400012804[&&NHX:species=Potato],Solyc05g051570.3.1[&&NHX:species=Tomato])S)D)D)D,((Solyc09g097900.3.1[&&NHX:species=Tomato],PGSC0003DMP400029022[&&NHX:species=Potato],Capang03g004111[&&NHX:species=Wild pepper],Capana03g004301[&&NHX:species=Dom. pepper],Sopen09g035840.1[&&NHX:species=S. Pennelli],SPI09g04924.1[&&NHX:species=S. pimp],SLYcer09g05241.1[&&NHX:species=Tomato Cherry])S,(PGSC0003DMP400021094[&&NHX:species=Potato],Solyc09g098170.4.1[&&NHX:species=Tomato],SLYcer09g05267.1[&&NHX:species=Tomato Cherry],Sopen09g036120.1[&&NHX:species=S. Pennelli],SPI09g04957.1[&&NHX:species=S. pimp],Capang03g004059[&&NHX:species=Wild pepper],Capana03g004232[&&NHX:species=Dom. pepper])S)D,(((Capana08g001806[&&NHX:species=Dom. pepper],PGSC0003DMP400043132[&&NHX:species=Potato],SLYcer01g07319.1[&&NHX:species=Tomato Cherry],SPI01g07944.1[&&NHX:species=S. pimp],Sopen01g045740.1[&&NHX:species=S. Pennelli],Solyc01g103370.3.1[&&NHX:species=Tomato])S,(Capana00g003144[&&NHX:species=Dom. pepper],Capang00g001876[&&NHX:species=Wild pepper])S)D,((((Capana11g000585[&&NHX:species=Dom. pepper],Capang11g000535[&&NHX:species=Wild pepper])S,(PGSC0003DMP400028006[&&NHX:species=Potato],Solyc05g052070.3.1[&&NHX:species=Tomato],SPI05g04504.1[&&NHX:species=S. pimp],Capana05g002000[&&NHX:species=Dom. pepper],SLYcer10g02462.1[&&NHX:species=Tomato Cherry],Sopen05g030620.1[&&NHX:species=S. Pennelli],Capang05g001569[&&NHX:species=Wild pepper])S)D,((SLYcer01g06679.1[&&NHX:species=Tomato Cherry],SPI01g06936.1[&&NHX:species=S. pimp],Capang08g000478[&&NHX:species=Wild pepper],Capana01g003524[&&NHX:species=Dom. pepper],Sopen01g035960.1[&&NHX:species=S. Pennelli])S,(Sopen05g032410.1[&&NHX:species=S. Pennelli],PGSC0003DMP400023158[&&NHX:species=Potato],SLYcer10g02244.1[&&NHX:species=Tomato Cherry],Capana05g002353[&&NHX:species=Dom. pepper],SPI05g04714.1[&&NHX:species=S. pimp],Capang05g001891[&&NHX:species=Wild pepper])S)D)D,((((Capang06g001526[&&NHX:species=Wild pepper],Capana06g001613[&&NHX:species=Dom. pepper])S,Capana01g000689[&&NHX:species=Dom. pepper])D,Solyc08g078070.4.1[&&NHX:species=Tomato],Sopen08g026570.1[&&NHX:species=S. Pennelli],SPI08g05926.1[&&NHX:species=S. pimp],SLYcer08g06028.1[&&NHX:species=Tomato Cherry],PGSC0003DMP400045519[&&NHX:species=Potato])S,Capang01g000628[&&NHX:species=Wild pepper])D)D)D,((((Sopen03g017670.1[&&NHX:species=S. Pennelli],Sopen03g017670.2[&&NHX:species=S. Pennelli])D,SLYcer03g02698.1[&&NHX:species=Tomato Cherry],SPI03g02842.1[&&NHX:species=S. pimp],Solyc03g064020.3.1[&&NHX:species=Tomato],PGSC0003DMP400022895[&&NHX:species=Potato])S,(PGSC0003DMP400014345[&&NHX:species=Potato],Solyc10g079030.2.1[&&NHX:species=Tomato],SLYcer10g05269.1[&&NHX:species=Tomato Cherry],Capang10g002128[&&NHX:species=Wild pepper],SPI10g03760.1[&&NHX:species=S. pimp],Capana10g002373[&&NHX:species=Dom. pepper],Sopen10g029670.1[&&NHX:species=S. Pennelli])S)D,(((Capang10g002129[&&NHX:species=Wild pepper],Capang10g002130[&&NHX:species=Wild pepper])D,PGSC0003DMP400061536[&&NHX:species=Potato],Sopen10g029650.1[&&NHX:species=S. Pennelli])S,((Capang04g002334[&&NHX:species=Wild pepper],Capang00g004388[&&NHX:species=Wild pepper])D,SPI10g03755.1[&&NHX:species=S. pimp],(PGSC0003DMP400019238[&&NHX:species=Potato],PGSC0003DMP400014346[&&NHX:species=Potato])D)S)D,(((Solyc10g050040.1.1[&&NHX:species=Tomato],SLYcer10g04099.1[&&NHX:species=Tomato Cherry],Capang10g002131[&&NHX:species=Wild pepper],PGSC0003DMP400026569[&&NHX:species=Potato],SPI10g02470.1[&&NHX:species=S. pimp])S,(((Capana04g000215[&&NHX:species=Dom. pepper],Capana06g000672[&&NHX:length=-0.45562:species=Dom. pepper])D,Capana06g000669[&&NHX:species=Dom. pepper])D,(Capang12g000804[&&NHX:species=Wild pepper],Capang06g000992[&&NHX:species=Wild pepper])D)S)D,(Capang04g002341[&&NHX:species=Wild pepper],Capana00g001444[&&NHX:species=Dom. pepper])S)D)D)D;	23	16	840	Capang07g001984,Capang07g001980,PGSC0003DMP400011487,PGSC0003DMP400051844,PGSC0003DMP400053039,Solyc05g053940.3.1,Solyc01g090170.4.1,Capang07g001782,PGSC0003DMP400022393,PGSC0003DMP400036806,PGSC0003DMP400054141,PGSC0003DMP400013719,Capana02g000077,Capana02g002291,Capang02g002051,SPI11g00674.1,Capana00g004847,Capana08g001807,SLYcer12g00672.1,SLYcer07g04867.1,Solyc11g010100.2.1,Solyc04g012180.4.1,SPI10g03759.1
OG27599	((SPI04g02087.1[&&NHX:species=S. pimp],PGSC0003DMP400008961[&&NHX:species=Potato],SLYcer04g02308.1[&&NHX:species=Tomato Cherry])S,(((((PGSC0003DMP400005446[&&NHX:species=Potato],((Sopen01g052980.1[&&NHX:species=S. Pennelli],Solyc01g110940.3.1[&&NHX:species=Tomato])S,Sopen01g053060.1[&&NHX:species=S. Pennelli])D)S,Sopen01g052740.1[&&NHX:species=S. Pennelli])D,((PGSC0003DMP400002927[&&NHX:species=Potato],Solyc01g110630.4.1[&&NHX:species=Tomato])S,PGSC0003DMP400002968[&&NHX:species=Potato])D)D,(SPI01g08697.1[&&NHX:species=S. pimp],SPI01g08675.1[&&NHX:species=S. pimp])D)S,((PGSC0003DMP400046418[&&NHX:species=Potato],Solyc10g054770.1.1[&&NHX:species=Tomato],SPI10g03167.1[&&NHX:species=S. pimp],SLYcer10g04660.1[&&NHX:species=Tomato Cherry])S,(Sopen01g052920.1[&&NHX:species=S. Pennelli],SPI01g08689.1[&&NHX:species=S. pimp],Solyc01g110890.1.1[&&NHX:species=Tomato],Capang01g005236[&&NHX:species=Wild pepper])S)D,(Solyc10g086200.1.1[&&NHX:species=Tomato],SPI10g04457.1[&&NHX:species=S. pimp],PGSC0003DMP400054629[&&NHX:species=Potato],SLYcer10g05923.1[&&NHX:species=Tomato Cherry],Capang00g003246[&&NHX:species=Wild pepper])S)D,((Capana08g001103[&&NHX:species=Dom. pepper],Capang01g003688[&&NHX:species=Wild pepper],Solyc01g096340.3.1[&&NHX:species=Tomato],SPI01g07356.1[&&NHX:species=S. pimp],PGSC0003DMP400000279[&&NHX:species=Potato],Sopen01g040090.1[&&NHX:species=S. Pennelli])S,(SLYcer07g03952.1[&&NHX:species=Tomato Cherry],SPI07g04668.1[&&NHX:species=S. pimp],PGSC0003DMP400057620[&&NHX:species=Potato],Solyc07g045060.1.1[&&NHX:species=Tomato],Sopen07g023620.1[&&NHX:species=S. Pennelli])S,((SPI03g03338.1[&&NHX:species=S. pimp],Capang03g001829[&&NHX:species=Wild pepper],Capana03g001920[&&NHX:species=Dom. pepper],Sopen03g022240.1[&&NHX:species=S. Pennelli],Solyc03g082510.1.1[&&NHX:species=Tomato],PGSC0003DMP400005817[&&NHX:species=Potato])S,(SPI04g05337.1[&&NHX:species=S. pimp],PGSC0003DMP400017462[&&NHX:species=Potato],Solyc04g082230.1.1[&&NHX:species=Tomato],SLYcer04g05824.1[&&NHX:species=Tomato Cherry])S)D,((SLYcer06g03606.1[&&NHX:species=Tomato Cherry],Sopen06g018320.1[&&NHX:species=S. Pennelli],SPI06g03517.1[&&NHX:species=S. pimp],PGSC0003DMP400052628[&&NHX:species=Potato],Capana06g001980[&&NHX:species=Dom. pepper],Solyc06g053260.1.1[&&NHX:species=Tomato],Capang06g001861[&&NHX:species=Wild pepper])S,PGSC0003DMP400040318[&&NHX:species=Potato])D,(Sopen03g022270.1[&&NHX:species=S. Pennelli],Solyc03g082520.1.1[&&NHX:species=Tomato],(Capana03g001921[&&NHX:species=Dom. pepper],Capang03g001830[&&NHX:species=Wild pepper])S)S,(PGSC0003DMP400052632[&&NHX:species=Potato],Capang06g001863[&&NHX:species=Wild pepper],Sopen06g018350.1[&&NHX:species=S. Pennelli],Capana06g001979[&&NHX:species=Dom. pepper],SLYcer06g03611.1[&&NHX:species=Tomato Cherry],Solyc06g053290.1.1[&&NHX:species=Tomato],SPI06g03520.1[&&NHX:species=S. pimp])S)D,(((Capang01g005241[&&NHX:species=Wild pepper],(((SLYcer01g08461.1[&&NHX:species=Tomato Cherry],SPI01g08686.1[&&NHX:species=S. pimp])S,((SLYcer01g08458.1[&&NHX:species=Tomato Cherry],SPI01g08684.1[&&NHX:species=S. pimp])S,(SLYcer01g08462.1[&&NHX:species=Tomato Cherry],SPI01g08687.1[&&NHX:species=S. pimp])S)D)D,((PGSC0003DMP400002904[&&NHX:species=Potato],PGSC0003DMP400002903[&&NHX:species=Potato])D,PGSC0003DMP400064944[&&NHX:species=Potato])D)S)S,((Solyc01g110880.1.1[&&NHX:species=Tomato],Capang01g005238[&&NHX:species=Wild pepper],PGSC0003DMP400002902[&&NHX:species=Potato],Sopen01g052910.1[&&NHX:species=S. Pennelli],SLYcer01g08463.1[&&NHX:species=Tomato Cherry],SPI01g08688.1[&&NHX:species=S. pimp])S,((PGSC0003DMP400002905[&&NHX:species=Potato],Solyc01g110825.1.1[&&NHX:species=Tomato],Capana08g002662[&&NHX:species=Dom. pepper],Capang01g005240[&&NHX:species=Wild pepper])S,(Capana08g002661[&&NHX:species=Dom. pepper],Capana08g002663[&&NHX:species=Dom. pepper])D)D)D)D,((PGSC0003DMP400046419[&&NHX:species=Potato],SPI10g03166.1[&&NHX:species=S. pimp],Solyc10g054760.1.1[&&NHX:species=Tomato],SLYcer10g04659.1[&&NHX:species=Tomato Cherry])S,(SLYcer10g04658.1[&&NHX:species=Tomato Cherry],(Capang01g005239[&&NHX:species=Wild pepper],((Capang01g005237[&&NHX:species=Wild pepper],Capang01g005242[&&NHX:species=Wild pepper])D,SPI01g08685.1[&&NHX:species=S. pimp],SLYcer01g08459.1[&&NHX:species=Tomato Cherry])S)D)D)D)D,((Sopen02g028810.1[&&NHX:species=S. Pennelli],SPI02g03705.1[&&NHX:species=S. pimp],Capang02g002337[&&NHX:species=Wild pepper],PGSC0003DMP400006560[&&NHX:species=Potato],SLYcer02g04793.1[&&NHX:species=Tomato Cherry],Solyc02g084005.1.1[&&NHX:species=Tomato])S,((SPI03g01033.1[&&NHX:species=S. pimp],PGSC0003DMP400039148[&&NHX:species=Potato],SLYcer03g00863.1[&&NHX:species=Tomato Cherry],Sopen03g006370.1[&&NHX:species=S. Pennelli],Solyc03g033590.1.1[&&NHX:species=Tomato])S,(Solyc02g062230.1.1[&&NHX:species=Tomato],Capang02g000462[&&NHX:species=Wild pepper],PGSC0003DMP400050831[&&NHX:species=Potato],Sopen02g013190.1[&&NHX:species=S. Pennelli])S)D)D,(((Capana12g000653[&&NHX:species=Dom. pepper],Capang11g000841[&&NHX:species=Wild pepper],Solyc12g089270.1.1[&&NHX:species=Tomato])S,((PGSC0003DMP400051240[&&NHX:species=Potato],Capana12g000623[&&NHX:species=Dom. pepper],SPI12g04720.1[&&NHX:species=S. pimp],SLYcer12g04755.1[&&NHX:species=Tomato Cherry],Capang12g000517[&&NHX:species=Wild pepper])S,Capang11g000843[&&NHX:species=Wild pepper])D)D,(Solyc04g081250.1.1[&&NHX:species=Tomato],Sopen04g034860.1[&&NHX:species=S. Pennelli],Capang04g000197[&&NHX:species=Wild pepper],SLYcer04g05729.1[&&NHX:species=Tomato Cherry],PGSC0003DMP400057887[&&NHX:species=Potato],SPI04g05231.1[&&NHX:species=S. pimp],Capana04g000218[&&NHX:species=Dom. pepper])S)D,(((((Sopen01g053050.1[&&NHX:species=S. Pennelli],PGSC0003DMP400002969[&&NHX:species=Potato])S,((SLYcer01g08477.1[&&NHX:species=Tomato Cherry],Solyc01g111000.4.1[&&NHX:species=Tomato],PGSC0003DMP400002970[&&NHX:species=Potato],Capang01g005252[&&NHX:species=Wild pepper],SPI01g08705.1[&&NHX:species=S. pimp],Sopen01g053040.1[&&NHX:species=S. Pennelli])S,Capang01g005251[&&NHX:species=Wild pepper])D)D,(((Capang01g005233[&&NHX:species=Wild pepper],Capang01g005228[&&NHX:species=Wild pepper])D,Capang01g005246[&&NHX:species=Wild pepper])D,Capang01g005234[&&NHX:species=Wild pepper])D)D,(((SPI01g08681.1[&&NHX:species=S. pimp],Solyc01g110790.3.1[&&NHX:species=Tomato],SLYcer01g08455.1[&&NHX:species=Tomato Cherry])S,(((Sopen01g052870.1[&&NHX:species=S. Pennelli],(Sopen01g052880.1[&&NHX:species=S. Pennelli],Sopen01g052960.1[&&NHX:species=S. Pennelli])D)D,SLYcer01g08475.1[&&NHX:species=Tomato Cherry],SPI01g08703.1[&&NHX:species=S. pimp])S,Sopen01g052860.1[&&NHX:species=S. Pennelli])D)D,(((Solyc01g110980.4.1[&&NHX:species=Tomato],PGSC0003DMP400002911[&&NHX:species=Potato])S,(Sopen01g053020.1[&&NHX:species=S. Pennelli],SPI01g08700.1[&&NHX:species=S. pimp],PGSC0003DMP400031238[&&NHX:species=Potato],(Solyc01g110800.3.1[&&NHX:species=Tomato],(Solyc01g110730.4.1[&&NHX:species=Tomato],Solyc01g110780.1.1[&&NHX:length=-0.31972:species=Tomato])D)D)S)D,((SPI01g08682.1[&&NHX:species=S. pimp],(SPI01g08679.1[&&NHX:species=S. pimp],SPI01g08695.1[&&NHX:length=-0.32157:species=S. pimp])D)D,Solyc01g110647.1.1[&&NHX:species=Tomato])S)D)D)D,(SLYcer01g08473.1[&&NHX:species=Tomato Cherry],Solyc01g110970.3.1[&&NHX:species=Tomato],PGSC0003DMP400002972[&&NHX:species=Potato],Sopen01g053010.1[&&NHX:species=S. Pennelli],SPI01g08699.1[&&NHX:species=S. pimp])S)D,((SLYcer04g03796.1[&&NHX:species=Tomato Cherry],Solyc04g052985.1.1[&&NHX:species=Tomato])S,(PGSC0003DMP400019320[&&NHX:species=Potato],Solyc01g110920.4.1[&&NHX:species=Tomato])S)D,((Capang01g005221[&&NHX:species=Wild pepper],PGSC0003DMP400002980[&&NHX:species=Potato],Solyc01g110555.1.1[&&NHX:species=Tomato],SPI01g08668.1[&&NHX:species=S. pimp],Sopen01g052680.1[&&NHX:species=S. Pennelli],SLYcer01g08443.1[&&NHX:species=Tomato Cherry],Capana08g002647[&&NHX:species=Dom. pepper])S,(PGSC0003DMP400037389[&&NHX:species=Potato],SPI09g00296.1[&&NHX:species=S. pimp],SLYcer09g00388.1[&&NHX:species=Tomato Cherry],Solyc09g007970.3.1[&&NHX:species=Tomato],Capang09g001715[&&NHX:species=Wild pepper])S)D,((((((SLYcer01g08465.1[&&NHX:species=Tomato Cherry],SLYcer01g08466.1[&&NHX:species=Tomato Cherry])D,(SPI01g08691.1[&&NHX:species=S. pimp],SPI01g08692.1[&&NHX:species=S. pimp])D)S,(SPI01g08694.1[&&NHX:species=S. pimp],SLYcer01g08468.1[&&NHX:species=Tomato Cherry])S)D,(Sopen01g052940.1[&&NHX:species=S. Pennelli],Sopen01g052950.1[&&NHX:species=S. Pennelli])D,(PGSC0003DMP400002974[&&NHX:species=Potato],(PGSC0003DMP400002975[&&NHX:species=Potato],PGSC0003DMP400002976[&&NHX:length=-0.46083:species=Potato])D)D)S,((((((Solyc11g011680.1.1[&&NHX:species=Tomato],Solyc11g011677.1.1[&&NHX:species=Tomato])D,PGSC0003DMP400067253[&&NHX:species=Potato])S,(Solyc04g052970.3.1[&&NHX:species=Tomato],PGSC0003DMP400023566[&&NHX:species=Potato])S)D,(SLYcer11g00690.1[&&NHX:species=Tomato Cherry],SLYcer11g00688.1[&&NHX:species=Tomato Cherry])D)S,(Solyc04g053000.1.1[&&NHX:species=Tomato],SLYcer04g03800.1[&&NHX:species=Tomato Cherry],PGSC0003DMP400029005[&&NHX:species=Potato],Capang11g001673[&&NHX:species=Wild pepper])S)D,(((((((SLYcer11g00687.1[&&NHX:species=Tomato Cherry],SLYcer11g00686.1[&&NHX:species=Tomato Cherry])D,PGSC0003DMP400023563[&&NHX:species=Potato])S,(PGSC0003DMP400023668[&&NHX:species=Potato],Solyc11g011650.1.1[&&NHX:species=Tomato])S)D,PGSC0003DMP400023561[&&NHX:species=Potato])D,Capang11g001675[&&NHX:species=Wild pepper])S,PGSC0003DMP400029003[&&NHX:species=Potato])D,(SLYcer04g03794.1[&&NHX:species=Tomato Cherry],(((PGSC0003DMP400023560[&&NHX:species=Potato],PGSC0003DMP400023562[&&NHX:length=-0.24788:species=Potato])D,(PGSC0003DMP400023567[&&NHX:species=Potato],PGSC0003DMP400023565[&&NHX:species=Potato])D)D,(SLYcer11g00694.1[&&NHX:species=Tomato Cherry],SLYcer11g00689.1[&&NHX:species=Tomato Cherry])D)S)D)D)D)D,((SPI10g02876.1[&&NHX:species=S. pimp],(((PGSC0003DMP400038034[&&NHX:species=Potato],PGSC0003DMP400008865[&&NHX:species=Potato])D,Solyc10g052540.1.1[&&NHX:species=Tomato],Sopen10g023300.1[&&NHX:species=S. Pennelli])S,PGSC0003DMP400038044[&&NHX:species=Potato])D,SLYcer10g04374.1[&&NHX:species=Tomato Cherry])S,(((Capang11g001703[&&NHX:species=Wild pepper],Capang11g001696[&&NHX:species=Wild pepper])D,PGSC0003DMP400026429[&&NHX:species=Potato],SLYcer10g04378.1[&&NHX:species=Tomato Cherry],Solyc10g052580.3.1[&&NHX:species=Tomato])S,Capang11g001669[&&NHX:species=Wild pepper])D)D)D,((((Capang00g003426[&&NHX:species=Wild pepper],SLYcer01g08470.1[&&NHX:species=Tomato Cherry],PGSC0003DMP400060276[&&NHX:species=Potato],Solyc01g110930.1.1[&&NHX:species=Tomato],SPI01g08696.1[&&NHX:species=S. pimp],Sopen01g052970.1[&&NHX:species=S. Pennelli])S,(SPI04g03510.1[&&NHX:species=S. pimp],(SPI01g08680.1[&&NHX:species=S. pimp],SLYcer01g08454.1[&&NHX:species=Tomato Cherry])S)D)D,(((((Solyc01g110720.2.1[&&NHX:species=Tomato],Solyc01g110710.3.1[&&NHX:species=Tomato])D,Solyc01g110660.4.1[&&NHX:species=Tomato])D,Capang01g005229[&&NHX:species=Wild pepper],SPI01g08677.1[&&NHX:species=S. pimp],SLYcer01g08452.1[&&NHX:species=Tomato Cherry])S,(SPI01g08678.1[&&NHX:species=S. pimp],(Solyc01g110670.3.1[&&NHX:species=Tomato],Solyc01g110680.4.1[&&NHX:species=Tomato])D)S)D,((Solyc01g110770.2.1[&&NHX:species=Tomato],((PGSC0003DMP400002923[&&NHX:species=Potato],PGSC0003DMP400002922[&&NHX:species=Potato])D,(PGSC0003DMP400002925[&&NHX:species=Potato],PGSC0003DMP400002915[&&NHX:length=-0.61061:species=Potato])D)D)S,PGSC0003DMP400002914[&&NHX:species=Potato],PGSC0003DMP400002921[&&NHX:species=Potato])D)D)D,((((Solyc06g065220.1.1[&&NHX:species=Tomato],SLYcer06g04213.1[&&NHX:species=Tomato Cherry],SPI06g04079.1[&&NHX:species=S. pimp],PGSC0003DMP400045303[&&NHX:species=Potato])S,(SPI11g01533.1[&&NHX:species=S. pimp],SLYcer11g01385.1[&&NHX:species=Tomato Cherry])S)D,Capang01g005244[&&NHX:species=Wild pepper])S,((Solyc10g150137.1.1[&&NHX:species=Tomato],SPI10g03163.1[&&NHX:species=S. pimp])S,(PGSC0003DMP400002901[&&NHX:species=Potato],Sopen01g052930.1[&&NHX:species=S. Pennelli],Solyc01g110900.1.1[&&NHX:species=Tomato],Capang01g005235[&&NHX:species=Wild pepper],Capana08g002658[&&NHX:species=Dom. pepper])S)D)D)D,(SPI03g04069.1[&&NHX:species=S. pimp],Sopen03g028270.1[&&NHX:species=S. Pennelli],Solyc03g097510.1.1[&&NHX:species=Tomato],Capang03g001610[&&NHX:species=Wild pepper],PGSC0003DMP400054952[&&NHX:species=Potato],SLYcer03g04011.1[&&NHX:species=Tomato Cherry],Capana03g001668[&&NHX:species=Dom. pepper])S,(((SPI01g00856.1[&&NHX:species=S. pimp],SLYcer01g00803.1[&&NHX:species=Tomato Cherry],PGSC0003DMP400009300[&&NHX:species=Potato],Sopen01g005500.1[&&NHX:species=S. Pennelli])S,((PGSC0003DMP400006738[&&NHX:species=Potato],Solyc04g081270.1.1[&&NHX:species=Tomato],Capang04g000196[&&NHX:species=Wild pepper],Sopen04g034890.1[&&NHX:species=S. Pennelli],Capana04g000217[&&NHX:species=Dom. pepper])S,Capang03g003770[&&NHX:species=Wild pepper])D)D,((((((Sopen01g052710.1[&&NHX:species=S. Pennelli],Solyc01g110590.4.1[&&NHX:species=Tomato],PGSC0003DMP400002929[&&NHX:species=Potato])S,(PGSC0003DMP400002990[&&NHX:species=Potato],SPI01g08670.1[&&NHX:species=S. pimp],SLYcer01g08445.1[&&NHX:species=Tomato Cherry],Sopen01g052700.1[&&NHX:species=S. Pennelli],Solyc01g110580.2.1[&&NHX:species=Tomato])S)D,(Capang01g005224[&&NHX:species=Wild pepper],(Capang01g005223[&&NHX:species=Wild pepper],Capana08g002649[&&NHX:species=Dom. pepper])S)D)S,((Sopen01g052720.1[&&NHX:species=S. Pennelli],PGSC0003DMP400002928[&&NHX:species=Potato])S,(Capang01g005227[&&NHX:species=Wild pepper],PGSC0003DMP400002978[&&NHX:species=Potato],SLYcer01g08450.1[&&NHX:species=Tomato Cherry],Solyc01g110620.1.1[&&NHX:species=Tomato],SPI01g08674.1[&&NHX:species=S. pimp])S)D)D,((SPI01g08669.1[&&NHX:species=S. pimp],(Capana08g002648[&&NHX:species=Dom. pepper],(Capana08g002650[&&NHX:species=Dom. pepper],Capang01g005225[&&NHX:species=Wild pepper])S)D,Solyc01g110570.3.1[&&NHX:species=Tomato],Sopen01g052690.1[&&NHX:species=S. Pennelli],PGSC0003DMP400002991[&&NHX:species=Potato],SLYcer01g08444.1[&&NHX:species=Tomato Cherry])S,PGSC0003DMP400058742[&&NHX:species=Potato])D)D,(((PGSC0003DMP400046416[&&NHX:species=Potato],Sopen10g024630.1[&&NHX:species=S. Pennelli],Solyc10g054720.1.1[&&NHX:species=Tomato])S,(SPI01g08673.1[&&NHX:species=S. pimp],PGSC0003DMP400002979[&&NHX:species=Potato],Solyc01g110610.4.1[&&NHX:species=Tomato],SLYcer01g08448.1[&&NHX:species=Tomato Cherry],Sopen01g052730.1[&&NHX:species=S. Pennelli])S)D,(Capang01g005226[&&NHX:species=Wild pepper],Capang01g005222[&&NHX:species=Wild pepper])D)S)D)D,((((Solyc05g056430.3.1[&&NHX:species=Tomato],SPI05g04982.1[&&NHX:species=S. pimp],SLYcer10g01995.1[&&NHX:species=Tomato Cherry],PGSC0003DMP400040755[&&NHX:species=Potato],Sopen05g034820.1[&&NHX:species=S. Pennelli])S,(Sopen05g034830.1[&&NHX:species=S. Pennelli],PGSC0003DMP400040319[&&NHX:species=Potato],Solyc05g056440.3.1[&&NHX:species=Tomato])S)D,(Capang12g002554[&&NHX:species=Wild pepper],Capang12g002555[&&NHX:species=Wild pepper])D)S,(Capana03g001923[&&NHX:species=Dom. pepper],Capang03g001832[&&NHX:species=Wild pepper],SPI03g03339.1[&&NHX:species=S. pimp],SLYcer03g03250.1[&&NHX:species=Tomato Cherry],PGSC0003DMP400005820[&&NHX:species=Potato],Sopen03g022280.1[&&NHX:species=S. Pennelli],Solyc03g082530.1.1[&&NHX:species=Tomato])S)D)D;	24	20	815	Sopen01g052760.1,Sopen01g052800.1,Sopen01g052850.1,Sopen01g052780.1,Sopen01g052750.1,SLYcer01g08453.1,SLYcer01g08469.1,SLYcer01g08456.1,Solyc01g110903.1.1,Solyc01g110907.1.1,Solyc01g110870.3.1,Solyc11g011720.1.1,PGSC0003DMP400002926,PGSC0003DMP400002913,PGSC0003DMP400002971,Capang01g005253,Solyc01g110860.1.1,Sopen01g052900.1,SLYcer01g08471.1,Sopen11g006500.1,Sopen01g052840.1,Capang11g001711,SLYcer01g07917.1,SPI10g02880.1,PGSC0003DMP400005818,PGSC0003DMP400005819
OG27626	((((Capang05g000211[&&NHX:species=Wild pepper],Capana00g002032[&&NHX:species=Dom. pepper])S,((Capana05g000217[&&NHX:species=Dom. pepper],PGSC0003DMP400009844[&&NHX:species=Potato])S,(PGSC0003DMP400040799[&&NHX:species=Potato],Capana07g000012[&&NHX:species=Dom. pepper])S)D)D,(PGSC0003DMP400052515[&&NHX:species=Potato],Sopen08g006550.1[&&NHX:species=S. Pennelli],Capang01g004038[&&NHX:species=Wild pepper])S,((((Capang05g000213[&&NHX:species=Wild pepper],(Capana00g002031[&&NHX:species=Dom. pepper],Capang05g000209[&&NHX:species=Wild pepper])S)D,Solyc08g016270.3.1[&&NHX:species=Tomato])S,(Solyc04g014400.4.1[&&NHX:species=Tomato],SLYcer04g01157.1[&&NHX:species=Tomato Cherry],SPI04g00886.1[&&NHX:species=S. pimp],PGSC0003DMP400040798[&&NHX:species=Potato])S)D,PGSC0003DMP400009842[&&NHX:species=Potato])D,(((((((PGSC0003DMP400055680[&&NHX:species=Potato],PGSC0003DMP400055679[&&NHX:species=Potato])D,PGSC0003DMP400055678[&&NHX:species=Potato])D,SPI08g00870.1[&&NHX:species=S. pimp],SLYcer08g00894.1[&&NHX:species=Tomato Cherry])S,PGSC0003DMP400009843[&&NHX:species=Potato])D,Capana00g002034[&&NHX:species=Dom. pepper])S,(Solyc08g016210.3.1[&&NHX:species=Tomato],SPI08g00867.1[&&NHX:species=S. pimp])S)D,(Solyc08g016310.3.1[&&NHX:species=Tomato],PGSC0003DMP400065149[&&NHX:species=Potato],SPI08g00874.1[&&NHX:species=S. pimp],SLYcer08g00899.1[&&NHX:species=Tomato Cherry])S)D,(Capana05g000813[&&NHX:species=Dom. pepper],Capana05g000812[&&NHX:species=Dom. pepper],((Sopen11g005940.1[&&NHX:species=S. Pennelli],Capana05g000811[&&NHX:species=Dom. pepper],Solyc11g011180.3.1[&&NHX:species=Tomato],PGSC0003DMP400027520[&&NHX:species=Potato],Capang00g003606[&&NHX:species=Wild pepper])S,Capana05g000815[&&NHX:species=Dom. pepper])D)D)D,((((Solyc06g033920.1.1[&&NHX:species=Tomato],SPI06g02969.1[&&NHX:species=S. pimp],SLYcer06g02722.1[&&NHX:species=Tomato Cherry],Sopen06g014090.1[&&NHX:species=S. Pennelli])S,(PGSC0003DMP400003280[&&NHX:species=Potato],(Sopen08g026250.1[&&NHX:species=S. Pennelli],PGSC0003DMP400051498[&&NHX:species=Potato])S)D)D,((PGSC0003DMP400003278[&&NHX:species=Potato],PGSC0003DMP400003276[&&NHX:species=Potato])D,Sopen08g026260.1[&&NHX:species=S. Pennelli],(Capang01g000673[&&NHX:species=Wild pepper],Capang01g000671[&&NHX:species=Wild pepper])D,SLYcer08g05995.1[&&NHX:species=Tomato Cherry],Solyc08g077740.1.1[&&NHX:species=Tomato],SPI08g05888.1[&&NHX:species=S. pimp])S)D,((PGSC0003DMP400031333[&&NHX:species=Potato],SLYcer06g02724.1[&&NHX:species=Tomato Cherry])S,(PGSC0003DMP400003348[&&NHX:species=Potato],Solyc06g033950.1.1[&&NHX:species=Tomato])S)D)D,((SLYcer07g04932.1[&&NHX:species=Tomato Cherry],PGSC0003DMP400044869[&&NHX:species=Potato])S,(Capana08g002313[&&NHX:species=Dom. pepper],Capang01g004861[&&NHX:species=Wild pepper],PGSC0003DMP400044870[&&NHX:species=Potato],Solyc01g107670.2.1[&&NHX:species=Tomato],SLYcer01g08161.1[&&NHX:species=Tomato Cherry],SPI01g08389.1[&&NHX:species=S. pimp],Sopen01g049850.1[&&NHX:species=S. Pennelli])S)D,((SPI01g02615.1[&&NHX:species=S. pimp],SLYcer01g02539.1[&&NHX:species=Tomato Cherry])S,(SPI01g01572.1[&&NHX:species=S. pimp],SLYcer01g01509.1[&&NHX:species=Tomato Cherry],Capana08g000033[&&NHX:species=Dom. pepper])S,((SLYcer01g01440.1[&&NHX:species=Tomato Cherry],SPI01g01498.1[&&NHX:species=S. pimp])S,(SPI01g01636.1[&&NHX:species=S. pimp],Capang08g000029[&&NHX:species=Wild pepper])S)D,(PGSC0003DMP400025736[&&NHX:species=Potato],(PGSC0003DMP400025735[&&NHX:species=Potato],SPI12g03351.1[&&NHX:species=S. pimp],Capang00g004916[&&NHX:species=Wild pepper])S)D,(SLYcer01g01329.1[&&NHX:species=Tomato Cherry],(SLYcer01g01302.1[&&NHX:species=Tomato Cherry],SPI01g01357.1[&&NHX:species=S. pimp],Solyc01g013880.1.1[&&NHX:species=Tomato])S)D)D,((Solyc12g005620.1.1[&&NHX:species=Tomato],SPI12g00192.1[&&NHX:species=S. pimp],PGSC0003DMP400013880[&&NHX:species=Potato],SLYcer12g00148.1[&&NHX:species=Tomato Cherry])S,(((PGSC0003DMP400039841[&&NHX:species=Potato],Sopen07g004540.1[&&NHX:species=S. Pennelli],Capana00g004962[&&NHX:species=Dom. pepper],Solyc07g008600.1.1[&&NHX:species=Tomato],SLYcer07g00575.1[&&NHX:species=Tomato Cherry],Capang04g002386[&&NHX:species=Wild pepper])S,PGSC0003DMP400039842[&&NHX:species=Potato])D,(Sopen07g004530.1[&&NHX:species=S. Pennelli],PGSC0003DMP400039857[&&NHX:species=Potato],SLYcer07g00574.1[&&NHX:species=Tomato Cherry],SPI07g00621.1[&&NHX:species=S. pimp],Solyc07g008590.1.1[&&NHX:species=Tomato])S)D,((Sopen01g034480.1[&&NHX:species=S. Pennelli],SPI01g06749.1[&&NHX:species=S. pimp],Capana01g002633[&&NHX:species=Dom. pepper],Solyc01g087510.3.1[&&NHX:species=Tomato],Capang01g002302[&&NHX:species=Wild pepper],SLYcer01g06482.1[&&NHX:species=Tomato Cherry])S,(Capang12g002179[&&NHX:species=Wild pepper],(Capana12g002526[&&NHX:species=Dom. pepper],Capana12g002650[&&NHX:species=Dom. pepper])D)S)D,(PGSC0003DMP400017464[&&NHX:species=Potato],(PGSC0003DMP400013879[&&NHX:species=Potato],Solyc12g005610.3.1[&&NHX:species=Tomato])S,PGSC0003DMP400025729[&&NHX:species=Potato])D,((PGSC0003DMP400032035[&&NHX:species=Potato],Capana11g000524[&&NHX:species=Dom. pepper],Capang11g000486[&&NHX:species=Wild pepper])S,((Capana00g004543[&&NHX:species=Dom. pepper],Sopen07g028050.1[&&NHX:species=S. Pennelli],SPI07g05657.1[&&NHX:species=S. pimp],Solyc07g054120.2.1[&&NHX:species=Tomato],PGSC0003DMP400031904[&&NHX:species=Potato])S,(Capana00g004542[&&NHX:species=Dom. pepper],SPI07g00623.1[&&NHX:species=S. pimp],Capang00g002458[&&NHX:species=Wild pepper])S)D)D,(Capana09g002184[&&NHX:species=Dom. pepper],PGSC0003DMP400053198[&&NHX:species=Potato],Capang09g001697[&&NHX:species=Wild pepper])S,((((Sopen07g004560.1[&&NHX:species=S. Pennelli],Solyc07g008620.1.1[&&NHX:species=Tomato],SLYcer07g00577.1[&&NHX:species=Tomato Cherry])S,Solyc07g008640.3.1[&&NHX:species=Tomato])D,(Capang07g000188[&&NHX:species=Wild pepper],SLYcer07g00578.1[&&NHX:species=Tomato Cherry],Capana07g000185[&&NHX:species=Dom. pepper],Solyc07g008630.1.1[&&NHX:species=Tomato],Sopen07g004570.1[&&NHX:species=S. Pennelli])S)D,(((PGSC0003DMP400039858[&&NHX:species=Potato],Solyc07g020730.1.1[&&NHX:species=Tomato])S,PGSC0003DMP400039855[&&NHX:species=Potato])D,SPI07g01353.1[&&NHX:species=S. pimp])S)D,((Capang07g001910[&&NHX:species=Wild pepper],SLYcer07g05094.1[&&NHX:species=Tomato Cherry],PGSC0003DMP400030293[&&NHX:species=Potato],SPI07g05833.1[&&NHX:species=S. pimp],Capana07g001918[&&NHX:species=Dom. pepper],Solyc07g055820.2.1[&&NHX:species=Tomato])S,Capang12g002290[&&NHX:species=Wild pepper])D)D,((((SPI04g00332.1[&&NHX:species=S. pimp],PGSC0003DMP400067881[&&NHX:species=Potato])S,(PGSC0003DMP400025939[&&NHX:species=Potato],Sopen12g018350.1[&&NHX:species=S. Pennelli])S)D,(Capana00g001078[&&NHX:species=Dom. pepper],Capana12g000118[&&NHX:species=Dom. pepper],Capana00g002098[&&NHX:species=Dom. pepper])D,Capang00g000519[&&NHX:species=Wild pepper])S,(SLYcer01g01642.1[&&NHX:species=Tomato Cherry],PGSC0003DMP400018927[&&NHX:species=Potato],Capang07g000660[&&NHX:species=Wild pepper],Capana04g001228[&&NHX:species=Dom. pepper],Sopen01g008240.1[&&NHX:species=S. Pennelli])S,(SLYcer03g01314.1[&&NHX:species=Tomato Cherry],Capana02g000743[&&NHX:species=Dom. pepper],SPI03g01523.1[&&NHX:species=S. pimp])S,((((SLYcer01g01748.1[&&NHX:species=Tomato Cherry],SPI01g01832.1[&&NHX:species=S. pimp])S,(SPI01g01850.1[&&NHX:species=S. pimp],SLYcer01g01756.1[&&NHX:species=Tomato Cherry])S)D,Solyc01g014170.1.1[&&NHX:species=Tomato])S,Solyc01g013870.1.1[&&NHX:species=Tomato])D)D,((Capana08g001468[&&NHX:species=Dom. pepper],Capang01g004029[&&NHX:species=Wild pepper])S,((Capana08g001480[&&NHX:species=Dom. pepper],Solyc01g099250.3.1[&&NHX:species=Tomato],SLYcer01g07623.1[&&NHX:species=Tomato Cherry],Sopen01g042800.1[&&NHX:species=S. Pennelli],SPI01g07647.1[&&NHX:species=S. pimp])S,Capana08g001463[&&NHX:species=Dom. pepper])D)D,(((((PGSC0003DMP400026917[&&NHX:species=Potato],PGSC0003DMP400005203[&&NHX:species=Potato])D,(PGSC0003DMP400005206[&&NHX:species=Potato],((PGSC0003DMP400026913[&&NHX:species=Potato],Capang03g002814[&&NHX:species=Wild pepper],Capana09g000591[&&NHX:species=Dom. pepper])S,(((PGSC0003DMP400020758[&&NHX:species=Potato],PGSC0003DMP400020756[&&NHX:species=Potato])D,PGSC0003DMP400020757[&&NHX:species=Potato])D,Sopen01g041920.1[&&NHX:species=S. Pennelli])S)D)D)D,PGSC0003DMP400011757[&&NHX:species=Potato])D,(PGSC0003DMP400029863[&&NHX:species=Potato],PGSC0003DMP400029862[&&NHX:species=Potato])D)D,(Sopen08g019760.1[&&NHX:species=S. Pennelli],(PGSC0003DMP400043064[&&NHX:species=Potato],PGSC0003DMP400003279[&&NHX:species=Potato])D)S,(((Capana09g002084[&&NHX:species=Dom. pepper],PGSC0003DMP400028577[&&NHX:species=Potato],SLYcer01g04939.1[&&NHX:species=Tomato Cherry])S,Capana01g001593[&&NHX:species=Dom. pepper])D,(PGSC0003DMP400055494[&&NHX:species=Potato],Capana03g002920[&&NHX:species=Dom. pepper])S)D,(((PGSC0003DMP400056780[&&NHX:species=Potato],(Capana09g000026[&&NHX:species=Dom. pepper],((PGSC0003DMP400011763[&&NHX:species=Potato],PGSC0003DMP400011762[&&NHX:species=Potato])D,PGSC0003DMP400026919[&&NHX:species=Potato])D)S)D,PGSC0003DMP400031457[&&NHX:species=Potato])D,((Capang03g002019[&&NHX:species=Wild pepper],PGSC0003DMP400005237[&&NHX:species=Potato])S,PGSC0003DMP400011887[&&NHX:species=Potato])D)D,(((PGSC0003DMP400011759[&&NHX:species=Potato],Solyc12g009690.1.1[&&NHX:species=Tomato])S,PGSC0003DMP400026906[&&NHX:species=Potato])D,SLYcer12g00542.1[&&NHX:species=Tomato Cherry])S,(Solyc12g013740.3.1[&&NHX:species=Tomato],(SPI10g02046.1[&&NHX:species=S. pimp],Solyc10g047490.1.1[&&NHX:species=Tomato],SLYcer10g03706.1[&&NHX:species=Tomato Cherry])S)D)D,(((((PGSC0003DMP400052514[&&NHX:species=Potato],PGSC0003DMP400052513[&&NHX:species=Potato])D,Sopen08g006740.1[&&NHX:species=S. Pennelli])S,((Capana05g000806[&&NHX:species=Dom. pepper],PGSC0003DMP400052510[&&NHX:species=Potato],Solyc08g016220.1.1[&&NHX:species=Tomato])S,((PGSC0003DMP400052512[&&NHX:species=Potato],PGSC0003DMP400052511[&&NHX:species=Potato])D,SLYcer11g00639.1[&&NHX:species=Tomato Cherry],Capana05g000809[&&NHX:species=Dom. pepper])S)D)D,((PGSC0003DMP400052531[&&NHX:species=Potato],Capana05g000810[&&NHX:species=Dom. pepper])S,Capana05g000816[&&NHX:species=Dom. pepper])D)D,Capana06g002212[&&NHX:species=Dom. pepper])D,((((SLYcer12g05198.1[&&NHX:species=Tomato Cherry],PGSC0003DMP400008386[&&NHX:species=Potato],Solyc12g099950.3.1[&&NHX:species=Tomato],Sopen12g034570.1[&&NHX:species=S. Pennelli],SPI12g05145.1[&&NHX:species=S. pimp])S,(Solyc12g100020.1.1[&&NHX:species=Tomato],Capana00g004260[&&NHX:species=Dom. pepper])S)D,((Capana12g000011[&&NHX:species=Dom. pepper],PGSC0003DMP400036525[&&NHX:species=Potato])S,(PGSC0003DMP400025482[&&NHX:species=Potato],Sopen12g034640.1[&&NHX:species=S. Pennelli],Capana12g000124[&&NHX:species=Dom. pepper])S)D)D,((SLYcer03g00855.1[&&NHX:species=Tomato Cherry],SPI03g01023.1[&&NHX:species=S. pimp],PGSC0003DMP400059098[&&NHX:species=Potato],Sopen03g006300.1[&&NHX:species=S. Pennelli])S,(Sopen03g006280.1[&&NHX:species=S. Pennelli],SLYcer03g00853.1[&&NHX:species=Tomato Cherry],SPI03g01020.1[&&NHX:species=S. pimp])S)D,(Solyc07g005150.3.1[&&NHX:species=Tomato],(SPI07g00082.1[&&NHX:species=S. pimp],SPI07g00138.1[&&NHX:species=S. pimp])D,PGSC0003DMP400005769[&&NHX:species=Potato],SLYcer07g00070.1[&&NHX:species=Tomato Cherry],Sopen07g001290.1[&&NHX:species=S. Pennelli])S,(((Solyc09g064670.3.1[&&NHX:species=Tomato],SPI09g03487.1[&&NHX:species=S. pimp])S,(Capang07g001048[&&NHX:species=Wild pepper],(PGSC0003DMP400005181[&&NHX:species=Potato],Solyc12g100010.1.1[&&NHX:species=Tomato],Capana12g000122[&&NHX:species=Dom. pepper],Capang12g000217[&&NHX:species=Wild pepper])S)D)D,((((PGSC0003DMP400031330[&&NHX:species=Potato],PGSC0003DMP400041264[&&NHX:species=Potato])D,((Capana12g000248[&&NHX:species=Dom. pepper],PGSC0003DMP400041269[&&NHX:species=Potato])S,PGSC0003DMP400009759[&&NHX:species=Potato])D)D,PGSC0003DMP400045527[&&NHX:species=Potato])D,PGSC0003DMP400009763[&&NHX:species=Potato])D)D,(SPI01g01735.1[&&NHX:species=S. pimp],(SPI01g02034.1[&&NHX:species=S. pimp],Solyc01g014940.2.1[&&NHX:species=Tomato],SLYcer01g01957.1[&&NHX:species=Tomato Cherry])S)D,(((PGSC0003DMP400007624[&&NHX:species=Potato],PGSC0003DMP400007623[&&NHX:species=Potato])D,Capang01g001368[&&NHX:species=Wild pepper],Capana12g000014[&&NHX:species=Dom. pepper])S,(Capang12g000011[&&NHX:species=Wild pepper],Capana12g000012[&&NHX:species=Dom. pepper])S)D,((((Capana12g000013[&&NHX:species=Dom. pepper],Capang12g000012[&&NHX:species=Wild pepper])S,Capang12g000098[&&NHX:species=Wild pepper])D,Solyc12g040740.3.1[&&NHX:species=Tomato],PGSC0003DMP400027746[&&NHX:species=Potato])S,PGSC0003DMP400008385[&&NHX:species=Potato])D)D,((((Capana08g001378[&&NHX:species=Dom. pepper],Capang01g003944[&&NHX:species=Wild pepper])S,(Capang01g003977[&&NHX:species=Wild pepper],(Capana08g001409[&&NHX:species=Dom. pepper],Capana08g001411[&&NHX:species=Dom. pepper])D)S)D,((Sopen01g042230.1[&&NHX:species=S. Pennelli],SPI01g07584.1[&&NHX:species=S. pimp])S,(SPI01g07581.1[&&NHX:species=S. pimp],Sopen01g042220.1[&&NHX:species=S. Pennelli])S)D)S,((((Solyc10g076500.3.1[&&NHX:species=Tomato],Capang00g005119[&&NHX:species=Wild pepper],PGSC0003DMP400011088[&&NHX:species=Potato])S,PGSC0003DMP400012016[&&NHX:species=Potato])D,((Solyc10g076490.1.1[&&NHX:species=Tomato],PGSC0003DMP400038157[&&NHX:species=Potato],SLYcer10g05102.1[&&NHX:species=Tomato Cherry],SPI10g03586.1[&&NHX:species=S. pimp])S,((SPI10g03587.1[&&NHX:species=S. pimp],SLYcer10g05103.1[&&NHX:species=Tomato Cherry],PGSC0003DMP400038156[&&NHX:species=Potato])S,(Sopen10g028140.1[&&NHX:species=S. Pennelli],(PGSC0003DMP400060599[&&NHX:species=Potato],PGSC0003DMP400027851[&&NHX:species=Potato])D,Capang10g001135[&&NHX:species=Wild pepper])S)D)D)D,((SPI09g00069.1[&&NHX:species=S. pimp],SLYcer09g00178.1[&&NHX:species=Tomato Cherry],(Sopen09g001070.1[&&NHX:species=S. Pennelli],Sopen09g001070.2[&&NHX:species=S. Pennelli])D,PGSC0003DMP400035307[&&NHX:species=Potato],Solyc09g005090.1.1[&&NHX:species=Tomato])S,(SLYcer09g00177.1[&&NHX:species=Tomato Cherry],Capana09g001153[&&NHX:species=Dom. pepper],Sopen09g001060.1[&&NHX:species=S. Pennelli],SPI09g00068.1[&&NHX:species=S. pimp],Capang09g000838[&&NHX:species=Wild pepper],PGSC0003DMP400011110[&&NHX:species=Potato],Solyc09g005080.1.1[&&NHX:species=Tomato])S)D)D)D,((((((((PGSC0003DMP400054754[&&NHX:species=Potato],(PGSC0003DMP400008387[&&NHX:species=Potato],SPI12g05144.1[&&NHX:species=S. pimp],SLYcer12g05197.1[&&NHX:species=Tomato Cherry])S)D,(Sopen08g021730.1[&&NHX:species=S. Pennelli],PGSC0003DMP400056119[&&NHX:species=Potato],Capana12g000119[&&NHX:species=Dom. pepper])S)D,((PGSC0003DMP400044238[&&NHX:species=Potato],SPI10g02812.1[&&NHX:species=S. pimp],Capana00g001825[&&NHX:species=Dom. pepper],SLYcer10g04313.1[&&NHX:species=Tomato Cherry])S,((PGSC0003DMP400044239[&&NHX:species=Potato],SPI08g05097.1[&&NHX:species=S. pimp],Solyc08g067797.1.1[&&NHX:species=Tomato],SLYcer08g05212.1[&&NHX:species=Tomato Cherry])S,PGSC0003DMP400042218[&&NHX:species=Potato],PGSC0003DMP400025937[&&NHX:species=Potato],PGSC0003DMP400020607[&&NHX:species=Potato],PGSC0003DMP400005234[&&NHX:species=Potato],PGSC0003DMP400005235[&&NHX:species=Potato],PGSC0003DMP400042260[&&NHX:species=Potato])D)D)D,((PGSC0003DMP400008388[&&NHX:species=Potato],SPI06g00296.1[&&NHX:species=S. pimp])S,((PGSC0003DMP400008389[&&NHX:species=Potato],(PGSC0003DMP400031336[&&NHX:species=Potato],PGSC0003DMP400031335[&&NHX:species=Potato])D)D,Capana07g000254[&&NHX:species=Dom. pepper])S)D)D,(((PGSC0003DMP400031334[&&NHX:species=Potato],Solyc12g040750.1.1[&&NHX:species=Tomato])S,((Sopen00g010090.1[&&NHX:species=S. Pennelli],PGSC0003DMP400054750[&&NHX:species=Potato],Capana06g003007[&&NHX:species=Dom. pepper])S,PGSC0003DMP400054747[&&NHX:species=Potato],PGSC0003DMP400017222[&&NHX:species=Potato])D)D,(((Capana10g001344[&&NHX:species=Dom. pepper],Capana03g004187[&&NHX:species=Dom. pepper])D,PGSC0003DMP400061094[&&NHX:species=Potato])S,(PGSC0003DMP400009762[&&NHX:species=Potato],Capana05g001936[&&NHX:species=Dom. pepper],Sopen03g006290.1[&&NHX:species=S. Pennelli])S)D)D)D,((Capang00g000760[&&NHX:species=Wild pepper],PGSC0003DMP400009760[&&NHX:species=Potato],Capana12g000674[&&NHX:species=Dom. pepper])S,((((SLYcer12g03843.1[&&NHX:species=Tomato Cherry],PGSC0003DMP400032886[&&NHX:species=Potato],SPI12g03794.1[&&NHX:species=S. pimp])S,SLYcer01g01380.1[&&NHX:species=Tomato Cherry])D,Capana12g000125[&&NHX:species=Dom. pepper])S,(SLYcer10g04312.1[&&NHX:species=Tomato Cherry],(PGSC0003DMP400031332[&&NHX:species=Potato],PGSC0003DMP400041268[&&NHX:species=Potato])D,Solyc10g051220.3.1[&&NHX:species=Tomato])S)D)D)D,((((Sopen12g023650.1[&&NHX:species=S. Pennelli],Solyc12g049190.3.1[&&NHX:species=Tomato])S,Solyc12g049200.1.1[&&NHX:species=Tomato])D,PGSC0003DMP400003283[&&NHX:species=Potato],SPI12g04227.1[&&NHX:species=S. pimp])S,((Capana00g003807[&&NHX:species=Dom. pepper],Capana12g000123[&&NHX:species=Dom. pepper],Capana12g000068[&&NHX:species=Dom. pepper])D,SPI12g04228.1[&&NHX:species=S. pimp],PGSC0003DMP400041271[&&NHX:species=Potato])S)D)D,(Capang00g003384[&&NHX:species=Wild pepper],PGSC0003DMP400054506[&&NHX:species=Potato])S)D,((SLYcer01g01645.1[&&NHX:species=Tomato Cherry],Capana01g001600[&&NHX:species=Dom. pepper],SPI01g01739.1[&&NHX:species=S. pimp])S,((SLYcer01g01954.1[&&NHX:species=Tomato Cherry],Sopen01g008230.1[&&NHX:species=S. Pennelli],Solyc01g014300.1.1[&&NHX:species=Tomato],Capana08g000031[&&NHX:species=Dom. pepper],SPI01g02030.1[&&NHX:species=S. pimp])S,(SPI01g01732.1[&&NHX:species=S. pimp],Sopen01g008500.1[&&NHX:species=S. Pennelli],Solyc01g014160.1.1[&&NHX:species=Tomato],PGSC0003DMP400028576[&&NHX:species=Potato])S)D,((SPI01g01604.1[&&NHX:species=S. pimp],SLYcer01g01540.1[&&NHX:species=Tomato Cherry])S,(SPI01g01712.1[&&NHX:species=S. pimp],SLYcer01g01619.1[&&NHX:species=Tomato Cherry])S,(Solyc01g014020.1.1[&&NHX:species=Tomato],SPI01g01686.1[&&NHX:species=S. pimp])S,(SPI01g02200.1[&&NHX:species=S. pimp],SLYcer01g02127.1[&&NHX:species=Tomato Cherry],Solyc01g016355.1.1[&&NHX:species=Tomato])S)D,(PGSC0003DMP400054505[&&NHX:species=Potato],Capana01g001599[&&NHX:species=Dom. pepper],SPI03g01021.1[&&NHX:species=S. pimp],SLYcer03g00854.1[&&NHX:species=Tomato Cherry])S,((Sopen01g001750.1[&&NHX:species=S. Pennelli],Sopen01g002540.1[&&NHX:species=S. Pennelli])D,SPI01g00854.1[&&NHX:species=S. pimp],PGSC0003DMP400055264[&&NHX:species=Potato])S)D,(((PGSC0003DMP400018474[&&NHX:species=Potato],Capana02g001151[&&NHX:species=Dom. pepper],SPI02g02541.1[&&NHX:species=S. pimp],Sopen02g017680.1[&&NHX:species=S. Pennelli],Capang02g001035[&&NHX:species=Wild pepper],SLYcer02g03641.1[&&NHX:species=Tomato Cherry])S,((PGSC0003DMP400025971[&&NHX:species=Potato],PGSC0003DMP400025964[&&NHX:species=Potato])D,PGSC0003DMP400025963[&&NHX:species=Potato])D)D,(Solyc02g068540.2.1[&&NHX:species=Tomato],PGSC0003DMP400033152[&&NHX:species=Potato])S,((SPI07g05658.1[&&NHX:species=S. pimp],Capana07g000521[&&NHX:species=Dom. pepper],PGSC0003DMP400039840[&&NHX:species=Potato],Capang07g000555[&&NHX:species=Wild pepper])S,PGSC0003DMP400011387[&&NHX:species=Potato],PGSC0003DMP400025728[&&NHX:species=Potato])D,(PGSC0003DMP400025959[&&NHX:species=Potato],SPI07g00622.1[&&NHX:species=S. pimp])S)D,(((Sopen01g029110.1[&&NHX:species=S. Pennelli],Capang00g000346[&&NHX:species=Wild pepper])S,(Capana12g000669[&&NHX:species=Dom. pepper],Capang12g000558[&&NHX:species=Wild pepper])S,((Capang08g000028[&&NHX:species=Wild pepper],SLYcer12g03376.1[&&NHX:species=Tomato Cherry],SPI12g03350.1[&&NHX:species=S. pimp],Solyc10g007210.1.1[&&NHX:species=Tomato])S,Capang00g005165[&&NHX:species=Wild pepper])D,(Capang00g005334[&&NHX:species=Wild pepper],SPI01g00855.1[&&NHX:species=S. pimp],Sopen03g022530.1[&&NHX:species=S. Pennelli],Solyc01g005710.2.1[&&NHX:species=Tomato])S)D,((SLYcer12g00520.1[&&NHX:species=Tomato Cherry],PGSC0003DMP400059766[&&NHX:species=Potato],SPI12g00579.1[&&NHX:species=S. pimp])S,SLYcer12g00521.1[&&NHX:species=Tomato Cherry])D,(Solyc06g033940.1.1[&&NHX:species=Tomato],SPI06g02967.1[&&NHX:species=S. pimp],PGSC0003DMP400003281[&&NHX:species=Potato])S,(SLYcer01g01955.1[&&NHX:species=Tomato Cherry],Solyc01g014930.2.1[&&NHX:species=Tomato],SPI01g02031.1[&&NHX:species=S. pimp])S,(((Solyc12g013730.3.1[&&NHX:species=Tomato],Capana12g000673[&&NHX:species=Dom. pepper],SPI03g01019.1[&&NHX:species=S. pimp],PGSC0003DMP400038082[&&NHX:species=Potato])S,Capana00g000458[&&NHX:species=Dom. pepper])D,((SPI12g01368.1[&&NHX:species=S. pimp],Sopen12g034630.1[&&NHX:species=S. Pennelli],SLYcer12g00789.1[&&NHX:species=Tomato Cherry],PGSC0003DMP400042262[&&NHX:species=Potato])S,SLYcer12g01333.1[&&NHX:species=Tomato Cherry])D)D,((SLYcer01g01641.1[&&NHX:species=Tomato Cherry],Sopen01g008060.1[&&NHX:species=S. Pennelli],Capana01g001755[&&NHX:species=Dom. pepper],SPI01g01733.1[&&NHX:species=S. pimp])S,(((SLYcer01g01643.1[&&NHX:species=Tomato Cherry],SPI01g01737.1[&&NHX:species=S. pimp])S,SLYcer12g00523.1[&&NHX:species=Tomato Cherry])D,Capana01g003598[&&NHX:species=Dom. pepper])S)D,((SPI10g02047.1[&&NHX:species=S. pimp],SLYcer10g03707.1[&&NHX:species=Tomato Cherry])S,(SPI02g01468.1[&&NHX:species=S. pimp],Capang00g004867[&&NHX:species=Wild pepper])S)D,((Sopen12g018360.1[&&NHX:species=S. Pennelli],Capana00g001439[&&NHX:species=Dom. pepper],SLYcer01g01956.1[&&NHX:species=Tomato Cherry],SPI01g02032.1[&&NHX:species=S. pimp])S,(((SLYcer12g00546.1[&&NHX:species=Tomato Cherry],SPI12g05152.1[&&NHX:species=S. pimp])D,(PGSC0003DMP400041270[&&NHX:species=Potato],PGSC0003DMP400032885[&&NHX:species=Potato])D)S,((Capana09g000594[&&NHX:species=Dom. pepper],SPI03g01022.1[&&NHX:species=S. pimp],Solyc01g014150.1.1[&&NHX:species=Tomato],SLYcer09g03592.1[&&NHX:species=Tomato Cherry])S,(Capana05g000618[&&NHX:species=Dom. pepper],Sopen01g001740.1[&&NHX:species=S. Pennelli],SLYcer08g03786.1[&&NHX:species=Tomato Cherry],PGSC0003DMP400028735[&&NHX:species=Potato])S)D)D)D,((SLYcer12g05190.1[&&NHX:species=Tomato Cherry],Solyc12g099880.1.1[&&NHX:species=Tomato],SPI12g05137.1[&&NHX:species=S. pimp])S,(SLYcer12g03594.1[&&NHX:species=Tomato Cherry],SPI12g03595.1[&&NHX:species=S. pimp])S)D)D,(((((((PGSC0003DMP400026918[&&NHX:species=Potato],Solyc12g009530.1.1[&&NHX:species=Tomato])S,((SLYcer12g00545.1[&&NHX:species=Tomato Cherry],Solyc12g009720.3.1[&&NHX:species=Tomato])S,(PGSC0003DMP400013958[&&NHX:species=Potato],SLYcer12g00547.1[&&NHX:species=Tomato Cherry],SPI12g00574.1[&&NHX:species=S. pimp])S)D)D,PGSC0003DMP400042261[&&NHX:species=Potato])D,((SPI12g00546.1[&&NHX:species=S. pimp],Sopen12g004670.1[&&NHX:species=S. Pennelli])S,((PGSC0003DMP400011765[&&NHX:species=Potato],SPI12g00577.1[&&NHX:species=S. pimp],Solyc12g009730.3.1[&&NHX:species=Tomato],SLYcer12g00548.1[&&NHX:species=Tomato Cherry])S,PGSC0003DMP400005241[&&NHX:species=Potato])D,(SPI12g00827.1[&&NHX:species=S. pimp],PGSC0003DMP400031459[&&NHX:species=Potato])S)D)D,((((PGSC0003DMP400005202[&&NHX:species=Potato],Solyc12g009520.2.1[&&NHX:species=Tomato])S,((SLYcer12g00782.1[&&NHX:species=Tomato Cherry],SLYcer12g00550.1[&&NHX:species=Tomato Cherry])D,((Sopen12g007080.1[&&NHX:species=S. Pennelli],(PGSC0003DMP400005209[&&NHX:species=Potato],PGSC0003DMP400005207[&&NHX:species=Potato])D)S,PGSC0003DMP400005295[&&NHX:species=Potato])D)S)D,((PGSC0003DMP400026911[&&NHX:species=Potato],PGSC0003DMP400026916[&&NHX:species=Potato])D,(Sopen12g007030.1[&&NHX:species=S. Pennelli],Sopen12g007020.1[&&NHX:species=S. Pennelli])D)S)D,((PGSC0003DMP400011758[&&NHX:species=Potato],SPI12g00571.1[&&NHX:species=S. pimp])S,(Solyc12g013680.3.1[&&NHX:species=Tomato],PGSC0003DMP400026914[&&NHX:species=Potato])S)D)D)D,(((Sopen12g004520.1[&&NHX:species=S. Pennelli],Solyc12g009510.1.1[&&NHX:species=Tomato],PGSC0003DMP400005205[&&NHX:species=Potato])S,(SLYcer04g03913.1[&&NHX:species=Tomato Cherry],Solyc04g054450.1.1[&&NHX:species=Tomato],Capana09g000025[&&NHX:species=Dom. pepper],SPI04g03624.1[&&NHX:species=S. pimp],Capang09g000017[&&NHX:species=Wild pepper],PGSC0003DMP400005208[&&NHX:species=Potato])S)D,(Capang01g003938[&&NHX:species=Wild pepper],Sopen01g041940.1[&&NHX:species=S. Pennelli])S)D)D,((Solyc01g098370.1.1[&&NHX:species=Tomato],SPI01g07551.1[&&NHX:species=S. pimp],Capana08g001369[&&NHX:species=Dom. pepper])S,(PGSC0003DMP400049802[&&NHX:species=Potato],(Capana08g001370[&&NHX:species=Dom. pepper],PGSC0003DMP400038931[&&NHX:species=Potato])S)D)D)D,(((((PGSC0003DMP400036509[&&NHX:species=Potato],SLYcer01g00492.1[&&NHX:species=Tomato Cherry])S,PGSC0003DMP400036511[&&NHX:species=Potato])D,(SLYcer01g00493.1[&&NHX:species=Tomato Cherry],Sopen01g003920.1[&&NHX:species=S. Pennelli],Solyc01g008410.3.1[&&NHX:species=Tomato],SPI01g00522.1[&&NHX:species=S. pimp])S)D,(SLYcer01g00491.1[&&NHX:species=Tomato Cherry],Sopen01g003910.1[&&NHX:species=S. Pennelli],Solyc01g008390.3.1[&&NHX:species=Tomato])S)D,(((SPI01g00355.1[&&NHX:species=S. pimp],PGSC0003DMP400036510[&&NHX:species=Potato],Solyc01g009690.3.1[&&NHX:species=Tomato],SLYcer01g00753.1[&&NHX:species=Tomato Cherry])S,(((SPI01g00353.1[&&NHX:species=S. pimp],Solyc01g006550.3.1[&&NHX:species=Tomato])S,SPI01g00348.1[&&NHX:species=S. pimp])D,SPI01g00351.1[&&NHX:species=S. pimp])D)D,(((Sopen01g001730.1[&&NHX:species=S. Pennelli],Solyc01g005730.3.1[&&NHX:species=Tomato])S,Solyc01g005720.3.1[&&NHX:species=Tomato])D,SPI01g00805.1[&&NHX:species=S. pimp])S)D,(((Solyc01g005870.3.1[&&NHX:species=Tomato],PGSC0003DMP400018926[&&NHX:species=Potato],SPI01g00267.1[&&NHX:species=S. pimp],SLYcer01g00247.1[&&NHX:species=Tomato Cherry])S,(Sopen01g001870.1[&&NHX:species=S. Pennelli],(Solyc01g005760.3.1[&&NHX:species=Tomato],SLYcer01g00226.1[&&NHX:species=Tomato Cherry],Sopen01g001720.1[&&NHX:species=S. Pennelli])S)D)D,(SLYcer03g03278.1[&&NHX:species=Tomato Cherry],Solyc03g082780.3.1[&&NHX:species=Tomato],SPI03g03366.1[&&NHX:species=S. pimp])S)D,((Capang00g002608[&&NHX:species=Wild pepper],SLYcer01g00754.1[&&NHX:species=Tomato Cherry],SPI01g00347.1[&&NHX:species=S. pimp])S,(SPI01g00806.1[&&NHX:species=S. pimp],Solyc01g009700.3.1[&&NHX:species=Tomato])S)D,(SPI01g02201.1[&&NHX:species=S. pimp],SLYcer01g02128.1[&&NHX:species=Tomato Cherry])S,((SPI01g00246.1[&&NHX:species=S. pimp],SPI01g00521.1[&&NHX:species=S. pimp])D,SLYcer01g00224.1[&&NHX:species=Tomato Cherry])S,((PGSC0003DMP400009284[&&NHX:species=Potato],SLYcer01g00802.1[&&NHX:species=Tomato Cherry],Solyc01g009930.3.1[&&NHX:species=Tomato])S,(Solyc01g005780.1.1[&&NHX:species=Tomato],SLYcer01g00229.1[&&NHX:species=Tomato Cherry],Capang04g002069[&&NHX:species=Wild pepper],Sopen01g001770.1[&&NHX:species=S. Pennelli])S)D)D)D;	48	27	331	SLYcer01g07684.1,PGSC0003DMP400049781,PGSC0003DMP400049780,SPI12g01367.1,SLYcer09g03593.1,Sopen07g029190.1,SPI12g05154.1,Solyc12g019870.1.1,PGSC0003DMP400033050,Solyc12g009780.1.1,SLYcer12g01332.1,SPI11g00786.1,Solyc12g100030.2.1,Sopen04g006530.1,SLYcer12g04286.1,SLYcer12g05204.1,Solyc12g036800.1.1,SPI12g00833.1,Capana04g001227,Capana09g000590,Capana03g001937,PGSC0003DMP400005204,Solyc01g098690.2.1,Solyc01g098680.2.1,Capana12g002157,SLYcer01g00328.1,Capana09g000593,PGSC0003DMP400040800,SLYcer01g07719.1,SPI12g05153.1,Sopen04g006540.1,Capana03g002136,PGSC0003DMP400019835
OG27634	((SLYcer06g04854.1[&&NHX:species=Tomato Cherry],Sopen06g029310.1[&&NHX:species=S. Pennelli],SPI06g04713.1[&&NHX:species=S. pimp],Capang06g000717[&&NHX:species=Wild pepper],Solyc06g072960.1.1[&&NHX:species=Tomato],Capana06g000764[&&NHX:species=Dom. pepper],PGSC0003DMP400046927[&&NHX:species=Potato])S,(((((SPI11g03629.1[&&NHX:species=S. pimp],Sopen11g025140.2[&&NHX:species=S. Pennelli])S,(PGSC0003DMP400021239[&&NHX:species=Potato],(PGSC0003DMP400046818[&&NHX:species=Potato],Capana06g000857[&&NHX:species=Dom. pepper],Sopen11g025140.3[&&NHX:species=S. Pennelli])S)D)D,PGSC0003DMP400026779[&&NHX:species=Potato])D,(Sopen11g025140.1[&&NHX:species=S. Pennelli],Capang11g000773[&&NHX:species=Wild pepper],SLYcer11g03558.1[&&NHX:species=Tomato Cherry],Solyc11g065360.2.1[&&NHX:species=Tomato],Capana00g001964[&&NHX:species=Dom. pepper])S)D,((SLYcer11g03557.1[&&NHX:species=Tomato Cherry],Solyc11g065350.2.1[&&NHX:species=Tomato],Capang11g000772[&&NHX:species=Wild pepper],SPI11g03628.1[&&NHX:species=S. pimp],Capana11g000785[&&NHX:species=Dom. pepper],Sopen11g025110.1[&&NHX:species=S. Pennelli],PGSC0003DMP400052248[&&NHX:species=Potato])S,(PGSC0003DMP400052246[&&NHX:species=Potato],PGSC0003DMP400052247[&&NHX:species=Potato])D)D)D,((Sopen07g027260.1[&&NHX:species=S. Pennelli],Capang00g001723[&&NHX:species=Wild pepper],SLYcer07g04847.1[&&NHX:species=Tomato Cherry],Capana00g003546[&&NHX:species=Dom. pepper],SPI07g05570.1[&&NHX:species=S. pimp],Solyc07g053300.1.1[&&NHX:species=Tomato],PGSC0003DMP400035518[&&NHX:species=Potato])S,(Sopen07g030860.1[&&NHX:species=S. Pennelli],Solyc07g062630.1.1[&&NHX:species=Tomato],Capang07g002153[&&NHX:species=Wild pepper],SLYcer07g05296.1[&&NHX:species=Tomato Cherry],PGSC0003DMP400021989[&&NHX:species=Potato],SPI07g06020.1[&&NHX:species=S. pimp],Capana07g002135[&&NHX:species=Dom. pepper])S)D,((((Capana10g000944[&&NHX:species=Dom. pepper],Capana10g000926[&&NHX:species=Dom. pepper])D,Capang10g000738[&&NHX:species=Wild pepper])S,(Capana03g003186[&&NHX:species=Dom. pepper],Capang03g003082[&&NHX:species=Wild pepper])S)D,(Solyc07g065770.3.1[&&NHX:species=Tomato],Capang12g000899[&&NHX:species=Wild pepper],SPI07g06333.1[&&NHX:species=S. pimp])S)D,((Sopen12g016590.1[&&NHX:species=S. Pennelli],SLYcer02g00011.1[&&NHX:species=Tomato Cherry],SPI02g00008.1[&&NHX:species=S. pimp],Solyc02g044050.1.1[&&NHX:species=Tomato])S,(SLYcer06g03186.1[&&NHX:species=Tomato Cherry],SPI06g03090.1[&&NHX:species=S. pimp],PGSC0003DMP400047990[&&NHX:species=Potato],Sopen06g014710.1[&&NHX:species=S. Pennelli],Capang06g002201[&&NHX:species=Wild pepper],Capana06g002380[&&NHX:species=Dom. pepper],Solyc06g048540.3.1[&&NHX:species=Tomato])S)D,(((PGSC0003DMP400056133[&&NHX:species=Potato],PGSC0003DMP400056134[&&NHX:species=Potato])D,SPI12g04179.1[&&NHX:species=S. pimp],Capana03g003620[&&NHX:species=Dom. pepper])S,(Capang03g003528[&&NHX:species=Wild pepper],Sopen12g023190.1[&&NHX:species=S. Pennelli],PGSC0003DMP400056135[&&NHX:species=Potato],Solyc12g044820.3.1[&&NHX:species=Tomato],SLYcer12g04241.1[&&NHX:species=Tomato Cherry],Capana00g003600[&&NHX:species=Dom. pepper])S)D,((Capang03g000992[&&NHX:species=Wild pepper],Sopen03g032740.1[&&NHX:species=S. Pennelli],SLYcer03g04543.1[&&NHX:species=Tomato Cherry],SPI03g04593.1[&&NHX:species=S. pimp],Solyc03g113690.1.1[&&NHX:species=Tomato],PGSC0003DMP400042299[&&NHX:species=Potato],Capana03g001034[&&NHX:species=Dom. pepper])S,(Capana03g002125[&&NHX:species=Dom. pepper],Sopen03g003620.1[&&NHX:species=S. Pennelli],Solyc03g007690.1.1[&&NHX:species=Tomato],SPI03g00581.1[&&NHX:species=S. pimp],PGSC0003DMP400036286[&&NHX:species=Potato],SLYcer03g00371.1[&&NHX:species=Tomato Cherry])S)D,((SPI12g04221.1[&&NHX:species=S. pimp],SLYcer12g04280.1[&&NHX:species=Tomato Cherry],Capang00g005458[&&NHX:species=Wild pepper],Solyc12g049120.2.1[&&NHX:species=Tomato],Capana07g000370[&&NHX:species=Dom. pepper])S,(Sopen03g024530.1[&&NHX:species=S. Pennelli],PGSC0003DMP400032760[&&NHX:species=Potato],Capang03g002587[&&NHX:species=Wild pepper],Solyc03g093650.3.1[&&NHX:species=Tomato],Capana03g002685[&&NHX:species=Dom. pepper],SPI03g03627.1[&&NHX:species=S. pimp],SLYcer03g03551.1[&&NHX:species=Tomato Cherry])S,((Sopen05g008830.1[&&NHX:species=S. Pennelli],Solyc03g122050.1.1[&&NHX:species=Tomato],Capana04g001198[&&NHX:species=Dom. pepper],Capang04g001131[&&NHX:species=Wild pepper],PGSC0003DMP400019053[&&NHX:species=Potato],SPI05g01098.1[&&NHX:species=S. pimp],SLYcer05g01036.1[&&NHX:species=Tomato Cherry])S,(Solyc07g018130.2.1[&&NHX:species=Tomato],Sopen07g007050.1[&&NHX:species=S. Pennelli],PGSC0003DMP400009670[&&NHX:species=Potato],SLYcer07g01101.1[&&NHX:species=Tomato Cherry],SPI07g01121.1[&&NHX:species=S. pimp])S)D,(((Sopen02g032160.1[&&NHX:species=S. Pennelli],SPI02g04084.1[&&NHX:species=S. pimp],Capana02g003433[&&NHX:species=Dom. pepper],PGSC0003DMP400020610[&&NHX:species=Potato])S,(PGSC0003DMP400002531[&&NHX:species=Potato],Capang02g003161[&&NHX:species=Wild pepper],Capana02g003432[&&NHX:species=Dom. pepper],Solyc02g087410.4.1[&&NHX:species=Tomato])S)D,(PGSC0003DMP400020609[&&NHX:species=Potato],Sopen12g023550.1[&&NHX:species=S. Pennelli])S)D,(Capang00g002422[&&NHX:species=Wild pepper],(Sopen07g032260.1[&&NHX:species=S. Pennelli],Sopen07g032260.2[&&NHX:species=S. Pennelli])D,SLYcer07g05449.1[&&NHX:species=Tomato Cherry],Solyc07g064120.2.1[&&NHX:species=Tomato],SPI07g06161.1[&&NHX:species=S. pimp],PGSC0003DMP400033463[&&NHX:species=Potato],Capana00g004148[&&NHX:species=Dom. pepper])S)D,(((((PGSC0003DMP400008291[&&NHX:species=Potato],Solyc12g098870.3.1[&&NHX:species=Tomato],SPI12g05040.1[&&NHX:species=S. pimp],Sopen12g033620.1[&&NHX:species=S. Pennelli],SLYcer12g05088.1[&&NHX:species=Tomato Cherry])S,Sopen00g008460.1[&&NHX:species=S. Pennelli])D,(Sopen12g033590.1[&&NHX:species=S. Pennelli],Solyc12g098840.3.1[&&NHX:species=Tomato],SLYcer12g05085.1[&&NHX:species=Tomato Cherry],SPI12g05037.1[&&NHX:species=S. pimp],Capang12g000180[&&NHX:species=Wild pepper])S)D,((SPI06g00424.1[&&NHX:species=S. pimp],PGSC0003DMP400012921[&&NHX:species=Potato],Capang00g000672[&&NHX:species=Wild pepper],Sopen06g004030.1[&&NHX:species=S. Pennelli],Solyc06g009290.4.1[&&NHX:species=Tomato],SLYcer06g00642.1[&&NHX:species=Tomato Cherry])S,(SPI06g00423.1[&&NHX:species=S. pimp],Solyc06g009280.1.1[&&NHX:species=Tomato],Sopen06g004020.1[&&NHX:species=S. Pennelli],PGSC0003DMP400012920[&&NHX:species=Potato])S)D)D,(((((Capana02g001595[&&NHX:species=Dom. pepper],Solyc02g071340.2.1[&&NHX:species=Tomato],SPI02g02830.1[&&NHX:species=S. pimp],SLYcer02g03934.1[&&NHX:species=Tomato Cherry],Capang02g001417[&&NHX:species=Wild pepper])S,(Sopen02g020400.1[&&NHX:species=S. Pennelli],Capang02g001425[&&NHX:species=Wild pepper],Solyc02g071350.3.1[&&NHX:species=Tomato],Capana02g001602[&&NHX:species=Dom. pepper],PGSC0003DMP400005531[&&NHX:species=Potato])S)D,(Capang02g001422[&&NHX:species=Wild pepper],Capana02g001600[&&NHX:species=Dom. pepper])S)D,Capana02g001593[&&NHX:species=Dom. pepper])D,(Capang04g002405[&&NHX:species=Wild pepper],Capana04g002807[&&NHX:species=Dom. pepper],PGSC0003DMP400023753[&&NHX:species=Potato],Sopen03g001870.1[&&NHX:species=S. Pennelli],SLYcer03g00157.1[&&NHX:species=Tomato Cherry],Solyc03g005860.4.1[&&NHX:species=Tomato],SPI03g00300.1[&&NHX:species=S. pimp])S)D)D,((Solyc02g068180.3.1[&&NHX:species=Tomato],Sopen02g017280.1[&&NHX:species=S. Pennelli],Capana02g001057[&&NHX:species=Dom. pepper],SPI02g02500.1[&&NHX:species=S. pimp],Capang02g000977[&&NHX:species=Wild pepper],SLYcer02g03603.1[&&NHX:species=Tomato Cherry])S,(SLYcer06g01071.1[&&NHX:species=Tomato Cherry],Sopen00g003360.1[&&NHX:species=S. Pennelli],SPI06g00887.1[&&NHX:species=S. pimp],Solyc06g011660.3.1[&&NHX:species=Tomato])S,((((Solyc09g009910.4.1[&&NHX:species=Tomato],Sopen09g004660.1[&&NHX:species=S. Pennelli],SPI09g00754.1[&&NHX:species=S. pimp],PGSC0003DMP400015592[&&NHX:species=Potato],SLYcer09g00823.1[&&NHX:species=Tomato Cherry])S,PGSC0003DMP400015593[&&NHX:species=Potato])D,Capana09g002424[&&NHX:species=Dom. pepper])S,PGSC0003DMP400015591[&&NHX:species=Potato])D,(Solyc04g056650.4.1[&&NHX:species=Tomato],SLYcer04g04242.1[&&NHX:species=Tomato Cherry],(Sopen04g025570.1[&&NHX:species=S. Pennelli],Sopen04g025570.2[&&NHX:species=S. Pennelli])D,Capang12g001220[&&NHX:species=Wild pepper],Capana12g001420[&&NHX:species=Dom. pepper],SPI04g03880.1[&&NHX:species=S. pimp])S)D,(((((Capang00g001729[&&NHX:species=Wild pepper],Capana09g000914[&&NHX:species=Dom. pepper])S,(Solyc12g013640.2.1[&&NHX:species=Tomato],PGSC0003DMP400026905[&&NHX:species=Potato],SPI12g00822.1[&&NHX:species=S. pimp])S)D,(Capang00g000186[&&NHX:species=Wild pepper],PGSC0003DMP400026904[&&NHX:species=Potato],Capana00g003935[&&NHX:species=Dom. pepper],SLYcer12g00777.1[&&NHX:species=Tomato Cherry],Solyc12g013630.1.1[&&NHX:species=Tomato])S)D,((Capang00g005434[&&NHX:species=Wild pepper],Capang02g000609[&&NHX:species=Wild pepper])D,(Capana07g002218[&&NHX:species=Dom. pepper],Capana02g000694[&&NHX:species=Dom. pepper])D,SPI07g06097.1[&&NHX:species=S. pimp],Solyc07g063400.3.1[&&NHX:species=Tomato],PGSC0003DMP400033525[&&NHX:species=Potato],Sopen07g031560.1[&&NHX:species=S. Pennelli],SLYcer07g05378.1[&&NHX:species=Tomato Cherry])S)D,(Sopen12g006980.1[&&NHX:species=S. Pennelli],SLYcer06g04757.1[&&NHX:species=Tomato Cherry],SPI06g04620.1[&&NHX:species=S. pimp])S)D,((((Capang04g001818[&&NHX:species=Wild pepper],Capana04g002006[&&NHX:species=Dom. pepper],PGSC0003DMP400002560[&&NHX:species=Potato])S,(Capang11g000282[&&NHX:species=Wild pepper],Solyc05g013890.3.1[&&NHX:species=Tomato],PGSC0003DMP400030607[&&NHX:species=Potato],Capana11g000311[&&NHX:species=Dom. pepper])S)D,Capana02g002282[&&NHX:species=Dom. pepper])D,((Capang03g002322[&&NHX:species=Wild pepper],Sopen03g005200.4[&&NHX:species=S. Pennelli],Capana03g002400[&&NHX:species=Dom. pepper])S,(Solyc03g026310.4.1[&&NHX:species=Tomato],Sopen03g005200.3[&&NHX:species=S. Pennelli])S)D,((Capang03g000829[&&NHX:species=Wild pepper],Capana00g000195[&&NHX:species=Dom. pepper],SPI05g01099.1[&&NHX:species=S. pimp],PGSC0003DMP400042448[&&NHX:species=Potato])S,(PGSC0003DMP400042445[&&NHX:species=Potato],Sopen03g034030.1[&&NHX:species=S. Pennelli],SLYcer03g04689.1[&&NHX:species=Tomato Cherry],SPI03g04745.1[&&NHX:species=S. pimp],Solyc03g114950.2.1[&&NHX:species=Tomato],Capana03g000902[&&NHX:species=Dom. pepper])S)D,((Capang09g000934[&&NHX:species=Wild pepper],SPI09g02349.1[&&NHX:species=S. pimp],SLYcer09g02432.1[&&NHX:species=Tomato Cherry],Capana09g001348[&&NHX:species=Dom. pepper])S,(Capana09g001350[&&NHX:species=Dom. pepper],Solyc09g055350.3.1[&&NHX:species=Tomato],Capang09g000936[&&NHX:species=Wild pepper],Sopen09g017780.1[&&NHX:species=S. Pennelli])S)D,((Capang00g005471[&&NHX:species=Wild pepper],Capana11g001083[&&NHX:species=Dom. pepper],SLYcer12g04281.1[&&NHX:species=Tomato Cherry],Solyc12g049130.1.1[&&NHX:species=Tomato])S,((Capang02g001415[&&NHX:species=Wild pepper],Capana07g000371[&&NHX:species=Dom. pepper])S,((Capana11g000302[&&NHX:species=Dom. pepper],PGSC0003DMP400013130[&&NHX:species=Potato],Capang11g000283[&&NHX:species=Wild pepper])S,(PGSC0003DMP400008122[&&NHX:species=Potato],Capang02g001416[&&NHX:species=Wild pepper])S)D)D)D,((Capang12g000607[&&NHX:species=Wild pepper],SPI12g02351.1[&&NHX:species=S. pimp],Sopen12g027430.1[&&NHX:species=S. Pennelli],Solyc03g122070.3.1[&&NHX:species=Tomato],SLYcer12g02578.1[&&NHX:species=Tomato Cherry],Capana12g000726[&&NHX:species=Dom. pepper])S,(Solyc12g070270.2.1[&&NHX:species=Tomato],Capang04g001820[&&NHX:species=Wild pepper],Capana04g002008[&&NHX:species=Dom. pepper])S)D)D,((((((((PGSC0003DMP400030462[&&NHX:species=Potato],Sopen05g009510.1[&&NHX:species=S. Pennelli],SPI05g01178.1[&&NHX:species=S. pimp],SLYcer05g01105.1[&&NHX:species=Tomato Cherry])S,PGSC0003DMP400030495[&&NHX:species=Potato])D,Capana11g001166[&&NHX:species=Dom. pepper],Capang11g001169[&&NHX:species=Wild pepper])S,(PGSC0003DMP400038391[&&NHX:species=Potato],SLYcer07g05574.1[&&NHX:species=Tomato Cherry],SPI07g06290.1[&&NHX:species=S. pimp],Solyc07g065320.4.1[&&NHX:species=Tomato],Capana07g002357[&&NHX:species=Dom. pepper],Capang07g002351[&&NHX:species=Wild pepper],Sopen07g033520.1[&&NHX:species=S. Pennelli])S)D,((Capang10g000690[&&NHX:species=Wild pepper],SLYcer10g01402.1[&&NHX:species=Tomato Cherry],PGSC0003DMP400037962[&&NHX:species=Potato],Solyc10g024420.3.1[&&NHX:species=Tomato],Capana10g000878[&&NHX:species=Dom. pepper],SPI01g04416.1[&&NHX:species=S. pimp])S,(SPI10g01222.1[&&NHX:species=S. pimp],SLYcer10g01363.1[&&NHX:species=Tomato Cherry],PGSC0003DMP400007796[&&NHX:species=Potato])S)D)D,(((PGSC0003DMP400015067[&&NHX:species=Potato],PGSC0003DMP400015066[&&NHX:species=Potato])D,Sopen09g025580.1[&&NHX:species=S. Pennelli],Solyc09g064440.4.1[&&NHX:species=Tomato],SLYcer09g03560.1[&&NHX:species=Tomato Cherry],Capang09g000756[&&NHX:species=Wild pepper],SPI09g03453.1[&&NHX:species=S. pimp])S,(Capana09g000832[&&NHX:species=Dom. pepper],PGSC0003DMP400015068[&&NHX:species=Potato],SPI12g03163.1[&&NHX:species=S. pimp],SLYcer12g03176.1[&&NHX:species=Tomato Cherry])S)D)D,((Sopen12g016260.2[&&NHX:species=S. Pennelli],Capang01g002143[&&NHX:species=Wild pepper])S,(Capang08g000822[&&NHX:species=Wild pepper],Capana01g003904[&&NHX:species=Dom. pepper],Solyc08g006880.3.1[&&NHX:species=Tomato],SPI08g00288.1[&&NHX:species=S. pimp],SLYcer08g00352.1[&&NHX:species=Tomato Cherry],Sopen08g002840.1[&&NHX:species=S. Pennelli])S)D)D,((Sopen03g036450.2[&&NHX:species=S. Pennelli],Capang03g000496[&&NHX:species=Wild pepper],Solyc03g117540.4.1[&&NHX:species=Tomato],SLYcer03g04948.1[&&NHX:species=Tomato Cherry],Capana03g000541[&&NHX:species=Dom. pepper],SPI03g05005.1[&&NHX:species=S. pimp])S,Capana01g002483[&&NHX:species=Dom. pepper])D)D,(((((SPI09g04779.1[&&NHX:species=S. pimp],Solyc09g091670.3.1[&&NHX:species=Tomato],SLYcer09g05104.1[&&NHX:species=Tomato Cherry],Sopen09g034580.1[&&NHX:species=S. Pennelli],Capana03g004013[&&NHX:species=Dom. pepper],PGSC0003DMP400051612[&&NHX:species=Potato])S,(((SPI12g04955.1[&&NHX:species=S. pimp],Solyc12g098210.3.1[&&NHX:species=Tomato],Capana12g000324[&&NHX:species=Dom. pepper],SLYcer12g04997.1[&&NHX:species=Tomato Cherry],Sopen12g033030.1[&&NHX:species=S. Pennelli],Capang12g000266[&&NHX:species=Wild pepper])S,((Sopen09g034570.1[&&NHX:species=S. Pennelli],SLYcer09g05103.1[&&NHX:species=Tomato Cherry],Solyc09g091660.3.1[&&NHX:species=Tomato],Capang04g002279[&&NHX:species=Wild pepper],Capana03g004014[&&NHX:species=Dom. pepper])S,((PGSC0003DMP400051611[&&NHX:species=Potato],Capana12g000323[&&NHX:species=Dom. pepper])S,PGSC0003DMP400051609[&&NHX:species=Potato])D)D)D,((Solyc12g100190.2.1[&&NHX:species=Tomato],Solyc12g100180.2.1[&&NHX:species=Tomato])D,((Capang12g000034[&&NHX:species=Wild pepper],Capana12g000032[&&NHX:species=Dom. pepper])S,(Capana12g000038[&&NHX:species=Dom. pepper],(Capang12g000042[&&NHX:species=Wild pepper],Capana12g000039[&&NHX:species=Dom. pepper])S)D)D,(Sopen12g034820.1[&&NHX:species=S. Pennelli],Sopen12g034810.1[&&NHX:species=S. Pennelli])D)S)D)D,((((Sopen05g032130.1[&&NHX:species=S. Pennelli],PGSC0003DMP400023214[&&NHX:species=Potato],Solyc05g053610.2.1[&&NHX:species=Tomato],SPI05g04679.1[&&NHX:species=S. pimp],SLYcer10g02282.1[&&NHX:species=Tomato Cherry])S,PGSC0003DMP400023219[&&NHX:species=Potato])D,(((SPI05g04678.1[&&NHX:species=S. pimp],(SLYcer10g02283.1[&&NHX:species=Tomato Cherry],SPI05g04677.1[&&NHX:species=S. pimp])S)D,SLYcer10g02284.1[&&NHX:species=Tomato Cherry])D,((Sopen05g032100.1[&&NHX:species=S. Pennelli],Sopen05g032120.1[&&NHX:species=S. Pennelli])D,Sopen05g032110.1[&&NHX:species=S. Pennelli])D)S)D,(Capang05g001816[&&NHX:species=Wild pepper],(Capang05g001818[&&NHX:species=Wild pepper],Capang05g001817[&&NHX:species=Wild pepper])D)D,(Capana05g002266[&&NHX:species=Dom. pepper],(Capana05g002268[&&NHX:species=Dom. pepper],Capana05g002267[&&NHX:species=Dom. pepper])D)D)S)D,(((Capang01g004238[&&NHX:species=Wild pepper],Capang01g004239[&&NHX:species=Wild pepper])D,Sopen01g044530.1[&&NHX:species=S. Pennelli],Solyc01g101070.3.1[&&NHX:species=Tomato])S,((PGSC0003DMP400004676[&&NHX:species=Potato],(Solyc03g120980.3.1[&&NHX:species=Tomato],Sopen03g039810.1[&&NHX:species=S. Pennelli],SLYcer03g05317.1[&&NHX:species=Tomato Cherry],Capana03g000253[&&NHX:species=Dom. pepper],Capang03g000241[&&NHX:species=Wild pepper],SPI03g05357.1[&&NHX:species=S. pimp],PGSC0003DMP400004674[&&NHX:species=Potato])S)D,PGSC0003DMP400062414[&&NHX:species=Potato])D)D)D,((SPI06g05138.1[&&NHX:species=S. pimp],Solyc06g076930.2.1[&&NHX:species=Tomato],Capana06g000355[&&NHX:species=Dom. pepper],Sopen06g033330.1[&&NHX:species=S. Pennelli],Capang06g000321[&&NHX:species=Wild pepper],SLYcer06g05248.1[&&NHX:species=Tomato Cherry])S,(Sopen02g026490.1[&&NHX:species=S. Pennelli],SPI02g03466.1[&&NHX:species=S. pimp],SLYcer02g04572.1[&&NHX:species=Tomato Cherry],Capana02g002352[&&NHX:species=Dom. pepper],Solyc02g081870.4.1[&&NHX:species=Tomato])S)D)D,((Solyc11g065720.2.1[&&NHX:species=Tomato],PGSC0003DMP400013020[&&NHX:species=Potato])S,((Solyc06g036480.2.1[&&NHX:species=Tomato],PGSC0003DMP400011653[&&NHX:species=Potato])S,(PGSC0003DMP400030466[&&NHX:species=Potato],Capana01g002893[&&NHX:species=Dom. pepper])S)D,(((SPI12g03165.1[&&NHX:species=S. pimp],Solyc12g036160.3.1[&&NHX:species=Tomato],Capana01g002484[&&NHX:species=Dom. pepper],PGSC0003DMP400007794[&&NHX:species=Potato],Capang08g000818[&&NHX:species=Wild pepper],SLYcer12g03178.1[&&NHX:species=Tomato Cherry])S,Capang03g003678[&&NHX:species=Wild pepper])D,(((PGSC0003DMP400024879[&&NHX:species=Potato],PGSC0003DMP400024880[&&NHX:species=Potato])D,Capang00g005033[&&NHX:species=Wild pepper])S,PGSC0003DMP400016013[&&NHX:species=Potato])D)D,((SPI12g03164.1[&&NHX:species=S. pimp],Solyc12g036150.1.1[&&NHX:species=Tomato],SLYcer12g03177.1[&&NHX:species=Tomato Cherry])S,((SPI10g01223.1[&&NHX:species=S. pimp],PGSC0003DMP400054453[&&NHX:species=Potato],Solyc05g014390.4.1[&&NHX:species=Tomato],SLYcer10g01364.1[&&NHX:species=Tomato Cherry])S,((PGSC0003DMP400015070[&&NHX:species=Potato],Capana09g000830[&&NHX:species=Dom. pepper])S,PGSC0003DMP400016015[&&NHX:species=Potato])D)D)D,((SPI12g04178.1[&&NHX:species=S. pimp],SLYcer12g04240.1[&&NHX:species=Tomato Cherry],Sopen12g023180.1[&&NHX:species=S. Pennelli],PGSC0003DMP400017296[&&NHX:species=Potato])S,(Sopen10g009540.1[&&NHX:species=S. Pennelli],Capana03g002854[&&NHX:species=Dom. pepper],Capang03g002841[&&NHX:species=Wild pepper])S)D)D,(((Sopen11g027010.1[&&NHX:species=S. Pennelli],SPI11g03858.1[&&NHX:species=S. pimp],PGSC0003DMP400013095[&&NHX:species=Potato],Capana11g000312[&&NHX:species=Dom. pepper],Solyc11g067310.3.1[&&NHX:species=Tomato],SLYcer11g03794.1[&&NHX:species=Tomato Cherry],Capang11g000275[&&NHX:species=Wild pepper])S,Capana11g000303[&&NHX:species=Dom. pepper])D,(SPI11g03857.1[&&NHX:species=S. pimp],Sopen11g026980.1[&&NHX:species=S. Pennelli],SLYcer11g03793.1[&&NHX:species=Tomato Cherry],Solyc11g067300.2.1[&&NHX:species=Tomato],PGSC0003DMP400013129[&&NHX:species=Potato])S)D,((Sopen03g029870.1[&&NHX:species=S. Pennelli],SPI03g04300.1[&&NHX:species=S. pimp],Capana03g001458[&&NHX:species=Dom. pepper],Capang03g001386[&&NHX:species=Wild pepper],SLYcer03g04241.1[&&NHX:species=Tomato Cherry],PGSC0003DMP400026780[&&NHX:species=Potato],Solyc03g019760.4.1[&&NHX:species=Tomato])S,(((Capana06g000856[&&NHX:species=Dom. pepper],Sopen06g028380.1[&&NHX:species=S. Pennelli])S,((Sopen06g028390.2[&&NHX:species=S. Pennelli],Sopen06g028390.1[&&NHX:species=S. Pennelli])D,PGSC0003DMP400046817[&&NHX:species=Potato],Capang06g000805[&&NHX:species=Wild pepper])S)D,(Capana06g001338[&&NHX:species=Dom. pepper],Capang06g001221[&&NHX:species=Wild pepper])S)D)D,((((Capana08g001167[&&NHX:species=Dom. pepper],Capang01g003740[&&NHX:species=Wild pepper],SLYcer01g07877.1[&&NHX:species=Tomato Cherry],Sopen01g040450.1[&&NHX:species=S. Pennelli],Solyc01g096740.4.1[&&NHX:species=Tomato],SPI01g07396.1[&&NHX:species=S. pimp],PGSC0003DMP400047828[&&NHX:species=Potato])S,((Solyc01g096720.4.1[&&NHX:species=Tomato],(SPI01g07394.1[&&NHX:species=S. pimp],PGSC0003DMP400005916[&&NHX:species=Potato],Solyc01g096730.2.1[&&NHX:species=Tomato],Sopen01g040440.1[&&NHX:species=S. Pennelli],SLYcer01g07878.1[&&NHX:species=Tomato Cherry])S)D,((Capang01g003739[&&NHX:species=Wild pepper],Capana08g001165[&&NHX:species=Dom. pepper])S,Capana08g001166[&&NHX:species=Dom. pepper])D)S)D,(SPI12g03453.1[&&NHX:species=S. pimp],Solyc12g038220.3.1[&&NHX:species=Tomato],PGSC0003DMP400005914[&&NHX:species=Potato],Sopen01g040430.1[&&NHX:species=S. Pennelli],SLYcer12g03465.1[&&NHX:species=Tomato Cherry])S)D,(SPI01g05266.1[&&NHX:species=S. pimp],Solyc01g058360.1.1[&&NHX:species=Tomato],SLYcer01g05123.1[&&NHX:species=Tomato Cherry])S)D,((Capang00g000757[&&NHX:species=Wild pepper],Sopen09g029840.1[&&NHX:species=S. Pennelli],Solyc09g075020.3.1[&&NHX:species=Tomato],Capana00g003079[&&NHX:species=Dom. pepper],(PGSC0003DMP400020141[&&NHX:species=Potato],PGSC0003DMP400020140[&&NHX:species=Potato])D,SPI09g04148.1[&&NHX:species=S. pimp],SLYcer09g04339.1[&&NHX:species=Tomato Cherry])S,((Sopen01g032440.1[&&NHX:species=S. Pennelli],PGSC0003DMP400011135[&&NHX:species=Potato])S,((SLYcer01g06203.1[&&NHX:species=Tomato Cherry],SPI01g06503.1[&&NHX:species=S. pimp],Capana01g003068[&&NHX:species=Dom. pepper],Solyc01g080640.3.1[&&NHX:species=Tomato],PGSC0003DMP400011134[&&NHX:species=Potato])S,((Capang01g002750[&&NHX:species=Wild pepper],PGSC0003DMP400011133[&&NHX:species=Potato])S,(Capana01g003075[&&NHX:species=Dom. pepper],Capang01g002753[&&NHX:species=Wild pepper])S)D)D)D)D,((Solyc04g010310.4.1[&&NHX:species=Tomato],Capana05g000408[&&NHX:species=Dom. pepper],Sopen04g005490.1[&&NHX:species=S. Pennelli],Capang05g000328[&&NHX:species=Wild pepper],SPI04g00648.1[&&NHX:species=S. pimp],SLYcer04g00675.1[&&NHX:species=Tomato Cherry])S,((Capang03g000120[&&NHX:species=Wild pepper],SLYcer03g05429.1[&&NHX:species=Tomato Cherry],PGSC0003DMP400039733[&&NHX:species=Potato],Capana03g000127[&&NHX:species=Dom. pepper],SPI03g05465.1[&&NHX:species=S. pimp],Sopen03g040850.1[&&NHX:species=S. Pennelli])S,((PGSC0003DMP400006917[&&NHX:species=Potato],Capana09g002235[&&NHX:species=Dom. pepper],SLYcer09g00424.1[&&NHX:species=Tomato Cherry],Solyc09g008240.3.1[&&NHX:species=Tomato],Sopen09g003060.1[&&NHX:species=S. Pennelli],SPI09g00337.1[&&NHX:species=S. pimp],Capang09g001747[&&NHX:species=Wild pepper])S,((SPI08g05777.1[&&NHX:species=S. pimp],Capana01g001066[&&NHX:species=Dom. pepper],Sopen08g025270.1[&&NHX:species=S. Pennelli],PGSC0003DMP400030606[&&NHX:species=Potato],SLYcer08g05890.1[&&NHX:species=Tomato Cherry],Capang01g000916[&&NHX:species=Wild pepper],Solyc08g076720.4.1[&&NHX:species=Tomato])S,(((SPI02g04125.1[&&NHX:species=S. pimp],Solyc02g087870.3.1[&&NHX:species=Tomato],SLYcer02g05195.1[&&NHX:species=Tomato Cherry],Sopen02g032590.1[&&NHX:species=S. Pennelli],PGSC0003DMP400002562[&&NHX:species=Potato])S,PGSC0003DMP400002561[&&NHX:species=Potato])D,Capang02g003117[&&NHX:species=Wild pepper])S)D)D)D)D,((((SLYcer08g06401.1[&&NHX:species=Tomato Cherry],SPI08g06314.1[&&NHX:species=S. pimp],Sopen08g030180.1[&&NHX:species=S. Pennelli],Capang01g000146[&&NHX:species=Wild pepper],Solyc08g081890.4.1[&&NHX:species=Tomato],Capana01g000154[&&NHX:species=Dom. pepper])S,((Capang02g000120[&&NHX:species=Wild pepper],(PGSC0003DMP400021502[&&NHX:species=Potato],PGSC0003DMP400021501[&&NHX:species=Potato])D)S,PGSC0003DMP400021500[&&NHX:species=Potato])D)D,((SPI06g02760.1[&&NHX:species=S. pimp],Capang06g002290[&&NHX:species=Wild pepper],SLYcer06g02959.1[&&NHX:species=Tomato Cherry],Capana06g002473[&&NHX:species=Dom. pepper],Solyc06g036490.3.1[&&NHX:species=Tomato],PGSC0003DMP400050342[&&NHX:species=Potato],Sopen06g012460.1[&&NHX:species=S. Pennelli])S,((SPI03g00568.1[&&NHX:species=S. pimp],Capana03g002092[&&NHX:species=Dom. pepper],SLYcer03g00348.1[&&NHX:species=Tomato Cherry],Solyc03g007530.3.1[&&NHX:species=Tomato],Sopen03g003490.1[&&NHX:species=S. Pennelli],Capang03g001976[&&NHX:species=Wild pepper],PGSC0003DMP400016014[&&NHX:species=Potato])S,PGSC0003DMP400011652[&&NHX:species=Potato])D)D)D,((Sopen10g009550.1[&&NHX:species=S. Pennelli],Solyc11g065710.3.1[&&NHX:species=Tomato],PGSC0003DMP400013021[&&NHX:species=Potato],SLYcer11g03616.1[&&NHX:species=Tomato Cherry],SPI11g03678.1[&&NHX:species=S. pimp])S,(((Sopen11g025470.1[&&NHX:species=S. Pennelli],Sopen11g025460.1[&&NHX:species=S. Pennelli])D,SPI11g03679.1[&&NHX:species=S. pimp],SLYcer11g03617.1[&&NHX:species=Tomato Cherry],PGSC0003DMP400012998[&&NHX:species=Potato])S,PGSC0003DMP400013019[&&NHX:species=Potato])D)D)D,((Solyc07g065780.2.1[&&NHX:species=Tomato],PGSC0003DMP400036990[&&NHX:species=Potato],Capang07g002404[&&NHX:species=Wild pepper],Capana07g002406[&&NHX:species=Dom. pepper])S,(((PGSC0003DMP400001504[&&NHX:species=Potato],PGSC0003DMP400001505[&&NHX:species=Potato])D,Capang04g001340[&&NHX:species=Wild pepper],SLYcer04g04749.1[&&NHX:species=Tomato Cherry],(Sopen04g026900.1[&&NHX:species=S. Pennelli],Sopen04g026900.2[&&NHX:species=S. Pennelli])D,Capana04g001404[&&NHX:species=Dom. pepper],Solyc04g070970.4.1[&&NHX:species=Tomato])S,(Capang01g001405[&&NHX:species=Wild pepper],(Sopen01g002710.1[&&NHX:species=S. Pennelli],Sopen01g002710.2[&&NHX:species=S. Pennelli])D,Solyc01g006720.4.1[&&NHX:species=Tomato],PGSC0003DMP400036989[&&NHX:species=Potato],SPI01g00374.1[&&NHX:species=S. pimp],Capana01g001697[&&NHX:species=Dom. pepper],SLYcer01g00348.1[&&NHX:species=Tomato Cherry])S)D)D,(Capang00g004884[&&NHX:species=Wild pepper],PGSC0003DMP400050378[&&NHX:species=Potato],Sopen12g022860.1[&&NHX:species=S. Pennelli],SPI08g05073.1[&&NHX:species=S. pimp],SLYcer08g05186.1[&&NHX:species=Tomato Cherry])S,((((Capana00g002920[&&NHX:species=Dom. pepper],Capang01g002270[&&NHX:species=Wild pepper])S,Capana00g002921[&&NHX:species=Dom. pepper])D,PGSC0003DMP400045340[&&NHX:species=Potato],Sopen06g024190.1[&&NHX:species=S. Pennelli],SLYcer06g04266.1[&&NHX:species=Tomato Cherry],SPI06g04127.1[&&NHX:species=S. pimp],Solyc06g065670.4.1[&&NHX:species=Tomato])S,(Solyc05g018510.3.1[&&NHX:species=Tomato],SPI05g02381.1[&&NHX:species=S. pimp],SLYcer05g01823.1[&&NHX:species=Tomato Cherry],Sopen05g015600.1[&&NHX:species=S. Pennelli])S)D,(((SLYcer12g04185.1[&&NHX:species=Tomato Cherry],PGSC0003DMP400004675[&&NHX:species=Potato],Solyc12g044580.3.1[&&NHX:species=Tomato])S,(Capang00g005297[&&NHX:species=Wild pepper],PGSC0003DMP400029466[&&NHX:species=Potato])S)D,(((SPI02g00058.1[&&NHX:species=S. pimp],PGSC0003DMP400060265[&&NHX:species=Potato],Solyc02g055530.4.1[&&NHX:species=Tomato],SLYcer02g00052.1[&&NHX:species=Tomato Cherry])S,SPI09g01791.1[&&NHX:species=S. pimp])D,SLYcer12g04184.1[&&NHX:species=Tomato Cherry])D,((SPI04g04718.1[&&NHX:species=S. pimp],Solyc09g042300.2.1[&&NHX:species=Tomato])S,(((Capana12g002046[&&NHX:species=Dom. pepper],Capana08g000419[&&NHX:species=Dom. pepper])D,PGSC0003DMP400033295[&&NHX:species=Potato],Solyc04g076170.1.1[&&NHX:species=Tomato],Capang03g002471[&&NHX:species=Wild pepper])S,((Capang00g000954[&&NHX:species=Wild pepper],Capana06g000139[&&NHX:species=Dom. pepper],Solyc09g042280.1.1[&&NHX:species=Tomato])S,(Capana01g002074[&&NHX:species=Dom. pepper],Capana12g001750[&&NHX:species=Dom. pepper])D)D)D)D,((Solyc02g055540.1.1[&&NHX:species=Tomato],Capana02g002353[&&NHX:species=Dom. pepper],SPI11g01374.1[&&NHX:species=S. pimp],Sopen05g014090.1[&&NHX:species=S. Pennelli],SLYcer11g01241.1[&&NHX:species=Tomato Cherry],PGSC0003DMP400012958[&&NHX:species=Potato])S,PGSC0003DMP400033860[&&NHX:species=Potato],(Solyc09g150122.1.1[&&NHX:species=Tomato],SLYcer09g01904.1[&&NHX:species=Tomato Cherry])S)D,((PGSC0003DMP400053076[&&NHX:species=Potato],PGSC0003DMP400053075[&&NHX:species=Potato])D,Capana11g002390[&&NHX:species=Dom. pepper],Capang11g002266[&&NHX:species=Wild pepper],Sopen05g004180.1[&&NHX:species=S. Pennelli],Solyc05g008350.3.1[&&NHX:species=Tomato],SPI05g00510.1[&&NHX:species=S. pimp],SLYcer05g00479.1[&&NHX:species=Tomato Cherry])S,((((SPI09g04780.1[&&NHX:species=S. pimp],Solyc12g019640.2.1[&&NHX:species=Tomato],PGSC0003DMP400004040[&&NHX:species=Potato],Capana04g002609[&&NHX:species=Dom. pepper])S,Capana12g000798[&&NHX:species=Dom. pepper])D,SPI03g00196.1[&&NHX:species=S. pimp])D,((Capana03g002032[&&NHX:species=Dom. pepper],(PGSC0003DMP400033296[&&NHX:species=Potato],PGSC0003DMP400033294[&&NHX:species=Potato])D,Capang06g002298[&&NHX:species=Wild pepper])S,Capana09g001753[&&NHX:species=Dom. pepper])D)D)D,((Capana12g002282[&&NHX:species=Dom. pepper],(((Capana12g002302[&&NHX:species=Dom. pepper],Capana12g002283[&&NHX:species=Dom. pepper])D,PGSC0003DMP400033861[&&NHX:species=Potato],SPI11g00484.1[&&NHX:species=S. pimp],SLYcer11g00333.1[&&NHX:species=Tomato Cherry])S,((Sopen11g003180.1[&&NHX:species=S. Pennelli],Solyc11g007290.1.1[&&NHX:species=Tomato])S,(Sopen11g003170.1[&&NHX:species=S. Pennelli],Solyc11g007280.3.1[&&NHX:species=Tomato],Capana12g002300[&&NHX:species=Dom. pepper])S)D)D)D,(Solyc06g036240.2.1[&&NHX:species=Tomato],SLYcer06g02922.1[&&NHX:species=Tomato Cherry],SPI06g02724.1[&&NHX:species=S. pimp],Capang00g002217[&&NHX:species=Wild pepper],Capana04g002608[&&NHX:species=Dom. pepper])S,((Capana11g000224[&&NHX:species=Dom. pepper],Sopen11g026710.1[&&NHX:species=S. Pennelli],PGSC0003DMP400046125[&&NHX:species=Potato],Capang11g000231[&&NHX:species=Wild pepper],Solyc11g067000.3.1[&&NHX:species=Tomato],SPI11g03829.1[&&NHX:species=S. pimp],SLYcer11g03764.1[&&NHX:species=Tomato Cherry])S,(PGSC0003DMP400033862[&&NHX:species=Potato],Solyc11g007300.2.1[&&NHX:species=Tomato],Capana12g002281[&&NHX:species=Dom. pepper],Sopen11g003190.1[&&NHX:species=S. Pennelli],SLYcer11g00334.1[&&NHX:species=Tomato Cherry])S)D,((((Capana05g002458[&&NHX:species=Dom. pepper],Capana05g002457[&&NHX:species=Dom. pepper])D,PGSC0003DMP400040660[&&NHX:species=Potato],SLYcer10g02107.1[&&NHX:species=Tomato Cherry],SPI05g04874.1[&&NHX:species=S. pimp],Solyc05g055330.3.1[&&NHX:species=Tomato],Sopen05g033770.1[&&NHX:species=S. Pennelli])S,(Capang05g002004[&&NHX:species=Wild pepper],(Capang05g002003[&&NHX:species=Wild pepper],PGSC0003DMP400040659[&&NHX:species=Potato])S)D)D,PGSC0003DMP400040443[&&NHX:species=Potato])D,(Solyc12g019620.2.1[&&NHX:species=Tomato],SPI06g02723.1[&&NHX:species=S. pimp])S)D,(((Capana06g000916[&&NHX:species=Dom. pepper],Capang06g000859[&&NHX:species=Wild pepper],PGSC0003DMP400021233[&&NHX:species=Potato],SLYcer01g07815.1[&&NHX:species=Tomato Cherry])S,(SPI01g08166.1[&&NHX:species=S. pimp],PGSC0003DMP400022198[&&NHX:species=Potato],Capana06g000839[&&NHX:species=Dom. pepper])S)D,(PGSC0003DMP400013237[&&NHX:species=Potato],(Sopen04g002010.1[&&NHX:species=S. Pennelli],SPI04g00259.1[&&NHX:species=S. pimp],SLYcer04g00283.1[&&NHX:species=Tomato Cherry],PGSC0003DMP400013236[&&NHX:species=Potato],Solyc04g006960.3.1[&&NHX:species=Tomato])S)D,((SPI08g00132.1[&&NHX:species=S. pimp],Capana01g004235[&&NHX:species=Dom. pepper],Sopen08g001610.1[&&NHX:species=S. Pennelli],Capang08g001100[&&NHX:species=Wild pepper],Solyc08g005580.3.1[&&NHX:species=Tomato],(PGSC0003DMP400032197[&&NHX:species=Potato],PGSC0003DMP400032198[&&NHX:species=Potato])D,SLYcer08g00206.1[&&NHX:species=Tomato Cherry])S,PGSC0003DMP400032196[&&NHX:species=Potato])D,(Capang03g002007[&&NHX:species=Wild pepper],((((Capana04g002036[&&NHX:species=Dom. pepper],Capang07g002239[&&NHX:species=Wild pepper])S,Capana04g002607[&&NHX:species=Dom. pepper])D,(PGSC0003DMP400003530[&&NHX:species=Potato],PGSC0003DMP400013235[&&NHX:species=Potato])D)S,Capana12g000858[&&NHX:species=Dom. pepper])D,(SPI01g07825.1[&&NHX:species=S. pimp],Capana05g002459[&&NHX:species=Dom. pepper])S,Capana12g000800[&&NHX:species=Dom. pepper])D,(SLYcer08g05761.1[&&NHX:species=Tomato Cherry],Capana01g000966[&&NHX:species=Dom. pepper],SPI08g05646.1[&&NHX:species=S. pimp],Sopen08g024060.1[&&NHX:species=S. Pennelli],PGSC0003DMP400003531[&&NHX:species=Potato],Capang00g004237[&&NHX:species=Wild pepper],Solyc08g075430.3.1[&&NHX:species=Tomato])S,((SPI09g04776.1[&&NHX:species=S. pimp],Capana12g000040[&&NHX:species=Dom. pepper],Sopen00g010410.1[&&NHX:species=S. Pennelli])S,Capana04g001407[&&NHX:species=Dom. pepper],Capana05g002456[&&NHX:species=Dom. pepper],(Capang00g000774[&&NHX:species=Wild pepper],Capana12g000367[&&NHX:species=Dom. pepper])S)D,((PGSC0003DMP400001665[&&NHX:species=Potato],Capang04g001841[&&NHX:species=Wild pepper],SLYcer11g01147.1[&&NHX:species=Tomato Cherry],Sopen11g009680.1[&&NHX:species=S. Pennelli],SPI11g01278.1[&&NHX:species=S. pimp])S,(SPI04g04237.1[&&NHX:species=S. pimp],PGSC0003DMP400013234[&&NHX:species=Potato])S,(PGSC0003DMP400001666[&&NHX:species=Potato],Solyc11g018680.1.1[&&NHX:species=Tomato],Capana04g002032[&&NHX:species=Dom. pepper])S)D)D,((PGSC0003DMP400032813[&&NHX:species=Potato],Sopen12g009950.1[&&NHX:species=S. Pennelli],SPI12g01303.1[&&NHX:species=S. pimp],SLYcer12g01266.1[&&NHX:species=Tomato Cherry])S,((((Sopen08g021560.1[&&NHX:species=S. Pennelli],SPI08g05074.1[&&NHX:species=S. pimp],SLYcer08g05187.1[&&NHX:species=Tomato Cherry])S,(SPI08g05075.1[&&NHX:species=S. pimp],Sopen08g021570.1[&&NHX:species=S. Pennelli],SLYcer08g05188.1[&&NHX:species=Tomato Cherry])S)D,Capana08g000765[&&NHX:species=Dom. pepper])S,(Capana08g000766[&&NHX:species=Dom. pepper],Capana06g002767[&&NHX:species=Dom. pepper])D)D)D)D;	35	23	545	Solyc08g067610.3.1,Solyc08g067620.2.1,Capang01g003370,Capang06g002551,PGSC0003DMP400041247,PGSC0003DMP400050766,PGSC0003DMP400050764,PGSC0003DMP400054454,Capang12g001981,Capang12g001979,SLYcer12g05219.1,SPI12g05170.1,Solyc06g072090.3.1,Solyc06g072100.3.1,Solyc12g044810.3.1,Sopen01g030860.1,Solyc05g053590.4.1,Solyc05g053570.4.1,Solyc05g053600.3.1,SLYcer01g07443.1,Solyc10g019270.3.1,PGSC0003DMP400004038,Solyc11g018690.2.1,Capana02g003380,Capang09g001924,PGSC0003DMP400031791,Capana01g003898
OG27639	((Sopen10g024210.1[&&NHX:species=S. Pennelli],(SPI10g03487.1[&&NHX:species=S. pimp],SLYcer10g04993.1[&&NHX:species=Tomato Cherry],Capang10g001009[&&NHX:species=Wild pepper],Sopen10g027390.1[&&NHX:species=S. Pennelli],Solyc10g074900.2.1[&&NHX:species=Tomato],Capana10g001193[&&NHX:species=Dom. pepper],PGSC0003DMP400054421[&&NHX:species=Potato])S)D,(((((((PGSC0003DMP400002468[&&NHX:species=Potato],Capang02g003248[&&NHX:species=Wild pepper],Capana02g003524[&&NHX:species=Dom. pepper])S,Capang05g000490[&&NHX:species=Wild pepper])D,((PGSC0003DMP400029700[&&NHX:species=Potato],Solyc05g013310.1.1[&&NHX:species=Tomato])S,(PGSC0003DMP400029698[&&NHX:species=Potato],SLYcer05g00954.1[&&NHX:species=Tomato Cherry])S)D)D,((Solyc02g021780.3.1[&&NHX:species=Tomato],SPI02g01203.1[&&NHX:species=S. pimp],SLYcer02g02153.1[&&NHX:species=Tomato Cherry])S,((Capana02g002512[&&NHX:species=Dom. pepper],SLYcer02g04735.1[&&NHX:species=Tomato Cherry],SPI02g03646.1[&&NHX:species=S. pimp],Capang02g002243[&&NHX:species=Wild pepper],Sopen02g028200.1[&&NHX:species=S. Pennelli])S,(Capana10g000898[&&NHX:species=Dom. pepper],Solyc07g063480.3.1[&&NHX:species=Tomato])S)D,(PGSC0003DMP400014752[&&NHX:species=Potato],((Capana00g004762[&&NHX:species=Dom. pepper],Capana02g003523[&&NHX:species=Dom. pepper])D,SPI05g01017.1[&&NHX:species=S. pimp],(PGSC0003DMP400029706[&&NHX:species=Potato],PGSC0003DMP400029705[&&NHX:species=Potato],PGSC0003DMP400029707[&&NHX:species=Potato])D)S)D)D)D,(((((SLYcer05g00953.1[&&NHX:species=Tomato Cherry],SPI05g01013.1[&&NHX:species=S. pimp],Sopen05g008050.1[&&NHX:species=S. Pennelli])S,(Sopen05g008080.1[&&NHX:species=S. Pennelli],PGSC0003DMP400029697[&&NHX:species=Potato],Solyc05g013300.1.1[&&NHX:species=Tomato])S)D,PGSC0003DMP400032462[&&NHX:species=Potato])D,((((Sopen05g008090.1[&&NHX:species=S. Pennelli],SPI05g01016.1[&&NHX:species=S. pimp])S,Sopen05g008100.1[&&NHX:species=S. Pennelli])D,Capana03g000819[&&NHX:species=Dom. pepper])S,((PGSC0003DMP400023869[&&NHX:species=Potato],PGSC0003DMP400016875[&&NHX:species=Potato],PGSC0003DMP400059564[&&NHX:species=Potato])D,SLYcer05g00955.1[&&NHX:species=Tomato Cherry],SPI05g01014.1[&&NHX:species=S. pimp],Solyc05g013320.1.1[&&NHX:species=Tomato],Sopen04g027660.1[&&NHX:species=S. Pennelli])S)D)D,(SPI02g00384.1[&&NHX:species=S. pimp],PGSC0003DMP400062833[&&NHX:species=Potato])S)D)D,(((SPI02g00389.1[&&NHX:species=S. pimp],(PGSC0003DMP400029701[&&NHX:species=Potato],(PGSC0003DMP400023865[&&NHX:species=Potato],PGSC0003DMP400023866[&&NHX:species=Potato])D)D,Solyc06g005230.3.1[&&NHX:species=Tomato],Capana02g003627[&&NHX:species=Dom. pepper])S,(Capana11g001236[&&NHX:species=Dom. pepper],SPI07g06106.1[&&NHX:species=S. pimp],SLYcer07g05387.1[&&NHX:species=Tomato Cherry],PGSC0003DMP400029699[&&NHX:species=Potato])S)D,(((Solyc02g014060.1.1[&&NHX:species=Tomato],Solyc04g050933.1.1[&&NHX:species=Tomato])D,Capana12g000671[&&NHX:species=Dom. pepper],Sopen05g008020.1[&&NHX:species=S. Pennelli],(PGSC0003DMP400029689[&&NHX:species=Potato],PGSC0003DMP400029688[&&NHX:species=Potato],PGSC0003DMP400029687[&&NHX:species=Potato])D,Capang05g001251[&&NHX:species=Wild pepper])S,(SLYcer05g00951.1[&&NHX:species=Tomato Cherry],SPI05g01011.1[&&NHX:species=S. pimp],(Sopen05g008030.2[&&NHX:species=S. Pennelli],Sopen05g008030.1[&&NHX:species=S. Pennelli])D,PGSC0003DMP400046649[&&NHX:species=Potato],Solyc05g013270.2.1[&&NHX:species=Tomato])S)D)D)D,(((Capana03g000221[&&NHX:species=Dom. pepper],(PGSC0003DMP400003111[&&NHX:species=Potato],PGSC0003DMP400003109[&&NHX:species=Potato])D,SPI05g01154.1[&&NHX:species=S. pimp])S,(SPI05g04819.1[&&NHX:species=S. pimp],SLYcer10g02161.1[&&NHX:species=Tomato Cherry])S)D,((Solyc09g091990.3.1[&&NHX:species=Tomato],PGSC0003DMP400049532[&&NHX:species=Potato],Capang02g001508[&&NHX:species=Wild pepper],Capana02g001678[&&NHX:species=Dom. pepper])S,Capang00g005415[&&NHX:species=Wild pepper])D)D)D,((Capana04g001610[&&NHX:species=Dom. pepper],Sopen11g009170.1[&&NHX:species=S. Pennelli])S,(((SLYcer05g00174.1[&&NHX:species=Tomato Cherry],Capana00g003978[&&NHX:species=Dom. pepper],Capang00g002711[&&NHX:species=Wild pepper],PGSC0003DMP400007368[&&NHX:species=Potato],Sopen05g001910.1[&&NHX:species=S. Pennelli])S,((SPI05g00192.1[&&NHX:species=S. pimp],PGSC0003DMP400007369[&&NHX:species=Potato],Sopen05g001910.2[&&NHX:species=S. Pennelli])S,PGSC0003DMP400007367[&&NHX:species=Potato])D)D,PGSC0003DMP400027703[&&NHX:species=Potato])D,(Capang11g000709[&&NHX:species=Wild pepper],PGSC0003DMP400053305[&&NHX:species=Potato])S,((Capang06g002602[&&NHX:species=Wild pepper],Sopen07g027050.1[&&NHX:species=S. Pennelli],Capana07g001819[&&NHX:species=Dom. pepper],SLYcer07g05043.1[&&NHX:species=Tomato Cherry])S,(SPI07g05777.1[&&NHX:species=S. pimp],Capang07g001819[&&NHX:species=Wild pepper],PGSC0003DMP400035500[&&NHX:species=Potato],Solyc07g055180.3.1[&&NHX:species=Tomato],Capana04g002675[&&NHX:species=Dom. pepper])S)D,(PGSC0003DMP400037015[&&NHX:species=Potato],Capana01g003640[&&NHX:species=Dom. pepper])S,((PGSC0003DMP400000866[&&NHX:species=Potato],SPI11g02113.1[&&NHX:species=S. pimp])S,(Capana09g000822[&&NHX:species=Dom. pepper],PGSC0003DMP400011602[&&NHX:species=Potato],Sopen01g004370.1[&&NHX:species=S. Pennelli])S)D)D,((Capana08g002002[&&NHX:species=Dom. pepper],Capang01g004565[&&NHX:species=Wild pepper],PGSC0003DMP400022307[&&NHX:species=Potato],SLYcer01g07139.1[&&NHX:species=Tomato Cherry],Sopen01g047490.1[&&NHX:species=S. Pennelli],Solyc01g104970.3.1[&&NHX:species=Tomato],SPI01g08122.1[&&NHX:species=S. pimp])S,(Sopen10g017310.1[&&NHX:species=S. Pennelli],Solyc10g047140.2.1[&&NHX:species=Tomato],SLYcer10g03648.1[&&NHX:species=Tomato Cherry],PGSC0003DMP400030908[&&NHX:species=Potato],SPI10g01988.1[&&NHX:species=S. pimp])S)D,((SLYcer11g03643.1[&&NHX:species=Tomato Cherry],Capang11g000710[&&NHX:species=Wild pepper],Sopen11g025690.1[&&NHX:species=S. Pennelli],Capana00g001099[&&NHX:species=Dom. pepper],Solyc11g065950.3.1[&&NHX:species=Tomato],SPI11g03706.1[&&NHX:species=S. pimp])S,(((Sopen01g038470.2[&&NHX:species=S. Pennelli],Sopen01g038470.1[&&NHX:species=S. Pennelli])D,Capana08g000932[&&NHX:species=Dom. pepper],Capang01g003515[&&NHX:species=Wild pepper],PGSC0003DMP400000107[&&NHX:species=Potato],SPI01g07187.1[&&NHX:species=S. pimp],Solyc01g094660.3.1[&&NHX:species=Tomato],SLYcer01g06941.1[&&NHX:species=Tomato Cherry])S,(PGSC0003DMP400000108[&&NHX:species=Potato],PGSC0003DMP400000109[&&NHX:species=Potato])D)D)D,(((Solyc01g102710.2.1[&&NHX:species=Tomato],PGSC0003DMP400031817[&&NHX:species=Potato],SPI01g07884.1[&&NHX:species=S. pimp],Sopen01g045130.1[&&NHX:species=S. Pennelli],Capang01g004299[&&NHX:species=Wild pepper],Capana08g001724[&&NHX:species=Dom. pepper])S,(SPI01g07881.1[&&NHX:species=S. pimp],Capana08g001720[&&NHX:species=Dom. pepper],Sopen01g045090.1[&&NHX:species=S. Pennelli],Capang01g004295[&&NHX:species=Wild pepper],Solyc01g102680.4.1[&&NHX:species=Tomato])S)D,((SLYcer01g07383.1[&&NHX:species=Tomato Cherry],SPI01g07882.1[&&NHX:species=S. pimp],Capang01g004296[&&NHX:species=Wild pepper],Solyc01g102700.4.1[&&NHX:species=Tomato],Capana08g001721[&&NHX:species=Dom. pepper],Sopen01g045110.1[&&NHX:species=S. Pennelli])S,(PGSC0003DMP400031818[&&NHX:species=Potato],Capang01g004297[&&NHX:species=Wild pepper],Capana08g001722[&&NHX:species=Dom. pepper])S)D)D,((SLYcer09g01201.1[&&NHX:species=Tomato Cherry],((Sopen09g007270.1[&&NHX:species=S. Pennelli],PGSC0003DMP400014907[&&NHX:species=Potato])S,PGSC0003DMP400014906[&&NHX:species=Potato])D,SPI09g01082.1[&&NHX:species=S. pimp])S,((Capang04g002359[&&NHX:species=Wild pepper],PGSC0003DMP400048366[&&NHX:species=Potato])S,PGSC0003DMP400048365[&&NHX:species=Potato])D,((PGSC0003DMP400048364[&&NHX:species=Potato],(Capang03g001268[&&NHX:species=Wild pepper],Capang10g002023[&&NHX:species=Wild pepper])D)S,Capang00g000324[&&NHX:species=Wild pepper])D,(Sopen10g028400.1[&&NHX:species=S. Pennelli],SLYcer10g05135.1[&&NHX:species=Tomato Cherry],Solyc10g076760.3.1[&&NHX:species=Tomato],PGSC0003DMP400033228[&&NHX:species=Potato],SPI10g03616.1[&&NHX:species=S. pimp],Capang10g001159[&&NHX:species=Wild pepper])S)D,((((PGSC0003DMP400026601[&&NHX:species=Potato],(PGSC0003DMP400024950[&&NHX:species=Potato],Capana11g001588[&&NHX:species=Dom. pepper])S)D,(Capang07g001531[&&NHX:species=Wild pepper],Capana07g001547[&&NHX:species=Dom. pepper])S)D,(((PGSC0003DMP400034201[&&NHX:species=Potato],PGSC0003DMP400046489[&&NHX:species=Potato],PGSC0003DMP400052318[&&NHX:species=Potato],PGSC0003DMP400021776[&&NHX:species=Potato])D,Capana01g003181[&&NHX:species=Dom. pepper])S,(PGSC0003DMP400025679[&&NHX:species=Potato],SPI02g02709.1[&&NHX:species=S. pimp])S)D)D,((((((Capana09g001867[&&NHX:species=Dom. pepper],SLYcer09g00305.1[&&NHX:species=Tomato Cherry],PGSC0003DMP400048528[&&NHX:species=Potato],Sopen09g002040.1[&&NHX:species=S. Pennelli],Solyc09g007170.4.1[&&NHX:species=Tomato],SPI09g00204.1[&&NHX:species=S. pimp],Capang09g001426[&&NHX:species=Wild pepper])S,(Capana02g001706[&&NHX:species=Dom. pepper],PGSC0003DMP400014932[&&NHX:species=Potato],Capang12g001210[&&NHX:species=Wild pepper])S)D,((((Sopen10g035360.1[&&NHX:species=S. Pennelli],Solyc10g085990.3.1[&&NHX:species=Tomato],SPI10g04437.1[&&NHX:species=S. pimp],PGSC0003DMP400030729[&&NHX:species=Potato])S,PGSC0003DMP400030730[&&NHX:species=Potato])D,Capana10g001495[&&NHX:species=Dom. pepper])S,(SLYcer10g05745.1[&&NHX:species=Tomato Cherry],(Sopen10g033830.2[&&NHX:species=S. Pennelli],Sopen10g033830.1[&&NHX:species=S. Pennelli])D,Solyc10g084390.2.1[&&NHX:species=Tomato],SPI10g04280.1[&&NHX:species=S. pimp])S)D)D,(((Sopen05g019190.1[&&NHX:species=S. Pennelli],Solyc05g024290.3.1[&&NHX:species=Tomato],SPI05g02866.1[&&NHX:species=S. pimp],PGSC0003DMP400014933[&&NHX:species=Potato],Capang11g000889[&&NHX:species=Wild pepper])S,(PGSC0003DMP400014935[&&NHX:species=Potato],Capana11g000963[&&NHX:species=Dom. pepper])S,PGSC0003DMP400014936[&&NHX:species=Potato],PGSC0003DMP400035177[&&NHX:species=Potato])D,(Capana01g003141[&&NHX:species=Dom. pepper],SPI01g05998.1[&&NHX:species=S. pimp],Capang11g000819[&&NHX:species=Wild pepper],Solyc01g067400.3.1[&&NHX:species=Tomato],SLYcer01g05818.1[&&NHX:species=Tomato Cherry],PGSC0003DMP400014934[&&NHX:species=Potato],Sopen01g029290.1[&&NHX:species=S. Pennelli])S)D)D,((((PGSC0003DMP400054433[&&NHX:species=Potato],SPI08g05140.1[&&NHX:species=S. pimp],Capana03g002048[&&NHX:species=Dom. pepper],Capang03g001940[&&NHX:species=Wild pepper])S,((Capang02g002785[&&NHX:species=Wild pepper],Capang03g002113[&&NHX:species=Wild pepper])D,PGSC0003DMP400016923[&&NHX:species=Potato])S)D,Capang00g000443[&&NHX:species=Wild pepper])D,(PGSC0003DMP400016647[&&NHX:species=Potato],Capana02g001107[&&NHX:species=Dom. pepper],Capang02g001007[&&NHX:species=Wild pepper])S,((Capana12g001270[&&NHX:species=Dom. pepper],Capang12g001073[&&NHX:species=Wild pepper])S,Capana02g001209[&&NHX:species=Dom. pepper])D,((((PGSC0003DMP400001625[&&NHX:species=Potato],PGSC0003DMP400041909[&&NHX:species=Potato],PGSC0003DMP400041912[&&NHX:species=Potato],PGSC0003DMP400050519[&&NHX:species=Potato])D,Sopen04g019830.1[&&NHX:species=S. Pennelli])S,Sopen07g007110.1[&&NHX:species=S. Pennelli])D,SLYcer10g04963.1[&&NHX:species=Tomato Cherry])S,((Capana09g001109[&&NHX:species=Dom. pepper],SLYcer07g03671.1[&&NHX:species=Tomato Cherry],PGSC0003DMP400030892[&&NHX:species=Potato])S,(SLYcer02g01428.1[&&NHX:species=Tomato Cherry],Capang09g001422[&&NHX:species=Wild pepper])S)D)D)D,(PGSC0003DMP400031289[&&NHX:species=Potato],((Solyc05g005140.4.1[&&NHX:species=Tomato],Capang06g002313[&&NHX:species=Wild pepper],Capana06g002500[&&NHX:species=Dom. pepper],PGSC0003DMP400013612[&&NHX:species=Potato])S,(SPI04g04244.1[&&NHX:species=S. pimp],((PGSC0003DMP400008145[&&NHX:species=Potato],Solyc01g101100.4.1[&&NHX:species=Tomato])S,PGSC0003DMP400013610[&&NHX:species=Potato])D,SLYcer04g04757.1[&&NHX:species=Tomato Cherry])S)D,PGSC0003DMP400052463[&&NHX:species=Potato])D)D)D,(((Solyc02g150103.1.1[&&NHX:species=Tomato],Capang12g001331[&&NHX:species=Wild pepper],PGSC0003DMP400057920[&&NHX:species=Potato],Capana12g001591[&&NHX:species=Dom. pepper],SPI02g00383.1[&&NHX:species=S. pimp])S,(Solyc02g021660.2.1[&&NHX:species=Tomato],SLYcer02g02143.1[&&NHX:species=Tomato Cherry],SPI02g01182.1[&&NHX:species=S. pimp])S)D,(((((Solyc05g054860.1.1[&&NHX:species=Tomato],PGSC0003DMP400040693[&&NHX:species=Potato],Sopen05g033330.1[&&NHX:species=S. Pennelli])S,PGSC0003DMP400040692[&&NHX:species=Potato])D,Capang05g001961[&&NHX:species=Wild pepper])S,((Sopen11g030570.1[&&NHX:species=S. Pennelli],Solyc11g072910.1.1[&&NHX:species=Tomato],SPI11g04273.1[&&NHX:species=S. pimp],PGSC0003DMP400027254[&&NHX:species=Potato],Capana00g000664[&&NHX:species=Dom. pepper],SLYcer11g04199.1[&&NHX:species=Tomato Cherry],Capang12g000559[&&NHX:species=Wild pepper])S,(Capang07g000851[&&NHX:species=Wild pepper],Capana06g002808[&&NHX:species=Dom. pepper],Sopen06g001210.1[&&NHX:species=S. Pennelli],SPI06g00046.1[&&NHX:species=S. pimp],PGSC0003DMP400017117[&&NHX:species=Potato],SLYcer06g00276.1[&&NHX:species=Tomato Cherry])S)D)D,((((Capana10g000061[&&NHX:species=Dom. pepper],PGSC0003DMP400043439[&&NHX:species=Potato],SLYcer10g00417.1[&&NHX:species=Tomato Cherry])S,PGSC0003DMP400043438[&&NHX:species=Potato])D,(SLYcer10g02176.1[&&NHX:species=Tomato Cherry],Sopen10g002780.1[&&NHX:species=S. Pennelli],Capang10g000059[&&NHX:species=Wild pepper],SPI10g00286.1[&&NHX:species=S. pimp],Solyc10g006870.1.1[&&NHX:species=Tomato])S)D,(Capang07g002247[&&NHX:species=Wild pepper],(PGSC0003DMP400062170[&&NHX:species=Potato],PGSC0003DMP400033454[&&NHX:species=Potato])D,Sopen07g031660.1[&&NHX:species=S. Pennelli],Capana07g002225[&&NHX:species=Dom. pepper])S)D)D)D,(((SPI06g00368.1[&&NHX:species=S. pimp],Capang06g002794[&&NHX:species=Wild pepper],Solyc06g008890.4.1[&&NHX:species=Tomato],PGSC0003DMP400038060[&&NHX:species=Potato],SLYcer06g00584.1[&&NHX:species=Tomato Cherry],Sopen06g003640.1[&&NHX:species=S. Pennelli],Capana06g003045[&&NHX:species=Dom. pepper])S,PGSC0003DMP400047326[&&NHX:species=Potato],PGSC0003DMP400025758[&&NHX:species=Potato])D,((Capana04g001249[&&NHX:species=Dom. pepper],SLYcer04g04854.1[&&NHX:species=Tomato Cherry],(PGSC0003DMP400043526[&&NHX:species=Potato],PGSC0003DMP400043527[&&NHX:species=Potato])D,Solyc04g071870.1.1[&&NHX:species=Tomato],SPI04g04338.1[&&NHX:species=S. pimp],Sopen04g027840.1[&&NHX:species=S. Pennelli])S,((((PGSC0003DMP400022704[&&NHX:species=Potato],SLYcer03g00224.1[&&NHX:species=Tomato Cherry],Solyc03g006500.3.1[&&NHX:species=Tomato],Sopen03g002500.1[&&NHX:species=S. Pennelli],SPI03g00364.1[&&NHX:species=S. pimp])S,PGSC0003DMP400041966[&&NHX:species=Potato])D,Capang07g001593[&&NHX:species=Wild pepper])S,(Capang02g001766[&&NHX:species=Wild pepper],Capana02g001983[&&NHX:species=Dom. pepper],SLYcer02g04247.1[&&NHX:species=Tomato Cherry],PGSC0003DMP400038906[&&NHX:species=Potato],Sopen02g023380.1[&&NHX:species=S. Pennelli],Solyc02g078530.3.1[&&NHX:species=Tomato],SPI02g03147.1[&&NHX:species=S. pimp])S)D)D)D,(((Capang03g003735[&&NHX:species=Wild pepper],Sopen09g033120.1[&&NHX:species=S. Pennelli],SPI09g04608.1[&&NHX:species=S. pimp],SLYcer09g04944.1[&&NHX:species=Tomato Cherry],Solyc09g090210.3.1[&&NHX:species=Tomato],PGSC0003DMP400029980[&&NHX:species=Potato],Capana03g003844[&&NHX:species=Dom. pepper])S,PGSC0003DMP400019321[&&NHX:species=Potato],PGSC0003DMP400032460[&&NHX:species=Potato])D,((Solyc10g078940.2.1[&&NHX:species=Tomato],Capang10g002186[&&NHX:species=Wild pepper],SLYcer10g05260.1[&&NHX:species=Tomato Cherry],Sopen10g029570.1[&&NHX:species=S. Pennelli],PGSC0003DMP400020231[&&NHX:species=Potato],Capana10g002429[&&NHX:species=Dom. pepper],SPI10g03747.1[&&NHX:species=S. pimp])S,((PGSC0003DMP400041017[&&NHX:species=Potato],Sopen10g031120.1[&&NHX:species=S. Pennelli],SLYcer10g05432.1[&&NHX:species=Tomato Cherry],Capang10g001940[&&NHX:species=Wild pepper],Solyc10g080580.1.1[&&NHX:species=Tomato],SPI10g03917.1[&&NHX:species=S. pimp],Capana10g002184[&&NHX:species=Dom. pepper])S,(PGSC0003DMP400045699[&&NHX:species=Potato],(Sopen03g013240.3[&&NHX:species=S. Pennelli],(Sopen03g013240.1[&&NHX:species=S. Pennelli],Sopen03g013240.2[&&NHX:species=S. Pennelli])D)D,Solyc03g059080.3.1[&&NHX:species=Tomato],SLYcer03g02259.1[&&NHX:species=Tomato Cherry],SPI03g02387.1[&&NHX:species=S. pimp])S)D)D)D,((((SLYcer06g05116.1[&&NHX:species=Tomato Cherry],PGSC0003DMP400011680[&&NHX:species=Potato],SPI06g04986.1[&&NHX:species=S. pimp],Solyc06g075550.3.1[&&NHX:species=Tomato],Capang06g000446[&&NHX:species=Wild pepper],Sopen06g031930.1[&&NHX:species=S. Pennelli],Capana06g000478[&&NHX:species=Dom. pepper])S,PGSC0003DMP400011679[&&NHX:species=Potato])D,PGSC0003DMP400011678[&&NHX:species=Potato])D,((Sopen11g030330.1[&&NHX:species=S. Pennelli],Capang11g000565[&&NHX:species=Wild pepper],Capana11g000622[&&NHX:species=Dom. pepper],Solyc11g072660.2.1[&&NHX:species=Tomato],PGSC0003DMP400044002[&&NHX:species=Potato],SPI11g04244.1[&&NHX:species=S. pimp])S,Sopen11g030330.2[&&NHX:species=S. Pennelli])D)D,(((Sopen04g006550.1[&&NHX:species=S. Pennelli],SPI04g00887.1[&&NHX:species=S. pimp],SLYcer04g01158.1[&&NHX:species=Tomato Cherry],Capana00g002030[&&NHX:species=Dom. pepper],PGSC0003DMP400040797[&&NHX:species=Potato],Capang05g000208[&&NHX:species=Wild pepper],Solyc04g014410.4.1[&&NHX:species=Tomato])S,PGSC0003DMP400040796[&&NHX:species=Potato])D,((SPI11g02781.1[&&NHX:species=S. pimp],SLYcer11g02722.1[&&NHX:species=Tomato Cherry],Solyc11g044370.1.1[&&NHX:species=Tomato],PGSC0003DMP400014778[&&NHX:species=Potato])S,PGSC0003DMP400014779[&&NHX:species=Potato])D,((SLYcer11g00599.1[&&NHX:species=Tomato Cherry],Sopen11g005540.1[&&NHX:species=S. Pennelli],Solyc11g010730.3.1[&&NHX:species=Tomato],PGSC0003DMP400028169[&&NHX:species=Potato],Capang12g002363[&&NHX:species=Wild pepper])S,(PGSC0003DMP400028168[&&NHX:species=Potato],Capana12g002723[&&NHX:species=Dom. pepper])S)D)D,((PGSC0003DMP400041518[&&NHX:species=Potato],PGSC0003DMP400041519[&&NHX:species=Potato])D,Sopen01g016890.1[&&NHX:species=S. Pennelli],Capana01g002031[&&NHX:species=Dom. pepper],Capang01g001739[&&NHX:species=Wild pepper],Solyc01g028830.3.1[&&NHX:species=Tomato],SLYcer01g04242.1[&&NHX:species=Tomato Cherry],SPI01g04271.1[&&NHX:species=S. pimp])S,(SLYcer03g00386.1[&&NHX:species=Tomato Cherry],Capang03g002033[&&NHX:species=Wild pepper],Solyc03g007910.3.1[&&NHX:species=Tomato],Capana03g002147[&&NHX:species=Dom. pepper],Sopen03g003860.1[&&NHX:species=S. Pennelli],PGSC0003DMP400016804[&&NHX:species=Potato],SPI03g00605.1[&&NHX:species=S. pimp])S,(((((((Sopen09g002590.2[&&NHX:species=S. Pennelli],Sopen09g002590.1[&&NHX:species=S. Pennelli])D,Solyc09g007730.4.1[&&NHX:species=Tomato],Capana09g002159[&&NHX:species=Dom. pepper],PGSC0003DMP400036314[&&NHX:species=Potato],SLYcer09g00367.1[&&NHX:species=Tomato Cherry],Capang09g001669[&&NHX:species=Wild pepper],SPI09g00274.1[&&NHX:species=S. pimp])S,PGSC0003DMP400036315[&&NHX:species=Potato])D,(SLYcer07g00333.1[&&NHX:species=Tomato Cherry],Solyc07g006940.3.1[&&NHX:species=Tomato],Capana07g000022[&&NHX:species=Dom. pepper],Capang07g000060[&&NHX:species=Wild pepper],SPI07g00401.1[&&NHX:species=S. pimp],PGSC0003DMP400060501[&&NHX:species=Potato])S)D,(PGSC0003DMP400051419[&&NHX:species=Potato],Capang05g000943[&&NHX:species=Wild pepper],Solyc04g007880.4.1[&&NHX:species=Tomato],Capana05g001109[&&NHX:species=Dom. pepper])S)D,((Solyc05g018910.2.1[&&NHX:species=Tomato],SPI05g02493.1[&&NHX:species=S. pimp],Capang00g005250[&&NHX:species=Wild pepper],SLYcer05g01927.1[&&NHX:species=Tomato Cherry],Sopen05g016410.1[&&NHX:species=S. Pennelli])S,(Capang00g001572[&&NHX:species=Wild pepper],Solyc05g005060.3.1[&&NHX:species=Tomato])S)D)D,((Capang06g000037[&&NHX:species=Wild pepper],Capana06g000053[&&NHX:species=Dom. pepper])S,(SPI09g04049.1[&&NHX:species=S. pimp],Capana03g003473[&&NHX:species=Dom. pepper],Sopen09g029060.1[&&NHX:species=S. Pennelli],SLYcer09g04254.1[&&NHX:species=Tomato Cherry],Solyc09g074240.1.1[&&NHX:species=Tomato],Capang03g003413[&&NHX:species=Wild pepper])S)D)D,((((PGSC0003DMP400033737[&&NHX:species=Potato],SPI10g00675.1[&&NHX:species=S. pimp],(Sopen10g005930.1[&&NHX:species=S. Pennelli],Sopen10g005930.2[&&NHX:species=S. Pennelli])D,Solyc10g012170.3.1[&&NHX:species=Tomato])S,(PGSC0003DMP400033736[&&NHX:species=Potato],SLYcer10g00801.1[&&NHX:species=Tomato Cherry])S)D,Capang10g000486[&&NHX:species=Wild pepper],Capana10g000638[&&NHX:species=Dom. pepper])S,((Capana07g000364[&&NHX:species=Dom. pepper],Capang07g000402[&&NHX:species=Wild pepper],PGSC0003DMP400033735[&&NHX:species=Potato])S,Capana01g001165[&&NHX:species=Dom. pepper])D,((((Capana10g001348[&&NHX:species=Dom. pepper],SLYcer10g05109.1[&&NHX:species=Tomato Cherry],Solyc10g076560.1.1[&&NHX:species=Tomato],Capang00g005310[&&NHX:species=Wild pepper])S,Solyc09g005190.3.1[&&NHX:species=Tomato])D,((Capana00g000449[&&NHX:species=Dom. pepper],SPI09g01215.1[&&NHX:species=S. pimp],SLYcer09g01362.1[&&NHX:species=Tomato Cherry],Solyc09g015220.3.1[&&NHX:species=Tomato])S,(PGSC0003DMP400019377[&&NHX:species=Potato],Capana07g000275[&&NHX:species=Dom. pepper])S)D)D,SLYcer05g01626.1[&&NHX:species=Tomato Cherry])D,(PGSC0003DMP400032132[&&NHX:species=Potato],(SLYcer03g03075.1[&&NHX:species=Tomato Cherry],SPI03g03175.1[&&NHX:species=S. pimp],Sopen03g021350.1[&&NHX:species=S. Pennelli],PGSC0003DMP400032134[&&NHX:species=Potato])S)D,(Sopen09g001170.1[&&NHX:species=S. Pennelli],Capana11g000536[&&NHX:species=Dom. pepper])S)D,(((Capang00g003578[&&NHX:species=Wild pepper],SPI05g03052.1[&&NHX:species=S. pimp],Solyc05g025780.4.1[&&NHX:species=Tomato],SLYcer05g02479.1[&&NHX:species=Tomato Cherry],Sopen05g020750.1[&&NHX:species=S. Pennelli],PGSC0003DMP400005885[&&NHX:species=Potato],Capana00g004480[&&NHX:species=Dom. pepper])S,(Sopen12g004140.1[&&NHX:species=S. Pennelli],Capang09g000142[&&NHX:species=Wild pepper],SPI12g00505.1[&&NHX:species=S. pimp],Capana09g000147[&&NHX:species=Dom. pepper],Solyc12g009190.2.1[&&NHX:species=Tomato],PGSC0003DMP400005230[&&NHX:species=Potato],SLYcer12g00477.1[&&NHX:species=Tomato Cherry])S)D,(Solyc03g122230.2.1[&&NHX:species=Tomato],SPI03g05479.1[&&NHX:species=S. pimp],Capang03g000112[&&NHX:species=Wild pepper],Sopen03g040970.1[&&NHX:species=S. Pennelli],PGSC0003DMP400039714[&&NHX:species=Potato],SLYcer03g05445.1[&&NHX:species=Tomato Cherry])S)D,(SLYcer09g05056.1[&&NHX:species=Tomato Cherry],(PGSC0003DMP400020567[&&NHX:species=Potato],PGSC0003DMP400020566[&&NHX:species=Potato])D,Capang03g004204[&&NHX:species=Wild pepper],Solyc09g091260.3.1[&&NHX:species=Tomato],Sopen09g034230.1[&&NHX:species=S. Pennelli],SPI09g04724.1[&&NHX:species=S. pimp])S,(PGSC0003DMP400030833[&&NHX:species=Potato],Sopen09g024090.1[&&NHX:species=S. Pennelli],SLYcer06g05411.1[&&NHX:species=Tomato Cherry],Capang07g001760[&&NHX:species=Wild pepper],Capana09g001158[&&NHX:species=Dom. pepper],SPI09g03242.1[&&NHX:species=S. pimp],Solyc09g061330.3.1[&&NHX:species=Tomato])S,((((Solyc10g084860.1.1[&&NHX:species=Tomato],SLYcer10g05793.1[&&NHX:species=Tomato Cherry],Capana10g001693[&&NHX:species=Dom. pepper],Sopen10g034300.1[&&NHX:species=S. Pennelli],PGSC0003DMP400019557[&&NHX:species=Potato],SPI10g04327.1[&&NHX:species=S. pimp],Capang10g001437[&&NHX:species=Wild pepper])S,(Capang09g001357[&&NHX:species=Wild pepper],SLYcer09g00976.1[&&NHX:species=Tomato Cherry],SPI09g00887.1[&&NHX:species=S. pimp],Solyc09g011070.1.1[&&NHX:species=Tomato],Sopen09g005820.1[&&NHX:species=S. Pennelli],Capana09g001784[&&NHX:species=Dom. pepper])S)D,((Capana05g002196[&&NHX:species=Dom. pepper],Capang05g001751[&&NHX:species=Wild pepper],Solyc05g053010.1.1[&&NHX:species=Tomato],Sopen05g031530.1[&&NHX:species=S. Pennelli],PGSC0003DMP400047157[&&NHX:species=Potato],SLYcer10g02364.1[&&NHX:species=Tomato Cherry],SPI05g04608.1[&&NHX:species=S. pimp])S,PGSC0003DMP400047156[&&NHX:species=Potato])D)D,(((Capana09g001631[&&NHX:species=Dom. pepper],Capang09g001215[&&NHX:species=Wild pepper])S,(PGSC0003DMP400015651[&&NHX:species=Potato],(PGSC0003DMP400035301[&&NHX:species=Potato],Sopen09g006780.1[&&NHX:species=S. Pennelli],Capana09g001623[&&NHX:species=Dom. pepper],Capang09g001209[&&NHX:species=Wild pepper])S)D)D,(((Capang10g000143[&&NHX:species=Wild pepper],Capang09g001219[&&NHX:species=Wild pepper])D,((Solyc09g012000.1.1[&&NHX:species=Tomato],PGSC0003DMP400035298[&&NHX:species=Potato])S,(Sopen09g006810.1[&&NHX:species=S. Pennelli],PGSC0003DMP400035299[&&NHX:species=Potato])S)D)S,((Capang09g001356[&&NHX:species=Wild pepper],Capang09g001220[&&NHX:species=Wild pepper])D,(Capana09g001638[&&NHX:species=Dom. pepper],Capana09g001782[&&NHX:species=Dom. pepper])D,((Solyc09g011060.2.1[&&NHX:species=Tomato],(PGSC0003DMP400035300[&&NHX:species=Potato],Solyc09g011990.1.1[&&NHX:species=Tomato])S)D,(Sopen09g005810.1[&&NHX:species=S. Pennelli],PGSC0003DMP400015493[&&NHX:species=Potato])S)D)S)D)D)D,(((Sopen02g026970.1[&&NHX:species=S. Pennelli],SLYcer02g04621.1[&&NHX:species=Tomato Cherry],Solyc02g082310.2.1[&&NHX:species=Tomato])S,((PGSC0003DMP400017641[&&NHX:species=Potato],PGSC0003DMP400017642[&&NHX:species=Potato])D,Capana04g000075[&&NHX:species=Dom. pepper],SLYcer04g05853.1[&&NHX:species=Tomato Cherry],Solyc04g082510.3.1[&&NHX:species=Tomato],Sopen04g036130.1[&&NHX:species=S. Pennelli],Capang04g000065[&&NHX:species=Wild pepper])S)D,(Capana12g000546[&&NHX:species=Dom. pepper],Sopen12g031580.1[&&NHX:species=S. Pennelli],SLYcer12g04822.1[&&NHX:species=Tomato Cherry],Capang12g000450[&&NHX:species=Wild pepper],SPI12g04782.1[&&NHX:species=S. pimp],Solyc12g094680.3.1[&&NHX:species=Tomato])S)D,(Capana11g001539[&&NHX:species=Dom. pepper],Sopen05g002710.1[&&NHX:species=S. Pennelli],SPI05g00324.1[&&NHX:species=S. pimp],Solyc05g006770.4.1[&&NHX:species=Tomato],PGSC0003DMP400039155[&&NHX:species=Potato],SLYcer05g00295.1[&&NHX:species=Tomato Cherry])S,((((Capana06g002393[&&NHX:species=Dom. pepper],(Capang11g002222[&&NHX:species=Wild pepper],Capana05g001817[&&NHX:species=Dom. pepper])S)D,((PGSC0003DMP400005229[&&NHX:species=Potato],Capana03g000116[&&NHX:species=Dom. pepper])S,(PGSC0003DMP400021482[&&NHX:species=Potato],SPI08g06342.1[&&NHX:species=S. pimp],SLYcer08g06430.1[&&NHX:species=Tomato Cherry])S)D,(Solyc08g150147.1.1[&&NHX:species=Tomato],Capana00g003409[&&NHX:species=Dom. pepper],Capang00g001821[&&NHX:species=Wild pepper])S)D,(Sopen08g023930.1[&&NHX:species=S. Pennelli],SLYcer08g05747.1[&&NHX:species=Tomato Cherry],Capang00g004215[&&NHX:species=Wild pepper],Solyc08g075330.3.1[&&NHX:species=Tomato],SPI08g05630.1[&&NHX:species=S. pimp],PGSC0003DMP400065003[&&NHX:species=Potato],Capana01g000980[&&NHX:species=Dom. pepper])S)D,(((SPI03g00484.1[&&NHX:species=S. pimp],Solyc03g006890.3.1[&&NHX:species=Tomato],PGSC0003DMP400063831[&&NHX:species=Potato],SLYcer03g00273.1[&&NHX:species=Tomato Cherry],Capana03g002433[&&NHX:species=Dom. pepper],Capang03g002355[&&NHX:species=Wild pepper],Sopen03g002890.1[&&NHX:species=S. Pennelli])S,PGSC0003DMP400019343[&&NHX:species=Potato],PGSC0003DMP400066849[&&NHX:species=Potato])D,((Solyc07g006610.3.1[&&NHX:species=Tomato],PGSC0003DMP400047758[&&NHX:species=Potato],SPI07g00364.1[&&NHX:species=S. pimp],Capana07g000066[&&NHX:species=Dom. pepper],Capang07g000017[&&NHX:species=Wild pepper],Sopen07g002720.1[&&NHX:species=S. Pennelli])S,Capana09g002176[&&NHX:species=Dom. pepper])D)D)D,(Sopen03g039880.1[&&NHX:species=S. Pennelli],SLYcer03g05327.1[&&NHX:species=Tomato Cherry],PGSC0003DMP400004478[&&NHX:species=Potato],Solyc03g121050.3.1[&&NHX:species=Tomato],SPI03g05368.1[&&NHX:species=S. pimp],Capang03g000232[&&NHX:species=Wild pepper],Capana03g000243[&&NHX:species=Dom. pepper])S,((Capang07g001420[&&NHX:species=Wild pepper],Capana08g000142[&&NHX:species=Dom. pepper])S,(PGSC0003DMP400021465[&&NHX:species=Potato],SPI08g06372.1[&&NHX:species=S. pimp],Capana00g003375[&&NHX:species=Dom. pepper],Sopen08g030710.1[&&NHX:species=S. Pennelli],Solyc08g082460.4.1[&&NHX:species=Tomato],SLYcer08g06464.1[&&NHX:species=Tomato Cherry],Capang00g003705[&&NHX:species=Wild pepper])S)D,((SPI06g00524.1[&&NHX:species=S. pimp],Capana02g003266[&&NHX:species=Dom. pepper],Capang02g003009[&&NHX:species=Wild pepper],SLYcer06g00684.1[&&NHX:species=Tomato Cherry])S,((SLYcer02g05320.1[&&NHX:species=Tomato Cherry],SPI02g04243.1[&&NHX:species=S. pimp],(Capana02g003265[&&NHX:species=Dom. pepper],(Capana02g003264[&&NHX:species=Dom. pepper],(Capang02g003008[&&NHX:species=Wild pepper],Capana02g003263[&&NHX:species=Dom. pepper])S)D)D,PGSC0003DMP400002467[&&NHX:species=Potato])S,((Solyc02g089090.3.1[&&NHX:species=Tomato],SPI02g04242.1[&&NHX:species=S. pimp],Sopen02g033870.1[&&NHX:species=S. Pennelli],SLYcer02g05319.1[&&NHX:species=Tomato Cherry],PGSC0003DMP400002464[&&NHX:species=Potato])S,PGSC0003DMP400002465[&&NHX:species=Potato])D)D)D,((((Capang09g001395[&&NHX:species=Wild pepper],Sopen09g005590.1[&&NHX:species=S. Pennelli],Solyc09g010850.4.1[&&NHX:species=Tomato],SLYcer09g00951.1[&&NHX:species=Tomato Cherry],Capana09g001828[&&NHX:species=Dom. pepper],SPI09g00855.1[&&NHX:species=S. pimp],PGSC0003DMP400015669[&&NHX:species=Potato])S,PGSC0003DMP400015666[&&NHX:species=Potato])D,(Capang01g002573[&&NHX:species=Wild pepper],Capana00g002160[&&NHX:species=Dom. pepper],PGSC0003DMP400015668[&&NHX:species=Potato])S)D,PGSC0003DMP400015667[&&NHX:species=Potato])D,((((Capang00g005394[&&NHX:species=Wild pepper],SPI02g00392.1[&&NHX:species=S. pimp])S,(PGSC0003DMP400063175[&&NHX:species=Potato],Capana12g002664[&&NHX:species=Dom. pepper],Solyc02g014030.3.1[&&NHX:species=Tomato],Sopen02g003740.1[&&NHX:species=S. Pennelli],Capang12g002307[&&NHX:species=Wild pepper],SLYcer02g01420.1[&&NHX:species=Tomato Cherry])S)D,(PGSC0003DMP400018703[&&NHX:species=Potato],Capana02g000114[&&NHX:species=Dom. pepper],Solyc02g014070.2.1[&&NHX:species=Tomato],SLYcer02g01422.1[&&NHX:species=Tomato Cherry],Sopen02g003690.1[&&NHX:species=S. Pennelli])S)D,(PGSC0003DMP400030950[&&NHX:species=Potato],SLYcer04g05017.1[&&NHX:species=Tomato Cherry])S)D,((Capana04g000788[&&NHX:species=Dom. pepper],SPI04g04799.1[&&NHX:species=S. pimp],Capang04g000750[&&NHX:species=Wild pepper],Solyc04g076990.3.1[&&NHX:species=Tomato],SLYcer04g05308.1[&&NHX:species=Tomato Cherry],PGSC0003DMP400008852[&&NHX:species=Potato],Sopen11g021050.1[&&NHX:species=S. Pennelli])S,(Capang01g004685[&&NHX:species=Wild pepper],PGSC0003DMP400009071[&&NHX:species=Potato],Capana08g002140[&&NHX:species=Dom. pepper],Solyc01g106500.4.1[&&NHX:species=Tomato],Sopen01g048860.1[&&NHX:species=S. Pennelli],SPI01g08272.1[&&NHX:species=S. pimp],SLYcer01g08040.1[&&NHX:species=Tomato Cherry])S,((((Sopen08g020100.1[&&NHX:species=S. Pennelli],PGSC0003DMP400052453[&&NHX:species=Potato],Solyc08g066310.3.1[&&NHX:species=Tomato])S,PGSC0003DMP400027736[&&NHX:species=Potato])D,SLYcer08g05028.1[&&NHX:species=Tomato Cherry])S,Capana00g002804[&&NHX:species=Dom. pepper],(Solyc05g007230.4.1[&&NHX:species=Tomato],Capana11g001678[&&NHX:species=Dom. pepper])S)D,(Solyc02g067560.1.1[&&NHX:species=Tomato],SLYcer02g03542.1[&&NHX:species=Tomato Cherry],Capang02g000863[&&NHX:species=Wild pepper],Capana02g000943[&&NHX:species=Dom. pepper],Sopen02g016690.1[&&NHX:species=S. Pennelli],SPI02g02436.1[&&NHX:species=S. pimp],PGSC0003DMP400012295[&&NHX:species=Potato])S)D,((Capana07g001669[&&NHX:species=Dom. pepper],((PGSC0003DMP400032008[&&NHX:species=Potato],SPI07g05703.1[&&NHX:species=S. pimp],Solyc07g054500.4.1[&&NHX:species=Tomato],SLYcer07g04975.1[&&NHX:species=Tomato Cherry],Sopen07g028440.1[&&NHX:species=S. Pennelli])S,PGSC0003DMP400032007[&&NHX:species=Potato])D)S,(SLYcer10g00253.1[&&NHX:species=Tomato Cherry],Capang10g000445[&&NHX:species=Wild pepper],Sopen10g001290.1[&&NHX:species=S. Pennelli],Solyc10g005300.3.1[&&NHX:species=Tomato],Capana10g000593[&&NHX:species=Dom. pepper],SPI10g00128.1[&&NHX:species=S. pimp],PGSC0003DMP400019984[&&NHX:species=Potato])S)D,((PGSC0003DMP400026250[&&NHX:species=Potato],Sopen05g010360.1[&&NHX:species=S. Pennelli],SPI05g01680.1[&&NHX:species=S. pimp],SLYcer05g01224.1[&&NHX:species=Tomato Cherry],Solyc05g015150.3.1[&&NHX:species=Tomato],Capang11g001110[&&NHX:species=Wild pepper])S,(Sopen03g017660.1[&&NHX:species=S. Pennelli],Solyc03g064010.4.1[&&NHX:species=Tomato],Capang03g003004[&&NHX:species=Wild pepper],PGSC0003DMP400022894[&&NHX:species=Potato],SLYcer03g02697.1[&&NHX:species=Tomato Cherry],Capana03g003119[&&NHX:species=Dom. pepper],SPI03g02841.1[&&NHX:species=S. pimp])S)D,((Sopen02g034800.1[&&NHX:species=S. Pennelli],Capana02g003168[&&NHX:species=Dom. pepper],Solyc02g090110.3.1[&&NHX:species=Tomato],(PGSC0003DMP400017741[&&NHX:species=Potato],PGSC0003DMP400017740[&&NHX:species=Potato])D,SPI02g04343.1[&&NHX:species=S. pimp])S,((Sopen04g033290.1[&&NHX:species=S. Pennelli],Solyc04g079710.4.1[&&NHX:species=Tomato],Capana04g000455[&&NHX:species=Dom. pepper],SLYcer04g05568.1[&&NHX:species=Tomato Cherry],Capang04g000424[&&NHX:species=Wild pepper],PGSC0003DMP400005988[&&NHX:species=Potato],SPI04g05064.1[&&NHX:species=S. pimp])S,((((Capang00g000441[&&NHX:species=Wild pepper],Capang05g000446[&&NHX:species=Wild pepper])D,Capana05g000537[&&NHX:species=Dom. pepper])S,Capana03g002265[&&NHX:species=Dom. pepper])D,PGSC0003DMP400005987[&&NHX:species=Potato])S)D)D,(((PGSC0003DMP400022703[&&NHX:species=Potato],PGSC0003DMP400038905[&&NHX:species=Potato])D,Capana10g001365[&&NHX:species=Dom. pepper],Solyc09g014460.1.1[&&NHX:species=Tomato])S,((PGSC0003DMP400051645[&&NHX:species=Potato],(SPI07g00137.1[&&NHX:species=S. pimp],SPI07g00081.1[&&NHX:species=S. pimp])D,Capana07g000256[&&NHX:species=Dom. pepper],Solyc07g150100.1.1[&&NHX:species=Tomato],SLYcer07g00069.1[&&NHX:species=Tomato Cherry])S,((SLYcer04g05345.1[&&NHX:species=Tomato Cherry],SPI04g04841.1[&&NHX:species=S. pimp],PGSC0003DMP400033499[&&NHX:species=Potato])S,(Solyc02g079660.1.1[&&NHX:species=Tomato],PGSC0003DMP400024474[&&NHX:species=Potato])S)D)D,(Capang00g000558[&&NHX:species=Wild pepper],(PGSC0003DMP400029695[&&NHX:species=Potato],PGSC0003DMP400023925[&&NHX:species=Potato])D)S,((((PGSC0003DMP400023397[&&NHX:species=Potato],PGSC0003DMP400023398[&&NHX:species=Potato])D,Solyc02g089760.3.1[&&NHX:species=Tomato])S,((PGSC0003DMP400042969[&&NHX:species=Potato],PGSC0003DMP400038885[&&NHX:species=Potato],PGSC0003DMP400037360[&&NHX:species=Potato],PGSC0003DMP400048902[&&NHX:species=Potato])D,Capana00g000395[&&NHX:species=Dom. pepper])S,(PGSC0003DMP400044669[&&NHX:species=Potato],Capang01g004905[&&NHX:species=Wild pepper])S,(PGSC0003DMP400031671[&&NHX:species=Potato],Capana12g000092[&&NHX:species=Dom. pepper])S)D,Capana05g001266[&&NHX:species=Dom. pepper])D,((((Sopen06g001480.3[&&NHX:species=S. Pennelli],PGSC0003DMP400007825[&&NHX:species=Potato])S,PGSC0003DMP400048245[&&NHX:species=Potato])D,SPI04g05364.1[&&NHX:species=S. pimp])S,PGSC0003DMP400019438[&&NHX:species=Potato],PGSC0003DMP400023977[&&NHX:species=Potato])D,((Capang12g001456[&&NHX:species=Wild pepper],Solyc07g055430.1.1[&&NHX:species=Tomato],Capana12g001800[&&NHX:species=Dom. pepper],PGSC0003DMP400030279[&&NHX:species=Potato])S,((PGSC0003DMP400032856[&&NHX:species=Potato],SLYcer06g03516.1[&&NHX:species=Tomato Cherry])S,(PGSC0003DMP400052377[&&NHX:species=Potato],Capang10g001426[&&NHX:species=Wild pepper],Solyc04g150137.1.1[&&NHX:species=Tomato],SPI04g04975.1[&&NHX:species=S. pimp],Capana10g001678[&&NHX:species=Dom. pepper])S)D)D,(((Sopen01g042000.1[&&NHX:species=S. Pennelli],PGSC0003DMP400028170[&&NHX:species=Potato])S,PGSC0003DMP400049526[&&NHX:species=Potato])D,SLYcer02g03991.1[&&NHX:species=Tomato Cherry])S,((PGSC0003DMP400004417[&&NHX:species=Potato],Capana00g003828[&&NHX:species=Dom. pepper])S,PGSC0003DMP400017195[&&NHX:species=Potato])D,(((SLYcer03g05230.1[&&NHX:species=Tomato Cherry],(PGSC0003DMP400037775[&&NHX:species=Potato],PGSC0003DMP400026813[&&NHX:species=Potato])D)S,(SLYcer07g00683.1[&&NHX:species=Tomato Cherry],(PGSC0003DMP400045439[&&NHX:species=Potato],PGSC0003DMP400045384[&&NHX:species=Potato])D)S)D,(((PGSC0003DMP400024487[&&NHX:species=Potato],Capana10g000566[&&NHX:species=Dom. pepper],Capang10g000427[&&NHX:species=Wild pepper])S,PGSC0003DMP400033431[&&NHX:species=Potato])D,(Capang04g000700[&&NHX:species=Wild pepper],Solyc02g079700.1.1[&&NHX:species=Tomato],PGSC0003DMP400031304[&&NHX:species=Potato])S)D)D,((PGSC0003DMP400051418[&&NHX:species=Potato],Sopen04g003020.4[&&NHX:species=S. Pennelli])S,Sopen04g003020.3[&&NHX:species=S. Pennelli])D,((SPI10g01777.1[&&NHX:species=S. pimp],Capana02g000994[&&NHX:species=Dom. pepper],PGSC0003DMP400049735[&&NHX:species=Potato],SLYcer10g03454.1[&&NHX:species=Tomato Cherry],Capang02g000910[&&NHX:species=Wild pepper])S,(Sopen11g023400.1[&&NHX:species=S. Pennelli],PGSC0003DMP400048619[&&NHX:species=Potato])S,(Capana08g002695[&&NHX:species=Dom. pepper],PGSC0003DMP400007044[&&NHX:species=Potato],SPI07g05900.1[&&NHX:species=S. pimp])S)D,((Capang04g002242[&&NHX:species=Wild pepper],Capana00g002122[&&NHX:species=Dom. pepper],PGSC0003DMP400008988[&&NHX:species=Potato],SPI02g01121.1[&&NHX:species=S. pimp])S,(PGSC0003DMP400024493[&&NHX:species=Potato],Solyc02g079560.1.1[&&NHX:species=Tomato])S,PGSC0003DMP400008804[&&NHX:species=Potato])D,((((SLYcer02g04392.1[&&NHX:species=Tomato Cherry],PGSC0003DMP400051281[&&NHX:species=Potato],Capana00g004818[&&NHX:species=Dom. pepper],Solyc02g080020.1.1[&&NHX:species=Tomato])S,(Solyc04g008390.3.1[&&NHX:species=Tomato],PGSC0003DMP400051280[&&NHX:species=Potato])S)D,((PGSC0003DMP400045386[&&NHX:species=Potato],Capana07g001581[&&NHX:species=Dom. pepper])S,PGSC0003DMP400044451[&&NHX:species=Potato])D)D,(PGSC0003DMP400010158[&&NHX:species=Potato],PGSC0003DMP400010156[&&NHX:species=Potato])D)D)D,(PGSC0003DMP400007821[&&NHX:species=Potato],((Sopen06g001490.1[&&NHX:species=S. Pennelli],Solyc06g005520.4.1[&&NHX:species=Tomato],SPI06g00083.1[&&NHX:species=S. pimp],Capang06g002512[&&NHX:species=Wild pepper],Capana06g002720[&&NHX:species=Dom. pepper],PGSC0003DMP400007820[&&NHX:species=Potato])S,PGSC0003DMP400007819[&&NHX:species=Potato])D)D,((Capana01g003696[&&NHX:species=Dom. pepper],SLYcer08g04352.1[&&NHX:species=Tomato Cherry],Solyc08g060950.3.1[&&NHX:species=Tomato],PGSC0003DMP400058481[&&NHX:species=Potato],Capang00g001200[&&NHX:species=Wild pepper],SPI08g04252.1[&&NHX:species=S. pimp],Sopen08g016100.1[&&NHX:species=S. Pennelli])S,(SLYcer03g00696.1[&&NHX:species=Tomato Cherry],Solyc03g031980.4.1[&&NHX:species=Tomato],SPI03g00853.1[&&NHX:species=S. pimp],PGSC0003DMP400032555[&&NHX:species=Potato],Capang04g002177[&&NHX:species=Wild pepper],Sopen03g005830.1[&&NHX:species=S. Pennelli])S,(((SPI10g02104.1[&&NHX:species=S. pimp],SLYcer10g03758.1[&&NHX:species=Tomato Cherry])S,SLYcer01g08006.1[&&NHX:species=Tomato Cherry])D,PGSC0003DMP400007798[&&NHX:species=Potato])S,(((SPI10g02166.1[&&NHX:species=S. pimp],Capana00g000484[&&NHX:species=Dom. pepper],Capang00g002067[&&NHX:species=Wild pepper],SLYcer10g03806.1[&&NHX:species=Tomato Cherry])S,((PGSC0003DMP400032554[&&NHX:species=Potato],Capana04g002495[&&NHX:species=Dom. pepper])S,PGSC0003DMP400016644[&&NHX:species=Potato])D)D,(SPI10g02123.1[&&NHX:species=S. pimp],Solyc10g047740.1.1[&&NHX:species=Tomato],SLYcer10g03775.1[&&NHX:species=Tomato Cherry])S)D,((Capana00g000485[&&NHX:species=Dom. pepper],Sopen12g018640.1[&&NHX:species=S. Pennelli])S,(Capana10g002194[&&NHX:species=Dom. pepper],((SPI10g03910.1[&&NHX:species=S. pimp],PGSC0003DMP400040948[&&NHX:species=Potato],Solyc10g080510.1.1[&&NHX:species=Tomato],SLYcer10g05425.1[&&NHX:species=Tomato Cherry],Capana10g002195[&&NHX:species=Dom. pepper])S,(Capang10g001948[&&NHX:species=Wild pepper],Capana10g002193[&&NHX:species=Dom. pepper])S)D)D)D,((Solyc02g068300.3.1[&&NHX:species=Tomato],Capana02g001100[&&NHX:species=Dom. pepper],PGSC0003DMP400016642[&&NHX:species=Potato],SLYcer02g03615.1[&&NHX:species=Tomato Cherry],Sopen02g017400.1[&&NHX:species=S. Pennelli],SPI02g02512.1[&&NHX:species=S. pimp],Capang02g001001[&&NHX:species=Wild pepper])S,PGSC0003DMP400016643[&&NHX:species=Potato])D)D,(((((Capana12g000388[&&NHX:species=Dom. pepper],Capang12g000318[&&NHX:species=Wild pepper])S,(Sopen12g032540.1[&&NHX:species=S. Pennelli],(Sopen12g032550.1[&&NHX:species=S. Pennelli],SLYcer12g04942.1[&&NHX:species=Tomato Cherry])S)D)D,(PGSC0003DMP400051124[&&NHX:species=Potato],(Capana01g001021[&&NHX:species=Dom. pepper],PGSC0003DMP400051125[&&NHX:species=Potato])S)D)D,(SPI12g04900.1[&&NHX:species=S. pimp],Capang12g000319[&&NHX:species=Wild pepper],Solyc12g096710.2.1[&&NHX:species=Tomato],Capana12g000389[&&NHX:species=Dom. pepper],SLYcer07g00278.1[&&NHX:species=Tomato Cherry])S)D,(((Capang11g001433[&&NHX:species=Wild pepper],Sopen05g002520.1[&&NHX:species=S. Pennelli],Capana11g001496[&&NHX:species=Dom. pepper],SPI05g00273.1[&&NHX:species=S. pimp],SLYcer05g00256.1[&&NHX:species=Tomato Cherry],Solyc05g006570.1.1[&&NHX:species=Tomato],PGSC0003DMP400039234[&&NHX:species=Potato])S,(SLYcer02g05157.1[&&NHX:species=Tomato Cherry],Capana02g003427[&&NHX:species=Dom. pepper],Sopen02g032210.1[&&NHX:species=S. Pennelli],PGSC0003DMP400002331[&&NHX:species=Potato],SPI02g04089.1[&&NHX:species=S. pimp],Capang02g003156[&&NHX:species=Wild pepper],Solyc02g087460.1.1[&&NHX:species=Tomato])S)D,((SPI06g05423.1[&&NHX:species=S. pimp],SPI06g05240.1[&&NHX:species=S. pimp])D,PGSC0003DMP400048141[&&NHX:species=Potato],Solyc06g082920.3.1[&&NHX:species=Tomato],Capana06g000234[&&NHX:species=Dom. pepper],Capang06g000221[&&NHX:species=Wild pepper],Sopen06g034280.1[&&NHX:species=S. Pennelli])S)D)D,((Solyc12g055720.2.1[&&NHX:species=Tomato],Capana12g001029[&&NHX:species=Dom. pepper],Sopen12g024190.1[&&NHX:species=S. Pennelli],SPI12g04353.1[&&NHX:species=S. pimp],SLYcer12g04400.1[&&NHX:species=Tomato Cherry],Capang12g000881[&&NHX:species=Wild pepper])S,((SPI06g03989.1[&&NHX:species=S. pimp],Capana00g004901[&&NHX:species=Dom. pepper],SLYcer06g04122.1[&&NHX:species=Tomato Cherry],Sopen06g022830.2[&&NHX:species=S. Pennelli],Solyc06g063360.4.1[&&NHX:species=Tomato],Capang00g002698[&&NHX:species=Wild pepper])S,Sopen06g022830.1[&&NHX:species=S. Pennelli])D)D)D;	53	26	658	SPI09g00991.1,SPI09g00992.1,PGSC0003DMP400016186,PGSC0003DMP400050258,PGSC0003DMP400050259,Sopen10g031060.1,PGSC0003DMP400023927,Capana12g001471,SLYcer03g04872.1,SLYcer06g00317.1,Sopen02g033880.1,Capana03g004390,Capana09g001538,Capang09g001115,Capana09g001637,Capana10g000142,Sopen04g017530.1,SLYcer11g02073.1,Capang07g001663,Capana04g002611,SPI04g02926.1,Capana09g001866,Capang10g001270,SPI08g04919.1,Capana05g002410,Solyc10g047780.1.1,Capana12g002725,Capana05g000344,SLYcer01g08005.1,Capana03g001316,Solyc09g014470.2.1,SLYcer01g07382.1
OG27640	((((Capana06g003017[&&NHX:species=Dom. pepper],PGSC0003DMP400009449[&&NHX:species=Potato],SLYcer06g00570.1[&&NHX:species=Tomato Cherry],SPI06g00352.1[&&NHX:species=S. pimp],Solyc06g008760.1.1[&&NHX:species=Tomato],Capang06g002774[&&NHX:species=Wild pepper],Sopen06g003550.1[&&NHX:species=S. Pennelli])S,(Capana06g000014[&&NHX:species=Dom. pepper],Capang06g000011[&&NHX:species=Wild pepper])S)D,((SLYcer09g04290.1[&&NHX:species=Tomato Cherry],SPI09g04099.1[&&NHX:species=S. pimp],Solyc09g074570.1.1[&&NHX:species=Tomato],Capana03g003560[&&NHX:species=Dom. pepper],(PGSC0003DMP400020213[&&NHX:species=Potato],PGSC0003DMP400020152[&&NHX:species=Potato])D,Capang03g003470[&&NHX:species=Wild pepper],Sopen09g029400.1[&&NHX:species=S. Pennelli])S,PGSC0003DMP400020153[&&NHX:species=Potato])D)D,((PGSC0003DMP400009147[&&NHX:species=Potato],SLYcer09g01406.1[&&NHX:species=Tomato Cherry],SPI09g01264.1[&&NHX:species=S. pimp])S,(((Capang11g001871[&&NHX:species=Wild pepper],SLYcer12g01441.1[&&NHX:species=Tomato Cherry],PGSC0003DMP400030380[&&NHX:species=Potato],SPI12g01475.1[&&NHX:species=S. pimp])S,(Capana11g002287[&&NHX:species=Dom. pepper],PGSC0003DMP400019396[&&NHX:species=Potato],SLYcer05g00607.1[&&NHX:species=Tomato Cherry])S)D,((PGSC0003DMP400034700[&&NHX:species=Potato],SLYcer05g00605.1[&&NHX:species=Tomato Cherry],SPI05g00639.1[&&NHX:species=S. pimp],Capana11g002276[&&NHX:species=Dom. pepper],Capang11g002175[&&NHX:species=Wild pepper])S,PGSC0003DMP400022983[&&NHX:species=Potato])D)D,(Capana08g001452[&&NHX:species=Dom. pepper],Capang01g004014[&&NHX:species=Wild pepper],PGSC0003DMP400038215[&&NHX:species=Potato])S,(((PGSC0003DMP400059492[&&NHX:species=Potato],SLYcer11g02601.1[&&NHX:species=Tomato Cherry],SPI11g02660.1[&&NHX:species=S. pimp],Capang01g003557[&&NHX:species=Wild pepper])S,(SPI11g01090.1[&&NHX:species=S. pimp],SLYcer11g00959.1[&&NHX:species=Tomato Cherry])S)D,((PGSC0003DMP400062525[&&NHX:species=Potato],(((Capana11g002286[&&NHX:species=Dom. pepper],Capang01g000474[&&NHX:species=Wild pepper])S,Capang01g000472[&&NHX:species=Wild pepper])D,PGSC0003DMP400034697[&&NHX:species=Potato])S)D,Capana11g002279[&&NHX:species=Dom. pepper])D)D,(Capang09g001899[&&NHX:species=Wild pepper],SPI09g00486.1[&&NHX:species=S. pimp],Sopen09g004210.1[&&NHX:species=S. Pennelli],PGSC0003DMP400004839[&&NHX:species=Potato],SLYcer09g00598.1[&&NHX:species=Tomato Cherry])S,(((((PGSC0003DMP400030457[&&NHX:species=Potato],PGSC0003DMP400030456[&&NHX:species=Potato])D,SLYcer11g02603.1[&&NHX:species=Tomato Cherry],SPI11g02662.1[&&NHX:species=S. pimp])S,(Capang00g002040[&&NHX:species=Wild pepper],SPI11g02659.1[&&NHX:species=S. pimp],SLYcer11g02600.1[&&NHX:species=Tomato Cherry])S)D,(SLYcer11g02360.1[&&NHX:species=Tomato Cherry],PGSC0003DMP400069229[&&NHX:species=Potato],SPI11g02389.1[&&NHX:species=S. pimp])S)D,(SPI09g01266.1[&&NHX:species=S. pimp],SLYcer09g01408.1[&&NHX:species=Tomato Cherry])S)D,((((PGSC0003DMP400065403[&&NHX:species=Potato],PGSC0003DMP400065135[&&NHX:species=Potato])D,PGSC0003DMP400006655[&&NHX:species=Potato])D,Capana08g000981[&&NHX:species=Dom. pepper],Capang01g003537[&&NHX:species=Wild pepper])S,((((PGSC0003DMP400063993[&&NHX:species=Potato],(PGSC0003DMP400006752[&&NHX:species=Potato],PGSC0003DMP400068313[&&NHX:species=Potato])D)D,(Solyc10g009450.1.1[&&NHX:species=Tomato],Solyc10g009460.1.1[&&NHX:species=Tomato])D)S,SPI10g00585.1[&&NHX:species=S. pimp])S,(((PGSC0003DMP400068643[&&NHX:species=Potato],Sopen04g033920.1[&&NHX:species=S. Pennelli],SPI04g05128.1[&&NHX:species=S. pimp],SLYcer04g05631.1[&&NHX:species=Tomato Cherry],Solyc04g080320.1.1[&&NHX:species=Tomato])S,PGSC0003DMP400013675[&&NHX:species=Potato])D,Capang11g002179[&&NHX:species=Wild pepper])S)D)D)D,((((((PGSC0003DMP400006117[&&NHX:species=Potato],PGSC0003DMP400006118[&&NHX:species=Potato])D,Capana01g003180[&&NHX:species=Dom. pepper],SLYcer01g05771.1[&&NHX:species=Tomato Cherry],Sopen01g028680.1[&&NHX:species=S. Pennelli],SPI01g05948.1[&&NHX:species=S. pimp],Solyc01g067010.3.1[&&NHX:species=Tomato],Capang08g000123[&&NHX:species=Wild pepper])S,((Sopen10g004270.1[&&NHX:species=S. Pennelli],SLYcer10g00588.1[&&NHX:species=Tomato Cherry],Capana10g000381[&&NHX:species=Dom. pepper])S,((Capang10g000278[&&NHX:species=Wild pepper],SPI10g00450.1[&&NHX:species=S. pimp])S,(Capang10g000279[&&NHX:species=Wild pepper],Capana10g000382[&&NHX:species=Dom. pepper])S)D)D)D,(((SPI09g04784.1[&&NHX:species=S. pimp],Capang00g000017[&&NHX:species=Wild pepper],PGSC0003DMP400036518[&&NHX:species=Potato])S,(PGSC0003DMP400051618[&&NHX:species=Potato],Sopen09g034590.1[&&NHX:species=S. Pennelli],Capang07g000292[&&NHX:species=Wild pepper],Solyc09g091690.1.1[&&NHX:species=Tomato])S)D,((PGSC0003DMP400054473[&&NHX:species=Potato],Capana03g004033[&&NHX:species=Dom. pepper])S,Capana03g004025[&&NHX:species=Dom. pepper])D)D)D,(((Capana00g000245[&&NHX:species=Dom. pepper],(Capang05g001831[&&NHX:species=Wild pepper],Capana05g002282[&&NHX:species=Dom. pepper])S)D,PGSC0003DMP400023213[&&NHX:species=Potato])S,PGSC0003DMP400026349[&&NHX:species=Potato])D)D,(Solyc12g098170.1.1[&&NHX:species=Tomato],Capana12g002107[&&NHX:species=Dom. pepper],PGSC0003DMP400029479[&&NHX:species=Potato],SLYcer12g04993.1[&&NHX:species=Tomato Cherry],SPI12g04952.1[&&NHX:species=S. pimp])S)D,(((((((SLYcer11g00789.1[&&NHX:species=Tomato Cherry],Solyc11g012560.3.1[&&NHX:species=Tomato],(PGSC0003DMP400023507[&&NHX:species=Potato],PGSC0003DMP400023508[&&NHX:species=Potato])D,SPI11g00936.1[&&NHX:species=S. pimp],Sopen11g007290.1[&&NHX:species=S. Pennelli])S,(SLYcer11g00785.1[&&NHX:species=Tomato Cherry],SPI11g00933.1[&&NHX:species=S. pimp])S)D,(((Capana00g001475[&&NHX:species=Dom. pepper],Capang12g002293[&&NHX:species=Wild pepper],Solyc11g008300.1.1[&&NHX:species=Tomato])S,(((PGSC0003DMP400013169[&&NHX:species=Potato],Sopen11g004110.1[&&NHX:species=S. Pennelli])S,Sopen11g004020.1[&&NHX:species=S. Pennelli])D,Capana12g002782[&&NHX:species=Dom. pepper],Capang12g002429[&&NHX:species=Wild pepper])S)D,(Capana00g001563[&&NHX:species=Dom. pepper],PGSC0003DMP400013147[&&NHX:species=Potato])S)D)D,(((((PGSC0003DMP400023505[&&NHX:species=Potato],Capana12g002849[&&NHX:species=Dom. pepper])S,((Capang12g002138[&&NHX:species=Wild pepper],Capang12g002139[&&NHX:species=Wild pepper])D,Capana12g002493[&&NHX:species=Dom. pepper])S)D,Capana12g002785[&&NHX:species=Dom. pepper])D,(PGSC0003DMP400023504[&&NHX:species=Potato],(Capang12g002143[&&NHX:species=Wild pepper],(Sopen11g007270.1[&&NHX:species=S. Pennelli],SLYcer11g00783.1[&&NHX:species=Tomato Cherry],Solyc11g012540.2.1[&&NHX:species=Tomato],(Capang12g002427[&&NHX:species=Wild pepper],Capang12g001628[&&NHX:species=Wild pepper])D)S)D)D)D,((SLYcer11g00787.1[&&NHX:species=Tomato Cherry],Capang05g000324[&&NHX:species=Wild pepper],Solyc11g012550.3.1[&&NHX:species=Tomato],SPI11g00935.1[&&NHX:species=S. pimp])S,(((Capang12g002145[&&NHX:species=Wild pepper],Capana12g002551[&&NHX:species=Dom. pepper])S,Capana05g000404[&&NHX:species=Dom. pepper])D,PGSC0003DMP400023454[&&NHX:species=Potato])S)D)D)D,(((((SPI07g00972.1[&&NHX:species=S. pimp],PGSC0003DMP400060458[&&NHX:species=Potato],SLYcer07g00952.1[&&NHX:species=Tomato Cherry])S,(Solyc07g150113.1.1[&&NHX:species=Tomato],SLYcer09g04292.1[&&NHX:species=Tomato Cherry])S)D,((((Capang00g002023[&&NHX:species=Wild pepper],PGSC0003DMP400065587[&&NHX:species=Potato])S,Capang12g002142[&&NHX:species=Wild pepper])D,(Capang12g002140[&&NHX:species=Wild pepper],Capana12g002494[&&NHX:species=Dom. pepper],PGSC0003DMP400058104[&&NHX:species=Potato])S)D,(PGSC0003DMP400065846[&&NHX:species=Potato],PGSC0003DMP400061600[&&NHX:species=Potato])D)D)D,((((Capana01g004252[&&NHX:species=Dom. pepper],Capana10g001876[&&NHX:species=Dom. pepper])D,PGSC0003DMP400062255[&&NHX:species=Potato])S,((PGSC0003DMP400061239[&&NHX:species=Potato],Capana12g002495[&&NHX:species=Dom. pepper])S,PGSC0003DMP400020151[&&NHX:species=Potato])D)D,((Capang00g004458[&&NHX:species=Wild pepper],Capang01g000001[&&NHX:species=Wild pepper])D,Capana12g000106[&&NHX:species=Dom. pepper])S)D)D,((Capang06g002644[&&NHX:species=Wild pepper],Capana06g002867[&&NHX:species=Dom. pepper],Sopen01g003950.1[&&NHX:species=S. Pennelli],SPI09g00152.1[&&NHX:species=S. pimp],PGSC0003DMP400064559[&&NHX:species=Potato])S,((Sopen11g007280.1[&&NHX:species=S. Pennelli],SLYcer09g04291.1[&&NHX:species=Tomato Cherry],PGSC0003DMP400027189[&&NHX:species=Potato],Capana01g004407[&&NHX:species=Dom. pepper])S,(Capang07g000141[&&NHX:species=Wild pepper],PGSC0003DMP400023670[&&NHX:species=Potato],Capana07g000130[&&NHX:species=Dom. pepper])S)D)D)D)D,((PGSC0003DMP400039924[&&NHX:species=Potato],((PGSC0003DMP400018935[&&NHX:species=Potato],(Capang12g000085[&&NHX:species=Wild pepper],(PGSC0003DMP400048566[&&NHX:species=Potato],PGSC0003DMP400062361[&&NHX:species=Potato])D)S)D,(Capang03g004130[&&NHX:species=Wild pepper],PGSC0003DMP400023442[&&NHX:species=Potato])S)D,PGSC0003DMP400037523[&&NHX:species=Potato],PGSC0003DMP400037524[&&NHX:species=Potato],PGSC0003DMP400023470[&&NHX:species=Potato],PGSC0003DMP400037525[&&NHX:species=Potato])D,((((Capang08g001124[&&NHX:species=Wild pepper],PGSC0003DMP400064657[&&NHX:species=Potato],Capana00g001694[&&NHX:species=Dom. pepper])S,(Capang03g004129[&&NHX:species=Wild pepper],Capana12g000108[&&NHX:species=Dom. pepper])S)D,((PGSC0003DMP400062934[&&NHX:species=Potato],PGSC0003DMP400008379[&&NHX:species=Potato])D,Capang00g002619[&&NHX:species=Wild pepper],Capana00g001569[&&NHX:species=Dom. pepper])S)D,((PGSC0003DMP400044073[&&NHX:species=Potato],PGSC0003DMP400049448[&&NHX:species=Potato])D,Sopen11g006650.1[&&NHX:species=S. Pennelli],Capana06g002869[&&NHX:species=Dom. pepper],Capang06g002646[&&NHX:species=Wild pepper])S)D)D)D,((((Solyc02g087270.2.1[&&NHX:species=Tomato],Sopen02g032030.1[&&NHX:species=S. Pennelli],SPI02g04069.1[&&NHX:species=S. pimp],PGSC0003DMP400002321[&&NHX:species=Potato])S,((Capang02g003132[&&NHX:species=Wild pepper],SLYcer02g05134.1[&&NHX:species=Tomato Cherry],PGSC0003DMP400062837[&&NHX:species=Potato])S,Capang08g001136[&&NHX:species=Wild pepper])D)D,(Solyc02g091570.1.1[&&NHX:species=Tomato],Capana00g001097[&&NHX:species=Dom. pepper],Capang02g003256[&&NHX:species=Wild pepper])S)D,((((PGSC0003DMP400038588[&&NHX:species=Potato],PGSC0003DMP400058524[&&NHX:species=Potato])D,Sopen09g001450.2[&&NHX:species=S. Pennelli],Capana04g000879[&&NHX:species=Dom. pepper])S,(PGSC0003DMP400011157[&&NHX:species=Potato],((Capana11g000246[&&NHX:species=Dom. pepper],Capana11g000247[&&NHX:species=Dom. pepper])D,PGSC0003DMP400057027[&&NHX:species=Potato])S,PGSC0003DMP400026208[&&NHX:species=Potato])D)D,((Capana00g003832[&&NHX:species=Dom. pepper],(PGSC0003DMP400044072[&&NHX:species=Potato],SLYcer09g00260.1[&&NHX:species=Tomato Cherry],Solyc09g005520.2.1[&&NHX:species=Tomato],Capana06g002069[&&NHX:species=Dom. pepper],Sopen09g001690.2[&&NHX:species=S. Pennelli])S)D,((SPI01g08359.1[&&NHX:species=S. pimp],((Sopen09g001370.1[&&NHX:species=S. Pennelli],Solyc09g005480.3.1[&&NHX:species=Tomato],SLYcer09g00230.1[&&NHX:species=Tomato Cherry],SPI09g00122.1[&&NHX:species=S. pimp])S,Sopen09g001450.1[&&NHX:species=S. Pennelli])D)D,(Solyc09g005770.1.1[&&NHX:species=Tomato],SLYcer09g00257.1[&&NHX:species=Tomato Cherry])S)D)D)D)D)D,((SLYcer02g02803.1[&&NHX:species=Tomato Cherry],SPI02g01694.1[&&NHX:species=S. pimp])S,(((PGSC0003DMP400010804[&&NHX:species=Potato],PGSC0003DMP400010803[&&NHX:species=Potato])D,Sopen09g032170.1[&&NHX:species=S. Pennelli],Capang03g004388[&&NHX:species=Wild pepper])S,((Sopen09g032020.2[&&NHX:species=S. Pennelli],Capana03g004583[&&NHX:species=Dom. pepper])S,(PGSC0003DMP400010841[&&NHX:species=Potato],Sopen09g032020.1[&&NHX:species=S. Pennelli])S)D)D,((SPI09g04503.1[&&NHX:species=S. pimp],Solyc09g083230.1.1[&&NHX:species=Tomato],PGSC0003DMP400010805[&&NHX:species=Potato],Capang03g004376[&&NHX:species=Wild pepper],Capana03g004571[&&NHX:species=Dom. pepper])S,(Capana03g004572[&&NHX:species=Dom. pepper],SPI09g04504.1[&&NHX:species=S. pimp])S)D)D,(((SLYcer04g03104.1[&&NHX:species=Tomato Cherry],SPI04g02861.1[&&NHX:species=S. pimp])S,SLYcer05g00688.1[&&NHX:species=Tomato Cherry])D,PGSC0003DMP400027311[&&NHX:species=Potato])S,((((((SPI02g01695.1[&&NHX:species=S. pimp],SLYcer02g02804.1[&&NHX:species=Tomato Cherry],Sopen02g011430.1[&&NHX:species=S. Pennelli],PGSC0003DMP400037241[&&NHX:species=Potato])S,PGSC0003DMP400054537[&&NHX:species=Potato])D,(((PGSC0003DMP400054521[&&NHX:species=Potato],PGSC0003DMP400054522[&&NHX:species=Potato])D,SPI09g00796.1[&&NHX:species=S. pimp],Capang03g004180[&&NHX:species=Wild pepper],Capana00g002426[&&NHX:species=Dom. pepper])S,PGSC0003DMP400062008[&&NHX:species=Potato])D)D,((Capang10g001752[&&NHX:species=Wild pepper],Capana10g001988[&&NHX:species=Dom. pepper],PGSC0003DMP400067826[&&NHX:species=Potato])S,((PGSC0003DMP400006817[&&NHX:species=Potato],PGSC0003DMP400057175[&&NHX:species=Potato])D,Capana00g002421[&&NHX:species=Dom. pepper])S)D)D,((PGSC0003DMP400064834[&&NHX:species=Potato],Capana03g004049[&&NHX:species=Dom. pepper],SLYcer09g02881.1[&&NHX:species=Tomato Cherry])S,(Capana00g002428[&&NHX:species=Dom. pepper],PGSC0003DMP400069182[&&NHX:species=Potato],SPI09g02808.1[&&NHX:species=S. pimp])S)D)D,(((((Capang09g000326[&&NHX:species=Wild pepper],Capana09g000345[&&NHX:species=Dom. pepper],PGSC0003DMP400059886[&&NHX:species=Potato])S,((Capana00g001590[&&NHX:species=Dom. pepper],Capang01g000089[&&NHX:species=Wild pepper],PGSC0003DMP400021719[&&NHX:species=Potato])S,((PGSC0003DMP400051665[&&NHX:species=Potato],(Solyc08g082550.1.1[&&NHX:species=Tomato],PGSC0003DMP400038001[&&NHX:species=Potato])S)D,Capang01g000079[&&NHX:species=Wild pepper],Capana01g000083[&&NHX:species=Dom. pepper])S)D)D,(PGSC0003DMP400063910[&&NHX:species=Potato],Solyc10g052710.1.1[&&NHX:species=Tomato],SPI10g02900.1[&&NHX:species=S. pimp],Sopen10g023390.1[&&NHX:species=S. Pennelli],SLYcer10g04399.1[&&NHX:species=Tomato Cherry])S)D,(((((PGSC0003DMP400011437[&&NHX:species=Potato],PGSC0003DMP400011435[&&NHX:species=Potato])D,Capang03g003713[&&NHX:species=Wild pepper])S,(Capang03g003716[&&NHX:species=Wild pepper],Capana03g003814[&&NHX:species=Dom. pepper])S)D,(((PGSC0003DMP400007374[&&NHX:species=Potato],PGSC0003DMP400068600[&&NHX:species=Potato],PGSC0003DMP400030874[&&NHX:species=Potato])D,Capana11g001354[&&NHX:species=Dom. pepper],Solyc09g091710.3.1[&&NHX:species=Tomato],Capang11g001332[&&NHX:species=Wild pepper],SPI09g04787.1[&&NHX:species=S. pimp],SLYcer09g05108.1[&&NHX:species=Tomato Cherry],Sopen09g034610.1[&&NHX:species=S. Pennelli])S,((SLYcer09g05106.1[&&NHX:species=Tomato Cherry],SLYcer09g04205.1[&&NHX:species=Tomato Cherry])D,(Sopen03g006940.2[&&NHX:species=S. Pennelli],Sopen03g006940.1[&&NHX:species=S. Pennelli])D,PGSC0003DMP400051662[&&NHX:species=Potato],SPI03g01098.1[&&NHX:species=S. pimp])S)D)D,((((PGSC0003DMP400023917[&&NHX:species=Potato],PGSC0003DMP400023918[&&NHX:species=Potato])D,Capana11g001349[&&NHX:species=Dom. pepper],Capang11g001328[&&NHX:species=Wild pepper])S,PGSC0003DMP400023858[&&NHX:species=Potato])D,(Sopen05g001130.1[&&NHX:species=S. Pennelli],Solyc05g005110.1.1[&&NHX:species=Tomato],Capang00g003598[&&NHX:species=Wild pepper])S)D)D)D,(((PGSC0003DMP400065877[&&NHX:species=Potato],Capana03g000021[&&NHX:species=Dom. pepper],SPI09g00128.1[&&NHX:species=S. pimp],Capang03g000016[&&NHX:species=Wild pepper],SLYcer09g00237.1[&&NHX:species=Tomato Cherry])S,(Capang03g000017[&&NHX:species=Wild pepper],Capana03g000024[&&NHX:species=Dom. pepper],PGSC0003DMP400006767[&&NHX:species=Potato],Sopen09g028740.1[&&NHX:species=S. Pennelli])S)D,((Capang03g004177[&&NHX:species=Wild pepper],Solyc09g072930.1.1[&&NHX:species=Tomato],(PGSC0003DMP400054533[&&NHX:species=Potato],PGSC0003DMP400006766[&&NHX:species=Potato])D,(Capana00g002427[&&NHX:species=Dom. pepper],Capana00g002422[&&NHX:species=Dom. pepper])D)S,((Capana07g001446[&&NHX:species=Dom. pepper],Capang07g001470[&&NHX:species=Wild pepper],PGSC0003DMP400006820[&&NHX:species=Potato])S,PGSC0003DMP400004312[&&NHX:species=Potato])D)D)D)D)D,((((Capana04g000878[&&NHX:species=Dom. pepper],PGSC0003DMP400064579[&&NHX:species=Potato])S,((Capang00g004803[&&NHX:species=Wild pepper],Capana12g000110[&&NHX:species=Dom. pepper],SPI09g00151.1[&&NHX:species=S. pimp])S,Capang12g000088[&&NHX:species=Wild pepper])D)D,((SPI02g04474.1[&&NHX:species=S. pimp],Capana01g004272[&&NHX:species=Dom. pepper],SLYcer02g05554.1[&&NHX:species=Tomato Cherry])S,Capana00g002099[&&NHX:species=Dom. pepper])D)D,(((Capana01g004253[&&NHX:species=Dom. pepper],Capang00g000597[&&NHX:species=Wild pepper])S,((Capang12g000086[&&NHX:species=Wild pepper],PGSC0003DMP400066757[&&NHX:species=Potato],Capana12g000107[&&NHX:species=Dom. pepper])S,Capang08g001125[&&NHX:species=Wild pepper])D)D,(PGSC0003DMP400057243[&&NHX:species=Potato],SPI11g00584.1[&&NHX:species=S. pimp],SLYcer11g00441.1[&&NHX:species=Tomato Cherry])S,((Capang00g004256[&&NHX:species=Wild pepper],((SLYcer07g00951.1[&&NHX:species=Tomato Cherry],SPI07g00971.1[&&NHX:species=S. pimp])S,SPI11g00853.1[&&NHX:species=S. pimp])D)S,SPI09g02710.1[&&NHX:species=S. pimp])D,(Capana00g004558[&&NHX:species=Dom. pepper],PGSC0003DMP400036520[&&NHX:species=Potato],SPI08g05522.1[&&NHX:species=S. pimp],Capang00g002099[&&NHX:species=Wild pepper],Solyc04g081980.2.1[&&NHX:species=Tomato],SLYcer01g07144.1[&&NHX:species=Tomato Cherry])S,(SPI10g00797.1[&&NHX:species=S. pimp],SLYcer10g00926.1[&&NHX:species=Tomato Cherry])S)D,(((Capang02g003396[&&NHX:species=Wild pepper],Solyc01g104940.2.1[&&NHX:species=Tomato],SLYcer01g07143.1[&&NHX:species=Tomato Cherry],Capana00g001793[&&NHX:species=Dom. pepper],PGSC0003DMP400064958[&&NHX:species=Potato],Sopen01g047470.1[&&NHX:species=S. Pennelli],SPI01g08119.1[&&NHX:species=S. pimp])S,(Capang03g003408[&&NHX:species=Wild pepper],Capana03g003468[&&NHX:species=Dom. pepper])S)D,(((Capana02g003703[&&NHX:species=Dom. pepper],SPI10g03734.1[&&NHX:species=S. pimp],Solyc09g150103.1.1[&&NHX:species=Tomato],Capang02g003397[&&NHX:species=Wild pepper])S,SPI11g04084.1[&&NHX:species=S. pimp])D,(SLYcer11g04015.1[&&NHX:species=Tomato Cherry],Capana00g001794[&&NHX:species=Dom. pepper],SPI11g04080.1[&&NHX:species=S. pimp],Solyc02g094080.1.1[&&NHX:species=Tomato])S)D)D,((((((Capang06g001889[&&NHX:species=Wild pepper],Capang07g001119[&&NHX:species=Wild pepper])D,Capana02g001529[&&NHX:species=Dom. pepper])S,(Capang00g002022[&&NHX:species=Wild pepper],Capana12g002492[&&NHX:species=Dom. pepper])S)D,(Capana12g001944[&&NHX:species=Dom. pepper],Capana08g001866[&&NHX:species=Dom. pepper])D)D,Capang00g002923[&&NHX:species=Wild pepper])D,(PGSC0003DMP400015663[&&NHX:species=Potato],PGSC0003DMP400015664[&&NHX:species=Potato])D)S,(((Capang10g000185[&&NHX:species=Wild pepper],Capana10g000273[&&NHX:species=Dom. pepper])S,Capana10g000279[&&NHX:species=Dom. pepper])D,((((Capana03g004320[&&NHX:species=Dom. pepper],Capana00g001632[&&NHX:species=Dom. pepper])D,Capang00g003097[&&NHX:species=Wild pepper])S,Capana11g001214[&&NHX:species=Dom. pepper],Capang12g002144[&&NHX:species=Wild pepper])D,SPI02g04725.1[&&NHX:species=S. pimp],SLYcer02g05804.1[&&NHX:species=Tomato Cherry])S,SPI10g03735.1[&&NHX:species=S. pimp])D)D,((SLYcer10g00428.1[&&NHX:species=Tomato Cherry],PGSC0003DMP400043403[&&NHX:species=Potato],Capang10g000066[&&NHX:species=Wild pepper],Capana10g000068[&&NHX:species=Dom. pepper],SPI10g00295.1[&&NHX:species=S. pimp],Sopen10g002860.1[&&NHX:species=S. Pennelli])S,((Capana03g000687[&&NHX:species=Dom. pepper],Capang03g000630[&&NHX:species=Wild pepper])S,(PGSC0003DMP400009926[&&NHX:species=Potato],Capana03g000692[&&NHX:species=Dom. pepper])S)D)D,(((Capana01g000974[&&NHX:species=Dom. pepper],Capang00g004231[&&NHX:species=Wild pepper])S,((Capana01g000973[&&NHX:species=Dom. pepper],Capang00g004232[&&NHX:species=Wild pepper])S,Capang00g004238[&&NHX:species=Wild pepper])D)D,(((SLYcer01g00527.1[&&NHX:species=Tomato Cherry],PGSC0003DMP400031381[&&NHX:species=Potato],SPI01g00558.1[&&NHX:species=S. pimp],(Capang01g001452[&&NHX:species=Wild pepper],Capang01g001379[&&NHX:species=Wild pepper])D)S,(((Capana01g001676[&&NHX:species=Dom. pepper],Capana01g001677[&&NHX:length=-0.00022:species=Dom. pepper])D,Capana01g001756[&&NHX:species=Dom. pepper])D,Sopen01g004180.1[&&NHX:species=S. Pennelli],Solyc01g008660.4.1[&&NHX:species=Tomato])S)D,(Capang00g005237[&&NHX:species=Wild pepper],Capana09g001786[&&NHX:species=Dom. pepper])S)D)D,((Sopen02g021380.1[&&NHX:species=S. Pennelli],SPI02g02936.1[&&NHX:species=S. pimp],Capang02g001534[&&NHX:species=Wild pepper],Solyc02g072423.1.1[&&NHX:species=Tomato],Capana04g001368[&&NHX:species=Dom. pepper],SLYcer02g04043.1[&&NHX:species=Tomato Cherry])S,((((Solyc02g072420.1.1[&&NHX:species=Tomato],Sopen02g021370.1[&&NHX:species=S. Pennelli])S,Sopen02g021360.1[&&NHX:species=S. Pennelli])D,SLYcer02g04041.1[&&NHX:species=Tomato Cherry])S,((PGSC0003DMP400049467[&&NHX:species=Potato],Capana04g001389[&&NHX:species=Dom. pepper])S,PGSC0003DMP400049466[&&NHX:species=Potato])D)D)D,(((Capang09g001513[&&NHX:species=Wild pepper],(((PGSC0003DMP400059078[&&NHX:species=Potato],(PGSC0003DMP400067625[&&NHX:species=Potato],PGSC0003DMP400068972[&&NHX:species=Potato])D)D,(Capang11g002092[&&NHX:species=Wild pepper],Capang11g002076[&&NHX:species=Wild pepper])D)S,(Capang11g001683[&&NHX:species=Wild pepper],Capana00g002728[&&NHX:species=Dom. pepper])S)D)D,(((PGSC0003DMP400068743[&&NHX:species=Potato],PGSC0003DMP400067029[&&NHX:species=Potato])D,PGSC0003DMP400058134[&&NHX:species=Potato])D,Solyc05g010500.1.1[&&NHX:species=Tomato],SLYcer05g00734.1[&&NHX:species=Tomato Cherry],SPI05g00761.1[&&NHX:species=S. pimp])S)D,(((((Capana09g001973[&&NHX:species=Dom. pepper],(Capang12g002417[&&NHX:species=Wild pepper],Capana12g002775[&&NHX:species=Dom. pepper])S)D,Capana11g001743[&&NHX:species=Dom. pepper])D,SLYcer05g00677.1[&&NHX:species=Tomato Cherry],PGSC0003DMP400043547[&&NHX:species=Potato])S,((Capana11g001751[&&NHX:species=Dom. pepper],PGSC0003DMP400067633[&&NHX:species=Potato])S,(PGSC0003DMP400027352[&&NHX:species=Potato],Capana11g002183[&&NHX:species=Dom. pepper],Solyc05g010220.2.1[&&NHX:species=Tomato])S)D)D,(SPI10g03063.1[&&NHX:species=S. pimp],(SPI05g00708.1[&&NHX:species=S. pimp],Capana00g002727[&&NHX:species=Dom. pepper])S)D)D,((SLYcer05g00689.1[&&NHX:species=Tomato Cherry],Capana00g002653[&&NHX:species=Dom. pepper],PGSC0003DMP400062269[&&NHX:species=Potato],SPI05g00721.1[&&NHX:species=S. pimp])S,(SLYcer05g00687.1[&&NHX:species=Tomato Cherry],SPI05g00719.1[&&NHX:species=S. pimp],PGSC0003DMP400064315[&&NHX:species=Potato],Capana11g002162[&&NHX:species=Dom. pepper],Solyc05g010490.1.1[&&NHX:species=Tomato])S)D,((((SPI09g02133.1[&&NHX:species=S. pimp],PGSC0003DMP400043603[&&NHX:species=Potato],SLYcer09g02218.1[&&NHX:species=Tomato Cherry])S,Capana11g001742[&&NHX:species=Dom. pepper])D,(Solyc05g010210.1.1[&&NHX:species=Tomato],SPI05g00722.1[&&NHX:species=S. pimp],Capana00g002512[&&NHX:species=Dom. pepper])S)D,((SLYcer10g04564.1[&&NHX:species=Tomato Cherry],PGSC0003DMP400062368[&&NHX:species=Potato])S,SLYcer10g04573.1[&&NHX:species=Tomato Cherry])D)D,((SLYcer05g00690.1[&&NHX:species=Tomato Cherry],PGSC0003DMP400043605[&&NHX:species=Potato],SPI05g00723.1[&&NHX:species=S. pimp])S,((((Capana00g002508[&&NHX:species=Dom. pepper],((Capang11g001709[&&NHX:species=Wild pepper],Capang00g001580[&&NHX:species=Wild pepper])D,(Capang11g001704[&&NHX:species=Wild pepper],Capang12g002418[&&NHX:species=Wild pepper])D)D)S,Capana00g002509[&&NHX:species=Dom. pepper])D,(((Capana00g002510[&&NHX:species=Dom. pepper],Capang11g001706[&&NHX:species=Wild pepper])S,Capang00g000857[&&NHX:species=Wild pepper])D,PGSC0003DMP400013326[&&NHX:species=Potato])S)D,((PGSC0003DMP400066895[&&NHX:species=Potato],(((SPI10g03043.1[&&NHX:species=S. pimp],SLYcer10g04551.1[&&NHX:species=Tomato Cherry])S,SPI10g03074.1[&&NHX:species=S. pimp])D,PGSC0003DMP400059527[&&NHX:species=Potato])S)D,Capana00g001347[&&NHX:species=Dom. pepper])S)D)D,(((PGSC0003DMP400059496[&&NHX:species=Potato],SLYcer04g03103.1[&&NHX:species=Tomato Cherry],SPI04g02860.1[&&NHX:species=S. pimp])S,SPI05g00765.1[&&NHX:species=S. pimp])D,Capang08g000207[&&NHX:species=Wild pepper])S)D,(PGSC0003DMP400008164[&&NHX:species=Potato],Capang00g000970[&&NHX:species=Wild pepper],Sopen12g033850.1[&&NHX:species=S. Pennelli],Solyc12g099170.3.1[&&NHX:species=Tomato],SPI12g05070.1[&&NHX:species=S. pimp],SLYcer12g05119.1[&&NHX:species=Tomato Cherry])S,((PGSC0003DMP400057652[&&NHX:species=Potato],Capang03g003378[&&NHX:species=Wild pepper],SPIUNg00016.1[&&NHX:species=S. pimp],Solyc09g091680.1.1[&&NHX:species=Tomato],Capana03g003436[&&NHX:species=Dom. pepper])S,((SLYcer02g02992.1[&&NHX:species=Tomato Cherry],Capana03g004011[&&NHX:species=Dom. pepper],Capang03g003882[&&NHX:species=Wild pepper],SPI02g01810.1[&&NHX:species=S. pimp])S,(SPI09g04782.1[&&NHX:species=S. pimp],(SLYcer02g03103.1[&&NHX:species=Tomato Cherry],SPI02g01981.1[&&NHX:species=S. pimp])S,(SPI02g01828.1[&&NHX:species=S. pimp],Capang03g004417[&&NHX:species=Wild pepper],PGSC0003DMP400063161[&&NHX:species=Potato],Capana03g004614[&&NHX:species=Dom. pepper])S)D)D,(Sopen05g019890.1[&&NHX:species=S. Pennelli],SLYcer05g02426.1[&&NHX:species=Tomato Cherry],Solyc05g025625.1.1[&&NHX:species=Tomato])S,((Capang03g003879[&&NHX:species=Wild pepper],Sopen09g034550.1[&&NHX:species=S. Pennelli],SPI09g04774.1[&&NHX:species=S. pimp],PGSC0003DMP400068902[&&NHX:species=Potato],SLYcer09g05100.1[&&NHX:species=Tomato Cherry])S,PGSC0003DMP400063862[&&NHX:species=Potato])D,(((((PGSC0003DMP400062717[&&NHX:species=Potato],SLYcer12g00202.1[&&NHX:species=Tomato Cherry])S,PGSC0003DMP400048465[&&NHX:species=Potato])D,Capang09g000437[&&NHX:species=Wild pepper])S,PGSC0003DMP400057355[&&NHX:species=Potato])D,((Capana09g000504[&&NHX:species=Dom. pepper],PGSC0003DMP400059767[&&NHX:species=Potato],Capang09g000448[&&NHX:species=Wild pepper])S,Capana05g002321[&&NHX:species=Dom. pepper])D)D,((SLYcer02g02993.1[&&NHX:species=Tomato Cherry],Solyc02g038820.1.1[&&NHX:species=Tomato],Capana05g002322[&&NHX:species=Dom. pepper])S,(SLYcer02g02922.1[&&NHX:species=Tomato Cherry],(SPI02g01824.1[&&NHX:species=S. pimp],SLYcer02g02935.1[&&NHX:species=Tomato Cherry])S[&&NHX:length=-2.98659])D)D)D,((SPI07g02992.1[&&NHX:species=S. pimp],SLYcer07g01546.1[&&NHX:species=Tomato Cherry])S,(((Solyc07g021080.1.1[&&NHX:species=Tomato],SPI07g02985.1[&&NHX:species=S. pimp],SLYcer07g01539.1[&&NHX:species=Tomato Cherry])S,(((SPI12g00774.1[&&NHX:species=S. pimp],SPI12g00770.1[&&NHX:species=S. pimp])D,SPI12g00787.1[&&NHX:species=S. pimp])D,(SPI12g00802.1[&&NHX:species=S. pimp],SPI12g00777.1[&&NHX:species=S. pimp])D)D)D,Capana00g003534[&&NHX:species=Dom. pepper],Capang07g001862[&&NHX:species=Wild pepper])S,(Sopen03g024680.1[&&NHX:species=S. Pennelli],(PGSC0003DMP400011439[&&NHX:species=Potato],PGSC0003DMP400011438[&&NHX:species=Potato],PGSC0003DMP400011436[&&NHX:species=Potato])D,Capana03g003811[&&NHX:species=Dom. pepper],Capang04g001323[&&NHX:species=Wild pepper])S,(SLYcer07g01544.1[&&NHX:species=Tomato Cherry],SPI07g02990.1[&&NHX:species=S. pimp])S,((((Capana03g004037[&&NHX:species=Dom. pepper],Capang00g004132[&&NHX:species=Wild pepper])S,Capana10g000290[&&NHX:species=Dom. pepper])D,PGSC0003DMP400066938[&&NHX:species=Potato])S,(Capana07g002263[&&NHX:species=Dom. pepper],Capang00g001286[&&NHX:species=Wild pepper])S,(((SPI10g03406.1[&&NHX:species=S. pimp],SLYcer10g04888.1[&&NHX:species=Tomato Cherry])S,SLYcer10g04870.1[&&NHX:species=Tomato Cherry])D,(Capana07g001859[&&NHX:species=Dom. pepper],Capana07g002295[&&NHX:species=Dom. pepper],Capana00g004232[&&NHX:species=Dom. pepper])D)S,((Capana00g004231[&&NHX:species=Dom. pepper],SLYcer02g03087.1[&&NHX:species=Tomato Cherry],SPI05g02565.1[&&NHX:species=S. pimp])S,Capana03g003807[&&NHX:species=Dom. pepper])D)D,((((SPI09g02807.1[&&NHX:species=S. pimp],PGSC0003DMP400054523[&&NHX:species=Potato],SLYcer09g02880.1[&&NHX:species=Tomato Cherry],Capana03g004048[&&NHX:species=Dom. pepper])S,(SPI02g01709.1[&&NHX:species=S. pimp],SLYcer02g02813.1[&&NHX:species=Tomato Cherry])S)D,(SPI05g02138.1[&&NHX:species=S. pimp],SLYcer05g01636.1[&&NHX:species=Tomato Cherry])S)D,(Capang07g001854[&&NHX:species=Wild pepper],Capana07g001857[&&NHX:species=Dom. pepper])S,Capana00g004226[&&NHX:species=Dom. pepper])D,((((SPI05g00425.1[&&NHX:species=S. pimp],Capang03g004181[&&NHX:species=Wild pepper],PGSC0003DMP400054548[&&NHX:species=Potato])S,(((Capana03g003813[&&NHX:species=Dom. pepper],Capang03g003715[&&NHX:species=Wild pepper])S,Capana03g003809[&&NHX:species=Dom. pepper])D,PGSC0003DMP400053471[&&NHX:species=Potato])S)D,((Capang11g001255[&&NHX:species=Wild pepper],(Capana01g000096[&&NHX:species=Dom. pepper],Capang01g000090[&&NHX:species=Wild pepper])S)D,(PGSC0003DMP400028882[&&NHX:species=Potato],PGSC0003DMP400028881[&&NHX:species=Potato])D)S)D,((PGSC0003DMP400058154[&&NHX:species=Potato],SPI07g00793.1[&&NHX:species=S. pimp])S,(((PGSC0003DMP400068184[&&NHX:species=Potato],Capana03g004573[&&NHX:species=Dom. pepper])S,PGSC0003DMP400065260[&&NHX:species=Potato])D,(PGSC0003DMP400054498[&&NHX:species=Potato],Capang03g004176[&&NHX:species=Wild pepper],Capana03g004584[&&NHX:species=Dom. pepper])S)D)D)D,((((Solyc10g075010.2.1[&&NHX:species=Tomato],PGSC0003DMP400054430[&&NHX:species=Potato],SPI10g03503.1[&&NHX:species=S. pimp],SLYcer10g05008.1[&&NHX:species=Tomato Cherry])S,SPI10g03384.1[&&NHX:species=S. pimp])D,Capana07g002286[&&NHX:species=Dom. pepper])S,((PGSC0003DMP400066097[&&NHX:species=Potato],(((SPI10g03396.1[&&NHX:species=S. pimp],SPI10g03372.1[&&NHX:species=S. pimp])D,SLYcer10g04863.1[&&NHX:species=Tomato Cherry])S,SPI10g03359.1[&&NHX:species=S. pimp])D,Capang08g000863[&&NHX:species=Wild pepper])S,(Capana07g002299[&&NHX:species=Dom. pepper],(SPI10g03347.1[&&NHX:species=S. pimp],(Capana07g002289[&&NHX:species=Dom. pepper],Capana00g004221[&&NHX:species=Dom. pepper])D)S)D)D)D)D,(((PGSC0003DMP400035516[&&NHX:species=Potato],PGSC0003DMP400035515[&&NHX:species=Potato])D,Solyc07g055020.3.1[&&NHX:species=Tomato],SPI07g05759.1[&&NHX:species=S. pimp],Sopen07g027190.1[&&NHX:species=S. Pennelli],SLYcer07g05025.1[&&NHX:species=Tomato Cherry])S,(SPI08g04745.1[&&NHX:species=S. pimp],SLYcer08g04849.1[&&NHX:species=Tomato Cherry],Solyc08g063070.3.1[&&NHX:species=Tomato],Sopen08g018640.2[&&NHX:species=S. Pennelli])S,((((Sopen05g019880.1[&&NHX:species=S. Pennelli],Sopen05g019880.2[&&NHX:species=S. Pennelli])D,SLYcer05g01067.1[&&NHX:species=Tomato Cherry])S,((SPI05g01138.1[&&NHX:species=S. pimp],Sopen05g009120.3[&&NHX:species=S. Pennelli])S,SPI05g03005.1[&&NHX:species=S. pimp])D)D,((Sopen05g009120.1[&&NHX:species=S. Pennelli],Sopen05g009120.2[&&NHX:species=S. Pennelli])D,Solyc05g014100.3.1[&&NHX:species=Tomato])S)D,(((SLYcer07g03298.1[&&NHX:species=Tomato Cherry],Solyc07g039510.4.1[&&NHX:species=Tomato],SPI07g04011.1[&&NHX:species=S. pimp],Sopen07g019090.1[&&NHX:species=S. Pennelli])S,(Solyc07g039530.1.1[&&NHX:species=Tomato],SLYcer07g03302.1[&&NHX:species=Tomato Cherry])S)D,(Capang02g001852[&&NHX:species=Wild pepper],Capang03g003502[&&NHX:species=Wild pepper])D,(Capana03g003601[&&NHX:species=Dom. pepper],Capana02g002059[&&NHX:species=Dom. pepper])D)S,(((Capang07g001861[&&NHX:species=Wild pepper],Capang07g001860[&&NHX:species=Wild pepper])D,(PGSC0003DMP400035472[&&NHX:species=Potato],PGSC0003DMP400035471[&&NHX:species=Potato])D,SLYcer07g04841.1[&&NHX:species=Tomato Cherry],Sopen07g027210.1[&&NHX:species=S. Pennelli])S,((PGSC0003DMP400036681[&&NHX:species=Potato],PGSC0003DMP400036680[&&NHX:species=Potato])D,Capang07g001848[&&NHX:species=Wild pepper],SPI07g05564.1[&&NHX:species=S. pimp],Sopen07g027210.2[&&NHX:species=S. Pennelli])S)D)D,((SLYcer01g04323.1[&&NHX:species=Tomato Cherry],SPI01g04455.1[&&NHX:species=S. pimp],PGSC0003DMP400038084[&&NHX:species=Potato],Solyc01g049660.2.1[&&NHX:species=Tomato])S,((Solyc01g056240.1.1[&&NHX:species=Tomato],Capana00g003533[&&NHX:species=Dom. pepper],PGSC0003DMP400015398[&&NHX:species=Potato])S,(SLYcer01g04415.1[&&NHX:species=Tomato Cherry],Sopen01g020440.1[&&NHX:species=S. Pennelli],PGSC0003DMP400019375[&&NHX:species=Potato],SPI01g04607.1[&&NHX:species=S. pimp])S)D,((((Solyc01g057010.1.1[&&NHX:species=Tomato],SPI01g04796.1[&&NHX:species=S. pimp],PGSC0003DMP400034705[&&NHX:species=Potato],SLYcer01g04658.1[&&NHX:species=Tomato Cherry])S,(PGSC0003DMP400021387[&&NHX:species=Potato],Capang00g000223[&&NHX:species=Wild pepper])S)D,PGSC0003DMP400015399[&&NHX:species=Potato])D,(Sopen01g020140.1[&&NHX:species=S. Pennelli],Solyc01g056220.2.1[&&NHX:species=Tomato],PGSC0003DMP400046220[&&NHX:species=Potato])S)D,(Capang01g001947[&&NHX:species=Wild pepper],Solyc01g056660.2.1[&&NHX:species=Tomato],Capana01g002254[&&NHX:species=Dom. pepper],SLYcer01g04555.1[&&NHX:species=Tomato Cherry],SPI01g04686.1[&&NHX:species=S. pimp])S,(PGSC0003DMP400060745[&&NHX:species=Potato],(PGSC0003DMP400016698[&&NHX:species=Potato],((PGSC0003DMP400026348[&&NHX:species=Potato],SPI01g04925.1[&&NHX:species=S. pimp],SLYcer01g04779.1[&&NHX:species=Tomato Cherry],Capang01g001933[&&NHX:species=Wild pepper])S,PGSC0003DMP400016699[&&NHX:species=Potato])D)D)D,(PGSC0003DMP400034706[&&NHX:species=Potato],Solyc01g056285.1.1[&&NHX:species=Tomato],SLYcer01g04407.1[&&NHX:species=Tomato Cherry],SPI01g04599.1[&&NHX:species=S. pimp])S,((((PGSC0003DMP400011537[&&NHX:species=Potato],PGSC0003DMP400011538[&&NHX:species=Potato])D,SPI01g04574.1[&&NHX:species=S. pimp],SLYcer01g04424.1[&&NHX:species=Tomato Cherry])S,(SLYcer01g04403.1[&&NHX:species=Tomato Cherry],SPI01g04595.1[&&NHX:species=S. pimp],Sopen01g020300.1[&&NHX:species=S. Pennelli],PGSC0003DMP400011540[&&NHX:species=Potato])S)D,(Solyc01g057190.1.1[&&NHX:species=Tomato],PGSC0003DMP400029579[&&NHX:species=Potato],SPI01g04878.1[&&NHX:species=S. pimp],SLYcer01g04738.1[&&NHX:species=Tomato Cherry])S)D,(SPI07g04647.1[&&NHX:species=S. pimp],Capana00g001209[&&NHX:species=Dom. pepper],Solyc07g044920.1.1[&&NHX:species=Tomato])S)D,((((SLYcer02g05279.1[&&NHX:species=Tomato Cherry],PGSC0003DMP400002615[&&NHX:species=Potato],SPI02g04204.1[&&NHX:species=S. pimp])S,PGSC0003DMP400002616[&&NHX:species=Potato])D,((((((PGSC0003DMP400030490[&&NHX:species=Potato],SLYcer05g01780.1[&&NHX:species=Tomato Cherry],SPI05g02322.1[&&NHX:species=S. pimp])S,SLYcer05g02576.1[&&NHX:species=Tomato Cherry])D,Capana08g001873[&&NHX:species=Dom. pepper])S,((Capang02g003050[&&NHX:species=Wild pepper],Capang00g000958[&&NHX:species=Wild pepper])D,SLYcer03g03734.1[&&NHX:species=Tomato Cherry],SPI03g03806.1[&&NHX:species=S. pimp],PGSC0003DMP400063919[&&NHX:species=Potato])S)D,((SPI12g02441.1[&&NHX:species=S. pimp],SLYcer12g02672.1[&&NHX:species=Tomato Cherry],Capang07g000445[&&NHX:species=Wild pepper])S,(SLYcer05g00676.1[&&NHX:species=Tomato Cherry],Capana02g003312[&&NHX:species=Dom. pepper],Capang02g003053[&&NHX:species=Wild pepper])S)D)D,(((SPI09g04840.1[&&NHX:species=S. pimp],PGSC0003DMP400067530[&&NHX:species=Potato])S,(SPI01g01020.1[&&NHX:species=S. pimp],PGSC0003DMP400040129[&&NHX:species=Potato])S)D,(Capana04g000456[&&NHX:species=Dom. pepper],PGSC0003DMP400060549[&&NHX:species=Potato],SPI04g05063.1[&&NHX:species=S. pimp],Capang04g000425[&&NHX:species=Wild pepper])S)D)D)D,((((((SLYcer01g02547.1[&&NHX:species=Tomato Cherry],SPI01g02623.1[&&NHX:species=S. pimp],PGSC0003DMP400069370[&&NHX:species=Potato])S,SLYcer01g02520.1[&&NHX:species=Tomato Cherry])D,(((SLYcer01g02521.1[&&NHX:species=Tomato Cherry],SPI01g02592.1[&&NHX:species=S. pimp])S,SLYcer01g02389.1[&&NHX:species=Tomato Cherry])D,PGSC0003DMP400046510[&&NHX:species=Potato])S)D,(SPI01g02585.1[&&NHX:species=S. pimp],SLYcer01g02512.1[&&NHX:species=Tomato Cherry])S)D,Capang00g003388[&&NHX:species=Wild pepper])S,((((PGSC0003DMP400044483[&&NHX:species=Potato],SLYcer01g00792.1[&&NHX:species=Tomato Cherry],SPI01g00840.1[&&NHX:species=S. pimp])S,PGSC0003DMP400065546[&&NHX:species=Potato])D,Capang00g003386[&&NHX:species=Wild pepper])S,(((SLYcer01g00960.1[&&NHX:species=Tomato Cherry],SPI01g01019.1[&&NHX:species=S. pimp],PGSC0003DMP400058757[&&NHX:species=Potato])S,(SPI01g00975.1[&&NHX:species=S. pimp],SLYcer01g00916.1[&&NHX:species=Tomato Cherry])S)D,Capana03g004326[&&NHX:species=Dom. pepper])S)D)D)D,((PGSC0003DMP400020581[&&NHX:species=Potato],Capana03g004395[&&NHX:species=Dom. pepper],SLYcer09g05052.1[&&NHX:species=Tomato Cherry],Sopen09g034190.1[&&NHX:species=S. Pennelli],Capang03g004208[&&NHX:species=Wild pepper],Solyc09g091220.3.1[&&NHX:species=Tomato],SPI09g04719.1[&&NHX:species=S. pimp])S,((SLYcer04g05800.1[&&NHX:species=Tomato Cherry],(PGSC0003DMP400017582[&&NHX:species=Potato],PGSC0003DMP400017581[&&NHX:species=Potato])D,SPI04g05312.1[&&NHX:species=S. pimp],Sopen04g035630.1[&&NHX:species=S. Pennelli],Capang04g000125[&&NHX:species=Wild pepper],Capana04g000137[&&NHX:species=Dom. pepper])S,((Capang08g000120[&&NHX:species=Wild pepper],Solyc01g067030.2.1[&&NHX:species=Tomato],SLYcer01g05774.1[&&NHX:species=Tomato Cherry],PGSC0003DMP400039281[&&NHX:species=Potato],SPI01g05951.1[&&NHX:species=S. pimp],Sopen01g028740.1[&&NHX:species=S. Pennelli])S,(Capang10g002255[&&NHX:species=Wild pepper],Capana10g002480[&&NHX:species=Dom. pepper])S,(Capana00g003633[&&NHX:species=Dom. pepper],Capang09g000568[&&NHX:species=Wild pepper],PGSC0003DMP400051661[&&NHX:species=Potato])S)D)D)D,((((PGSC0003DMP400040524[&&NHX:species=Potato],SPI09g04807.1[&&NHX:species=S. pimp])S,PGSC0003DMP400057681[&&NHX:species=Potato])D,Capana00g001819[&&NHX:species=Dom. pepper])S,((Capang00g003847[&&NHX:species=Wild pepper],Capana00g001877[&&NHX:species=Dom. pepper])S,(Capana03g004325[&&NHX:species=Dom. pepper],PGSC0003DMP400060187[&&NHX:species=Potato])S)D,((SLYcer08g05791.1[&&NHX:species=Tomato Cherry],(Capang03g004283[&&NHX:species=Wild pepper],(((Capang03g004253[&&NHX:species=Wild pepper],Capang00g001490[&&NHX:species=Wild pepper])D,Capang00g002860[&&NHX:species=Wild pepper])D,SLYcer09g05144.1[&&NHX:species=Tomato Cherry],SPI09g04821.1[&&NHX:species=S. pimp])S)D)D,(Capana03g004169[&&NHX:species=Dom. pepper],Capang00g003162[&&NHX:species=Wild pepper])S)D,(((Capana03g004343[&&NHX:species=Dom. pepper],PGSC0003DMP400057827[&&NHX:species=Potato],Capang03g004153[&&NHX:species=Wild pepper])S,((Capang03g004005[&&NHX:species=Wild pepper],SLYcer09g05149.1[&&NHX:species=Tomato Cherry])S,Capang03g004003[&&NHX:species=Wild pepper])D)D,((PGSC0003DMP400061657[&&NHX:species=Potato],SLYcer09g05164.1[&&NHX:species=Tomato Cherry],SPI09g04838.1[&&NHX:species=S. pimp],Capang05g000088[&&NHX:species=Wild pepper])S,SPI09g04825.1[&&NHX:species=S. pimp])D)D,((Capana01g001077[&&NHX:species=Dom. pepper],Capang01g000928[&&NHX:species=Wild pepper],PGSC0003DMP400045892[&&NHX:species=Potato])S,((Capana03g004341[&&NHX:species=Dom. pepper],(Capang03g004152[&&NHX:species=Wild pepper],Capang00g003174[&&NHX:species=Wild pepper])D)S,(Capang00g003723[&&NHX:species=Wild pepper],PGSC0003DMP400063113[&&NHX:species=Potato])S)D)D,((Capana03g004560[&&NHX:species=Dom. pepper],Capang03g004366[&&NHX:species=Wild pepper])S,((Capana03g004340[&&NHX:species=Dom. pepper],PGSC0003DMP400056602[&&NHX:species=Potato],SPI09g04820.1[&&NHX:species=S. pimp],SLYcer09g05143.1[&&NHX:species=Tomato Cherry],Capang03g004151[&&NHX:species=Wild pepper])S,SPI08g05674.1[&&NHX:species=S. pimp])D,(PGSC0003DMP400064562[&&NHX:species=Potato],Capana09g000400[&&NHX:species=Dom. pepper])S,(SLYcer09g05129.1[&&NHX:species=Tomato Cherry],Capana03g004348[&&NHX:species=Dom. pepper],Capang03g004162[&&NHX:species=Wild pepper])S)D)D,(((Capana11g001548[&&NHX:species=Dom. pepper],Capang11g001490[&&NHX:species=Wild pepper],Sopen07g026190.1[&&NHX:species=S. Pennelli],SLYcer07g04773.1[&&NHX:species=Tomato Cherry],PGSC0003DMP400045411[&&NHX:species=Potato])S,(Sopen07g026190.2[&&NHX:species=S. Pennelli],SPI07g05485.1[&&NHX:species=S. pimp])S)D,((PGSC0003DMP400039948[&&NHX:species=Potato],Capang11g001655[&&NHX:species=Wild pepper],Capana11g001710[&&NHX:species=Dom. pepper],Sopen05g003420.1[&&NHX:species=S. Pennelli],SLYcer05g00393.1[&&NHX:species=Tomato Cherry])S,PGSC0003DMP400039946[&&NHX:species=Potato])D,(SPI03g01610.1[&&NHX:species=S. pimp],SLYcer03g01405.1[&&NHX:species=Tomato Cherry],Solyc03g046490.3.1[&&NHX:species=Tomato],PGSC0003DMP400058758[&&NHX:species=Potato])S,((SPI05g03116.1[&&NHX:species=S. pimp],PGSC0003DMP400065485[&&NHX:species=Potato],SLYcer05g02529.1[&&NHX:species=Tomato Cherry])S,(SLYcer05g01196.1[&&NHX:species=Tomato Cherry],SPI05g03114.1[&&NHX:species=S. pimp],PGSC0003DMP400036333[&&NHX:species=Potato])S)D,(((Capang11g001561[&&NHX:species=Wild pepper],Capana11g001606[&&NHX:species=Dom. pepper])S,((Sopen05g003280.1[&&NHX:species=S. Pennelli],Capana11g001607[&&NHX:species=Dom. pepper],Capang11g001562[&&NHX:species=Wild pepper],PGSC0003DMP400062057[&&NHX:species=Potato])S,PGSC0003DMP400039944[&&NHX:species=Potato])D)D,PGSC0003DMP400068557[&&NHX:species=Potato])D)D,((((Capana02g001530[&&NHX:species=Dom. pepper],Solyc02g070620.4.1[&&NHX:species=Tomato])S,((Capang02g001332[&&NHX:species=Wild pepper],Capana02g001514[&&NHX:species=Dom. pepper],SLYcer02g03864.1[&&NHX:species=Tomato Cherry],Sopen02g019700.1[&&NHX:species=S. Pennelli],SPI02g02763.1[&&NHX:species=S. pimp])S,(SPI02g02788.1[&&NHX:species=S. pimp],SLYcer02g03889.1[&&NHX:species=Tomato Cherry])S)D)D,((((Capang02g001345[&&NHX:species=Wild pepper],Capang02g001344[&&NHX:species=Wild pepper])D,SPI02g02787.1[&&NHX:species=S. pimp])S,Capang02g001336[&&NHX:species=Wild pepper])D,(PGSC0003DMP400014559[&&NHX:species=Potato],Solyc02g070600.3.1[&&NHX:species=Tomato],(SPI02g02762.1[&&NHX:species=S. pimp],SLYcer02g03861.1[&&NHX:species=Tomato Cherry])S)S)D)D,((((((Capang02g001346[&&NHX:species=Wild pepper],Capana02g001525[&&NHX:species=Dom. pepper])S,Capana00g001067[&&NHX:species=Dom. pepper])D,(Capang02g001335[&&NHX:species=Wild pepper],Capana02g001517[&&NHX:species=Dom. pepper])S)D,(Capana00g000813[&&NHX:species=Dom. pepper],Capang02g001340[&&NHX:species=Wild pepper])S)D,(Capang02g001334[&&NHX:species=Wild pepper],Capana02g001516[&&NHX:species=Dom. pepper])S)D,(Capana02g001523[&&NHX:species=Dom. pepper],Capang02g001339[&&NHX:species=Wild pepper])S)D)D)D;	74	50	460	PGSC0003DMP400059362,Solyc10g008450.2.1,SLYcer09g04842.1,Capana07g001834,Sopen01g020170.1,Sopen09g032160.1,Sopen09g032150.1,SLYcer10g00719.1,SPI09g00865.1,SLYcer09g00955.1,SPI05g00409.1,PGSC0003DMP400006875,PGSC0003DMP400051924,Capang04g000329,PGSC0003DMP400037597,PGSC0003DMP400037596,Sopen05g005930.1,Sopen09g005030.1,PGSC0003DMP400023506,Sopen09g001690.1,PGSC0003DMP400060155,Sopen02g019680.1,Solyc09g072910.3.1,PGSC0003DMP400068713,PGSC0003DMP400059591,Solyc01g056280.3.1,Capang03g003712,Sopen10g005230.1,Capang01g004434,Capana02g001518,Capana02g001524,Capana01g001595,Capana01g003262,Capang04g000844,PGSC0003DMP400067970,PGSC0003DMP400067373,SLYcer03g03575.1,Capang07g002292,SPI02g02935.1,SPI05g00640.1,PGSC0003DMP400023779,SPI10g03078.1,Capang11g001682
