OG	tree	original_polytomies	resolved_polytomies	inconsistent_triples	prunned_leaves
OG201	(Solyc02g064810.1.1[&&NHX:species=Tomato],SPI02g02207.1[&&NHX:species=S. pimp])S;	0	0	0	
OG501	(SPI08g05874.1[&&NHX:species=S. pimp],Solyc08g077620.1.1[&&NHX:species=Tomato])S;	0	0	0	
OG9865	(SPI08g05012.1[&&NHX:species=S. pimp],Solyc08g067040.4.1[&&NHX:species=Tomato],Sopen08g020990.1[&&NHX:species=S. Pennelli])S;	0	0	0	
OG9902	(SPI09g01907.1[&&NHX:species=S. pimp],Solyc09g018520.1.1[&&NHX:species=Tomato],SLYcer09g01700.1[&&NHX:species=Tomato Cherry])S;	0	0	0	
OG10621	(Solyc10g079660.3.1[&&NHX:species=Tomato],SPI10g03826.1[&&NHX:species=S. pimp],SLYcer10g05337.1[&&NHX:species=Tomato Cherry])S;	0	0	0	
OG10629	(Solyc05g051540.3.1[&&NHX:species=Tomato],SPI05g04419.1[&&NHX:species=S. pimp],SLYcer10g02544.1[&&NHX:species=Tomato Cherry])S;	0	0	0	
OG11139	(Solyc08g068480.1.1[&&NHX:species=Tomato],PGSC0003DMP400037584[&&NHX:species=Potato],SPI08g05168.1[&&NHX:species=S. pimp])S;	0	0	0	
OG11942	(Solyc01g060050.3.1[&&NHX:species=Tomato],Capana00g002207[&&NHX:species=Dom. pepper],Capang01g001819[&&NHX:species=Wild pepper])S;	0	0	0	
OG14472	(Solyc11g011030.2.1[&&NHX:species=Tomato],PGSC0003DMP400027452[&&NHX:species=Potato],SLYcer11g00627.1[&&NHX:species=Tomato Cherry],SPI11g00767.1[&&NHX:species=S. pimp],Sopen11g005800.1[&&NHX:species=S. Pennelli])S;	0	0	0	
OG14516	(Sopen02g018930.1[&&NHX:species=S. Pennelli],SLYcer02g03783.1[&&NHX:species=Tomato Cherry],PGSC0003DMP400036743[&&NHX:species=Potato],Solyc02g069770.3.1[&&NHX:species=Tomato],SPI02g02680.1[&&NHX:species=S. pimp])S;	0	0	0	
OG14951	(Sopen02g019960.1[&&NHX:species=S. Pennelli],PGSC0003DMP400014551[&&NHX:species=Potato],Capang05g000415[&&NHX:species=Wild pepper],Capana00g002809[&&NHX:species=Dom. pepper],Solyc02g070880.1.1[&&NHX:species=Tomato])S;	0	0	0	
OG14996	(Sopen01g045960.1[&&NHX:species=S. Pennelli],Capang01g004406[&&NHX:species=Wild pepper],Capana08g001840[&&NHX:species=Dom. pepper],PGSC0003DMP400043215[&&NHX:species=Potato],Solyc01g103595.1.1[&&NHX:species=Tomato])S;	0	0	0	
OG15006	(Solyc02g079110.3.1[&&NHX:species=Tomato],Capana02g002046[&&NHX:species=Dom. pepper],Sopen02g023920.1[&&NHX:species=S. Pennelli],Capang02g001839[&&NHX:species=Wild pepper],PGSC0003DMP400038846[&&NHX:species=Potato])S;	0	0	0	
OG15735	(SPI01g05990.1[&&NHX:species=S. pimp],Solyc01g067340.3.1[&&NHX:species=Tomato],SLYcer01g05809.1[&&NHX:species=Tomato Cherry],Sopen01g029220.1[&&NHX:species=S. Pennelli],Capana01g003165[&&NHX:species=Dom. pepper],Capang08g000097[&&NHX:species=Wild pepper])S;	0	0	0	
OG15762	(SLYcer04g05213.1[&&NHX:species=Tomato Cherry],SPI04g04701.1[&&NHX:species=S. pimp],Capana04g000891[&&NHX:species=Dom. pepper],Solyc04g076020.3.1[&&NHX:species=Tomato],Capang04g000853[&&NHX:species=Wild pepper],Sopen04g029970.1[&&NHX:species=S. Pennelli])S;	0	0	0	
OG15986	(SLYcer03g02312.1[&&NHX:species=Tomato Cherry],Capang00g002236[&&NHX:species=Wild pepper],SPI03g02435.1[&&NHX:species=S. pimp],Solyc03g059310.3.1[&&NHX:species=Tomato],Sopen03g013810.1[&&NHX:species=S. Pennelli],Capana03g002814[&&NHX:species=Dom. pepper])S;	0	0	0	
OG16040	(Capang03g004356[&&NHX:species=Wild pepper],SPI09g04517.1[&&NHX:species=S. pimp],Sopen09g032280.1[&&NHX:species=S. Pennelli],Solyc09g083360.3.1[&&NHX:species=Tomato],Capana03g004551[&&NHX:species=Dom. pepper],SLYcer09g04857.1[&&NHX:species=Tomato Cherry])S;	0	0	0	
OG16601	((Sopen02g021210.1[&&NHX:species=S. Pennelli],PGSC0003DMP400049453[&&NHX:species=Potato],SPI02g02920.1[&&NHX:species=S. pimp],Solyc02g072230.3.1[&&NHX:species=Tomato],Capana02g001737[&&NHX:species=Dom. pepper])S,Sopen02g021210.2[&&NHX:species=S. Pennelli])D;	0	0	9	SLYcer02g04025.1
OG16695	((SPI04g00330.1[&&NHX:species=S. pimp],PGSC0003DMP400010653[&&NHX:species=Potato],Solyc04g007430.2.1[&&NHX:species=Tomato],SLYcer04g00349.1[&&NHX:species=Tomato Cherry],Sopen04g002500.1[&&NHX:species=S. Pennelli])S,(PGSC0003DMP400010652[&&NHX:species=Potato],PGSC0003DMP400010651[&&NHX:species=Potato])D)D;	1	1	0	
OG16945	(((PGSC0003DMP400026597[&&NHX:species=Potato],PGSC0003DMP400026596[&&NHX:species=Potato])D,Sopen03g030860.1[&&NHX:species=S. Pennelli],SPI03g04403.1[&&NHX:species=S. pimp],Solyc03g111740.3.1[&&NHX:species=Tomato])S,(PGSC0003DMP400026595[&&NHX:species=Potato],SLYcer03g04348.1[&&NHX:species=Tomato Cherry])S)D;	0	0	0	
OG17282	(Sopen10g029040.1[&&NHX:species=S. Pennelli],Solyc10g078380.2.1[&&NHX:species=Tomato],SPI10g03684.1[&&NHX:species=S. pimp],Capana10g002460[&&NHX:species=Dom. pepper],PGSC0003DMP400014704[&&NHX:species=Potato],SLYcer10g05200.1[&&NHX:species=Tomato Cherry],Capang10g002224[&&NHX:species=Wild pepper])S;	0	0	0	
OG17359	(Sopen06g026220.1[&&NHX:species=S. Pennelli],Capang06g001001[&&NHX:species=Wild pepper],SPI06g04387.1[&&NHX:species=S. pimp],SLYcer06g04530.1[&&NHX:species=Tomato Cherry],Solyc06g068930.2.1[&&NHX:species=Tomato],Capana06g001041[&&NHX:species=Dom. pepper],PGSC0003DMP400050165[&&NHX:species=Potato])S;	0	0	0	
OG17374	(SLYcer09g00279.1[&&NHX:species=Tomato Cherry],Sopen09g001830.1[&&NHX:species=S. Pennelli],SPI09g00183.1[&&NHX:species=S. pimp],PGSC0003DMP400041348[&&NHX:species=Potato],Capana09g002053[&&NHX:species=Dom. pepper],Solyc09g005970.1.1[&&NHX:species=Tomato],Capang09g001588[&&NHX:species=Wild pepper])S;	0	0	0	
OG17378	(Solyc03g119090.3.1[&&NHX:species=Tomato],Capang00g000413[&&NHX:species=Wild pepper],PGSC0003DMP400009954[&&NHX:species=Potato],SLYcer03g05104.1[&&NHX:species=Tomato Cherry],SPI03g05164.1[&&NHX:species=S. pimp],Capana03g000735[&&NHX:species=Dom. pepper],Sopen03g037980.1[&&NHX:species=S. Pennelli])S;	0	0	0	
OG17534	(Capang06g000978[&&NHX:species=Wild pepper],PGSC0003DMP400055864[&&NHX:species=Potato],Solyc06g069600.3.1[&&NHX:species=Tomato],Capana00g004742[&&NHX:species=Dom. pepper],SPI06g04468.1[&&NHX:species=S. pimp],SLYcer06g04609.1[&&NHX:species=Tomato Cherry],Sopen06g026900.1[&&NHX:species=S. Pennelli])S;	0	0	0	
OG17616	(SPI03g05491.1[&&NHX:species=S. pimp],Sopen03g041110.1[&&NHX:species=S. Pennelli],Capana03g000103[&&NHX:species=Dom. pepper],SLYcer03g05459.1[&&NHX:species=Tomato Cherry],Solyc03g122340.3.1[&&NHX:species=Tomato],PGSC0003DMP400039701[&&NHX:species=Potato],Capang03g000098[&&NHX:species=Wild pepper])S;	0	0	0	
OG17943	(SLYcer01g08347.1[&&NHX:species=Tomato Cherry],Sopen01g051750.1[&&NHX:species=S. Pennelli],Solyc01g109560.3.1[&&NHX:species=Tomato],SPI01g08569.1[&&NHX:species=S. pimp],Capana12g001017[&&NHX:species=Dom. pepper],PGSC0003DMP400001405[&&NHX:species=Potato],Capang01g005057[&&NHX:species=Wild pepper])S;	0	0	0	
OG17959	(Solyc05g005810.4.1[&&NHX:species=Tomato],SLYcer05g00168.1[&&NHX:species=Tomato Cherry],Capang11g001342[&&NHX:species=Wild pepper],Capana11g001368[&&NHX:species=Dom. pepper],Sopen05g001820.1[&&NHX:species=S. Pennelli],SPI05g00184.1[&&NHX:species=S. pimp],PGSC0003DMP400007385[&&NHX:species=Potato])S;	0	0	0	
OG18024	(Capana08g001099[&&NHX:species=Dom. pepper],SLYcer01g07913.1[&&NHX:species=Tomato Cherry],Sopen00g013520.1[&&NHX:species=S. Pennelli],Solyc01g096370.4.1[&&NHX:species=Tomato],PGSC0003DMP400031944[&&NHX:species=Potato],Capang01g003684[&&NHX:species=Wild pepper],SPI01g07360.1[&&NHX:species=S. pimp])S;	0	0	0	
OG18025	(SLYcer09g01159.1[&&NHX:species=Tomato Cherry],PGSC0003DMP400035343[&&NHX:species=Potato],SPI09g01047.1[&&NHX:species=S. pimp],Capang09g001165[&&NHX:species=Wild pepper],Solyc09g013160.3.1[&&NHX:species=Tomato],Capana09g001578[&&NHX:species=Dom. pepper],Sopen09g007020.1[&&NHX:species=S. Pennelli])S;	0	0	0	
OG18216	(SPI08g05784.1[&&NHX:species=S. pimp],Solyc08g076820.3.1[&&NHX:species=Tomato],PGSC0003DMP400030631[&&NHX:species=Potato],SLYcer08g05897.1[&&NHX:species=Tomato Cherry],Capana01g001076[&&NHX:species=Dom. pepper],Capang01g000927[&&NHX:species=Wild pepper],Sopen08g025340.1[&&NHX:species=S. Pennelli])S;	0	0	0	
OG18261	(SPI09g03574.1[&&NHX:species=S. pimp],PGSC0003DMP400022834[&&NHX:species=Potato],Sopen09g026820.1[&&NHX:species=S. Pennelli],Capang09g001007[&&NHX:species=Wild pepper],SLYcer09g03678.1[&&NHX:species=Tomato Cherry],Solyc09g065100.3.1[&&NHX:species=Tomato],Capana09g001426[&&NHX:species=Dom. pepper])S;	0	0	0	
OG18401	(Sopen01g037050.1[&&NHX:species=S. Pennelli],Capang01g001214[&&NHX:species=Wild pepper],SLYcer01g06798.1[&&NHX:species=Tomato Cherry],PGSC0003DMP400022636[&&NHX:species=Potato],SPI01g07063.1[&&NHX:species=S. pimp],Solyc01g091310.3.1[&&NHX:species=Tomato],Capana01g001392[&&NHX:species=Dom. pepper])S;	0	0	0	
OG18468	(Sopen01g049400.1[&&NHX:species=S. Pennelli],Capang01g004797[&&NHX:species=Wild pepper],SLYcer01g08099.1[&&NHX:species=Tomato Cherry],Capana08g002242[&&NHX:species=Dom. pepper],Solyc01g107140.3.1[&&NHX:species=Tomato],SPI01g08331.1[&&NHX:species=S. pimp],PGSC0003DMP400058818[&&NHX:species=Potato])S;	0	0	0	
OG18568	(Solyc02g078130.3.1[&&NHX:species=Tomato],Capang02g001728[&&NHX:species=Wild pepper],SLYcer02g04205.1[&&NHX:species=Tomato Cherry],Capana02g001947[&&NHX:species=Dom. pepper],SPI02g03104.1[&&NHX:species=S. pimp],PGSC0003DMP400051788[&&NHX:species=Potato],Sopen02g022960.1[&&NHX:species=S. Pennelli])S;	0	0	0	
OG18580	(PGSC0003DMP400022973[&&NHX:species=Potato],SPI05g00656.1[&&NHX:species=S. pimp],Capang11g002155[&&NHX:species=Wild pepper],SLYcer05g00623.1[&&NHX:species=Tomato Cherry],Solyc05g009640.4.1[&&NHX:species=Tomato],Sopen05g005450.1[&&NHX:species=S. Pennelli],Capana11g002254[&&NHX:species=Dom. pepper])S;	0	0	0	
OG18790	(Sopen02g030420.1[&&NHX:species=S. Pennelli],Capang02g002483[&&NHX:species=Wild pepper],Capana00g002444[&&NHX:species=Dom. pepper],Solyc02g085730.3.1[&&NHX:species=Tomato],SPI02g03897.1[&&NHX:species=S. pimp],SLYcer02g04974.1[&&NHX:species=Tomato Cherry],PGSC0003DMP400022472[&&NHX:species=Potato])S;	0	0	0	
OG18799	(Capana12g001985[&&NHX:species=Dom. pepper],PGSC0003DMP400007076[&&NHX:species=Potato],Solyc11g005550.2.1[&&NHX:species=Tomato],SPI11g00301.1[&&NHX:species=S. pimp],SLYcer11g00138.1[&&NHX:species=Tomato Cherry],Sopen11g001520.1[&&NHX:species=S. Pennelli],Capang12g001671[&&NHX:species=Wild pepper])S;	0	0	0	
OG18976	(SPI06g03433.1[&&NHX:species=S. pimp],PGSC0003DMP400033079[&&NHX:species=Potato],Sopen06g017530.1[&&NHX:species=S. Pennelli],SLYcer06g03519.1[&&NHX:species=Tomato Cherry],Capang06g001974[&&NHX:species=Wild pepper],Capana06g002152[&&NHX:species=Dom. pepper],Solyc06g051550.4.1[&&NHX:species=Tomato])S;	0	0	0	
OG18982	(Sopen02g024580.1[&&NHX:species=S. Pennelli],Capana02g002096[&&NHX:species=Dom. pepper],SPI02g03271.1[&&NHX:species=S. pimp],SLYcer02g04371.1[&&NHX:species=Tomato Cherry],Capang02g001895[&&NHX:species=Wild pepper],Solyc02g079810.3.1[&&NHX:species=Tomato],PGSC0003DMP400037647[&&NHX:species=Potato])S;	0	0	0	
OG18993	(Capang05g001962[&&NHX:species=Wild pepper],SLYcer10g02158.1[&&NHX:species=Tomato Cherry],Capana05g002412[&&NHX:species=Dom. pepper],SPI05g04826.1[&&NHX:species=S. pimp],Solyc05g054890.4.1[&&NHX:species=Tomato],Sopen05g033350.1[&&NHX:species=S. Pennelli],PGSC0003DMP400040689[&&NHX:species=Potato])S;	0	0	0	
OG19052	(PGSC0003DMP400038295[&&NHX:species=Potato],Solyc07g066060.3.1[&&NHX:species=Tomato],SPI07g06361.1[&&NHX:species=S. pimp],Capang07g002431[&&NHX:species=Wild pepper],Capana07g002435[&&NHX:species=Dom. pepper],SLYcer07g05643.1[&&NHX:species=Tomato Cherry],Sopen07g034240.1[&&NHX:species=S. Pennelli])S;	0	0	0	
OG19060	(Solyc02g091440.2.1[&&NHX:species=Tomato],Sopen02g036060.1[&&NHX:species=S. Pennelli],PGSC0003DMP400053393[&&NHX:species=Potato],Capang02g002596[&&NHX:species=Wild pepper],SPI02g04462.1[&&NHX:species=S. pimp],SLYcer02g05542.1[&&NHX:species=Tomato Cherry],Capana02g002873[&&NHX:species=Dom. pepper])S;	0	0	0	
OG19086	(Capang04g001531[&&NHX:species=Wild pepper],SPI11g01149.1[&&NHX:species=S. pimp],PGSC0003DMP400016287[&&NHX:species=Potato],Capana04g001619[&&NHX:species=Dom. pepper],Sopen11g009060.1[&&NHX:species=S. Pennelli],SLYcer11g01021.1[&&NHX:species=Tomato Cherry],Solyc11g017070.2.1[&&NHX:species=Tomato])S;	0	0	0	
OG19109	(Capang05g001661[&&NHX:species=Wild pepper],SLYcer11g00167.1[&&NHX:species=Tomato Cherry],Sopen11g001740.1[&&NHX:species=S. Pennelli],Solyc11g005780.3.1[&&NHX:species=Tomato],SPI11g00327.1[&&NHX:species=S. pimp],PGSC0003DMP400049927[&&NHX:species=Potato],Capana12g002036[&&NHX:species=Dom. pepper])S;	0	0	0	
OG19180	(SPI04g03483.1[&&NHX:species=S. pimp],Capana12g001551[&&NHX:species=Dom. pepper],PGSC0003DMP400028983[&&NHX:species=Potato],Sopen04g023150.1[&&NHX:species=S. Pennelli],SLYcer04g03767.1[&&NHX:species=Tomato Cherry],Capang12g001290[&&NHX:species=Wild pepper],Solyc04g051800.3.1[&&NHX:species=Tomato])S;	0	0	0	
OG19181	(Sopen05g034860.1[&&NHX:species=S. Pennelli],SLYcer10g01992.1[&&NHX:species=Tomato Cherry],SPI05g04985.1[&&NHX:species=S. pimp],Solyc05g056470.1.1[&&NHX:species=Tomato],PGSC0003DMP400040315[&&NHX:species=Potato],Capana12g002916[&&NHX:species=Dom. pepper],Capang12g002560[&&NHX:species=Wild pepper])S;	0	0	0	
OG19333	(Capang12g002326[&&NHX:species=Wild pepper],Capana12g002686[&&NHX:species=Dom. pepper],Solyc11g010340.2.1[&&NHX:species=Tomato],SPI11g00699.1[&&NHX:species=S. pimp],SLYcer11g00558.1[&&NHX:species=Tomato Cherry],PGSC0003DMP400028197[&&NHX:species=Potato],Sopen11g005120.1[&&NHX:species=S. Pennelli])S;	0	0	0	
OG19813	(SLYcer08g06513.1[&&NHX:species=Tomato Cherry],SPI08g06418.1[&&NHX:species=S. pimp],Capana01g000066[&&NHX:species=Dom. pepper],Capang01g000059[&&NHX:species=Wild pepper],(Sopen08g031160.2[&&NHX:species=S. Pennelli],Sopen08g031160.1[&&NHX:species=S. Pennelli])D,PGSC0003DMP400021673[&&NHX:species=Potato],Solyc08g082940.2.1[&&NHX:species=Tomato])S;	0	0	0	
OG19855	((Sopen03g037480.1[&&NHX:species=S. Pennelli],Capana03g000749[&&NHX:species=Dom. pepper],Capang03g000677[&&NHX:species=Wild pepper],Solyc03g118540.4.1[&&NHX:species=Tomato])S,(SPI03g05108.1[&&NHX:species=S. pimp],SLYcer03g05048.1[&&NHX:species=Tomato Cherry],PGSC0003DMP400024951[&&NHX:species=Potato],Sopen03g037480.2[&&NHX:species=S. Pennelli])S)D;	0	0	0	
OG19874	((PGSC0003DMP400033642[&&NHX:species=Potato],Solyc09g065290.4.1[&&NHX:species=Tomato],Capang09g001032[&&NHX:species=Wild pepper],Sopen09g027040.1[&&NHX:species=S. Pennelli],SLYcer09g03710.1[&&NHX:species=Tomato Cherry],SPI09g03631.1[&&NHX:species=S. pimp],Capana09g001461[&&NHX:species=Dom. pepper])S,SPI09g03623.1[&&NHX:species=S. pimp])D;	0	0	0	
OG20062	(PGSC0003DMP400005280[&&NHX:species=Potato],(Capang09g000139[&&NHX:species=Wild pepper],Capana09g000144[&&NHX:species=Dom. pepper],Solyc12g009220.2.1[&&NHX:species=Tomato],SLYcer12g00480.1[&&NHX:species=Tomato Cherry],PGSC0003DMP400005281[&&NHX:species=Potato],SPI12g00508.1[&&NHX:species=S. pimp],Sopen12g004170.1[&&NHX:species=S. Pennelli])S)D;	0	0	0	
OG20120	(PGSC0003DMP400014005[&&NHX:species=Potato],(Sopen04g032380.1[&&NHX:species=S. Pennelli],SLYcer04g05488.1[&&NHX:species=Tomato Cherry],SPI04g04983.1[&&NHX:species=S. pimp],PGSC0003DMP400014006[&&NHX:species=Potato],Capang04g000510[&&NHX:species=Wild pepper],Solyc04g078780.3.1[&&NHX:species=Tomato],Capana04g000562[&&NHX:species=Dom. pepper])S)D;	0	0	0	
OG20212	((SLYcer07g05446.1[&&NHX:species=Tomato Cherry],SPI07g06158.1[&&NHX:species=S. pimp],(Capana00g004209[&&NHX:species=Dom. pepper],Capana00g004144[&&NHX:species=Dom. pepper])D,Sopen07g032230.1[&&NHX:species=S. Pennelli],Solyc07g064090.3.1[&&NHX:species=Tomato],PGSC0003DMP400033402[&&NHX:species=Potato])S,PGSC0003DMP400033401[&&NHX:species=Potato])D;	0	0	0	
OG20250	((PGSC0003DMP400013916[&&NHX:species=Potato],PGSC0003DMP400013915[&&NHX:species=Potato])D,SLYcer12g00602.1[&&NHX:species=Tomato Cherry],Capana09g000067[&&NHX:species=Dom. pepper],SPI12g00629.1[&&NHX:species=S. pimp],Capang09g000062[&&NHX:species=Wild pepper],Sopen12g005110.1[&&NHX:species=S. Pennelli],Solyc12g010220.3.1[&&NHX:species=Tomato])S;	0	0	0	
OG20494	(Sopen04g004480.1[&&NHX:species=S. Pennelli],PGSC0003DMP400055581[&&NHX:species=Potato],SPI04g00537.1[&&NHX:species=S. pimp],((Capang00g004451[&&NHX:species=Wild pepper],Capana00g004291[&&NHX:species=Dom. pepper])S,Capang00g003326[&&NHX:species=Wild pepper])D,Solyc04g009360.3.1[&&NHX:species=Tomato],SLYcer04g00561.1[&&NHX:species=Tomato Cherry])S;	0	0	0	
OG20579	((PGSC0003DMP400031849[&&NHX:species=Potato],PGSC0003DMP400031850[&&NHX:species=Potato])D,Sopen01g044750.1[&&NHX:species=S. Pennelli],SLYcer01g07422.1[&&NHX:species=Tomato Cherry],Capang01g004267[&&NHX:species=Wild pepper],SPI01g07850.1[&&NHX:species=S. pimp],Capana08g001686[&&NHX:species=Dom. pepper],Solyc01g102300.3.1[&&NHX:species=Tomato])S;	0	0	0	
OG20623	((SLYcer02g04198.1[&&NHX:species=Tomato Cherry],Sopen02g022850.1[&&NHX:species=S. Pennelli],PGSC0003DMP400051739[&&NHX:species=Potato],SPI02g03096.1[&&NHX:species=S. pimp],Capana02g001932[&&NHX:species=Dom. pepper],Solyc02g078010.4.1[&&NHX:species=Tomato],Capang02g001709[&&NHX:species=Wild pepper])S,PGSC0003DMP400051738[&&NHX:species=Potato])D;	0	0	0	
OG20634	((Capang04g000541[&&NHX:species=Wild pepper],SLYcer04g05461.1[&&NHX:species=Tomato Cherry],PGSC0003DMP400013974[&&NHX:species=Potato],Capana00g001507[&&NHX:species=Dom. pepper],Solyc04g078520.3.1[&&NHX:species=Tomato],SPI04g04958.1[&&NHX:species=S. pimp],Sopen04g032120.1[&&NHX:species=S. Pennelli])S,PGSC0003DMP400013973[&&NHX:species=Potato])D;	0	0	0	
OG20671	((SPI02g03194.1[&&NHX:species=S. pimp],Solyc02g078970.4.1[&&NHX:species=Tomato],PGSC0003DMP400038758[&&NHX:species=Potato],Capang02g001802[&&NHX:species=Wild pepper],Capana02g002020[&&NHX:species=Dom. pepper],SLYcer02g04292.1[&&NHX:species=Tomato Cherry],Sopen02g023780.1[&&NHX:species=S. Pennelli])S,PGSC0003DMP400053128[&&NHX:species=Potato])D;	0	0	0	
OG20765	(Capana01g000256[&&NHX:species=Dom. pepper],Solyc08g081140.4.1[&&NHX:species=Tomato],Capang01g000239[&&NHX:species=Wild pepper],SPI08g06236.1[&&NHX:species=S. pimp],(PGSC0003DMP400021842[&&NHX:species=Potato],PGSC0003DMP400021841[&&NHX:species=Potato])D,Sopen08g029440.1[&&NHX:species=S. Pennelli],SLYcer08g06327.1[&&NHX:species=Tomato Cherry])S;	0	0	0	
OG20796	(Capana07g001126[&&NHX:species=Dom. pepper],Solyc07g043580.4.1[&&NHX:species=Tomato],(PGSC0003DMP400027896[&&NHX:species=Potato],PGSC0003DMP400027897[&&NHX:species=Potato])D,SPI07g04600.1[&&NHX:species=S. pimp],Capang07g001171[&&NHX:species=Wild pepper],SLYcer07g03886.1[&&NHX:species=Tomato Cherry],Sopen07g023150.1[&&NHX:species=S. Pennelli])S;	0	0	0	
OG20843	((Solyc03g115540.2.1[&&NHX:species=Tomato],Capang03g000788[&&NHX:species=Wild pepper],Capana03g000857[&&NHX:species=Dom. pepper],SPI03g04801.1[&&NHX:species=S. pimp],Sopen03g034530.1[&&NHX:species=S. Pennelli],SLYcer03g04744.1[&&NHX:species=Tomato Cherry],PGSC0003DMP400042485[&&NHX:species=Potato])S,PGSC0003DMP400042484[&&NHX:species=Potato])D;	0	0	0	
OG20904	((Solyc01g110030.3.1[&&NHX:species=Tomato],SLYcer01g08397.1[&&NHX:species=Tomato Cherry],PGSC0003DMP400053928[&&NHX:species=Potato])S,(PGSC0003DMP400053926[&&NHX:species=Potato],Capana08g002582[&&NHX:species=Dom. pepper],Sopen01g052220.1[&&NHX:species=S. Pennelli],Capang01g005114[&&NHX:species=Wild pepper],SPI01g08623.1[&&NHX:species=S. pimp])S)D;	0	0	0	
OG20959	((SPI02g04491.1[&&NHX:species=S. pimp],SLYcer02g05571.1[&&NHX:species=Tomato Cherry],Capang02g002631[&&NHX:species=Wild pepper],Solyc02g091790.3.1[&&NHX:species=Tomato],Capana02g002908[&&NHX:species=Dom. pepper],PGSC0003DMP400053328[&&NHX:species=Potato],Sopen02g036370.1[&&NHX:species=S. Pennelli])S,PGSC0003DMP400053327[&&NHX:species=Potato])D;	0	0	0	
OG20981	(SPI02g03993.1[&&NHX:species=S. pimp],(PGSC0003DMP400022374[&&NHX:species=Potato],PGSC0003DMP400022373[&&NHX:species=Potato])D,Capang02g003267[&&NHX:species=Wild pepper],Sopen02g031190.1[&&NHX:species=S. Pennelli],Capana02g003545[&&NHX:species=Dom. pepper],Solyc02g086470.3.1[&&NHX:species=Tomato],SLYcer02g05055.1[&&NHX:species=Tomato Cherry])S;	0	0	0	
OG20988	((SLYcer09g04913.1[&&NHX:species=Tomato Cherry],Capang03g004326[&&NHX:species=Wild pepper],Capana03g004496[&&NHX:species=Dom. pepper],PGSC0003DMP400029998[&&NHX:species=Potato],SPI09g04572.1[&&NHX:species=S. pimp],Sopen09g032810.1[&&NHX:species=S. Pennelli],Solyc09g089870.3.1[&&NHX:species=Tomato])S,PGSC0003DMP400040825[&&NHX:species=Potato])D;	0	0	0	
OG21025	(Capang12g000855[&&NHX:species=Wild pepper],((SPI12g04261.1[&&NHX:species=S. pimp],Sopen12g023880.1[&&NHX:species=S. Pennelli],SLYcer12g04322.1[&&NHX:species=Tomato Cherry],Solyc12g049400.2.1[&&NHX:species=Tomato],PGSC0003DMP400007763[&&NHX:species=Potato])S,PGSC0003DMP400007762[&&NHX:species=Potato])D,Capana12g000990[&&NHX:species=Dom. pepper])S;	0	0	0	
OG21029	((Capang10g002171[&&NHX:species=Wild pepper],SPI03g02390.1[&&NHX:species=S. pimp],Sopen03g013260.1[&&NHX:species=S. Pennelli],Solyc03g059100.3.1[&&NHX:species=Tomato],Capana10g002417[&&NHX:species=Dom. pepper],PGSC0003DMP400045702[&&NHX:species=Potato],SLYcer03g02262.1[&&NHX:species=Tomato Cherry])S,Capang03g002987[&&NHX:species=Wild pepper])D;	0	0	0	
OG21043	((SLYcer03g05244.1[&&NHX:species=Tomato Cherry],PGSC0003DMP400004578[&&NHX:species=Potato],Sopen03g039140.1[&&NHX:species=S. Pennelli],Solyc03g120260.4.1[&&NHX:species=Tomato],Capang00g002836[&&NHX:species=Wild pepper],SPI03g05294.1[&&NHX:species=S. pimp],Capana00g000573[&&NHX:species=Dom. pepper])S,Capana12g001272[&&NHX:species=Dom. pepper])D;	0	0	0	
OG21069	((Sopen11g027990.1[&&NHX:species=S. Pennelli],Capana11g000098[&&NHX:species=Dom. pepper],Solyc11g069260.2.1[&&NHX:species=Tomato],SPI11g03980.1[&&NHX:species=S. pimp],SLYcer11g03918.1[&&NHX:species=Tomato Cherry],PGSC0003DMP400014188[&&NHX:species=Potato],Capang11g000092[&&NHX:species=Wild pepper])S,PGSC0003DMP400014189[&&NHX:species=Potato])D;	0	0	0	
OG21074	(PGSC0003DMP400038141[&&NHX:species=Potato],(PGSC0003DMP400038140[&&NHX:species=Potato],Capana11g000952[&&NHX:species=Dom. pepper],Solyc11g056650.2.1[&&NHX:species=Tomato],SLYcer11g03337.1[&&NHX:species=Tomato Cherry],SPI11g03403.1[&&NHX:species=S. pimp],Sopen11g023410.1[&&NHX:species=S. Pennelli],Capang07g000312[&&NHX:species=Wild pepper])S)D;	0	0	0	
OG21076	(((PGSC0003DMP400041252[&&NHX:species=Potato],SLYcer12g05216.1[&&NHX:species=Tomato Cherry],Sopen12g034770.1[&&NHX:species=S. Pennelli],Solyc12g100140.3.1[&&NHX:species=Tomato],SPI12g05166.1[&&NHX:species=S. pimp])S,PGSC0003DMP400041251[&&NHX:species=Potato])D,Capana12g000049[&&NHX:species=Dom. pepper],Capang12g000051[&&NHX:species=Wild pepper])S;	0	0	0	
OG21099	((PGSC0003DMP400020494[&&NHX:species=Potato],SLYcer12g04658.1[&&NHX:species=Tomato Cherry],Capang12g000657[&&NHX:species=Wild pepper],Capana12g000776[&&NHX:species=Dom. pepper])S,(Sopen12g030330.1[&&NHX:species=S. Pennelli],PGSC0003DMP400020492[&&NHX:species=Potato],SPI12g04615.1[&&NHX:species=S. pimp],Solyc12g088340.2.1[&&NHX:species=Tomato])S)D;	0	0	0	
OG21188	((Solyc04g078690.3.1[&&NHX:species=Tomato],SLYcer04g05478.1[&&NHX:species=Tomato Cherry],Sopen04g032290.1[&&NHX:species=S. Pennelli],(Capana04g000590[&&NHX:species=Dom. pepper],Capang04g000533[&&NHX:species=Wild pepper])S)S,PGSC0003DMP400013989[&&NHX:species=Potato])D;	0	0	12	PGSC0003DMP400013990,PGSC0003DMP400013991
OG21326	((Capang00g004012[&&NHX:species=Wild pepper],Sopen01g041660.1[&&NHX:species=S. Pennelli],Solyc01g098090.3.1[&&NHX:species=Tomato],Capana08g001345[&&NHX:species=Dom. pepper],SPI01g07521.1[&&NHX:species=S. pimp])S,(Sopen08g008890.1[&&NHX:species=S. Pennelli],Solyc08g023590.4.1[&&NHX:species=Tomato],SLYcer08g03647.1[&&NHX:species=Tomato Cherry],SPI08g03615.1[&&NHX:species=S. pimp])S)D;	0	0	0	
OG21425	(Capana01g004481[&&NHX:species=Dom. pepper],Solyc08g008490.4.1[&&NHX:species=Tomato],SPI08g00545.1[&&NHX:species=S. pimp],Capang08g001330[&&NHX:species=Wild pepper],(Sopen08g004340.2[&&NHX:species=S. Pennelli],Sopen08g004340.1[&&NHX:species=S. Pennelli])D,SLYcer08g00571.1[&&NHX:species=Tomato Cherry],(PGSC0003DMP400010369[&&NHX:species=Potato],PGSC0003DMP400010370[&&NHX:species=Potato])D)S;	0	0	0	
OG21442	((SLYcer01g00195.1[&&NHX:species=Tomato Cherry],Capana01g003720[&&NHX:species=Dom. pepper],Sopen01g001450.2[&&NHX:species=S. Pennelli],PGSC0003DMP400055226[&&NHX:species=Potato],SPI01g00217.1[&&NHX:species=S. pimp],Capang08g000636[&&NHX:species=Wild pepper])S,(PGSC0003DMP400055225[&&NHX:species=Potato],Solyc01g005440.4.1[&&NHX:species=Tomato],Sopen01g001450.1[&&NHX:species=S. Pennelli])S)D;	0	0	0	
OG21445	((Capana06g000632[&&NHX:species=Dom. pepper],PGSC0003DMP400010440[&&NHX:species=Potato],Sopen06g030530.1[&&NHX:species=S. Pennelli],Capang06g000581[&&NHX:species=Wild pepper])S,(Sopen06g030540.1[&&NHX:species=S. Pennelli],SLYcer06g04964.1[&&NHX:species=Tomato Cherry],Solyc06g074110.3.1[&&NHX:species=Tomato],SPI06g04829.1[&&NHX:species=S. pimp],PGSC0003DMP400010439[&&NHX:species=Potato])S)D;	0	0	0	
OG21481	((PGSC0003DMP400015489[&&NHX:species=Potato],SPI09g00899.1[&&NHX:species=S. pimp],Capana09g001696[&&NHX:species=Dom. pepper],Solyc09g011170.3.1[&&NHX:species=Tomato],Capang09g001267[&&NHX:species=Wild pepper],SLYcer09g00989.1[&&NHX:species=Tomato Cherry])S,(Sopen09g005920.2[&&NHX:species=S. Pennelli],(Sopen09g005920.1[&&NHX:species=S. Pennelli],PGSC0003DMP400015490[&&NHX:species=Potato])S)D)D;	0	0	0	
OG21522	(PGSC0003DMP400007151[&&NHX:species=Potato],(Capang02g002787[&&NHX:species=Wild pepper],(Sopen02g037840.2[&&NHX:species=S. Pennelli],Sopen02g037840.1[&&NHX:species=S. Pennelli])D,SPI02g04642.1[&&NHX:species=S. pimp],SLYcer02g05723.1[&&NHX:species=Tomato Cherry],Capana02g003079[&&NHX:species=Dom. pepper],Solyc02g093280.2.1[&&NHX:species=Tomato],PGSC0003DMP400007152[&&NHX:species=Potato])S)D;	0	0	0	
OG21675	(((Capang03g000841[&&NHX:species=Wild pepper],Capang07g000753[&&NHX:species=Wild pepper])D,Capana07g000822[&&NHX:species=Dom. pepper])S,(Capana00g004700[&&NHX:species=Dom. pepper],SLYcer07g00607.1[&&NHX:species=Tomato Cherry],Solyc07g008860.3.1[&&NHX:species=Tomato],Sopen07g004790.1[&&NHX:species=S. Pennelli])S)D;	0	0	28	PGSC0003DMP400050053,SPI07g00651.1
OG21896	((Capang01g002033[&&NHX:species=Wild pepper],Capana01g002357[&&NHX:species=Dom. pepper])S,(PGSC0003DMP400020924[&&NHX:species=Potato],Capana02g000264[&&NHX:species=Dom. pepper],Solyc02g030080.4.1[&&NHX:species=Tomato],Sopen02g009400.1[&&NHX:species=S. Pennelli],Capang00g001488[&&NHX:species=Wild pepper],SLYcer02g02412.1[&&NHX:species=Tomato Cherry],SPI02g01311.1[&&NHX:species=S. pimp])S)D;	0	0	0	
OG21903	((PGSC0003DMP400039689[&&NHX:species=Potato],Capana03g000117[&&NHX:species=Dom. pepper],Solyc03g122190.3.1[&&NHX:species=Tomato],Sopen03g040960.1[&&NHX:species=S. Pennelli],Capang03g000113[&&NHX:species=Wild pepper],SPI03g05476.1[&&NHX:species=S. pimp],SLYcer03g05441.1[&&NHX:species=Tomato Cherry])S,(PGSC0003DMP400039687[&&NHX:species=Potato],PGSC0003DMP400039688[&&NHX:species=Potato])D)D;	1	1	0	
OG21926	((Solyc06g065650.3.1[&&NHX:species=Tomato],PGSC0003DMP400045270[&&NHX:species=Potato],SPI06g04126.1[&&NHX:species=S. pimp],Sopen06g024010.1[&&NHX:species=S. Pennelli],Capang06g001333[&&NHX:species=Wild pepper],SLYcer06g04264.1[&&NHX:species=Tomato Cherry],Capana06g001399[&&NHX:species=Dom. pepper])S,(PGSC0003DMP400045269[&&NHX:species=Potato],PGSC0003DMP400045268[&&NHX:species=Potato])D)D;	1	1	0	
OG21948	((Solyc11g005800.2.1[&&NHX:species=Tomato],SLYcer11g00169.1[&&NHX:species=Tomato Cherry],Sopen11g001760.1[&&NHX:species=S. Pennelli],Capang05g001664[&&NHX:species=Wild pepper],(PGSC0003DMP400049956[&&NHX:species=Potato],PGSC0003DMP400049955[&&NHX:species=Potato])D,SPI11g00329.1[&&NHX:species=S. pimp],Capana12g002038[&&NHX:species=Dom. pepper])S,PGSC0003DMP400049957[&&NHX:species=Potato])D;	0	0	0	
OG22257	((SPI03g05270.1[&&NHX:species=S. pimp],Capang03g000328[&&NHX:species=Wild pepper],SLYcer03g05210.1[&&NHX:species=Tomato Cherry],Capana03g000354[&&NHX:species=Dom. pepper],PGSC0003DMP400009870[&&NHX:species=Potato],Sopen03g038890.1[&&NHX:species=S. Pennelli],Solyc03g120010.4.1[&&NHX:species=Tomato])S,(SPI06g03486.1[&&NHX:species=S. pimp],Solyc06g052000.1.1[&&NHX:species=Tomato],SLYcer06g03572.1[&&NHX:species=Tomato Cherry])S)D;	0	0	0	
OG22347	((PGSC0003DMP400002887[&&NHX:species=Potato],PGSC0003DMP400002886[&&NHX:species=Potato])D,SPI01g08719.1[&&NHX:species=S. pimp],Capang01g005267[&&NHX:species=Wild pepper],SLYcer01g08491.1[&&NHX:species=Tomato Cherry],((Sopen01g053190.1[&&NHX:species=S. Pennelli],Sopen01g053190.2[&&NHX:species=S. Pennelli])D,Sopen01g053190.3[&&NHX:species=S. Pennelli])D,Solyc01g111130.4.1[&&NHX:species=Tomato],Capana08g002682[&&NHX:species=Dom. pepper])S;	1	1	0	
OG22384	(((PGSC0003DMP400044224[&&NHX:species=Potato],PGSC0003DMP400044223[&&NHX:species=Potato])D,SLYcer06g00517.1[&&NHX:species=Tomato Cherry],Capang06g002768[&&NHX:species=Wild pepper],Solyc06g008310.3.1[&&NHX:species=Tomato],(Sopen06g003160.1[&&NHX:species=S. Pennelli],Sopen06g003160.2[&&NHX:species=S. Pennelli])D,SPI06g00302.1[&&NHX:species=S. pimp],Capana06g003008[&&NHX:species=Dom. pepper])S,PGSC0003DMP400044225[&&NHX:species=Potato])D;	0	0	0	
OG22463	((PGSC0003DMP400028153[&&NHX:species=Potato],PGSC0003DMP400028151[&&NHX:species=Potato])D,((Sopen11g005650.1[&&NHX:species=S. Pennelli],Sopen11g005650.2[&&NHX:species=S. Pennelli])D,Solyc11g010910.3.1[&&NHX:species=Tomato],PGSC0003DMP400028152[&&NHX:species=Potato],Capang12g002381[&&NHX:species=Wild pepper],SPI11g00754.1[&&NHX:species=S. pimp],SLYcer11g00614.1[&&NHX:species=Tomato Cherry],Capana12g002745[&&NHX:species=Dom. pepper])S)D;	1	1	0	
OG22523	(((Solyc08g082900.4.1[&&NHX:species=Tomato],(PGSC0003DMP400021428[&&NHX:species=Potato],PGSC0003DMP400021426[&&NHX:species=Potato])D,SPI08g06415.1[&&NHX:species=S. pimp],Capana01g000069[&&NHX:species=Dom. pepper],Capang01g000062[&&NHX:species=Wild pepper],SLYcer08g06510.1[&&NHX:species=Tomato Cherry],Sopen08g031130.1[&&NHX:species=S. Pennelli])S,PGSC0003DMP400021427[&&NHX:species=Potato])D,PGSC0003DMP400021425[&&NHX:species=Potato])D;	1	1	0	
OG22564	(Sopen06g035370.1[&&NHX:species=S. Pennelli],Capang06g000101[&&NHX:species=Wild pepper],SPI06g05351.1[&&NHX:species=S. pimp],Capana06g000118[&&NHX:species=Dom. pepper],Solyc06g083980.3.1[&&NHX:species=Tomato],(((PGSC0003DMP400034790[&&NHX:species=Potato],PGSC0003DMP400034789[&&NHX:species=Potato])D,PGSC0003DMP400034791[&&NHX:species=Potato])D,PGSC0003DMP400034788[&&NHX:species=Potato])D,SLYcer06g05459.1[&&NHX:species=Tomato Cherry])S;	1	1	0	
OG22600	((PGSC0003DMP400034090[&&NHX:species=Potato],(PGSC0003DMP400034092[&&NHX:species=Potato],(PGSC0003DMP400034091[&&NHX:species=Potato],Capana11g000365[&&NHX:species=Dom. pepper],Capang11g000351[&&NHX:species=Wild pepper],SPI11g03922.1[&&NHX:species=S. pimp],Solyc11g068960.2.1[&&NHX:species=Tomato],Sopen11g027670.1[&&NHX:species=S. Pennelli])S)D)D,PGSC0003DMP400034093[&&NHX:species=Potato])D;	1	1	14	SLYcer11g03860.1
OG22888	((Solyc01g079510.3.1[&&NHX:species=Tomato],Capang01g001820[&&NHX:species=Wild pepper],SPI01g06374.1[&&NHX:species=S. pimp],Capana00g002208[&&NHX:species=Dom. pepper],Sopen01g031280.1[&&NHX:species=S. Pennelli])S,(Solyc01g060040.3.1[&&NHX:species=Tomato],SLYcer01g05348.1[&&NHX:species=Tomato Cherry],Sopen01g026220.1[&&NHX:species=S. Pennelli],Capang01g001989[&&NHX:species=Wild pepper],SPI01g05507.1[&&NHX:species=S. pimp],Capana01g002294[&&NHX:species=Dom. pepper])S)D;	0	0	0	
OG23015	(((PGSC0003DMP400017155[&&NHX:species=Potato],(PGSC0003DMP400017153[&&NHX:species=Potato],PGSC0003DMP400017156[&&NHX:species=Potato])D)D,(Sopen09g027980.1[&&NHX:species=S. Pennelli],Sopen00g006230.1[&&NHX:species=S. Pennelli])D,Capang03g003200[&&NHX:species=Wild pepper],SPI09g03758.1[&&NHX:species=S. pimp],Solyc09g066280.4.1[&&NHX:species=Tomato],SLYcer09g03838.1[&&NHX:species=Tomato Cherry])S,PGSC0003DMP400017154[&&NHX:species=Potato])D;	0	0	18	Capana03g003386
OG23037	((Capang07g001074[&&NHX:species=Wild pepper],SLYcer07g03311.1[&&NHX:species=Tomato Cherry],SPI07g04022.1[&&NHX:species=S. pimp],Solyc07g039570.3.1[&&NHX:species=Tomato],PGSC0003DMP400038123[&&NHX:species=Potato],Capana07g000998[&&NHX:species=Dom. pepper],Sopen07g018910.1[&&NHX:species=S. Pennelli])S,(PGSC0003DMP400000653[&&NHX:species=Potato],SLYcer12g00436.1[&&NHX:species=Tomato Cherry],Capana09g000184[&&NHX:species=Dom. pepper],Capang09g000179[&&NHX:species=Wild pepper])S)D;	0	0	0	
OG23167	((((SLYcer07g01807.1[&&NHX:species=Tomato Cherry],Solyc07g022850.1.1[&&NHX:species=Tomato])S,(((SLYcer07g03076.1[&&NHX:species=Tomato Cherry],SPI07g03790.1[&&NHX:species=S. pimp])S,SPI07g03818.1[&&NHX:species=S. pimp])D[&&NHX:length=-0.51129],(SPI07g03789.1[&&NHX:species=S. pimp],SLYcer07g03075.1[&&NHX:species=Tomato Cherry])S)D)D,(SLYcer06g00686.1[&&NHX:species=Tomato Cherry],SPI06g00526.1[&&NHX:species=S. pimp])S[&&NHX:length=-0.19924])D,((SLYcer07g03793.1[&&NHX:species=Tomato Cherry],SPI07g04506.1[&&NHX:species=S. pimp])S,SPI07g00719.1[&&NHX:species=S. pimp])D)D;	2	2	0	
OG23201	(((SLYcer04g00659.1[&&NHX:species=Tomato Cherry],PGSC0003DMP400020324[&&NHX:species=Potato],Solyc04g010200.1.1[&&NHX:species=Tomato],Sopen04g005380.1[&&NHX:species=S. Pennelli])S,(PGSC0003DMP400020301[&&NHX:species=Potato],Solyc04g010210.1.1[&&NHX:species=Tomato],Sopen04g005390.1[&&NHX:species=S. Pennelli],SLYcer04g00660.1[&&NHX:species=Tomato Cherry])S)D,(Capana05g000419[&&NHX:species=Dom. pepper],Capang05g000338[&&NHX:species=Wild pepper])S)S;	0	0	56	SPI04g00635.1,SPI04g00634.1
OG23233	((Sopen10g008180.1[&&NHX:species=S. Pennelli],SLYcer10g01092.1[&&NHX:species=Tomato Cherry],Solyc10g018510.2.1[&&NHX:species=Tomato],SPI10g00969.1[&&NHX:species=S. pimp])S,(Capang08g000491[&&NHX:species=Wild pepper],Sopen01g036520.1[&&NHX:species=S. Pennelli],SPI01g06999.1[&&NHX:species=S. pimp],SLYcer01g06745.1[&&NHX:species=Tomato Cherry],Capana01g003548[&&NHX:species=Dom. pepper],Solyc01g090790.4.1[&&NHX:species=Tomato])S)D;	0	0	64	PGSC0003DMP400045049,PGSC0003DMP400045048
OG23239	((((SLYcer07g00526.1[&&NHX:species=Tomato Cherry],SPI07g00576.1[&&NHX:species=S. pimp])S,SPI08g05636.1[&&NHX:species=S. pimp])D,SLYcer08g05751.1[&&NHX:species=Tomato Cherry])D,(PGSC0003DMP400034529[&&NHX:species=Potato],PGSC0003DMP400034528[&&NHX:species=Potato])D,(Solyc07g008340.4.1[&&NHX:species=Tomato],Solyc08g075360.3.1[&&NHX:species=Tomato])D)S;	0	0	80	Sopen07g004230.1,Sopen08g023990.1,Capang00g004220,Capana01g000961
OG23329	((SLYcer02g04788.1[&&NHX:species=Tomato Cherry],SPI02g03700.1[&&NHX:species=S. pimp],Capang02g002329[&&NHX:species=Wild pepper],Capana02g002593[&&NHX:species=Dom. pepper],Sopen02g028720.1[&&NHX:species=S. Pennelli],Solyc02g083940.3.1[&&NHX:species=Tomato])S,(Solyc12g035360.2.1[&&NHX:species=Tomato],Capang00g003908[&&NHX:species=Wild pepper],Capana04g001839[&&NHX:species=Dom. pepper],SLYcer12g02966.1[&&NHX:species=Tomato Cherry],SPI12g02732.1[&&NHX:species=S. pimp],Sopen12g015070.1[&&NHX:species=S. Pennelli])S)D;	0	0	0	
OG23368	((Solyc01g097430.4.1[&&NHX:species=Tomato],SPI01g07461.1[&&NHX:species=S. pimp],Capang01g003838[&&NHX:species=Wild pepper],Sopen01g041100.1[&&NHX:species=S. Pennelli],Capana08g001255[&&NHX:species=Dom. pepper],PGSC0003DMP400033759[&&NHX:species=Potato])S,(SLYcer09g05287.1[&&NHX:species=Tomato Cherry],Capana03g004208[&&NHX:species=Dom. pepper],SPI09g04978.1[&&NHX:species=S. pimp],PGSC0003DMP400056551[&&NHX:species=Potato],Sopen09g036340.1[&&NHX:species=S. Pennelli],Solyc09g098410.3.1[&&NHX:species=Tomato])S)D;	0	0	0	
OG23636	((SPI10g02408.1[&&NHX:species=S. pimp],Sopen10g020610.1[&&NHX:species=S. Pennelli],SLYcer10g04045.1[&&NHX:species=Tomato Cherry],PGSC0003DMP400005823[&&NHX:species=Potato],Solyc10g049780.1.1[&&NHX:species=Tomato],Capang03g001269[&&NHX:species=Wild pepper])S,(Sopen10g020770.1[&&NHX:species=S. Pennelli],Solyc10g049720.2.1[&&NHX:species=Tomato],SPI10g02392.1[&&NHX:species=S. pimp],Capang10g000691[&&NHX:species=Wild pepper],SLYcer10g04022.1[&&NHX:species=Tomato Cherry],PGSC0003DMP400061403[&&NHX:species=Potato],Capana10g000879[&&NHX:species=Dom. pepper])S)D;	0	0	0	
OG23639	((PGSC0003DMP400028102[&&NHX:species=Potato],Solyc07g041080.3.1[&&NHX:species=Tomato],Sopen07g020370.1[&&NHX:species=S. Pennelli],SPI07g04235.1[&&NHX:species=S. pimp],SLYcer07g03513.1[&&NHX:species=Tomato Cherry])S,((Sopen12g003960.1[&&NHX:species=S. Pennelli],PGSC0003DMP400000642[&&NHX:species=Potato],Capana09g000173[&&NHX:species=Dom. pepper],SLYcer12g00446.1[&&NHX:species=Tomato Cherry],Solyc12g009030.2.1[&&NHX:species=Tomato],Capang09g000167[&&NHX:species=Wild pepper],SPI12g00475.1[&&NHX:species=S. pimp])S,Capang07g000565[&&NHX:species=Wild pepper])D)D;	0	0	0	
OG23805	((Solyc01g081100.3.1[&&NHX:species=Tomato],Capang08g000243[&&NHX:species=Wild pepper],PGSC0003DMP400003204[&&NHX:species=Potato],SPI01g06563.1[&&NHX:species=S. pimp],(Capana01g003305[&&NHX:species=Dom. pepper],Capana00g000514[&&NHX:species=Dom. pepper])D,Sopen01g032710.1[&&NHX:species=S. Pennelli],SLYcer01g06282.1[&&NHX:species=Tomato Cherry])S,(SLYcer01g06281.1[&&NHX:species=Tomato Cherry],Capang08g000242[&&NHX:species=Wild pepper],SPI01g06562.1[&&NHX:species=S. pimp],PGSC0003DMP400058538[&&NHX:species=Potato],Solyc01g081090.2.1[&&NHX:species=Tomato])S)D;	0	0	0	
OG23864	((PGSC0003DMP400037320[&&NHX:species=Potato],Capang04g000631[&&NHX:species=Wild pepper],SPI04g04905.1[&&NHX:species=S. pimp],SLYcer04g05407.1[&&NHX:species=Tomato Cherry],Capana04g000660[&&NHX:species=Dom. pepper],Sopen04g031550.1[&&NHX:species=S. Pennelli],Solyc04g077960.1.1[&&NHX:species=Tomato])S,(Capang12g000654[&&NHX:species=Wild pepper],SLYcer12g04662.1[&&NHX:species=Tomato Cherry],PGSC0003DMP400020498[&&NHX:species=Potato],SPI12g04619.1[&&NHX:species=S. pimp],Capana12g000774[&&NHX:species=Dom. pepper],Solyc12g088380.1.1[&&NHX:species=Tomato])S)D;	0	0	0	
OG23959	(((PGSC0003DMP400020070[&&NHX:species=Potato],PGSC0003DMP400020069[&&NHX:species=Potato])D,Sopen01g028350.1[&&NHX:species=S. Pennelli],Capana01g002508[&&NHX:species=Dom. pepper],Capang01g002161[&&NHX:species=Wild pepper],Solyc01g066740.3.1[&&NHX:species=Tomato])S,(SPI01g05898.1[&&NHX:species=S. pimp],SLYcer01g05728.1[&&NHX:species=Tomato Cherry],PGSC0003DMP400020073[&&NHX:species=Potato])S,(PGSC0003DMP400020071[&&NHX:species=Potato],(Capang01g002162[&&NHX:species=Wild pepper],PGSC0003DMP400020072[&&NHX:species=Potato],Capana01g002509[&&NHX:species=Dom. pepper])S)D)D;	1	0	0	
OG23977	(((Capana11g001608[&&NHX:species=Dom. pepper],Capang09g001563[&&NHX:species=Wild pepper])S,(PGSC0003DMP400001389[&&NHX:species=Potato],Capana00g001745[&&NHX:species=Dom. pepper])S,Capana03g002957[&&NHX:species=Dom. pepper])D,((PGSC0003DMP400001388[&&NHX:species=Potato],PGSC0003DMP400001390[&&NHX:species=Potato])D,Solyc01g109700.3.1[&&NHX:species=Tomato],Capana08g002542[&&NHX:species=Dom. pepper],SLYcer01g08362.1[&&NHX:species=Tomato Cherry],Capang01g005077[&&NHX:species=Wild pepper],SPI01g08584.1[&&NHX:species=S. pimp],Sopen01g051890.1[&&NHX:species=S. Pennelli])S)D;	1	0	0	
OG24049	((Sopen09g004150.1[&&NHX:species=S. Pennelli],SPI09g00477.1[&&NHX:species=S. pimp],SLYcer09g00589.1[&&NHX:species=Tomato Cherry],Capang09g001889[&&NHX:species=Wild pepper],Capana09g002370[&&NHX:species=Dom. pepper],Solyc09g009410.3.1[&&NHX:species=Tomato])S,((Sopen09g029240.1[&&NHX:species=S. Pennelli],SLYcer09g04271.1[&&NHX:species=Tomato Cherry],Solyc09g074400.3.1[&&NHX:species=Tomato],SPI09g04077.1[&&NHX:species=S. pimp],PGSC0003DMP400029423[&&NHX:species=Potato])S,(Capang07g002490[&&NHX:species=Wild pepper],Capana07g002495[&&NHX:species=Dom. pepper],SPI09g04066.1[&&NHX:species=S. pimp])S)D)D;	0	0	0	
OG24102	((SLYcer07g00120.1[&&NHX:species=Tomato Cherry],Solyc07g005400.3.1[&&NHX:species=Tomato],Capana07g000221[&&NHX:species=Dom. pepper],PGSC0003DMP400019655[&&NHX:species=Potato],Capang07g000222[&&NHX:species=Wild pepper],SPI07g00189.1[&&NHX:species=S. pimp],Sopen07g001380.1[&&NHX:species=S. Pennelli])S,(PGSC0003DMP400013796[&&NHX:species=Potato],Solyc12g010170.2.1[&&NHX:species=Tomato],Capana09g000075[&&NHX:species=Dom. pepper],SPI12g00623.1[&&NHX:species=S. pimp],Capang09g000067[&&NHX:species=Wild pepper],Sopen12g005040.1[&&NHX:species=S. Pennelli],SLYcer12g00593.1[&&NHX:species=Tomato Cherry])S)D;	0	0	0	
OG24137	((Solyc10g012190.3.1[&&NHX:species=Tomato],SPI10g00682.1[&&NHX:species=S. pimp],Capana01g000634[&&NHX:species=Dom. pepper],Capang01g000575[&&NHX:species=Wild pepper],SLYcer10g00807.1[&&NHX:species=Tomato Cherry])S,((Sopen07g004550.1[&&NHX:species=S. Pennelli],Solyc07g008610.3.1[&&NHX:species=Tomato],SPI07g00624.1[&&NHX:species=S. pimp],SLYcer07g00576.1[&&NHX:species=Tomato Cherry],Capang10g001667[&&NHX:species=Wild pepper],Capana10g001888[&&NHX:species=Dom. pepper])S,Sopen10g005950.1[&&NHX:species=S. Pennelli])D)D;	0	0	96	PGSC0003DMP400033687,PGSC0003DMP400039854
OG24159	((Capang06g002793[&&NHX:species=Wild pepper],Capana06g003044[&&NHX:species=Dom. pepper],SPI06g00367.1[&&NHX:species=S. pimp],SLYcer06g00583.1[&&NHX:species=Tomato Cherry],Sopen06g003630.1[&&NHX:species=S. Pennelli],Solyc06g008880.3.1[&&NHX:species=Tomato])S,((Solyc01g080690.3.1[&&NHX:species=Tomato],Capana01g003086[&&NHX:species=Dom. pepper],Capang01g002770[&&NHX:species=Wild pepper],PGSC0003DMP400011146[&&NHX:species=Potato],Sopen01g030810.1[&&NHX:species=S. Pennelli],SLYcer01g06199.1[&&NHX:species=Tomato Cherry],SPI01g06499.1[&&NHX:species=S. pimp])S,PGSC0003DMP400011145[&&NHX:species=Potato])D)D;	0	0	0	
OG24330	((Capang10g000062[&&NHX:species=Wild pepper],PGSC0003DMP400043398[&&NHX:species=Potato],Solyc10g006890.4.1[&&NHX:species=Tomato],SPI10g00289.1[&&NHX:species=S. pimp],Sopen10g002800.1[&&NHX:species=S. Pennelli],Capana10g000064[&&NHX:species=Dom. pepper])S,((Capang07g002230[&&NHX:species=Wild pepper],PGSC0003DMP400022038[&&NHX:species=Potato],SLYcer07g05369.1[&&NHX:species=Tomato Cherry],Capana07g002209[&&NHX:species=Dom. pepper],SPI07g06088.1[&&NHX:species=S. pimp],Sopen07g031500.1[&&NHX:species=S. Pennelli],Solyc07g063330.4.1[&&NHX:species=Tomato])S,PGSC0003DMP400022035[&&NHX:species=Potato])D)D;	0	0	0	
OG24354	((PGSC0003DMP400005014[&&NHX:species=Potato],Solyc01g100850.3.1[&&NHX:species=Tomato],Capang01g004225[&&NHX:species=Wild pepper],Sopen01g044350.1[&&NHX:species=S. Pennelli],SLYcer01g07467.1[&&NHX:species=Tomato Cherry],Capana05g002156[&&NHX:species=Dom. pepper],SPI01g07802.1[&&NHX:species=S. pimp])S,((Sopen09g028200.1[&&NHX:species=S. Pennelli],SPI09g03787.1[&&NHX:species=S. pimp],Capang03g003251[&&NHX:species=Wild pepper],PGSC0003DMP400018220[&&NHX:species=Potato],Capana00g002485[&&NHX:species=Dom. pepper],Solyc09g066470.4.1[&&NHX:species=Tomato])S,PGSC0003DMP400018221[&&NHX:species=Potato])D)D;	0	0	0	
OG24445	(((PGSC0003DMP400021939[&&NHX:species=Potato],PGSC0003DMP400021941[&&NHX:species=Potato])D,((PGSC0003DMP400021937[&&NHX:species=Potato],PGSC0003DMP400021943[&&NHX:species=Potato],PGSC0003DMP400021942[&&NHX:species=Potato],PGSC0003DMP400021938[&&NHX:species=Potato])D,Sopen07g031140.2[&&NHX:species=S. Pennelli])S)D,(Capana07g002167[&&NHX:species=Dom. pepper],Sopen07g031140.1[&&NHX:species=S. Pennelli],PGSC0003DMP400021940[&&NHX:species=Potato],Solyc07g062950.4.1[&&NHX:species=Tomato],SLYcer07g05332.1[&&NHX:species=Tomato Cherry],SPI07g06050.1[&&NHX:species=S. pimp],Capang07g002187[&&NHX:species=Wild pepper])S)D;	2	1	0	
OG24530	(((Solyc08g005050.4.1[&&NHX:species=Tomato],Sopen08g001070.1[&&NHX:species=S. Pennelli],SLYcer08g00148.1[&&NHX:species=Tomato Cherry],SPI08g00060.1[&&NHX:species=S. pimp],Capana01g004352[&&NHX:species=Dom. pepper],PGSC0003DMP400002142[&&NHX:species=Potato],Capang08g001213[&&NHX:species=Wild pepper])S,SPI08g00068.1[&&NHX:species=S. pimp])D,(SLYcer08g05909.1[&&NHX:species=Tomato Cherry],PGSC0003DMP400030626[&&NHX:species=Potato],Capana01g001098[&&NHX:species=Dom. pepper],Solyc08g076930.1.1[&&NHX:species=Tomato],SPI08g05799.1[&&NHX:species=S. pimp],Sopen08g025500.1[&&NHX:species=S. Pennelli],Capang01g000946[&&NHX:species=Wild pepper])S)D;	0	0	0	
OG24564	(((Capang12g000955[&&NHX:species=Wild pepper],Capana12g001152[&&NHX:species=Dom. pepper])S,(Sopen08g028430.1[&&NHX:species=S. Pennelli],(SPI08g06130.1[&&NHX:species=S. pimp],Capang01g000332[&&NHX:species=Wild pepper],PGSC0003DMP400039414[&&NHX:species=Potato],Capana01g000361[&&NHX:species=Dom. pepper],SLYcer08g06228.1[&&NHX:species=Tomato Cherry],Sopen08g028430.2[&&NHX:species=S. Pennelli],Solyc08g080080.4.1[&&NHX:species=Tomato])S)D)D,(Sopen12g029080.1[&&NHX:species=S. Pennelli],PGSC0003DMP400019071[&&NHX:species=Potato],Solyc12g056490.1.1[&&NHX:species=Tomato],SLYcer12g04496.1[&&NHX:species=Tomato Cherry],SPI12g04451.1[&&NHX:species=S. pimp])S)D;	0	0	0	
OG24569	((((Solyc03g034000.3.1[&&NHX:species=Tomato],Sopen03g006760.1[&&NHX:species=S. Pennelli],PGSC0003DMP400039142[&&NHX:species=Potato],SLYcer03g00918.1[&&NHX:species=Tomato Cherry],SPI03g01080.1[&&NHX:species=S. pimp])S,PGSC0003DMP400039140[&&NHX:species=Potato])D,PGSC0003DMP400039141[&&NHX:species=Potato])D,((PGSC0003DMP400027130[&&NHX:species=Potato],SPI02g02053.1[&&NHX:species=S. pimp],Solyc02g062690.3.1[&&NHX:species=Tomato],SLYcer02g03171.1[&&NHX:species=Tomato Cherry],Capana02g000436[&&NHX:species=Dom. pepper],Capang02g000392[&&NHX:species=Wild pepper],Sopen02g013710.1[&&NHX:species=S. Pennelli])S,PGSC0003DMP400027129[&&NHX:species=Potato])D)D;	1	1	0	
OG24595	((PGSC0003DMP400025090[&&NHX:species=Potato],Capana03g000641[&&NHX:species=Dom. pepper],Solyc03g118310.4.1[&&NHX:species=Tomato],SPI03g05082.1[&&NHX:species=S. pimp],Sopen03g037210.1[&&NHX:species=S. Pennelli],SLYcer03g05023.1[&&NHX:species=Tomato Cherry])S,(PGSC0003DMP400050146[&&NHX:species=Potato],((PGSC0003DMP400050144[&&NHX:species=Potato],PGSC0003DMP400050145[&&NHX:species=Potato])D,Capana06g001059[&&NHX:species=Dom. pepper],Sopen06g026160.1[&&NHX:species=S. Pennelli],SPI06g04381.1[&&NHX:species=S. pimp],Solyc06g068870.3.1[&&NHX:species=Tomato],SLYcer06g04523.1[&&NHX:species=Tomato Cherry],Capang03g000579[&&NHX:species=Wild pepper])S)D)D;	0	0	0	
OG24637	((SLYcer09g00931.1[&&NHX:species=Tomato Cherry],Capana09g002007[&&NHX:species=Dom. pepper],Capang09g001546[&&NHX:species=Wild pepper],Sopen09g005430.1[&&NHX:species=S. Pennelli],PGSC0003DMP400015522[&&NHX:species=Potato],Solyc09g010720.3.1[&&NHX:species=Tomato])S,((PGSC0003DMP400033371[&&NHX:species=Potato],Capang10g001203[&&NHX:species=Wild pepper],SLYcer10g05946.1[&&NHX:species=Tomato Cherry],Solyc10g086430.3.1[&&NHX:species=Tomato],Sopen10g035810.1[&&NHX:species=S. Pennelli],Capana10g001429[&&NHX:species=Dom. pepper])S,PGSC0003DMP400033370[&&NHX:species=Potato])D)D;	0	0	100	SPI10g04498.1,SPI10g04480.1
OG24734	((SPI06g03900.1[&&NHX:species=S. pimp],PGSC0003DMP400008672[&&NHX:species=Potato],Capana00g003180[&&NHX:species=Dom. pepper],Capang00g000870[&&NHX:species=Wild pepper],Sopen06g021950.1[&&NHX:species=S. Pennelli],SLYcer06g04030.1[&&NHX:species=Tomato Cherry],Solyc06g062460.3.1[&&NHX:species=Tomato])S,(((PGSC0003DMP400004456[&&NHX:species=Potato],PGSC0003DMP400004457[&&NHX:species=Potato])D,PGSC0003DMP400004458[&&NHX:species=Potato])D,SPI03g05385.1[&&NHX:species=S. pimp],Capang03g000211[&&NHX:species=Wild pepper],Capana03g000219[&&NHX:species=Dom. pepper],Sopen03g040050.1[&&NHX:species=S. Pennelli],Solyc03g121240.1.1[&&NHX:species=Tomato])S)D;	1	1	0	
OG24770	((((Capana10g002295[&&NHX:species=Dom. pepper],Capang10g002050[&&NHX:species=Wild pepper])S,(Capana10g002296[&&NHX:species=Dom. pepper],Capang10g002051[&&NHX:species=Wild pepper])S)D,SLYcer10g05336.1[&&NHX:species=Tomato Cherry],Sopen10g030290.1[&&NHX:species=S. Pennelli],Solyc10g079650.2.1[&&NHX:species=Tomato])S,((PGSC0003DMP400052018[&&NHX:species=Potato],Sopen10g030310.1[&&NHX:species=S. Pennelli])S,(PGSC0003DMP400052017[&&NHX:species=Potato],Solyc10g079680.3.1[&&NHX:species=Tomato],Capana10g002279[&&NHX:species=Dom. pepper],Capang10g002039[&&NHX:species=Wild pepper],SLYcer10g05339.1[&&NHX:species=Tomato Cherry],SPI10g03828.1[&&NHX:species=S. pimp])S)D)D;	0	0	0	
OG24794	((PGSC0003DMP400011342[&&NHX:species=Potato],(PGSC0003DMP400011341[&&NHX:species=Potato],(Sopen04g030550.1[&&NHX:species=S. Pennelli],SLYcer04g05292.1[&&NHX:species=Tomato Cherry],SPI04g04783.1[&&NHX:species=S. pimp],Capang05g001202[&&NHX:species=Wild pepper],(Solyc04g076845.1.1[&&NHX:species=Tomato],Solyc00g050430_2_1[&&NHX:species=Tomato])D,Capana04g000815[&&NHX:species=Dom. pepper],PGSC0003DMP400011343[&&NHX:species=Potato])S)D)D,(Capana12g000842[&&NHX:species=Dom. pepper],Solyc12g088130.3.1[&&NHX:species=Tomato],SLYcer12g04635.1[&&NHX:species=Tomato Cherry],PGSC0003DMP400003676[&&NHX:species=Potato],Capang12g000714[&&NHX:species=Wild pepper])S)D;	1	1	0	
OG24867	(((((PGSC0003DMP400003807[&&NHX:species=Potato],SPI04g04564.1[&&NHX:species=S. pimp],Sopen04g029770.1[&&NHX:species=S. Pennelli],SLYcer04g05089.1[&&NHX:species=Tomato Cherry],Solyc04g074810.4.1[&&NHX:species=Tomato])S,PGSC0003DMP400003806[&&NHX:species=Potato])D,Capang04g000895[&&NHX:species=Wild pepper])S,(PGSC0003DMP400031052[&&NHX:species=Potato],Solyc12g087850.3.1[&&NHX:species=Tomato])S)D,(PGSC0003DMP400049785[&&NHX:species=Potato],Solyc01g098720.3.1[&&NHX:species=Tomato],SLYcer01g07680.1[&&NHX:species=Tomato Cherry],Capang00g004349[&&NHX:species=Wild pepper],SPI01g07587.1[&&NHX:species=S. pimp],Sopen00g009860.1[&&NHX:species=S. Pennelli])S)D;	0	0	6	Capana04g000934
OG24942	((PGSC0003DMP400050411[&&NHX:species=Potato],(PGSC0003DMP400050410[&&NHX:species=Potato],(Capang06g001031[&&NHX:species=Wild pepper],Sopen06g025860.1[&&NHX:species=S. Pennelli],SLYcer06g04493.1[&&NHX:species=Tomato Cherry],Capana06g001078[&&NHX:species=Dom. pepper],SPI06g04353.1[&&NHX:species=S. pimp],PGSC0003DMP400050412[&&NHX:species=Potato])S)D)D,(Capang03g000524[&&NHX:species=Wild pepper],PGSC0003DMP400025020[&&NHX:species=Potato],Capana03g000573[&&NHX:species=Dom. pepper],Sopen03g036720.1[&&NHX:species=S. Pennelli],SPI03g05030.1[&&NHX:species=S. pimp],SLYcer03g04975.1[&&NHX:species=Tomato Cherry])S)D;	1	1	144	Solyc06g068600.3.1,Solyc03g117810.4.1
OG24982	((Solyc05g005300.2.1[&&NHX:species=Tomato],((Capang00g002138[&&NHX:species=Wild pepper],Capana01g001016[&&NHX:species=Dom. pepper])S,(Capana11g001290[&&NHX:species=Dom. pepper],Capang11g001280[&&NHX:species=Wild pepper])S)D,SLYcer05g00120.1[&&NHX:species=Tomato Cherry],Sopen05g001310.1[&&NHX:species=S. Pennelli],SPI05g00132.1[&&NHX:species=S. pimp])S,(Sopen08g018260.1[&&NHX:species=S. Pennelli],SLYcer08g04785.1[&&NHX:species=Tomato Cherry],Solyc08g062780.2.1[&&NHX:species=Tomato],SPI08g04684.1[&&NHX:species=S. pimp],(Capang00g000803[&&NHX:species=Wild pepper],Capana08g000254[&&NHX:species=Dom. pepper])S)S)D;	0	0	16	PGSC0003DMP400014412,PGSC0003DMP400014411
OG25066	(((Capana12g002324[&&NHX:species=Dom. pepper],Capang12g002003[&&NHX:species=Wild pepper])S,(((Capana08g000886[&&NHX:species=Dom. pepper],SLYcer01g06919.1[&&NHX:species=Tomato Cherry],Sopen01g038290.1[&&NHX:species=S. Pennelli],SPI01g07167.1[&&NHX:species=S. pimp],Solyc01g094480.4.1[&&NHX:species=Tomato])S,(Capang12g002062[&&NHX:species=Wild pepper],Capana12g002397[&&NHX:species=Dom. pepper])S)D,((Capana09g002408[&&NHX:species=Dom. pepper],Capang00g004973[&&NHX:species=Wild pepper])S,(Capang00g001893[&&NHX:species=Wild pepper],Sopen09g005330.1[&&NHX:species=S. Pennelli],PGSC0003DMP400015695[&&NHX:species=Potato])S)D)D)D,(Solyc09g010620.1.1[&&NHX:species=Tomato],SPI09g00830.1[&&NHX:species=S. pimp])S)D;	1	1	0	
OG25173	((((PGSC0003DMP400026851[&&NHX:species=Potato],PGSC0003DMP400026850[&&NHX:species=Potato])D,Sopen12g007160.2[&&NHX:species=S. Pennelli])S,(Sopen12g007160.1[&&NHX:species=S. Pennelli],SLYcer12g00799.1[&&NHX:species=Tomato Cherry],PGSC0003DMP400026849[&&NHX:species=Potato],Solyc12g013840.3.1[&&NHX:species=Tomato],Capang00g001235[&&NHX:species=Wild pepper],SPI12g00842.1[&&NHX:species=S. pimp],Capana09g000934[&&NHX:species=Dom. pepper])S)D,((Sopen07g031310.2[&&NHX:species=S. Pennelli],Capana07g002184[&&NHX:species=Dom. pepper],Solyc07g063120.4.1[&&NHX:species=Tomato],Capang07g002204[&&NHX:species=Wild pepper],SLYcer07g05347.1[&&NHX:species=Tomato Cherry],SPI07g06066.1[&&NHX:species=S. pimp])S,Sopen07g031310.1[&&NHX:species=S. Pennelli])D)D;	1	1	0	
OG25471	(((SLYcer05g01061.1[&&NHX:species=Tomato Cherry],PGSC0003DMP400044318[&&NHX:species=Potato],(Sopen05g016940.1[&&NHX:species=S. Pennelli],(Sopen05g009100.1[&&NHX:species=S. Pennelli],Sopen05g009090.1[&&NHX:species=S. Pennelli])D)D,Solyc05g014090.3.1[&&NHX:species=Tomato])S,((SPI05g02448.1[&&NHX:species=S. pimp],Solyc05g025630.3.1[&&NHX:species=Tomato],SLYcer05g02433.1[&&NHX:species=Tomato Cherry])S,(Solyc05g018780.1.1[&&NHX:species=Tomato],SLYcer05g01892.1[&&NHX:species=Tomato Cherry])S)D)D,(PGSC0003DMP400023286[&&NHX:species=Potato],Solyc07g039200.4.1[&&NHX:species=Tomato],Sopen07g017550.1[&&NHX:species=S. Pennelli],Capang03g001617[&&NHX:species=Wild pepper],SLYcer07g03191.1[&&NHX:species=Tomato Cherry],SPI07g03907.1[&&NHX:species=S. pimp])S)D;	1	1	21	Capana03g001677,SPI05g01131.1
OG25479	((((Solyc08g036620.4.1[&&NHX:species=Tomato],Sopen08g011370.1[&&NHX:species=S. Pennelli],SLYcer08g02337.1[&&NHX:species=Tomato Cherry],PGSC0003DMP400002158[&&NHX:species=Potato])S,((SLYcer08g02335.1[&&NHX:species=Tomato Cherry],PGSC0003DMP400015428[&&NHX:species=Potato],SPI08g02291.1[&&NHX:species=S. pimp],Sopen08g011400.1[&&NHX:species=S. Pennelli],Solyc08g036640.3.1[&&NHX:species=Tomato])S,(PGSC0003DMP400046574[&&NHX:species=Potato],SLYcer08g01499.1[&&NHX:species=Tomato Cherry])S)D)D,(SPI08g02288.1[&&NHX:species=S. pimp],PGSC0003DMP400015429[&&NHX:species=Potato],Sopen08g011410.1[&&NHX:species=S. Pennelli],SLYcer08g02330.1[&&NHX:species=Tomato Cherry],Solyc08g036660.4.1[&&NHX:species=Tomato])S)D,(PGSC0003DMP400002154[&&NHX:species=Potato],Solyc08g036505.2.1[&&NHX:species=Tomato],Sopen08g011170.1[&&NHX:species=S. Pennelli])S)D;	1	1	0	
OG25560	(((SPI06g05367.1[&&NHX:species=S. pimp],(((PGSC0003DMP400034773[&&NHX:species=Potato],PGSC0003DMP400034774[&&NHX:species=Potato])D,Sopen06g035500.1[&&NHX:species=S. Pennelli])S,Sopen06g035500.2[&&NHX:species=S. Pennelli])D,SLYcer06g05475.1[&&NHX:species=Tomato Cherry])S,(PGSC0003DMP400034775[&&NHX:species=Potato],Sopen06g035500.3[&&NHX:species=S. Pennelli])S)D,((Capang03g003164[&&NHX:species=Wild pepper],Solyc09g065630.3.1[&&NHX:species=Tomato],SPI09g03681.1[&&NHX:species=S. pimp],Sopen09g027380.2[&&NHX:species=S. Pennelli],Capana03g003239[&&NHX:species=Dom. pepper],PGSC0003DMP400033618[&&NHX:species=Potato])S,(Sopen09g027380.1[&&NHX:species=S. Pennelli],PGSC0003DMP400033621[&&NHX:species=Potato])S)D)D;	0	0	28	Solyc06g084120.4.1,Capang06g000088,Capana06g000104
OG25772	((PGSC0003DMP400012655[&&NHX:species=Potato],Capang11g002251[&&NHX:species=Wild pepper],Capana05g001652[&&NHX:species=Dom. pepper])S,(((Capang11g000120[&&NHX:species=Wild pepper],SPI11g03938.1[&&NHX:species=S. pimp],Capana11g000125[&&NHX:species=Dom. pepper],SLYcer11g03875.1[&&NHX:species=Tomato Cherry],PGSC0003DMP400014286[&&NHX:species=Potato],Solyc11g069090.2.1[&&NHX:species=Tomato],Sopen11g027810.1[&&NHX:species=S. Pennelli])S,Capang05g001333[&&NHX:species=Wild pepper])D,((PGSC0003DMP400012656[&&NHX:species=Potato],Capang00g003866[&&NHX:species=Wild pepper],Sopen06g031340.1[&&NHX:species=S. Pennelli],Capana06g000523[&&NHX:species=Dom. pepper],SLYcer06g05058.1[&&NHX:species=Tomato Cherry])S,(PGSC0003DMP400012654[&&NHX:species=Potato],PGSC0003DMP400012657[&&NHX:species=Potato])D)D)D)D;	2	2	31	Solyc06g074940.4.1,SPI06g04918.1
OG25838	(((Solyc07g025140.4.1[&&NHX:species=Tomato],SLYcer07g01899.1[&&NHX:species=Tomato Cherry],SPI07g03247.1[&&NHX:species=S. pimp],Sopen07g012650.1[&&NHX:species=S. Pennelli],PGSC0003DMP400011547[&&NHX:species=Potato],Capana07g000694[&&NHX:species=Dom. pepper],Capang07g000719[&&NHX:species=Wild pepper])S,(Capana04g000459[&&NHX:species=Dom. pepper],Solyc04g079700.3.1[&&NHX:species=Tomato],SPI04g05061.1[&&NHX:species=S. pimp],PGSC0003DMP400005983[&&NHX:species=Potato],Sopen04g033250.1[&&NHX:species=S. Pennelli],Capang04g000428[&&NHX:species=Wild pepper],SLYcer04g05565.1[&&NHX:species=Tomato Cherry])S)D,(Capang12g000570[&&NHX:species=Wild pepper],SPI12g04682.1[&&NHX:species=S. pimp],Solyc12g088980.2.1[&&NHX:species=Tomato],Sopen12g030880.1[&&NHX:species=S. Pennelli],SLYcer12g04723.1[&&NHX:species=Tomato Cherry],Capana12g000687[&&NHX:species=Dom. pepper],PGSC0003DMP400027070[&&NHX:species=Potato])S)D;	1	1	0	
OG25839	((((Capana03g000726[&&NHX:species=Dom. pepper],Capang00g000422[&&NHX:species=Wild pepper])S,(Capang11g001476[&&NHX:species=Wild pepper],Capana00g004663[&&NHX:species=Dom. pepper])S)D,((PGSC0003DMP400050159[&&NHX:species=Potato],Solyc06g069010.3.1[&&NHX:species=Tomato],SLYcer06g04537.1[&&NHX:species=Tomato Cherry],Sopen06g026300.1[&&NHX:species=S. Pennelli],SPI06g04396.1[&&NHX:species=S. pimp])S,(Sopen03g037930.1[&&NHX:species=S. Pennelli],PGSC0003DMP400009959[&&NHX:species=Potato],SPI03g05158.1[&&NHX:species=S. pimp],Solyc03g119040.3.1[&&NHX:species=Tomato],SLYcer03g05099.1[&&NHX:species=Tomato Cherry])S)D)D,(Solyc12g040510.2.1[&&NHX:species=Tomato],SLYcer12g03771.1[&&NHX:species=Tomato Cherry],Capana12g001413[&&NHX:species=Dom. pepper],Sopen12g020110.1[&&NHX:species=S. Pennelli],SPI12g03720.1[&&NHX:species=S. pimp],Capang12g001203[&&NHX:species=Wild pepper],PGSC0003DMP400027754[&&NHX:species=Potato])S)D;	1	1	0	
OG25882	(((((SLYcer09g03490.1[&&NHX:species=Tomato Cherry],(PGSC0003DMP400032990[&&NHX:species=Potato],PGSC0003DMP400032989[&&NHX:species=Potato])D,Sopen09g025180.1[&&NHX:species=S. Pennelli],SPI09g03386.1[&&NHX:species=S. pimp],Solyc09g063010.4.1[&&NHX:species=Tomato])S,PGSC0003DMP400032987[&&NHX:species=Potato])D,Capang07g001757[&&NHX:species=Wild pepper],Capana09g001161[&&NHX:species=Dom. pepper])S,PGSC0003DMP400032988[&&NHX:species=Potato])D,((SLYcer06g00488.1[&&NHX:species=Tomato Cherry],Capang06g002736[&&NHX:species=Wild pepper],(Sopen06g002870.1[&&NHX:species=S. Pennelli],Sopen06g002870.2[&&NHX:species=S. Pennelli])D,Capana06g002971[&&NHX:species=Dom. pepper])S,((Sopen06g002870.3[&&NHX:species=S. Pennelli],(PGSC0003DMP400025912[&&NHX:species=Potato],PGSC0003DMP400025911[&&NHX:species=Potato])D,Solyc06g008030.3.1[&&NHX:species=Tomato])S,PGSC0003DMP400025910[&&NHX:species=Potato])D)D)D;	0	0	23	SPI06g00267.1
OG25887	((SLYcer06g05060.1[&&NHX:species=Tomato Cherry],((PGSC0003DMP400021237[&&NHX:species=Potato],Sopen06g031370.1[&&NHX:species=S. Pennelli])S,PGSC0003DMP400021236[&&NHX:species=Potato])D)S,((Capang00g003863[&&NHX:species=Wild pepper],PGSC0003DMP400012707[&&NHX:species=Potato],Capana06g000544[&&NHX:species=Dom. pepper],Sopen06g031360.1[&&NHX:species=S. Pennelli],Solyc06g074960.4.1[&&NHX:species=Tomato])S,PGSC0003DMP400012705[&&NHX:species=Potato])D,((Capang11g000039[&&NHX:species=Wild pepper],Solyc11g069710.2.1[&&NHX:species=Tomato],PGSC0003DMP400034162[&&NHX:species=Potato],SPI11g04027.1[&&NHX:species=S. pimp],Sopen11g028570.1[&&NHX:species=S. Pennelli],Capana11g000045[&&NHX:species=Dom. pepper],SLYcer11g03961.1[&&NHX:species=Tomato Cherry])S,((PGSC0003DMP400021238[&&NHX:species=Potato],PGSC0003DMP400021234[&&NHX:species=Potato])D,PGSC0003DMP400021235[&&NHX:species=Potato])D)D)D;	2	1	3	SPI06g04920.1
OG25925	((SLYcer03g04480.1[&&NHX:species=Tomato Cherry],Solyc03g112995.1.1[&&NHX:species=Tomato],SPI03g04530.1[&&NHX:species=S. pimp],Sopen03g032060.1[&&NHX:species=S. Pennelli])S,((Sopen06g027190.1[&&NHX:species=S. Pennelli],SPI06g04497.1[&&NHX:species=S. pimp],SLYcer06g04637.1[&&NHX:species=Tomato Cherry])S,((((Solyc02g087860.3.1[&&NHX:species=Tomato],Sopen02g032580.1[&&NHX:species=S. Pennelli],SPI02g04124.1[&&NHX:species=S. pimp],SLYcer02g05194.1[&&NHX:species=Tomato Cherry],PGSC0003DMP400002559[&&NHX:species=Potato])S,PGSC0003DMP400006064[&&NHX:species=Potato])D,(SPI02g02418.1[&&NHX:species=S. pimp],PGSC0003DMP400012200[&&NHX:species=Potato],Sopen02g016520.1[&&NHX:species=S. Pennelli],SLYcer02g03522.1[&&NHX:species=Tomato Cherry])S)D,(Solyc05g007210.2.1[&&NHX:species=Tomato],Sopen05g003170.1[&&NHX:species=S. Pennelli],SLYcer05g00360.1[&&NHX:species=Tomato Cherry],PGSC0003DMP400039949[&&NHX:species=Potato],SPI05g00394.1[&&NHX:species=S. pimp])S)D)D)D;	1	1	0	
OG25971	(((((PGSC0003DMP400051622[&&NHX:species=Potato],PGSC0003DMP400051624[&&NHX:species=Potato])D,Solyc09g091760.3.1[&&NHX:species=Tomato],Sopen09g034650.1[&&NHX:species=S. Pennelli],SPI09g04793.1[&&NHX:species=S. pimp])S,PGSC0003DMP400051623[&&NHX:species=Potato])D,Capang03g003910[&&NHX:species=Wild pepper])S,((Solyc01g080050.4.1[&&NHX:species=Tomato],Capang01g002661[&&NHX:species=Wild pepper],SLYcer01g06128.1[&&NHX:species=Tomato Cherry],SPI01g06428.1[&&NHX:species=S. pimp],Capana01g002979[&&NHX:species=Dom. pepper],Sopen01g031830.1[&&NHX:species=S. Pennelli])S,(Sopen03g003370.1[&&NHX:species=S. Pennelli],Capang03g001960[&&NHX:species=Wild pepper],SLYcer03g00334.1[&&NHX:species=Tomato Cherry],Solyc03g007410.4.1[&&NHX:species=Tomato],SPI03g00554.1[&&NHX:species=S. pimp],PGSC0003DMP400016023[&&NHX:species=Potato],Capana03g002070[&&NHX:species=Dom. pepper])S)D)D;	1	1	22	Capana00g002437,SLYcer09g05113.1
OG25992	(((SLYcer01g00851.1[&&NHX:species=Tomato Cherry],Solyc01g010130.4.1[&&NHX:species=Tomato],SPI01g00908.1[&&NHX:species=S. pimp],Capana01g001969[&&NHX:species=Dom. pepper],Sopen01g005670.1[&&NHX:species=S. Pennelli],Capang01g001678[&&NHX:species=Wild pepper],PGSC0003DMP400015470[&&NHX:species=Potato])S,((PGSC0003DMP400015467[&&NHX:species=Potato],PGSC0003DMP400015468[&&NHX:species=Potato])D,PGSC0003DMP400015469[&&NHX:species=Potato])D)D,((Capana11g002139[&&NHX:species=Dom. pepper],Solyc05g010610.3.1[&&NHX:species=Tomato],Sopen05g006420.1[&&NHX:species=S. Pennelli],SPI05g00788.1[&&NHX:species=S. pimp],SLYcer05g00755.1[&&NHX:species=Tomato Cherry],(PGSC0003DMP400034159[&&NHX:species=Potato],PGSC0003DMP400034158[&&NHX:species=Potato])D)S,((SLYcer04g00198.1[&&NHX:species=Tomato Cherry],Solyc04g005220.3.1[&&NHX:species=Tomato],PGSC0003DMP400003421[&&NHX:species=Potato])S,PGSC0003DMP400003420[&&NHX:species=Potato])D)D)D;	1	1	5	Sopen04g001200.1
OG26086	(((((SLYcer03g00061.1[&&NHX:species=Tomato Cherry],Solyc03g005350.3.1[&&NHX:species=Tomato],((PGSC0003DMP400023697[&&NHX:species=Potato],PGSC0003DMP400023696[&&NHX:species=Potato])D,PGSC0003DMP400023698[&&NHX:species=Potato])D,SPI03g00224.1[&&NHX:species=S. pimp],Sopen03g001390.1[&&NHX:species=S. Pennelli])S,PGSC0003DMP400023700[&&NHX:species=Potato])D,Capana04g002178[&&NHX:species=Dom. pepper])S,(Sopen09g032140.1[&&NHX:species=S. Pennelli],Capana03g004574[&&NHX:species=Dom. pepper],PGSC0003DMP400010802[&&NHX:species=Potato],SLYcer09g04841.1[&&NHX:species=Tomato Cherry],SPI09g04502.1[&&NHX:species=S. pimp],Solyc09g083220.3.1[&&NHX:species=Tomato])S)D,(SPI09g03706.1[&&NHX:species=S. pimp],SLYcer09g03785.1[&&NHX:species=Tomato Cherry],Capana03g003256[&&NHX:species=Dom. pepper],Solyc09g065820.4.1[&&NHX:species=Tomato],Capang03g003180[&&NHX:species=Wild pepper],PGSC0003DMP400033590[&&NHX:species=Potato],Sopen09g027610.1[&&NHX:species=S. Pennelli])S)D;	2	2	8	Capang04g001915
OG26230	(((Solyc01g111860.4.1[&&NHX:species=Tomato],SLYcer01g08564.1[&&NHX:species=Tomato Cherry],Sopen01g053900.1[&&NHX:species=S. Pennelli],SPI01g08794.1[&&NHX:species=S. pimp],(Capang01g005357[&&NHX:species=Wild pepper],Capana08g002774[&&NHX:species=Dom. pepper])S)S,(PGSC0003DMP400032479[&&NHX:species=Potato],(Capang10g000950[&&NHX:species=Wild pepper],PGSC0003DMP400032480[&&NHX:species=Potato],Capana10g001375[&&NHX:species=Dom. pepper])S)D)D,(((SLYcer11g04155.1[&&NHX:species=Tomato Cherry],Sopen11g030190.1[&&NHX:species=S. Pennelli],PGSC0003DMP400044019[&&NHX:species=Potato],SPI11g04227.1[&&NHX:species=S. pimp],Capana11g000658[&&NHX:species=Dom. pepper],Capang11g000591[&&NHX:species=Wild pepper],Solyc11g072540.3.1[&&NHX:species=Tomato])S,PGSC0003DMP400044020[&&NHX:species=Potato])D,((PGSC0003DMP400021382[&&NHX:species=Potato],Capana06g002579[&&NHX:species=Dom. pepper])S,PGSC0003DMP400021381[&&NHX:species=Potato])D)D)D;	1	1	18	PGSC0003DMP400032481,PGSC0003DMP400032482,Capang06g002354
OG26313	(((((Capana01g004300[&&NHX:species=Dom. pepper],Capang08g001185[&&NHX:species=Wild pepper])S,((Capang03g001113[&&NHX:species=Wild pepper],Capana03g001159[&&NHX:species=Dom. pepper])S,Capana03g001163[&&NHX:species=Dom. pepper])D)D,Capana01g004299[&&NHX:species=Dom. pepper])D,((SPI08g00114.1[&&NHX:species=S. pimp],SLYcer08g00191.1[&&NHX:species=Tomato Cherry],Capana01g004305[&&NHX:species=Dom. pepper],Solyc08g005420.3.1[&&NHX:species=Tomato],Capang09g001729[&&NHX:species=Wild pepper],Sopen08g001460.1[&&NHX:species=S. Pennelli],PGSC0003DMP400032222[&&NHX:species=Potato])S,(((Capana01g004259[&&NHX:species=Dom. pepper],Capana01g004306[&&NHX:species=Dom. pepper])D,Capang08g001175[&&NHX:species=Wild pepper])S,((Capang08g001174[&&NHX:species=Wild pepper],(Capana09g002221[&&NHX:species=Dom. pepper],Capang08g001194[&&NHX:species=Wild pepper])S)D,Capana01g004278[&&NHX:species=Dom. pepper])D)D)D)D,((Capang08g001130[&&NHX:species=Wild pepper],Capang03g001114[&&NHX:species=Wild pepper])D,(Capana01g004263[&&NHX:species=Dom. pepper],Capana01g004316[&&NHX:species=Dom. pepper])D)S)D;	1	1	4	PGSC0003DMP400046937
OG26415	(((Capana02g001781[&&NHX:species=Dom. pepper],Sopen02g021850.1[&&NHX:species=S. Pennelli],SLYcer02g04090.1[&&NHX:species=Tomato Cherry],Solyc02g076920.3.1[&&NHX:species=Tomato],PGSC0003DMP400018055[&&NHX:species=Potato],SPI02g02986.1[&&NHX:species=S. pimp])S,((SLYcer07g04846.1[&&NHX:species=Tomato Cherry],Solyc07g053290.3.1[&&NHX:species=Tomato],Capana00g003545[&&NHX:species=Dom. pepper],SPI07g05569.1[&&NHX:species=S. pimp],Sopen07g027250.1[&&NHX:species=S. Pennelli],Capang00g001724[&&NHX:species=Wild pepper],PGSC0003DMP400035479[&&NHX:species=Potato])S,PGSC0003DMP400035480[&&NHX:species=Potato])D)D,((Capang11g002129[&&NHX:species=Wild pepper],Sopen05g005680.1[&&NHX:species=S. Pennelli],SPI05g00679.1[&&NHX:species=S. pimp],(PGSC0003DMP400001570[&&NHX:species=Potato],PGSC0003DMP400001571[&&NHX:species=Potato])D,SLYcer05g00648.1[&&NHX:species=Tomato Cherry],Solyc05g009880.3.1[&&NHX:species=Tomato],Capana11g002227[&&NHX:species=Dom. pepper])S,(SPI04g00267.1[&&NHX:species=S. pimp],PGSC0003DMP400013220[&&NHX:species=Potato],Sopen04g002080.1[&&NHX:species=S. Pennelli],SLYcer04g00291.1[&&NHX:species=Tomato Cherry],Solyc04g006990.3.1[&&NHX:species=Tomato])S)D)D;	1	1	0	
OG26472	(((Solyc04g076240.3.1[&&NHX:species=Tomato],Capana04g000855[&&NHX:species=Dom. pepper],SPI04g04725.1[&&NHX:species=S. pimp],PGSC0003DMP400016517[&&NHX:species=Potato],SLYcer04g05235.1[&&NHX:species=Tomato Cherry],Sopen00g013410.1[&&NHX:species=S. Pennelli],Capang04g000819[&&NHX:species=Wild pepper])S,(PGSC0003DMP400040805[&&NHX:species=Potato],Sopen04g006480.1[&&NHX:species=S. Pennelli],Capang05g000217[&&NHX:species=Wild pepper],Capana05g000221[&&NHX:species=Dom. pepper],Solyc04g014360.3.1[&&NHX:species=Tomato],SPI04g00880.1[&&NHX:species=S. pimp],SLYcer04g01143.1[&&NHX:species=Tomato Cherry])S)D,((SPI03g03871.1[&&NHX:species=S. pimp],((PGSC0003DMP400048214[&&NHX:species=Potato],Sopen03g026080.1[&&NHX:species=S. Pennelli])S,PGSC0003DMP400048213[&&NHX:species=Potato])D,SLYcer03g03810.1[&&NHX:species=Tomato Cherry])S,((SLYcer06g03474.1[&&NHX:species=Tomato Cherry],Sopen06g017200.1[&&NHX:species=S. Pennelli],PGSC0003DMP400027441[&&NHX:species=Potato],SPI06g03391.1[&&NHX:species=S. pimp])S,PGSC0003DMP400027440[&&NHX:species=Potato])D)D)D;	1	1	28	Capana03g002644,Capang03g002506,Solyc06g051260.4.1,Solyc03g095980.3.1
OG26483	((((Sopen08g023740.1[&&NHX:species=S. Pennelli],SPI08g05606.1[&&NHX:species=S. pimp],Solyc08g075110.3.1[&&NHX:species=Tomato],SLYcer08g05728.1[&&NHX:species=Tomato Cherry])S,SLYcer08g05726.1[&&NHX:species=Tomato Cherry])D,(Capana09g000088[&&NHX:species=Dom. pepper],Capang09g000083[&&NHX:species=Wild pepper])S)S,(Sopen08g023720.1[&&NHX:species=S. Pennelli],Solyc08g075090.4.1[&&NHX:species=Tomato],SPI08g05604.1[&&NHX:species=S. pimp])S,((Capana12g000455[&&NHX:species=Dom. pepper],Capang12g000380[&&NHX:species=Wild pepper])S,((((Solyc07g008370.4.1[&&NHX:species=Tomato],SPI07g00579.1[&&NHX:species=S. pimp],Sopen07g004260.1[&&NHX:species=S. Pennelli])S,Sopen12g032080.1[&&NHX:species=S. Pennelli])D,Capang07g000528[&&NHX:species=Wild pepper],Capana00g001529[&&NHX:species=Dom. pepper])S,((Capang09g000082[&&NHX:species=Wild pepper],(SLYcer08g05725.1[&&NHX:species=Tomato Cherry],SLYcer12g04886.1[&&NHX:species=Tomato Cherry])D,Capana09g000087[&&NHX:species=Dom. pepper])S,SLYcer07g00529.1[&&NHX:species=Tomato Cherry])D)D)D)D;	3	2	194	PGSC0003DMP400036181,PGSC0003DMP400034533,PGSC0003DMP400051165,PGSC0003DMP400066978,PGSC0003DMP400036180
OG26633	(((PGSC0003DMP400022036[&&NHX:species=Potato],SPI09g00839.1[&&NHX:species=S. pimp],SLYcer10g00421.1[&&NHX:species=Tomato Cherry])S,PGSC0003DMP400043399[&&NHX:species=Potato],PGSC0003DMP400022037[&&NHX:species=Potato],PGSC0003DMP400043400[&&NHX:species=Potato],PGSC0003DMP400010368[&&NHX:species=Potato])D,((SPI03g03380.1[&&NHX:species=S. pimp],PGSC0003DMP400032277[&&NHX:species=Potato],SLYcer03g03292.1[&&NHX:species=Tomato Cherry],Solyc03g082870.4.1[&&NHX:species=Tomato],Capana03g001972[&&NHX:species=Dom. pepper],Capang03g001872[&&NHX:species=Wild pepper],Sopen03g022690.1[&&NHX:species=S. Pennelli])S,Sopen03g022690.2[&&NHX:species=S. Pennelli])D,((PGSC0003DMP400044322[&&NHX:species=Potato],PGSC0003DMP400044323[&&NHX:species=Potato])D,SLYcer11g00161.1[&&NHX:species=Tomato Cherry],Solyc11g005710.2.1[&&NHX:species=Tomato],Capana12g002025[&&NHX:species=Dom. pepper],SPI11g00320.1[&&NHX:species=S. pimp],Sopen11g001670.1[&&NHX:species=S. Pennelli])S,((PGSC0003DMP400034025[&&NHX:species=Potato],Sopen06g018120.1[&&NHX:species=S. Pennelli],SPI06g03493.1[&&NHX:species=S. pimp],Solyc06g052070.3.1[&&NHX:species=Tomato],SLYcer06g03579.1[&&NHX:species=Tomato Cherry],Capana00g001876[&&NHX:species=Dom. pepper],Capang00g002241[&&NHX:species=Wild pepper])S,PGSC0003DMP400034024[&&NHX:species=Potato])D)D;	2	0	10	Capang12g001746
OG26664	((SLYcer01g06420.1[&&NHX:species=Tomato Cherry],SPI01g06688.1[&&NHX:species=S. pimp],Solyc01g086870.3.1[&&NHX:species=Tomato],Sopen01g033890.1[&&NHX:species=S. Pennelli],PGSC0003DMP400043846[&&NHX:species=Potato],Capana01g002561[&&NHX:species=Dom. pepper],Capang01g002224[&&NHX:species=Wild pepper])S,(((SPI06g04059.1[&&NHX:species=S. pimp],SLYcer06g04195.1[&&NHX:species=Tomato Cherry],PGSC0003DMP400054553[&&NHX:species=Potato],Sopen06g023550.1[&&NHX:species=S. Pennelli])S,PGSC0003DMP400054552[&&NHX:species=Potato])D,Capang06g000592[&&NHX:species=Wild pepper],Capana00g004871[&&NHX:species=Dom. pepper])S,((Capana10g002371[&&NHX:species=Dom. pepper],Sopen10g029690.1[&&NHX:species=S. Pennelli],SPI10g03762.1[&&NHX:species=S. pimp],Solyc10g079050.2.1[&&NHX:species=Tomato],Capang10g002126[&&NHX:species=Wild pepper],SLYcer10g05271.1[&&NHX:species=Tomato Cherry],PGSC0003DMP400014343[&&NHX:species=Potato])S,PGSC0003DMP400014344[&&NHX:species=Potato])D,(((PGSC0003DMP400011611[&&NHX:species=Potato],PGSC0003DMP400011610[&&NHX:species=Potato])D,(((Sopen09g036050.3[&&NHX:species=S. Pennelli],Sopen09g036050.1[&&NHX:species=S. Pennelli])D,Solyc09g098110.4.1[&&NHX:species=Tomato])S,Sopen09g036050.2[&&NHX:species=S. Pennelli])D)S,SLYcer09g05261.1[&&NHX:species=Tomato Cherry],SPI09g04950.1[&&NHX:species=S. pimp],Capana03g004251[&&NHX:species=Dom. pepper])S)D;	1	0	8	Solyc06g065040.4.1
OG26667	(((SPI03g03950.1[&&NHX:species=S. pimp],Sopen03g026650.1[&&NHX:species=S. Pennelli],SLYcer03g03895.1[&&NHX:species=Tomato Cherry],Capana10g000467[&&NHX:species=Dom. pepper],Capang10g000363[&&NHX:species=Wild pepper],Solyc03g096540.3.1[&&NHX:species=Tomato])S,((SPI03g03951.1[&&NHX:species=S. pimp],((Solyc03g096545.1.1[&&NHX:species=Tomato],PGSC0003DMP400029284[&&NHX:species=Potato])S,PGSC0003DMP400029285[&&NHX:species=Potato])D,Capang10g000364[&&NHX:species=Wild pepper],Capana10g000468[&&NHX:species=Dom. pepper],SLYcer03g03896.1[&&NHX:species=Tomato Cherry])S,(PGSC0003DMP400024649[&&NHX:species=Potato],PGSC0003DMP400024650[&&NHX:length=-0.0:species=Potato])D)D)D,(((SPI04g03748.1[&&NHX:species=S. pimp],SLYcer04g04020.1[&&NHX:species=Tomato Cherry],Capang01g005132[&&NHX:species=Wild pepper],Capana00g004191[&&NHX:species=Dom. pepper],PGSC0003DMP400035839[&&NHX:species=Potato],Sopen04g024830.1[&&NHX:species=S. Pennelli])S,(Sopen04g024820.1[&&NHX:species=S. Pennelli],PGSC0003DMP400035840[&&NHX:species=Potato],Solyc04g054980.3.1[&&NHX:species=Tomato])S)D,(Solyc03g096460.4.1[&&NHX:species=Tomato],Capang10g000362[&&NHX:species=Wild pepper],PGSC0003DMP400024648[&&NHX:species=Potato],Capana10g000466[&&NHX:species=Dom. pepper],Sopen03g026560.1[&&NHX:species=S. Pennelli],SPI03g03936.1[&&NHX:species=S. pimp],SLYcer03g03880.1[&&NHX:species=Tomato Cherry])S)D)D;	2	2	2	Sopen03g026660.1
OG26721	((((Capang01g004614[&&NHX:species=Wild pepper],Capana08g002054[&&NHX:species=Dom. pepper])S,(Capana08g002055[&&NHX:species=Dom. pepper],SPI01g08170.1[&&NHX:species=S. pimp],Solyc01g105450.4.1[&&NHX:species=Tomato],Sopen01g047950.1[&&NHX:species=S. Pennelli],PGSC0003DMP400022199[&&NHX:species=Potato])S)D,((SLYcer01g07932.1[&&NHX:species=Tomato Cherry],Capang01g004612[&&NHX:species=Wild pepper],Sopen01g047930.1[&&NHX:species=S. Pennelli],Capana08g002051[&&NHX:species=Dom. pepper])S,(Solyc01g105387.1.1[&&NHX:species=Tomato],Sopen01g047920.1[&&NHX:species=S. Pennelli],Capana08g002050[&&NHX:species=Dom. pepper],Capang01g004609[&&NHX:species=Wild pepper],SLYcer01g07927.1[&&NHX:species=Tomato Cherry])S)D)D,((Capang12g002291[&&NHX:species=Wild pepper],Sopen11g004890.1[&&NHX:species=S. Pennelli],Capana12g002651[&&NHX:species=Dom. pepper],SPI11g00672.1[&&NHX:species=S. pimp],SLYcer11g00530.1[&&NHX:species=Tomato Cherry],PGSC0003DMP400028338[&&NHX:species=Potato],Solyc11g009100.2.1[&&NHX:species=Tomato])S,((Sopen05g029950.1[&&NHX:species=S. Pennelli],Sopen05g029960.1[&&NHX:species=S. Pennelli])D,(Capana05g001760[&&NHX:species=Dom. pepper],Capana05g001759[&&NHX:species=Dom. pepper])D,(SPI05g04418.1[&&NHX:species=S. pimp],SLYcer10g02545.1[&&NHX:species=Tomato Cherry])S)S)D)D;	1	1	42	Capang05g001438,Capang05g001436,PGSC0003DMP400029348,Solyc05g051530.4.1
OG26763	(((PGSC0003DMP400037645[&&NHX:species=Potato],Capang02g001938[&&NHX:species=Wild pepper],Capana02g002148[&&NHX:species=Dom. pepper])S,(Sopen02g024720.1[&&NHX:species=S. Pennelli],SPI02g03290.1[&&NHX:species=S. pimp],SLYcer02g04388.1[&&NHX:species=Tomato Cherry],PGSC0003DMP400037646[&&NHX:species=Potato],Solyc02g079970.4.1[&&NHX:species=Tomato])S)D,((Capang00g004982[&&NHX:species=Wild pepper],PGSC0003DMP400045405[&&NHX:species=Potato])S,(Capana10g000026[&&NHX:species=Dom. pepper],PGSC0003DMP400025429[&&NHX:species=Potato])S)D,((Capang01g005158[&&NHX:species=Wild pepper],SPI07g06153.1[&&NHX:species=S. pimp],PGSC0003DMP400033471[&&NHX:species=Potato],SLYcer07g05440.1[&&NHX:species=Tomato Cherry],Capana00g004216[&&NHX:species=Dom. pepper])S,(Sopen07g032180.1[&&NHX:species=S. Pennelli],PGSC0003DMP400033472[&&NHX:species=Potato],Solyc07g064040.3.1[&&NHX:species=Tomato])S)D,(Capana00g001573[&&NHX:species=Dom. pepper],(PGSC0003DMP400045404[&&NHX:species=Potato],PGSC0003DMP400045403[&&NHX:species=Potato])D,Solyc07g052670.3.1[&&NHX:species=Tomato],SLYcer07g04782.1[&&NHX:species=Tomato Cherry],SPI07g05494.1[&&NHX:species=S. pimp],Sopen07g026270.1[&&NHX:species=S. Pennelli])S,(Capang10g000023[&&NHX:species=Wild pepper],SLYcer10g00385.1[&&NHX:species=Tomato Cherry],Capana10g000027[&&NHX:species=Dom. pepper],SPI10g00252.1[&&NHX:species=S. pimp],PGSC0003DMP400025430[&&NHX:species=Potato],Solyc10g006510.3.1[&&NHX:species=Tomato],Sopen10g002460.1[&&NHX:species=S. Pennelli])S)D;	1	0	0	
OG26776	(((Solyc09g064320.3.1[&&NHX:species=Tomato],SPI12g00278.1[&&NHX:species=S. pimp],Capana11g000710[&&NHX:species=Dom. pepper])S,(Capana05g001315[&&NHX:species=Dom. pepper],SPI12g00280.1[&&NHX:species=S. pimp],Solyc12g006317.1.1[&&NHX:species=Tomato],SLYcer12g00249.1[&&NHX:species=Tomato Cherry],PGSC0003DMP400050190[&&NHX:species=Potato])S)D,(SPI09g03435.1[&&NHX:species=S. pimp],PGSC0003DMP400013620[&&NHX:species=Potato],(Sopen09g025480.1[&&NHX:species=S. Pennelli],(Sopen09g025480.2[&&NHX:species=S. Pennelli],Solyc09g064310.3.1[&&NHX:species=Tomato])S)D,SLYcer09g03542.1[&&NHX:species=Tomato Cherry],Capana11g000709[&&NHX:species=Dom. pepper],Capang11g000659[&&NHX:species=Wild pepper])S,((Capana09g000448[&&NHX:species=Dom. pepper],PGSC0003DMP400050189[&&NHX:species=Potato],Capang09g000411[&&NHX:species=Wild pepper],SPI12g00283.1[&&NHX:species=S. pimp],SLYcer12g00246.1[&&NHX:species=Tomato Cherry],Sopen12g002260.1[&&NHX:species=S. Pennelli])S,(SLYcer07g03924.1[&&NHX:species=Tomato Cherry],Sopen07g023410.1[&&NHX:species=S. Pennelli],Capang00g001960[&&NHX:species=Wild pepper],SPI07g04636.1[&&NHX:species=S. pimp],Solyc07g044850.3.1[&&NHX:species=Tomato])S)D,(Capang00g000179[&&NHX:species=Wild pepper],SLYcer05g02341.1[&&NHX:species=Tomato Cherry],Solyc05g025510.3.1[&&NHX:species=Tomato],Sopen05g019720.1[&&NHX:species=S. Pennelli],SPI05g02923.1[&&NHX:species=S. pimp])S,(Capana05g001317[&&NHX:species=Dom. pepper],Solyc12g006300.2.1[&&NHX:species=Tomato],PGSC0003DMP400050188[&&NHX:species=Potato])S)D;	1	0	0	
OG26845	((((SLYcer06g02813.1[&&NHX:species=Tomato Cherry],Solyc06g035490.3.1[&&NHX:species=Tomato],Sopen06g011230.1[&&NHX:species=S. Pennelli],Capang06g002278[&&NHX:species=Wild pepper],Capana06g002458[&&NHX:species=Dom. pepper],SPI06g02874.1[&&NHX:species=S. pimp])S,((Solyc09g074805.1.1[&&NHX:species=Tomato],SLYcer09g04316.1[&&NHX:species=Tomato Cherry],Capang03g003494[&&NHX:species=Wild pepper],SPI09g04123.1[&&NHX:species=S. pimp],Capana03g003593[&&NHX:species=Dom. pepper])S,((PGSC0003DMP400013372[&&NHX:species=Potato],Capana03g002443[&&NHX:species=Dom. pepper],Solyc03g006910.3.1[&&NHX:species=Tomato],Capang03g002364[&&NHX:species=Wild pepper],Sopen03g002910.1[&&NHX:species=S. Pennelli],SLYcer03g00287.1[&&NHX:species=Tomato Cherry],SPI03g00504.1[&&NHX:species=S. pimp])S,(Sopen09g029650.1[&&NHX:species=S. Pennelli],Solyc09g074810.2.1[&&NHX:species=Tomato])S)D)D)D,(Sopen04g025470.1[&&NHX:species=S. Pennelli],(Capang06g002464[&&NHX:species=Wild pepper],Capang06g002465[&&NHX:species=Wild pepper])D,SLYcer04g04226.1[&&NHX:species=Tomato Cherry],SPI04g03866.1[&&NHX:species=S. pimp],Solyc04g056535.1.1[&&NHX:species=Tomato],PGSC0003DMP400018618[&&NHX:species=Potato])S)D,(((PGSC0003DMP400062939[&&NHX:species=Potato],Solyc07g062200.2.1[&&NHX:species=Tomato],Sopen07g030480.1[&&NHX:species=S. Pennelli],SLYcer07g05254.1[&&NHX:species=Tomato Cherry])S,(SPI07g05978.1[&&NHX:species=S. pimp],PGSC0003DMP400012579[&&NHX:species=Potato])S)D,(Capana07g002066[&&NHX:species=Dom. pepper],Capana07g002068[&&NHX:species=Dom. pepper])D)S)D;	1	1	24	Capang07g002102,Capang07g002104
OG26963	(((Solyc12g010585.1.1[&&NHX:species=Tomato],SPI12g00663.1[&&NHX:species=S. pimp],Sopen12g005610.1[&&NHX:species=S. Pennelli],SLYcer12g00636.1[&&NHX:species=Tomato Cherry],PGSC0003DMP400013778[&&NHX:species=Potato])S,((Sopen12g005590.1[&&NHX:species=S. Pennelli],Sopen12g005590.2[&&NHX:species=S. Pennelli])D,SPI12g00665.1[&&NHX:species=S. pimp],SLYcer12g00638.1[&&NHX:species=Tomato Cherry],Solyc12g010595.1.1[&&NHX:species=Tomato])S)D,(((SLYcer10g00571.1[&&NHX:species=Tomato Cherry],SPI10g00433.1[&&NHX:species=S. pimp],Solyc10g008263.1.1[&&NHX:species=Tomato])S,(((SPI10g00428.1[&&NHX:species=S. pimp],SLYcer10g00565.1[&&NHX:species=Tomato Cherry],Solyc10g008243.1.1[&&NHX:species=Tomato])S,(SPI10g00432.1[&&NHX:species=S. pimp],PGSC0003DMP400023270[&&NHX:species=Potato],Capana10g000340[&&NHX:species=Dom. pepper],SLYcer10g00570.1[&&NHX:species=Tomato Cherry])S)D,(((Sopen10g004100.1[&&NHX:species=S. Pennelli],SLYcer10g00566.1[&&NHX:species=Tomato Cherry],SPI10g00429.1[&&NHX:species=S. pimp],Capang10g000243[&&NHX:species=Wild pepper])S,((Solyc10g008260.2.1[&&NHX:species=Tomato],SLYcer10g00569.1[&&NHX:species=Tomato Cherry],PGSC0003DMP400062025[&&NHX:species=Potato])S,SLYcer10g00568.1[&&NHX:species=Tomato Cherry])D)D,(((Capana10g000360[&&NHX:species=Dom. pepper],Capang00g005321[&&NHX:species=Wild pepper])S,Capang10g000258[&&NHX:species=Wild pepper])D,SPI10g00434.1[&&NHX:species=S. pimp],Solyc10g008270.3.1[&&NHX:species=Tomato],SLYcer10g00573.1[&&NHX:species=Tomato Cherry])S)D)D)D,(Capang10g000245[&&NHX:species=Wild pepper],SLYcer10g00567.1[&&NHX:species=Tomato Cherry],(Solyc10g008250.1.1[&&NHX:species=Tomato],Solyc10g008247.1.1[&&NHX:species=Tomato])D,SPI10g00430.1[&&NHX:species=S. pimp],Capana10g000345[&&NHX:species=Dom. pepper],Sopen10g004110.1[&&NHX:species=S. Pennelli])S)D)D;	2	2	9	Sopen10g004130.1
OG26995	(((Capana04g001945[&&NHX:species=Dom. pepper],Sopen03g010770.1[&&NHX:species=S. Pennelli],SLYcer03g01415.1[&&NHX:species=Tomato Cherry],SPI03g01620.1[&&NHX:species=S. pimp],Solyc03g046570.4.1[&&NHX:species=Tomato])S,((Solyc05g011810.4.1[&&NHX:species=Tomato],Capang04g001732[&&NHX:species=Wild pepper],PGSC0003DMP400034147[&&NHX:species=Potato])S,PGSC0003DMP400034146[&&NHX:species=Potato])D)D,(((((Sopen03g033800.1[&&NHX:species=S. Pennelli],Sopen03g033800.2[&&NHX:species=S. Pennelli])D,SPI03g04720.1[&&NHX:species=S. pimp],Solyc03g114720.3.1[&&NHX:species=Tomato],PGSC0003DMP400042418[&&NHX:species=Potato],Capana03g000915[&&NHX:species=Dom. pepper],SLYcer03g04663.1[&&NHX:species=Tomato Cherry])S,PGSC0003DMP400007246[&&NHX:species=Potato])D,(Capana00g004701[&&NHX:species=Dom. pepper],SLYcer06g04580.1[&&NHX:species=Tomato Cherry],PGSC0003DMP400042421[&&NHX:species=Potato],Sopen06g026630.1[&&NHX:species=S. Pennelli],Solyc06g069370.4.1[&&NHX:species=Tomato],SPI06g04439.1[&&NHX:species=S. pimp],Capang03g000840[&&NHX:species=Wild pepper])S)D,(((Capana05g001361[&&NHX:species=Dom. pepper],SPI04g00176.1[&&NHX:species=S. pimp],Sopen04g001260.1[&&NHX:species=S. Pennelli],Solyc04g005280.4.1[&&NHX:species=Tomato],SLYcer04g00204.1[&&NHX:species=Tomato Cherry],PGSC0003DMP400003422[&&NHX:species=Potato],Capang00g002218[&&NHX:species=Wild pepper])S,((PGSC0003DMP400007248[&&NHX:species=Potato],PGSC0003DMP400007247[&&NHX:species=Potato])D,PGSC0003DMP400042420[&&NHX:species=Potato])D)D,((Capana00g002588[&&NHX:species=Dom. pepper],Capang00g000884[&&NHX:species=Wild pepper])S,(((PGSC0003DMP400034149[&&NHX:species=Potato],PGSC0003DMP400034148[&&NHX:species=Potato])D,Sopen05g006570.1[&&NHX:species=S. Pennelli],SLYcer05g00790.1[&&NHX:species=Tomato Cherry],SPI05g00833.1[&&NHX:species=S. pimp],Capana11g002061[&&NHX:species=Dom. pepper])S,Capana11g002060[&&NHX:species=Dom. pepper])D)D)D)D)D;	3	3	0	
OG27037	(((Solyc05g026480.2.1[&&NHX:species=Tomato],Sopen05g022910.1[&&NHX:species=S. Pennelli],PGSC0003DMP400027867[&&NHX:species=Potato],SLYcer05g02728.1[&&NHX:species=Tomato Cherry])S,(((Sopen08g002880.3[&&NHX:species=S. Pennelli],Sopen08g002880.2[&&NHX:species=S. Pennelli])D,((Solyc02g078000.2.1[&&NHX:species=Tomato],Sopen02g022840.1[&&NHX:species=S. Pennelli],Capang02g001707[&&NHX:species=Wild pepper],Capana02g001930[&&NHX:species=Dom. pepper])S,(Solyc12g013940.1.1[&&NHX:species=Tomato],PGSC0003DMP400026856[&&NHX:species=Potato],SLYcer12g00813.1[&&NHX:species=Tomato Cherry],SPI12g00859.1[&&NHX:species=S. pimp])S)D)D,(PGSC0003DMP400027868[&&NHX:species=Potato],(Capana06g001400[&&NHX:species=Dom. pepper],PGSC0003DMP400027870[&&NHX:species=Potato],SLYcer08g00355.1[&&NHX:species=Tomato Cherry],SPI08g00291.1[&&NHX:species=S. pimp],Capang06g001334[&&NHX:species=Wild pepper])S,PGSC0003DMP400027869[&&NHX:species=Potato])D)D)D,((((Sopen06g024040.3[&&NHX:species=S. Pennelli],Sopen06g024040.1[&&NHX:species=S. Pennelli])D,Sopen06g024040.2[&&NHX:species=S. Pennelli])D,Capang06g001335[&&NHX:species=Wild pepper],Solyc06g065640.3.1[&&NHX:species=Tomato],SPI06g04125.1[&&NHX:species=S. pimp],SLYcer06g04263.1[&&NHX:species=Tomato Cherry],Capana06g001401[&&NHX:species=Dom. pepper])S,((Sopen09g024030.1[&&NHX:species=S. Pennelli],SLYcer09g03309.1[&&NHX:species=Tomato Cherry],(PGSC0003DMP400030838[&&NHX:species=Potato],PGSC0003DMP400030837[&&NHX:species=Potato])D,SPI09g03235.1[&&NHX:species=S. pimp],Capana09g001187[&&NHX:species=Dom. pepper],Solyc09g061290.3.1[&&NHX:species=Tomato],Capang09g000896[&&NHX:species=Wild pepper])S,(PGSC0003DMP400034861[&&NHX:species=Potato],Capang06g000154[&&NHX:species=Wild pepper],SPI06g05298.1[&&NHX:species=S. pimp],Capana06g000177[&&NHX:species=Dom. pepper],Sopen06g034840.1[&&NHX:species=S. Pennelli],SLYcer06g05406.1[&&NHX:species=Tomato Cherry],Solyc06g083460.4.1[&&NHX:species=Tomato])S)D)D)D;	4	3	32	Solyc08g006910.4.1,Sopen08g002880.1
OG27115	((((((PGSC0003DMP400038533[&&NHX:species=Potato],Sopen07g034310.1[&&NHX:species=S. Pennelli],Solyc07g066130.1.1[&&NHX:species=Tomato])S,(PGSC0003DMP400037463[&&NHX:species=Potato],PGSC0003DMP400037462[&&NHX:species=Potato])D)D,SPI07g06368.1[&&NHX:species=S. pimp])S,(SPI04g02531.1[&&NHX:species=S. pimp],PGSC0003DMP400038532[&&NHX:species=Potato],SLYcer04g02771.1[&&NHX:species=Tomato Cherry],Solyc04g045290.1.1[&&NHX:species=Tomato])S)D,(PGSC0003DMP400059308[&&NHX:species=Potato],SLYcer07g05651.1[&&NHX:species=Tomato Cherry],Solyc07g066140.1.1[&&NHX:species=Tomato],Sopen07g034320.1[&&NHX:species=S. Pennelli])S)D,((((Capang04g001050[&&NHX:species=Wild pepper],Sopen04g029060.3[&&NHX:species=S. Pennelli],PGSC0003DMP400016761[&&NHX:species=Potato],Capana04g001108[&&NHX:species=Dom. pepper],SLYcer04g04997.1[&&NHX:species=Tomato Cherry],Solyc04g072890.4.1[&&NHX:species=Tomato],SPI04g04478.1[&&NHX:species=S. pimp])S,((Sopen04g029060.4[&&NHX:species=S. Pennelli],PGSC0003DMP400016760[&&NHX:species=Potato])S,PGSC0003DMP400016759[&&NHX:species=Potato])D)D,((SLYcer12g05050.1[&&NHX:species=Tomato Cherry],SPI12g05008.1[&&NHX:species=S. pimp],(PGSC0003DMP400008107[&&NHX:species=Potato],PGSC0003DMP400008106[&&NHX:species=Potato])D,Solyc12g098690.2.1[&&NHX:species=Tomato],Capana12g000246[&&NHX:species=Dom. pepper],Capang12g000215[&&NHX:species=Wild pepper],Sopen12g033440.1[&&NHX:species=S. Pennelli])S,((Sopen09g036250.1[&&NHX:species=S. Pennelli],SPI09g04970.1[&&NHX:species=S. pimp],Solyc09g098330.3.1[&&NHX:species=Tomato],PGSC0003DMP400037459[&&NHX:species=Potato],SLYcer09g05280.1[&&NHX:species=Tomato Cherry])S,PGSC0003DMP400037460[&&NHX:species=Potato])D)D)D,(((SLYcer10g00310.1[&&NHX:species=Tomato Cherry],Capang00g003190[&&NHX:species=Wild pepper],Capana10g000200[&&NHX:species=Dom. pepper],(PGSC0003DMP400015276[&&NHX:species=Potato],PGSC0003DMP400015274[&&NHX:species=Potato])D,Sopen10g001700.1[&&NHX:species=S. Pennelli],Solyc10g005730.3.1[&&NHX:species=Tomato],SPI10g00174.1[&&NHX:species=S. pimp])S,(Capang03g003075[&&NHX:species=Wild pepper],Capana03g003181[&&NHX:species=Dom. pepper])S)D,(Capana07g002444[&&NHX:species=Dom. pepper],Capang07g002440[&&NHX:species=Wild pepper])S)D)D)D;	3	3	5	SLYcer07g05650.1
OG27128	(((SPI01g01687.1[&&NHX:species=S. pimp],Sopen01g005260.1[&&NHX:species=S. Pennelli])S,(SPI01g01155.1[&&NHX:species=S. pimp],Solyc01g011170.1.1[&&NHX:species=Tomato],SLYcer01g01101.1[&&NHX:species=Tomato Cherry])S)D,((SLYcer01g01542.1[&&NHX:species=Tomato Cherry],SPI01g01637.1[&&NHX:species=S. pimp])S,(Solyc01g013990.1.1[&&NHX:species=Tomato],SPI01g01661.1[&&NHX:species=S. pimp],SLYcer01g01411.1[&&NHX:species=Tomato Cherry])S)D,(PGSC0003DMP400011489[&&NHX:species=Potato],SLYcer01g00767.1[&&NHX:species=Tomato Cherry],SPI01g00816.1[&&NHX:species=S. pimp],Capang01g001633[&&NHX:species=Wild pepper],Capana01g001914[&&NHX:species=Dom. pepper],Sopen01g005240.1[&&NHX:species=S. Pennelli],Solyc01g009740.3.1[&&NHX:species=Tomato])S,((SLYcer01g01592.1[&&NHX:species=Tomato Cherry],Solyc01g011117.1.1[&&NHX:species=Tomato],SPI01g01158.1[&&NHX:species=S. pimp])S,(SLYcer01g01508.1[&&NHX:species=Tomato Cherry],Solyc01g150113.1.1[&&NHX:species=Tomato])S)D,((((SLYcer01g01516.1[&&NHX:species=Tomato Cherry],SPI01g01576.1[&&NHX:species=S. pimp])S,((SLYcer01g01593.1[&&NHX:species=Tomato Cherry],SPI01g01606.1[&&NHX:species=S. pimp])S,SPI01g01660.1[&&NHX:species=S. pimp])D)D,(SPI01g01439.1[&&NHX:species=S. pimp],(SPI01g01500.1[&&NHX:species=S. pimp],SLYcer01g01442.1[&&NHX:species=Tomato Cherry])S)D)D,(SLYcer01g01381.1[&&NHX:species=Tomato Cherry],Solyc01g009730.3.1[&&NHX:species=Tomato],SPI01g00811.1[&&NHX:species=S. pimp])S)D,(((PGSC0003DMP400050902[&&NHX:species=Potato],(Capana07g000750[&&NHX:species=Dom. pepper],Capang07g000806[&&NHX:species=Wild pepper],SPI07g04420.1[&&NHX:species=S. pimp],SLYcer07g03700.1[&&NHX:species=Tomato Cherry],PGSC0003DMP400050904[&&NHX:species=Potato],Sopen07g021770.1[&&NHX:species=S. Pennelli],Solyc07g042170.3.1[&&NHX:species=Tomato])S)D,PGSC0003DMP400050903[&&NHX:species=Potato])D,PGSC0003DMP400050905[&&NHX:species=Potato])D,((SPI01g01617.1[&&NHX:species=S. pimp],SLYcer01g01556.1[&&NHX:species=Tomato Cherry])S,SPI01g01570.1[&&NHX:species=S. pimp])D,((Solyc01g009735.1.1[&&NHX:species=Tomato],SPI01g00812.1[&&NHX:species=S. pimp],SLYcer01g00763.1[&&NHX:species=Tomato Cherry])S,(SPI01g01140.1[&&NHX:species=S. pimp],SLYcer01g01087.1[&&NHX:species=Tomato Cherry],Sopen01g005230.1[&&NHX:species=S. Pennelli])S)D)D;	3	2	0	
OG27130	(((((Sopen03g032120.1[&&NHX:species=S. Pennelli],Capang03g001061[&&NHX:species=Wild pepper],SLYcer03g04486.1[&&NHX:species=Tomato Cherry],Solyc03g113040.4.1[&&NHX:species=Tomato],SPI03g04535.1[&&NHX:species=S. pimp])S,Capang03g001059[&&NHX:species=Wild pepper])D,(SPI03g04537.1[&&NHX:species=S. pimp],Sopen03g032140.2[&&NHX:species=S. Pennelli],SLYcer03g04488.1[&&NHX:species=Tomato Cherry],Solyc03g113060.3.1[&&NHX:species=Tomato])S)D,(Sopen03g032140.3[&&NHX:species=S. Pennelli],(Capana03g001105[&&NHX:species=Dom. pepper],Capana03g001107[&&NHX:species=Dom. pepper])D)S)D,(Solyc06g070930.3.1[&&NHX:species=Tomato],Sopen03g032140.4[&&NHX:species=S. Pennelli])S,(Capana06g001015[&&NHX:species=Dom. pepper],PGSC0003DMP400055792[&&NHX:species=Potato],Solyc06g070920.3.1[&&NHX:species=Tomato],SLYcer06g04639.1[&&NHX:species=Tomato Cherry],Sopen06g027200.1[&&NHX:species=S. Pennelli],Capang06g000960[&&NHX:species=Wild pepper])S,(Sopen06g027220.1[&&NHX:species=S. Pennelli],Capana06g001013[&&NHX:species=Dom. pepper],Solyc06g070950.2.1[&&NHX:species=Tomato],SPI06g04499.1[&&NHX:species=S. pimp],Capang06g000958[&&NHX:species=Wild pepper],SLYcer06g04641.1[&&NHX:species=Tomato Cherry])S,(((PGSC0003DMP400055846[&&NHX:species=Potato],PGSC0003DMP400055847[&&NHX:species=Potato])D,Capang06g000959[&&NHX:species=Wild pepper],Sopen06g027210.1[&&NHX:species=S. Pennelli],Capana06g001014[&&NHX:species=Dom. pepper],Solyc06g070940.4.1[&&NHX:species=Tomato])S,(SPI03g04538.1[&&NHX:species=S. pimp],Sopen03g032150.1[&&NHX:species=S. Pennelli],PGSC0003DMP400031614[&&NHX:species=Potato],Solyc03g113070.4.1[&&NHX:species=Tomato],Capana03g001104[&&NHX:species=Dom. pepper],Capang03g001058[&&NHX:species=Wild pepper],SLYcer03g04489.1[&&NHX:species=Tomato Cherry])S)D,(Solyc06g070960.3.1[&&NHX:species=Tomato],SLYcer06g04642.1[&&NHX:species=Tomato Cherry],Capana06g001011[&&NHX:species=Dom. pepper],SPI06g04501.1[&&NHX:species=S. pimp],Sopen06g027230.1[&&NHX:species=S. Pennelli],Capang06g000956[&&NHX:species=Wild pepper])S,((SPI06g04498.1[&&NHX:species=S. pimp],Sopen03g032140.1[&&NHX:species=S. Pennelli])S,(SLYcer06g04640.1[&&NHX:species=Tomato Cherry],SPI06g04500.1[&&NHX:species=S. pimp],Capana03g001103[&&NHX:species=Dom. pepper])S)D)D;	2	1	7	PGSC0003DMP400031613
OG27181	((PGSC0003DMP400064701[&&NHX:species=Potato],Sopen12g030530.1[&&NHX:species=S. Pennelli],SLYcer12g04685.1[&&NHX:species=Tomato Cherry],Solyc12g088630.2.1[&&NHX:species=Tomato],SPI12g04644.1[&&NHX:species=S. pimp])S,(Capana04g000624[&&NHX:species=Dom. pepper],SPI04g04939.1[&&NHX:species=S. pimp],Solyc04g078320.4.1[&&NHX:species=Tomato],SLYcer04g05441.1[&&NHX:species=Tomato Cherry],Capang04g000591[&&NHX:species=Wild pepper],Sopen04g031910.1[&&NHX:species=S. Pennelli])S,(Solyc12g049100.3.1[&&NHX:species=Tomato],PGSC0003DMP400065303[&&NHX:species=Potato],Sopen12g023530.1[&&NHX:species=S. Pennelli],Capang12g000670[&&NHX:species=Wild pepper],SLYcer12g04278.1[&&NHX:species=Tomato Cherry],SPI12g04218.1[&&NHX:species=S. pimp],Capana12g000788[&&NHX:species=Dom. pepper])S,((Capana07g002496[&&NHX:species=Dom. pepper],Solyc05g014420.3.1[&&NHX:species=Tomato])S,(SLYcer05g01108.1[&&NHX:species=Tomato Cherry],Sopen05g009550.1[&&NHX:species=S. Pennelli],Solyc05g014460.3.1[&&NHX:species=Tomato],SPI05g01182.1[&&NHX:species=S. pimp])S,(SPI12g04636.1[&&NHX:species=S. pimp],Capang00g003003[&&NHX:species=Wild pepper],SLYcer12g04680.1[&&NHX:species=Tomato Cherry],Solyc12g088570.3.1[&&NHX:species=Tomato])S)D,(((PGSC0003DMP400061609[&&NHX:species=Potato],Solyc12g088540.3.1[&&NHX:species=Tomato],Sopen12g030510.1[&&NHX:species=S. Pennelli],SLYcer12g04679.1[&&NHX:species=Tomato Cherry])S,(SPI12g04643.1[&&NHX:species=S. pimp],Solyc12g088620.2.1[&&NHX:species=Tomato],SLYcer12g04684.1[&&NHX:species=Tomato Cherry],PGSC0003DMP400060435[&&NHX:species=Potato])S)D,(PGSC0003DMP400068295[&&NHX:species=Potato],SPI05g01181.1[&&NHX:species=S. pimp],SLYcer05g01107.1[&&NHX:species=Tomato Cherry])S)D,((((((Capana12g000308[&&NHX:species=Dom. pepper],Capang12g000265[&&NHX:species=Wild pepper])S,(Capana12g000313[&&NHX:species=Dom. pepper],Capang10g001538[&&NHX:species=Wild pepper])S)D,Capang00g003997[&&NHX:species=Wild pepper])D,(Capana12g000311[&&NHX:species=Dom. pepper],Capang12g000261[&&NHX:species=Wild pepper])S)D,(Capana12g000752[&&NHX:species=Dom. pepper],Capang12g000631[&&NHX:species=Wild pepper])S)D,SPI12g04639.1[&&NHX:species=S. pimp])S,((Solyc09g015500.1.1[&&NHX:species=Tomato],SPI09g01291.1[&&NHX:species=S. pimp],SLYcer09g01426.1[&&NHX:species=Tomato Cherry])S,(Sopen02g002170.1[&&NHX:species=S. Pennelli],SPI09g03509.1[&&NHX:species=S. pimp],Solyc09g064770.1.1[&&NHX:species=Tomato],SLYcer09g03613.1[&&NHX:species=Tomato Cherry])S)D)D;	4	2	0	
OG27235	((((((SLYcer09g03238.1[&&NHX:species=Tomato Cherry],SPI09g03168.1[&&NHX:species=S. pimp])S,(SLYcer03g04351.1[&&NHX:species=Tomato Cherry],SPI03g04407.1[&&NHX:species=S. pimp],Capang00g002151[&&NHX:species=Wild pepper],Solyc03g111780.1.1[&&NHX:species=Tomato],PGSC0003DMP400003429[&&NHX:species=Potato])S,(Capang11g001063[&&NHX:species=Wild pepper],Sopen05g008820.1[&&NHX:species=S. Pennelli],PGSC0003DMP400029655[&&NHX:species=Potato],SPI05g01097.1[&&NHX:species=S. pimp],Capana11g001082[&&NHX:species=Dom. pepper])S)D,((SPI03g04611.1[&&NHX:species=S. pimp],Solyc03g113850.1.1[&&NHX:species=Tomato],Sopen03g032900.1[&&NHX:species=S. Pennelli],PGSC0003DMP400042308[&&NHX:species=Potato],Capang03g000953[&&NHX:species=Wild pepper],SLYcer03g04560.1[&&NHX:species=Tomato Cherry],Capana03g001019[&&NHX:species=Dom. pepper])S,(Sopen05g002300.1[&&NHX:species=S. Pennelli],SPI05g00243.1[&&NHX:species=S. pimp],PGSC0003DMP400027359[&&NHX:species=Potato],Capang11g001400[&&NHX:species=Wild pepper],Solyc05g006340.3.1[&&NHX:species=Tomato],SLYcer05g00227.1[&&NHX:species=Tomato Cherry],Capana11g001442[&&NHX:species=Dom. pepper])S)D)D,((Solyc04g005020.3.1[&&NHX:species=Tomato],Sopen04g001030.1[&&NHX:species=S. Pennelli],SPI04g00074.1[&&NHX:species=S. pimp],SLYcer04g00123.1[&&NHX:species=Tomato Cherry],PGSC0003DMP400003430[&&NHX:species=Potato])S,(Capang01g002381[&&NHX:species=Wild pepper],Capana01g002718[&&NHX:species=Dom. pepper],Sopen01g030180.1[&&NHX:species=S. Pennelli],Solyc01g068250.2.1[&&NHX:species=Tomato],PGSC0003DMP400011929[&&NHX:species=Potato])S)D)D,(((Capang02g002869[&&NHX:species=Wild pepper],Solyc02g090150.1.1[&&NHX:species=Tomato],Sopen02g034840.1[&&NHX:species=S. Pennelli],PGSC0003DMP400017863[&&NHX:species=Potato],Capana02g003164[&&NHX:species=Dom. pepper])S,(Solyc03g044830.4.1[&&NHX:species=Tomato],Capang04g001826[&&NHX:species=Wild pepper],Sopen03g009100.1[&&NHX:species=S. Pennelli],PGSC0003DMP400039740[&&NHX:species=Potato],Capana04g002016[&&NHX:species=Dom. pepper],SLYcer03g01250.1[&&NHX:species=Tomato Cherry],SPI03g01459.1[&&NHX:species=S. pimp])S)D,((Sopen01g051310.1[&&NHX:species=S. Pennelli],SLYcer01g08301.1[&&NHX:species=Tomato Cherry],Solyc01g109120.3.1[&&NHX:species=Tomato],Capana08g002490[&&NHX:species=Dom. pepper],Capang01g005012[&&NHX:species=Wild pepper],PGSC0003DMP400044998[&&NHX:species=Potato],SPI01g08523.1[&&NHX:species=S. pimp])S,PGSC0003DMP400044997[&&NHX:species=Potato])D)D)D,(Capang01g003207[&&NHX:species=Wild pepper],SPI08g04988.1[&&NHX:species=S. pimp],PGSC0003DMP400016961[&&NHX:species=Potato],Sopen08g020800.1[&&NHX:species=S. Pennelli],SLYcer08g05097.1[&&NHX:species=Tomato Cherry],Capana00g003959[&&NHX:species=Dom. pepper])S)D;	2	1	0	
OG27283	((((SLYcer12g03259.1[&&NHX:species=Tomato Cherry],(SLYcer12g03243.1[&&NHX:species=Tomato Cherry],SPI12g03222.1[&&NHX:species=S. pimp])S)D,(SPI01g02747.1[&&NHX:species=S. pimp],Solyc01g020180.1.1[&&NHX:species=Tomato],SLYcer01g02677.1[&&NHX:species=Tomato Cherry])S)D,(((((PGSC0003DMP400044661[&&NHX:species=Potato],SPI01g08413.1[&&NHX:species=S. pimp],Sopen01g050130.1[&&NHX:species=S. Pennelli],Solyc01g107950.2.1[&&NHX:species=Tomato])S,(PGSC0003DMP400044662[&&NHX:species=Potato],PGSC0003DMP400044664[&&NHX:species=Potato])D)D,Capang01g004900[&&NHX:species=Wild pepper],Capana08g002356[&&NHX:species=Dom. pepper])S,PGSC0003DMP400044663[&&NHX:species=Potato])D,(((SPI01g08414.1[&&NHX:species=S. pimp],Solyc01g107960.4.1[&&NHX:species=Tomato],Sopen01g050150.1[&&NHX:species=S. Pennelli])S,((SPI01g02745.1[&&NHX:species=S. pimp],SPI01g08417.1[&&NHX:species=S. pimp])D,SLYcer01g02675.1[&&NHX:species=Tomato Cherry],Sopen01g050170.1[&&NHX:species=S. Pennelli])S)D,(Sopen01g021920.1[&&NHX:species=S. Pennelli],SLYcer01g04771.1[&&NHX:species=Tomato Cherry],Solyc01g057300.2.1[&&NHX:species=Tomato],SPI01g04919.1[&&NHX:species=S. pimp])S)D)D)D,((((Solyc01g020170.2.1[&&NHX:species=Tomato],(Sopen01g010070.1[&&NHX:species=S. Pennelli],Solyc01g014960.1.1[&&NHX:species=Tomato])S)D,(Sopen01g050160.1[&&NHX:species=S. Pennelli],SLYcer01g01972.1[&&NHX:species=Tomato Cherry],SPI01g02052.1[&&NHX:species=S. pimp])S)D,(((Capana08g002346[&&NHX:species=Dom. pepper],SPI01g08415.1[&&NHX:species=S. pimp],Capang00g002944[&&NHX:species=Wild pepper])S,(SPI01g08416.1[&&NHX:species=S. pimp],Capang01g004899[&&NHX:species=Wild pepper],SLYcer01g08188.1[&&NHX:species=Tomato Cherry])S)D,((SLYcer01g08185.1[&&NHX:species=Tomato Cherry],Capana08g002345[&&NHX:species=Dom. pepper])S,((SLYcer01g08189.1[&&NHX:species=Tomato Cherry],SLYcer01g08187.1[&&NHX:species=Tomato Cherry])D,Capana08g002353[&&NHX:species=Dom. pepper])S)D)D)D,((((SPI09g01455.1[&&NHX:species=S. pimp],Sopen09g010690.1[&&NHX:species=S. Pennelli],SLYcer09g01593.1[&&NHX:species=Tomato Cherry],Solyc09g018130.3.1[&&NHX:species=Tomato])S,(Solyc01g014910.2.1[&&NHX:species=Tomato],Sopen01g009900.1[&&NHX:species=S. Pennelli],SLYcer01g01948.1[&&NHX:species=Tomato Cherry],Capana08g002349[&&NHX:species=Dom. pepper],SPI01g02023.1[&&NHX:species=S. pimp])S)D,((Capang01g004896[&&NHX:species=Wild pepper],Capang01g004895[&&NHX:species=Wild pepper])D,(((Capana08g002348[&&NHX:species=Dom. pepper],Capana08g002352[&&NHX:species=Dom. pepper])D,PGSC0003DMP400067113[&&NHX:species=Potato])S,Capana08g002354[&&NHX:species=Dom. pepper])D)D)D,(((Sopen01g010120.1[&&NHX:species=S. Pennelli],SLYcer07g01225.1[&&NHX:species=Tomato Cherry],SPI07g01246.1[&&NHX:species=S. pimp])S,(Solyc09g018150.1.1[&&NHX:species=Tomato],SPI09g01460.1[&&NHX:species=S. pimp],Sopen09g010770.1[&&NHX:species=S. Pennelli],SLYcer09g01598.1[&&NHX:species=Tomato Cherry])S)D,(SLYcer01g01949.1[&&NHX:species=Tomato Cherry],SPI01g02024.1[&&NHX:species=S. pimp])S)D)D)D)D;	5	5	13	PGSC0003DMP400026346,Solyc01g107970.1.1,Capang01g004898
OG27293	(((SPI03g04992.1[&&NHX:species=S. pimp],Solyc03g117370.3.1[&&NHX:species=Tomato],Capang03g000427[&&NHX:species=Wild pepper],Capana03g000468[&&NHX:species=Dom. pepper],SLYcer03g04935.1[&&NHX:species=Tomato Cherry],Sopen03g036260.1[&&NHX:species=S. Pennelli],PGSC0003DMP400024848[&&NHX:species=Potato])S,Sopen03g036280.1[&&NHX:species=S. Pennelli])D,(Capang03g000482[&&NHX:species=Wild pepper],Capana03g000524[&&NHX:species=Dom. pepper],PGSC0003DMP400024847[&&NHX:species=Potato],SLYcer03g04933.1[&&NHX:species=Tomato Cherry],SPI03g04990.1[&&NHX:species=S. pimp],Solyc03g117360.4.1[&&NHX:species=Tomato],Sopen03g036250.1[&&NHX:species=S. Pennelli])S,(((PGSC0003DMP400019359[&&NHX:species=Potato],(PGSC0003DMP400019369[&&NHX:species=Potato],(((((((((PGSC0003DMP400019361[&&NHX:species=Potato],PGSC0003DMP400019358[&&NHX:species=Potato])D,PGSC0003DMP400019363[&&NHX:species=Potato])D,PGSC0003DMP400019357[&&NHX:species=Potato])D,((PGSC0003DMP400019364[&&NHX:species=Potato],PGSC0003DMP400019365[&&NHX:species=Potato])D,(PGSC0003DMP400019362[&&NHX:species=Potato],PGSC0003DMP400019368[&&NHX:species=Potato])D)D)D,PGSC0003DMP400019366[&&NHX:species=Potato])D,PGSC0003DMP400019367[&&NHX:species=Potato])D,PGSC0003DMP400019360[&&NHX:species=Potato])D,PGSC0003DMP400019372[&&NHX:species=Potato])D,((PGSC0003DMP400019373[&&NHX:species=Potato],PGSC0003DMP400019370[&&NHX:species=Potato])D,PGSC0003DMP400019371[&&NHX:species=Potato])D)D)D)D,((Sopen08g009970.1[&&NHX:species=S. Pennelli],Sopen08g009970.2[&&NHX:species=S. Pennelli])D,Sopen08g009970.3[&&NHX:species=S. Pennelli])D)S,PGSC0003DMP400019356[&&NHX:species=Potato])D,((SLYcer07g00493.1[&&NHX:species=Tomato Cherry],Capang07g000461[&&NHX:species=Wild pepper],(Sopen07g003920.2[&&NHX:species=S. Pennelli],Sopen07g003920.1[&&NHX:species=S. Pennelli])D,SPI07g00547.1[&&NHX:species=S. pimp],Solyc07g008040.4.1[&&NHX:species=Tomato],Capana07g000413[&&NHX:species=Dom. pepper])S,(Capana01g000877[&&NHX:species=Dom. pepper],(Sopen03g035660.1[&&NHX:species=S. Pennelli],SLYcer03g04871.1[&&NHX:species=Tomato Cherry],SPI03g04929.1[&&NHX:species=S. pimp],Solyc03g116750.3.1[&&NHX:species=Tomato],Capana03g000455[&&NHX:species=Dom. pepper],Capang03g000412[&&NHX:species=Wild pepper])S)D)D,(((Sopen08g024680.2[&&NHX:species=S. Pennelli],Sopen08g024680.1[&&NHX:species=S. Pennelli])D,Capang01g000789[&&NHX:species=Wild pepper],SPI08g05709.1[&&NHX:species=S. pimp],SLYcer08g05822.1[&&NHX:species=Tomato Cherry],Solyc08g076030.3.1[&&NHX:species=Tomato],Capana01g000876[&&NHX:species=Dom. pepper])S,(SPI01g07723.1[&&NHX:species=S. pimp],(Sopen01g043580.2[&&NHX:species=S. Pennelli],Sopen01g043580.1[&&NHX:species=S. Pennelli])D,Capana08g001567[&&NHX:species=Dom. pepper],SLYcer01g07550.1[&&NHX:species=Tomato Cherry],Solyc01g100050.3.1[&&NHX:species=Tomato],Capang01g004115[&&NHX:species=Wild pepper])S)D)D;	3	2	417	PGSC0003DMP400053821,PGSC0003DMP400053822,PGSC0003DMP400042819,PGSC0003DMP400042818,Solyc08g029050.4.1,SPI08g04132.1,SLYcer08g04227.1
OG27480	((PGSC0003DMP400009069[&&NHX:species=Potato],SLYcer01g08037.1[&&NHX:species=Tomato Cherry],Capang01g004688[&&NHX:species=Wild pepper],SPI01g08269.1[&&NHX:species=S. pimp],Solyc01g106460.4.1[&&NHX:species=Tomato],Capana08g002143[&&NHX:species=Dom. pepper],Sopen01g048830.1[&&NHX:species=S. Pennelli])S,(Sopen02g036300.1[&&NHX:species=S. Pennelli],PGSC0003DMP400053318[&&NHX:species=Potato],SLYcer02g05566.1[&&NHX:species=Tomato Cherry],Solyc02g091690.3.1[&&NHX:species=Tomato],Capang02g002623[&&NHX:species=Wild pepper],SPI02g04485.1[&&NHX:species=S. pimp],Capana02g002899[&&NHX:species=Dom. pepper])S,(((Sopen06g023060.1[&&NHX:species=S. Pennelli],Solyc06g064580.2.1[&&NHX:species=Tomato],Capana01g002435[&&NHX:species=Dom. pepper],Capang01g002101[&&NHX:species=Wild pepper],SLYcer06g04149.1[&&NHX:species=Tomato Cherry],SPI06g04017.1[&&NHX:species=S. pimp])S,(Solyc06g064590.3.1[&&NHX:species=Tomato],SLYcer06g04150.1[&&NHX:species=Tomato Cherry],SPI06g04018.1[&&NHX:species=S. pimp])S)D,(((Sopen02g036400.1[&&NHX:species=S. Pennelli],Solyc02g091820.3.1[&&NHX:species=Tomato],PGSC0003DMP400053332[&&NHX:species=Potato])S,PGSC0003DMP400053333[&&NHX:species=Potato])D,Capana02g002912[&&NHX:species=Dom. pepper],Capang02g002635[&&NHX:species=Wild pepper],SPI02g04494.1[&&NHX:species=S. pimp],SLYcer02g05578.1[&&NHX:species=Tomato Cherry])S)D,(Capana02g002911[&&NHX:species=Dom. pepper],Capang02g002634[&&NHX:species=Wild pepper],(PGSC0003DMP400053330[&&NHX:species=Potato],(SPI02g04493.1[&&NHX:species=S. pimp],SLYcer02g05573.1[&&NHX:species=Tomato Cherry],Solyc02g091810.2.1[&&NHX:species=Tomato],PGSC0003DMP400053331[&&NHX:species=Potato])S)D)S,(SPI02g04492.1[&&NHX:species=S. pimp],Sopen02g036380.1[&&NHX:species=S. Pennelli],Capana02g002909[&&NHX:species=Dom. pepper],SLYcer02g05572.1[&&NHX:species=Tomato Cherry],PGSC0003DMP400053329[&&NHX:species=Potato],Capang02g002632[&&NHX:species=Wild pepper],Solyc02g091800.4.1[&&NHX:species=Tomato])S,(((SLYcer02g03272.1[&&NHX:species=Tomato Cherry],PGSC0003DMP400018367[&&NHX:species=Potato],SPI12g04589.1[&&NHX:species=S. pimp])S,PGSC0003DMP400025089[&&NHX:species=Potato])D,(((SPI02g02156.1[&&NHX:species=S. pimp],Solyc02g063430.4.1[&&NHX:species=Tomato],PGSC0003DMP400018368[&&NHX:species=Potato],Sopen02g014520.1[&&NHX:species=S. Pennelli])S,PGSC0003DMP400018369[&&NHX:species=Potato])D,Capana02g000614[&&NHX:species=Dom. pepper],Capang02g000532[&&NHX:species=Wild pepper])S)D,((SPI05g04283.1[&&NHX:species=S. pimp],Solyc05g050560.1.1[&&NHX:species=Tomato],Capana00g003743[&&NHX:species=Dom. pepper],Capang00g002410[&&NHX:species=Wild pepper],Sopen05g028990.1[&&NHX:species=S. Pennelli],PGSC0003DMP400012418[&&NHX:species=Potato],SLYcer10g02686.1[&&NHX:species=Tomato Cherry])S,(Capana05g000994[&&NHX:species=Dom. pepper],Capang00g002416[&&NHX:species=Wild pepper])S)D,((PGSC0003DMP400000489[&&NHX:species=Potato],Capana08g001059[&&NHX:species=Dom. pepper],Solyc01g096050.4.1[&&NHX:species=Tomato],Sopen01g039770.1[&&NHX:species=S. Pennelli],SLYcer01g07078.1[&&NHX:species=Tomato Cherry],Capang01g003643[&&NHX:species=Wild pepper],SPI01g07328.1[&&NHX:species=S. pimp])S,PGSC0003DMP400000490[&&NHX:species=Potato])D,((PGSC0003DMP400030471[&&NHX:species=Potato],SLYcer05g01131.1[&&NHX:species=Tomato Cherry],Solyc05g014590.3.1[&&NHX:species=Tomato],Sopen05g009670.1[&&NHX:species=S. Pennelli])S,((((Capana01g000441[&&NHX:species=Dom. pepper],PGSC0003DMP400007304[&&NHX:species=Potato])S,Capana01g000418[&&NHX:species=Dom. pepper])D,((Capana01g004240[&&NHX:species=Dom. pepper],Capang08g001116[&&NHX:species=Wild pepper])S,(Capang01g000387[&&NHX:species=Wild pepper],Capang01g000404[&&NHX:species=Wild pepper])D)D)D,(PGSC0003DMP400007305[&&NHX:species=Potato],SLYcer07g01080.1[&&NHX:species=Tomato Cherry],Sopen07g006930.1[&&NHX:species=S. Pennelli],Solyc07g018010.3.1[&&NHX:species=Tomato],SPI07g01100.1[&&NHX:species=S. pimp],Capana01g000416[&&NHX:species=Dom. pepper])S)D)D,((SLYcer08g06532.1[&&NHX:species=Tomato Cherry],SPI08g06436.1[&&NHX:species=S. pimp],Capana01g000045[&&NHX:species=Dom. pepper],Sopen08g031370.1[&&NHX:species=S. Pennelli],Capang01g000039[&&NHX:species=Wild pepper],Solyc08g083170.1.1[&&NHX:species=Tomato],PGSC0003DMP400021649[&&NHX:species=Potato])S,(((PGSC0003DMP400019125[&&NHX:species=Potato],PGSC0003DMP400019124[&&NHX:species=Potato])D,SPI08g00558.1[&&NHX:species=S. pimp])S,(PGSC0003DMP400010389[&&NHX:species=Potato],Solyc08g008600.3.1[&&NHX:species=Tomato],SLYcer08g00586.1[&&NHX:species=Tomato Cherry],Capang08g001336[&&NHX:species=Wild pepper],Sopen08g004440.1[&&NHX:species=S. Pennelli],Capana00g000643[&&NHX:species=Dom. pepper])S)D)D,((Sopen10g005070.1[&&NHX:species=S. Pennelli],Solyc10g009290.1.1[&&NHX:species=Tomato],Capang10g000497[&&NHX:species=Wild pepper],PGSC0003DMP400009742[&&NHX:species=Potato],Capana10g000647[&&NHX:species=Dom. pepper],SPI10g00550.1[&&NHX:species=S. pimp],SLYcer10g00688.1[&&NHX:species=Tomato Cherry])S,(((((PGSC0003DMP400019129[&&NHX:species=Potato],(PGSC0003DMP400019123[&&NHX:species=Potato],PGSC0003DMP400019128[&&NHX:species=Potato])D)D,PGSC0003DMP400019121[&&NHX:length=-0.82666:species=Potato])D,PGSC0003DMP400009736[&&NHX:species=Potato])D,(PGSC0003DMP400019127[&&NHX:species=Potato],PGSC0003DMP400009734[&&NHX:species=Potato])D)D,(SPI10g00548.1[&&NHX:species=S. pimp],(PGSC0003DMP400019126[&&NHX:species=Potato],PGSC0003DMP400009735[&&NHX:species=Potato])D,Solyc10g009270.3.1[&&NHX:species=Tomato],SLYcer10g00686.1[&&NHX:species=Tomato Cherry],Sopen10g005050.1[&&NHX:species=S. Pennelli])S)D)D)D;	6	5	16	Sopen02g036390.1,Sopen02g036390.2
OG27507	((((Solyc09g055890.4.1[&&NHX:species=Tomato],PGSC0003DMP400050334[&&NHX:species=Potato],Sopen00g010700.1[&&NHX:species=S. Pennelli])S,PGSC0003DMP400023433[&&NHX:species=Potato])D,Capana12g001151[&&NHX:species=Dom. pepper],SPI01g07633.1[&&NHX:species=S. pimp])S,(((PGSC0003DMP400030520[&&NHX:species=Potato],PGSC0003DMP400030519[&&NHX:species=Potato])D,Capang07g000762[&&NHX:species=Wild pepper])S,((SPI01g00356.1[&&NHX:species=S. pimp],SPI01g00804.1[&&NHX:species=S. pimp])D,(PGSC0003DMP400039700[&&NHX:species=Potato],(PGSC0003DMP400023436[&&NHX:species=Potato],PGSC0003DMP400030514[&&NHX:length=-0.07971:species=Potato])D)D)S,((PGSC0003DMP400030518[&&NHX:species=Potato],PGSC0003DMP400023434[&&NHX:species=Potato],PGSC0003DMP400030516[&&NHX:species=Potato])D,Capana01g001560[&&NHX:species=Dom. pepper],SPI01g07635.1[&&NHX:species=S. pimp])S,((SLYcer12g00702.1[&&NHX:species=Tomato Cherry],PGSC0003DMP400013721[&&NHX:species=Potato],Capana01g001624[&&NHX:species=Dom. pepper],Solyc12g011033.1.1[&&NHX:species=Tomato])S,(PGSC0003DMP400039702[&&NHX:species=Potato],SLYcer01g00752.1[&&NHX:species=Tomato Cherry],Capang01g001329[&&NHX:species=Wild pepper],Solyc01g006555.1.1[&&NHX:species=Tomato],Capana01g001575[&&NHX:species=Dom. pepper])S)D)D,((((Capang01g000167[&&NHX:species=Wild pepper],Capang01g000168[&&NHX:species=Wild pepper])D,Capana01g000180[&&NHX:species=Dom. pepper],Solyc01g099200.3.1[&&NHX:species=Tomato],SPI01g07642.1[&&NHX:species=S. pimp],SLYcer01g07628.1[&&NHX:species=Tomato Cherry],Sopen01g042740.1[&&NHX:species=S. Pennelli],PGSC0003DMP400042726[&&NHX:species=Potato])S,Capang12g000954[&&NHX:species=Wild pepper])D,(Capana11g000577[&&NHX:species=Dom. pepper],Capang11g000532[&&NHX:species=Wild pepper])S)D,(SPI09g02511.1[&&NHX:species=S. pimp],PGSC0003DMP400050332[&&NHX:species=Potato],Capang09g000767[&&NHX:species=Wild pepper],SLYcer09g02585.1[&&NHX:species=Tomato Cherry],Sopen09g021730.1[&&NHX:species=S. Pennelli],Solyc09g055900.4.1[&&NHX:species=Tomato])S,(((((PGSC0003DMP400042721[&&NHX:species=Potato],Solyc01g099190.4.1[&&NHX:species=Tomato],(Sopen00g009120.2[&&NHX:species=S. Pennelli],Sopen00g009120.1[&&NHX:species=S. Pennelli])D)S,PGSC0003DMP400042858[&&NHX:species=Potato])D,SPI01g07641.1[&&NHX:species=S. pimp])S,(SLYcer01g07630.1[&&NHX:species=Tomato Cherry],(PGSC0003DMP400042723[&&NHX:species=Potato],PGSC0003DMP400042722[&&NHX:species=Potato])D,SPI01g07640.1[&&NHX:species=S. pimp],Sopen00g005150.1[&&NHX:species=S. Pennelli])S)D,((((Sopen08g009740.1[&&NHX:species=S. Pennelli],SPI08g04156.1[&&NHX:species=S. pimp],Solyc08g029000.3.1[&&NHX:species=Tomato],SLYcer08g04255.1[&&NHX:species=Tomato Cherry],PGSC0003DMP400019188[&&NHX:species=Potato])S,PGSC0003DMP400019187[&&NHX:species=Potato])D,(SLYcer08g00637.1[&&NHX:species=Tomato Cherry],Solyc08g014000.3.1[&&NHX:species=Tomato],Capang08g000776[&&NHX:species=Wild pepper],Capana01g003855[&&NHX:species=Dom. pepper],Sopen08g004860.1[&&NHX:species=S. Pennelli],PGSC0003DMP400036451[&&NHX:species=Potato])S)D,((SLYcer01g07634.1[&&NHX:species=Tomato Cherry],Solyc01g099150.5.1.1[&&NHX:species=Tomato])S,(Capang10g001473[&&NHX:species=Wild pepper],SLYcer01g07633.1[&&NHX:species=Tomato Cherry],SPI01g07636.1[&&NHX:species=S. pimp],Solyc01g099160.4.1[&&NHX:species=Tomato])S)D)D)D,((SLYcer01g07632.1[&&NHX:species=Tomato Cherry],SPI01g07638.1[&&NHX:species=S. pimp],Sopen00g005140.1[&&NHX:species=S. Pennelli])S,(PGSC0003DMP400042724[&&NHX:species=Potato],(SPI04g03073.1[&&NHX:species=S. pimp],SLYcer04g03348.1[&&NHX:species=Tomato Cherry],PGSC0003DMP400034249[&&NHX:species=Potato])S)D,(((Capana12g001150[&&NHX:species=Dom. pepper],Capana11g000576[&&NHX:species=Dom. pepper])D,SPI08g00609.1[&&NHX:species=S. pimp])S,(SLYcer01g07631.1[&&NHX:species=Tomato Cherry],Solyc01g099170.4.1[&&NHX:species=Tomato],SPI01g07639.1[&&NHX:species=S. pimp])S)D)D,(((Sopen05g009950.2[&&NHX:species=S. Pennelli],SLYcer05g01166.1[&&NHX:species=Tomato Cherry],PGSC0003DMP400030513[&&NHX:species=Potato])S,Sopen05g009950.1[&&NHX:species=S. Pennelli])D,(SPI05g01616.1[&&NHX:species=S. pimp],(PGSC0003DMP400030515[&&NHX:species=Potato],PGSC0003DMP400030517[&&NHX:species=Potato])D,Solyc05g014790.3.1[&&NHX:species=Tomato],Capana11g000928[&&NHX:species=Dom. pepper],Capang11g000817[&&NHX:species=Wild pepper])S)D,(((SPI01g00345.1[&&NHX:species=S. pimp],SLYcer01g00326.1[&&NHX:species=Tomato Cherry])S,((SPI12g00718.1[&&NHX:species=S. pimp],Sopen01g002550.1[&&NHX:species=S. Pennelli],SLYcer01g00329.1[&&NHX:species=Tomato Cherry])S,((Sopen01g002520.1[&&NHX:species=S. Pennelli],Sopen01g002530.1[&&NHX:species=S. Pennelli])D,PGSC0003DMP400055325[&&NHX:species=Potato],Solyc01g006540.4.1[&&NHX:species=Tomato],SLYcer01g00327.1[&&NHX:species=Tomato Cherry])S)D)D,(Capang01g001341[&&NHX:species=Wild pepper],Capang01g001344[&&NHX:species=Wild pepper])D)S,((((Solyc01g005750.1.1[&&NHX:species=Tomato],PGSC0003DMP400055418[&&NHX:species=Potato])S,PGSC0003DMP400055326[&&NHX:species=Potato])D,Capang01g001342[&&NHX:species=Wild pepper],SPI01g00349.1[&&NHX:species=S. pimp])S,(SLYcer10g03568.1[&&NHX:species=Tomato Cherry],Solyc10g046870.1.1[&&NHX:species=Tomato],SPI10g01912.1[&&NHX:species=S. pimp],Capana01g001559[&&NHX:species=Dom. pepper])S)D,((Capang03g003622[&&NHX:species=Wild pepper],SLYcer09g04429.1[&&NHX:species=Tomato Cherry],Solyc09g075870.2.1[&&NHX:species=Tomato],SPI09g04221.1[&&NHX:species=S. pimp],Capana03g003732[&&NHX:species=Dom. pepper],(Sopen09g030680.1[&&NHX:species=S. Pennelli],Sopen00g007380.1[&&NHX:species=S. Pennelli])D)S,(PGSC0003DMP400055054[&&NHX:species=Potato],Solyc09g075860.3.1[&&NHX:species=Tomato],Capang03g003623[&&NHX:species=Wild pepper],Capana03g003733[&&NHX:species=Dom. pepper],SLYcer09g04428.1[&&NHX:species=Tomato Cherry],Sopen09g030670.1[&&NHX:species=S. Pennelli])S)D,(Sopen01g042760.1[&&NHX:species=S. Pennelli],(PGSC0003DMP400042728[&&NHX:species=Potato],SPI01g07643.1[&&NHX:species=S. pimp],Sopen01g042750.1[&&NHX:species=S. Pennelli],SLYcer01g07627.1[&&NHX:species=Tomato Cherry],Solyc01g099210.3.1[&&NHX:species=Tomato])S)D)D;	7	3	144	Sopen12g006410.2,Sopen12g006410.1,Capana01g001578,Capana01g001574,PGSC0003DMP400042725,Sopen00g005130.1,Sopen01g042720.1,Capana01g001577,SLYcer01g07629.1
OG27516	(((Sopen09g035810.1[&&NHX:species=S. Pennelli],SLYcer09g05238.1[&&NHX:species=Tomato Cherry],PGSC0003DMP400029024[&&NHX:species=Potato],Solyc09g097870.4.1[&&NHX:species=Tomato],Capana03g004186[&&NHX:species=Dom. pepper],SPI09g04921.1[&&NHX:species=S. pimp],Capang03g004017[&&NHX:species=Wild pepper])S,PGSC0003DMP400029023[&&NHX:species=Potato])D,((Capana02g002872[&&NHX:species=Dom. pepper],PGSC0003DMP400025756[&&NHX:species=Potato],Sopen01g005840.1[&&NHX:species=S. Pennelli],Capang02g002595[&&NHX:species=Wild pepper])S,(PGSC0003DMP400006687[&&NHX:species=Potato],(SPI08g00625.1[&&NHX:species=S. pimp],SLYcer08g00656.1[&&NHX:species=Tomato Cherry],PGSC0003DMP400025755[&&NHX:species=Potato],Sopen08g005050.1[&&NHX:species=S. Pennelli],Solyc08g014120.3.1[&&NHX:species=Tomato])S,PGSC0003DMP400025754[&&NHX:species=Potato])D)D,(Capana03g001619[&&NHX:species=Dom. pepper],Sopen03g028560.1[&&NHX:species=S. Pennelli],SLYcer03g04051.1[&&NHX:species=Tomato Cherry],Solyc03g097820.2.1[&&NHX:species=Tomato],SPI03g04106.1[&&NHX:species=S. pimp],Capang03g001563[&&NHX:species=Wild pepper],PGSC0003DMP400034485[&&NHX:species=Potato])S,((Solyc09g005070.1.1[&&NHX:species=Tomato],SPI09g00067.1[&&NHX:species=S. pimp],SLYcer09g00176.1[&&NHX:species=Tomato Cherry])S,(SPI03g01380.1[&&NHX:species=S. pimp],Solyc03g044460.1.1[&&NHX:species=Tomato],Sopen03g008590.1[&&NHX:species=S. Pennelli],PGSC0003DMP400033040[&&NHX:species=Potato],SLYcer03g01171.1[&&NHX:species=Tomato Cherry])S,((Capang09g000836[&&NHX:species=Wild pepper],Capana09g001129[&&NHX:species=Dom. pepper])S,((SLYcer12g04698.1[&&NHX:species=Tomato Cherry],Capana12g000725[&&NHX:species=Dom. pepper],SPI12g04657.1[&&NHX:species=S. pimp],Solyc12g088790.3.1[&&NHX:species=Tomato],Capang00g005044[&&NHX:species=Wild pepper])S,SLYcer03g05344.1[&&NHX:species=Tomato Cherry])D)D)D,((Capana06g000802[&&NHX:species=Dom. pepper],PGSC0003DMP400046965[&&NHX:species=Potato])S,(Sopen06g028890.1[&&NHX:species=S. Pennelli],(PGSC0003DMP400046966[&&NHX:species=Potato],PGSC0003DMP400046967[&&NHX:species=Potato])D,Capang06g000757[&&NHX:species=Wild pepper],SLYcer06g04809.1[&&NHX:species=Tomato Cherry],SPI06g04669.1[&&NHX:species=S. pimp],Solyc06g072520.2.1[&&NHX:species=Tomato])S)D,(Capang02g002798[&&NHX:species=Wild pepper],Capana02g003089[&&NHX:species=Dom. pepper],PGSC0003DMP400007209[&&NHX:species=Potato],Solyc02g090950.1.1[&&NHX:species=Tomato],SPI02g04419.1[&&NHX:species=S. pimp],SLYcer02g05494.1[&&NHX:species=Tomato Cherry],Sopen02g035600.1[&&NHX:species=S. Pennelli])S,(SPI01g08370.1[&&NHX:species=S. pimp],Capang01g004840[&&NHX:species=Wild pepper],Capana08g002288[&&NHX:species=Dom. pepper],Sopen01g049720.1[&&NHX:species=S. Pennelli],Solyc01g107490.2.1[&&NHX:species=Tomato],SLYcer01g08142.1[&&NHX:species=Tomato Cherry],PGSC0003DMP400044621[&&NHX:species=Potato])S,((Capang10g002125[&&NHX:species=Wild pepper],Sopen10g029710.1[&&NHX:species=S. Pennelli],Capana10g002370[&&NHX:species=Dom. pepper],PGSC0003DMP400014389[&&NHX:species=Potato],Solyc10g079070.2.1[&&NHX:species=Tomato])S,(SPI04g00317.1[&&NHX:species=S. pimp],Capana05g001110[&&NHX:species=Dom. pepper],Sopen04g002360.1[&&NHX:species=S. Pennelli],Capang05g000950[&&NHX:species=Wild pepper],SLYcer04g00334.1[&&NHX:species=Tomato Cherry],Solyc04g007300.4.1[&&NHX:species=Tomato])S)D,(((Capana11g001506[&&NHX:species=Dom. pepper],PGSC0003DMP400003442[&&NHX:species=Potato],(Sopen04g001150.2[&&NHX:species=S. Pennelli],Sopen04g001150.1[&&NHX:species=S. Pennelli])D,SPI04g00085.1[&&NHX:species=S. pimp],Solyc04g005130.3.1[&&NHX:species=Tomato],SLYcer04g00132.1[&&NHX:species=Tomato Cherry])S,Solyc03g113560.4.1[&&NHX:species=Tomato])D,(Capang03g001006[&&NHX:species=Wild pepper],Capana03g001051[&&NHX:species=Dom. pepper])S)D,((SPI06g05264.1[&&NHX:species=S. pimp],Capang06g000196[&&NHX:species=Wild pepper],Capana06g000216[&&NHX:species=Dom. pepper],Solyc06g083170.3.1[&&NHX:species=Tomato],PGSC0003DMP400035017[&&NHX:species=Potato],Sopen06g034560.1[&&NHX:species=S. Pennelli],SLYcer06g05373.1[&&NHX:species=Tomato Cherry])S,(Sopen09g021180.1[&&NHX:species=S. Pennelli],Solyc09g057710.4.1[&&NHX:species=Tomato],SPI09g02734.1[&&NHX:species=S. pimp],PGSC0003DMP400036170[&&NHX:species=Potato],SLYcer09g02807.1[&&NHX:species=Tomato Cherry])S)D,((PGSC0003DMP400008095[&&NHX:species=Potato],(SLYcer12g05043.1[&&NHX:species=Tomato Cherry],Solyc12g098620.2.1[&&NHX:species=Tomato],PGSC0003DMP400008096[&&NHX:species=Potato],SPI12g05001.1[&&NHX:species=S. pimp],Sopen12g033380.1[&&NHX:species=S. Pennelli])S)D,Capang12g000256[&&NHX:species=Wild pepper])S,((PGSC0003DMP400010146[&&NHX:species=Potato],SLYcer03g05137.1[&&NHX:species=Tomato Cherry],Capang03g000639[&&NHX:species=Wild pepper],Solyc03g119390.4.1[&&NHX:species=Tomato],Sopen00g008050.1[&&NHX:species=S. Pennelli],SPI03g05196.1[&&NHX:species=S. pimp],Capana03g000694[&&NHX:species=Dom. pepper])S,((SLYcer12g03270.1[&&NHX:species=Tomato Cherry],Solyc12g036470.2.1[&&NHX:species=Tomato],Sopen12g016990.1[&&NHX:species=S. Pennelli],PGSC0003DMP400009532[&&NHX:species=Potato],SPI12g03250.1[&&NHX:species=S. pimp])S,PGSC0003DMP400009531[&&NHX:species=Potato])D)D,((((SPI04g04857.1[&&NHX:species=S. pimp],(PGSC0003DMP400008750[&&NHX:species=Potato],PGSC0003DMP400008751[&&NHX:species=Potato])D,Solyc04g077480.3.1[&&NHX:species=Tomato],Sopen04g031080.1[&&NHX:species=S. Pennelli])S,PGSC0003DMP400008749[&&NHX:species=Potato])D,Capang04g000689[&&NHX:species=Wild pepper],Capana04g000713[&&NHX:species=Dom. pepper])S,PGSC0003DMP400034157[&&NHX:species=Potato])D,(((Capana03g001053[&&NHX:species=Dom. pepper],SPI03g04581.1[&&NHX:species=S. pimp],SLYcer03g04531.1[&&NHX:species=Tomato Cherry],PGSC0003DMP400042291[&&NHX:species=Potato],Sopen03g032600.1[&&NHX:species=S. Pennelli])S,PGSC0003DMP400042289[&&NHX:species=Potato])D,((Solyc05g006650.3.1[&&NHX:species=Tomato],Sopen05g002590.1[&&NHX:species=S. Pennelli],SPI05g00310.1[&&NHX:species=S. pimp],SLYcer05g00281.1[&&NHX:species=Tomato Cherry],PGSC0003DMP400039162[&&NHX:species=Potato])S,PGSC0003DMP400039161[&&NHX:species=Potato])D,(PGSC0003DMP400042290[&&NHX:species=Potato],Solyc03g113550.2.1[&&NHX:species=Tomato])S)D,((Solyc04g078790.3.1[&&NHX:species=Tomato],Capang04g000508[&&NHX:species=Wild pepper],PGSC0003DMP400014008[&&NHX:species=Potato],Sopen04g032390.1[&&NHX:species=S. Pennelli],SLYcer04g05489.1[&&NHX:species=Tomato Cherry],SPI04g04985.1[&&NHX:species=S. pimp],Capana04g000560[&&NHX:species=Dom. pepper])S,PGSC0003DMP400014007[&&NHX:species=Potato])D)D;	4	0	11	Capana12g000298,SLYcer04g05360.1
OG27521	(((SPI01g08357.1[&&NHX:species=S. pimp],Solyc01g107390.4.1[&&NHX:species=Tomato],Capana08g002278[&&NHX:species=Dom. pepper],Capang01g004830[&&NHX:species=Wild pepper],Sopen01g049630.1[&&NHX:species=S. Pennelli],PGSC0003DMP400044852[&&NHX:species=Potato],SLYcer01g08126.1[&&NHX:species=Tomato Cherry])S,PGSC0003DMP400044853[&&NHX:species=Potato])D,(((Solyc00g254910.1.1[&&NHX:species=Tomato],Solyc00g500286.1.1[&&NHX:species=Tomato])D,SPI10g00607.1[&&NHX:species=S. pimp])S,((((((Solyc10g009620.3.1[&&NHX:species=Tomato],Solyc10g011650.3.1[&&NHX:species=Tomato])D,((Sopen06g014910.1[&&NHX:species=S. Pennelli],PGSC0003DMP400056258[&&NHX:species=Potato],Solyc00g500216.1.1[&&NHX:species=Tomato])S,Sopen10g005410.1[&&NHX:species=S. Pennelli])D)D,(SPI10g00613.1[&&NHX:species=S. pimp],SPI06g03111.1[&&NHX:species=S. pimp])D)S,((PGSC0003DMP400056257[&&NHX:species=Potato],(PGSC0003DMP400000216[&&NHX:species=Potato],PGSC0003DMP400000215[&&NHX:species=Potato])D)D,PGSC0003DMP400034515[&&NHX:species=Potato])D)D,(((((SLYcer10g00738.1[&&NHX:species=Tomato Cherry],SLYcer10g00743.1[&&NHX:species=Tomato Cherry])D,Capang10g000666[&&NHX:species=Wild pepper],Capana10g000854[&&NHX:species=Dom. pepper],SPI10g00602.1[&&NHX:species=S. pimp],Sopen10g005450.1[&&NHX:species=S. Pennelli])S,Solyc10g009600.1.1[&&NHX:species=Tomato])D,(SPI10g00606.1[&&NHX:species=S. pimp],SPI10g00614.1[&&NHX:species=S. pimp])D)D,((Sopen06g014900.1[&&NHX:species=S. Pennelli],Sopen10g005420.1[&&NHX:species=S. Pennelli])D,(Solyc10g009610.2.1[&&NHX:species=Tomato],Solyc06g048710.2.1[&&NHX:species=Tomato])D)S)D)D,(((SPI10g00609.1[&&NHX:species=S. pimp],Solyc00g500214.1.1[&&NHX:species=Tomato])S,(SPI10g00611.1[&&NHX:species=S. pimp],Solyc00g500218.1.1[&&NHX:species=Tomato])S)D,((SLYcer10g00736.1[&&NHX:species=Tomato Cherry],SPI10g00604.1[&&NHX:species=S. pimp])S,SLYcer10g00739.1[&&NHX:species=Tomato Cherry])D)D)D)D,(((((PGSC0003DMP400043378[&&NHX:species=Potato],Solyc10g006630.3.1[&&NHX:species=Tomato])S,PGSC0003DMP400043377[&&NHX:species=Potato])D,SLYcer10g00396.1[&&NHX:species=Tomato Cherry])S,PGSC0003DMP400043416[&&NHX:species=Potato])D,(PGSC0003DMP400046367[&&NHX:species=Potato],PGSC0003DMP400046368[&&NHX:species=Potato])D)D,(SPI10g00601.1[&&NHX:species=S. pimp],Sopen10g005440.1[&&NHX:species=S. Pennelli],SLYcer10g00735.1[&&NHX:species=Tomato Cherry])S,(((((PGSC0003DMP400045440[&&NHX:species=Potato],SPI07g05529.1[&&NHX:species=S. pimp],Solyc07g053030.4.1[&&NHX:species=Tomato],SLYcer07g04810.1[&&NHX:species=Tomato Cherry],Capana07g001573[&&NHX:species=Dom. pepper],Capang07g001562[&&NHX:species=Wild pepper],Sopen07g026580.1[&&NHX:species=S. Pennelli])S,(Solyc07g063850.3.1[&&NHX:species=Tomato],Capang07g002279[&&NHX:species=Wild pepper],SPI07g06137.1[&&NHX:species=S. pimp],SLYcer07g05419.1[&&NHX:species=Tomato Cherry],PGSC0003DMP400033488[&&NHX:species=Potato],Sopen07g031970.1[&&NHX:species=S. Pennelli])S)D,(Sopen10g002550.1[&&NHX:species=S. Pennelli],SPI10g00263.1[&&NHX:species=S. pimp],Capang10g000034[&&NHX:species=Wild pepper],SLYcer10g00395.1[&&NHX:species=Tomato Cherry],PGSC0003DMP400043415[&&NHX:species=Potato],Solyc10g006610.4.1[&&NHX:species=Tomato])S)D,(((PGSC0003DMP400037771[&&NHX:species=Potato],(Solyc12g005310.2.1[&&NHX:species=Tomato],PGSC0003DMP400037770[&&NHX:species=Potato],Sopen12g001290.1[&&NHX:species=S. Pennelli],SLYcer12g00114.1[&&NHX:species=Tomato Cherry],SPI12g00162.1[&&NHX:species=S. pimp])S)D,((PGSC0003DMP400043380[&&NHX:species=Potato],PGSC0003DMP400043383[&&NHX:species=Potato])D,Capang10g000035[&&NHX:species=Wild pepper])S)D,PGSC0003DMP400043379[&&NHX:species=Potato])D)D,(Sopen10g002560.1[&&NHX:species=S. Pennelli],Solyc10g006615.1.1[&&NHX:species=Tomato],PGSC0003DMP400043384[&&NHX:species=Potato])S)D,((SPI10g00459.1[&&NHX:species=S. pimp],SLYcer10g00598.1[&&NHX:species=Tomato Cherry],Sopen10g004340.1[&&NHX:species=S. Pennelli],Solyc10g008520.3.1[&&NHX:species=Tomato],Capana10g000405[&&NHX:species=Dom. pepper],Capang10g000304[&&NHX:species=Wild pepper],PGSC0003DMP400037585[&&NHX:species=Potato])S,(((SPI08g05169.1[&&NHX:species=S. pimp],SLYcer08g05274.1[&&NHX:species=Tomato Cherry],Solyc08g068490.3.1[&&NHX:species=Tomato])S,(Sopen07g028470.1[&&NHX:species=S. Pennelli],PGSC0003DMP400032009[&&NHX:species=Potato],Capana07g001662[&&NHX:species=Dom. pepper],Solyc07g054580.3.1[&&NHX:species=Tomato],Capang07g001658[&&NHX:species=Wild pepper],SLYcer07g04981.1[&&NHX:species=Tomato Cherry],SPI07g05709.1[&&NHX:species=S. pimp])S)D,SPI06g03109.1[&&NHX:species=S. pimp])D)D,((SPI01g08361.1[&&NHX:species=S. pimp],PGSC0003DMP400044854[&&NHX:species=Potato],Sopen01g049640.1[&&NHX:species=S. Pennelli],SLYcer01g08131.1[&&NHX:species=Tomato Cherry])S,PGSC0003DMP400025582[&&NHX:species=Potato])D,((Solyc05g050280.3.1[&&NHX:species=Tomato],SPI05g04243.1[&&NHX:species=S. pimp],Sopen05g028710.1[&&NHX:species=S. Pennelli],SLYcer10g02729.1[&&NHX:species=Tomato Cherry])S,(SPI01g07286.1[&&NHX:species=S. pimp],Capang01g003607[&&NHX:species=Wild pepper],Capana08g001036[&&NHX:species=Dom. pepper],Sopen01g039330.1[&&NHX:species=S. Pennelli],Solyc01g095580.3.1[&&NHX:species=Tomato],PGSC0003DMP400000217[&&NHX:species=Potato],SLYcer01g07036.1[&&NHX:species=Tomato Cherry])S,(Solyc00g500284.1.1[&&NHX:species=Tomato],SPI06g03110.1[&&NHX:species=S. pimp])S)D,(((Capana04g002544[&&NHX:species=Dom. pepper],Capana01g001928[&&NHX:species=Dom. pepper])D,PGSC0003DMP400043418[&&NHX:species=Potato],SLYcer06g03206.1[&&NHX:species=Tomato Cherry],(Solyc00g322630.1.1[&&NHX:species=Tomato],Solyc00g266110.1.1[&&NHX:species=Tomato])D,SPI10g00608.1[&&NHX:species=S. pimp])S,((((Capana03g001583[&&NHX:species=Dom. pepper],Capana05g001005[&&NHX:species=Dom. pepper])D,Solyc05g050290.3.1[&&NHX:species=Tomato],SLYcer10g02724.1[&&NHX:species=Tomato Cherry])S,(Solyc00g500285.1.1[&&NHX:species=Tomato],(Solyc00g500287.1.1[&&NHX:species=Tomato],PGSC0003DMP400043381[&&NHX:species=Potato])S)D)D,(SPI10g00264.1[&&NHX:species=S. pimp],Sopen10g030510.1[&&NHX:species=S. Pennelli],Solyc00g500213.1.1[&&NHX:species=Tomato],PGSC0003DMP400043382[&&NHX:species=Potato],SLYcer10g00740.1[&&NHX:species=Tomato Cherry],Capang01g001645[&&NHX:species=Wild pepper])S)D)D,(PGSC0003DMP400043417[&&NHX:species=Potato],Capang00g005327[&&NHX:species=Wild pepper])S,((((Capang00g000777[&&NHX:species=Wild pepper],Capang02g000561[&&NHX:species=Wild pepper])D,Capana02g000676[&&NHX:species=Dom. pepper])S,Capang02g002739[&&NHX:species=Wild pepper])D,((SPI02g02211.1[&&NHX:species=S. pimp],SLYcer02g03325.1[&&NHX:species=Tomato Cherry],Solyc02g064830.4.1[&&NHX:species=Tomato],PGSC0003DMP400046369[&&NHX:species=Potato])S,(Capana02g003021[&&NHX:species=Dom. pepper],PGSC0003DMP400043351[&&NHX:species=Potato],Solyc02g092820.4.1[&&NHX:species=Tomato],SLYcer02g05679.1[&&NHX:species=Tomato Cherry],SPI02g04598.1[&&NHX:species=S. pimp])S)D)D)D;	10	8	143	Sopen02g014930.1,Sopen02g037370.1,SLYcer10g00741.1,SLYcer06g03207.1,Solyc10g011660.3.1,SPI10g00265.1
OG27529	((PGSC0003DMP400002648[&&NHX:species=Potato],Sopen02g033600.1[&&NHX:species=S. Pennelli],Capana02g003278[&&NHX:species=Dom. pepper],SLYcer02g05303.1[&&NHX:species=Tomato Cherry],Solyc02g088910.3.1[&&NHX:species=Tomato],SPI02g04227.1[&&NHX:species=S. pimp],Capang02g003023[&&NHX:species=Wild pepper])S,(Capang02g000754[&&NHX:species=Wild pepper],((((Sopen02g016090.1[&&NHX:species=S. Pennelli],SLYcer02g02522.1[&&NHX:species=Tomato Cherry],SPI02g02358.1[&&NHX:species=S. pimp])S,((SLYcer02g02526.1[&&NHX:species=Tomato Cherry],Solyc02g030630.2.1[&&NHX:species=Tomato],SPI02g01423.1[&&NHX:species=S. pimp],Sopen02g011030.1[&&NHX:species=S. Pennelli])S,Solyc02g030620.1.1[&&NHX:species=Tomato])D)D,(SLYcer02g02733.1[&&NHX:species=Tomato Cherry],Solyc02g032670.1.1[&&NHX:species=Tomato],SPI02g01427.1[&&NHX:species=S. pimp])S)D,((((SLYcer02g02532.1[&&NHX:species=Tomato Cherry],SPI02g01433.1[&&NHX:species=S. pimp])S,SLYcer02g02520.1[&&NHX:species=Tomato Cherry])D,Solyc02g030650.1.1[&&NHX:species=Tomato])S,(((Solyc02g032690.1.1[&&NHX:species=Tomato],SPI02g01627.1[&&NHX:species=S. pimp],SLYcer02g02739.1[&&NHX:species=Tomato Cherry])S,(Sopen02g016080.1[&&NHX:species=S. Pennelli],(SLYcer02g03462.1[&&NHX:species=Tomato Cherry],Sopen00g007860.1[&&NHX:species=S. Pennelli])S)D)D,(SPI02g02353.1[&&NHX:species=S. pimp],SLYcer02g03461.1[&&NHX:species=Tomato Cherry])S)D)D)D)S,((SLYcer02g02743.1[&&NHX:species=Tomato Cherry],Solyc02g032695.1.1[&&NHX:species=Tomato])S,(SLYcer01g05253.1[&&NHX:species=Tomato Cherry],SPI01g05417.1[&&NHX:species=S. pimp])S,(Solyc01g058740.2.1[&&NHX:species=Tomato],SPI01g05396.1[&&NHX:species=S. pimp],SLYcer02g03464.1[&&NHX:species=Tomato Cherry])S,((SPI02g01630.1[&&NHX:species=S. pimp],SLYcer02g02529.1[&&NHX:species=Tomato Cherry])S,(SPI02g01421.1[&&NHX:species=S. pimp],Solyc02g030610.3.1[&&NHX:species=Tomato],SLYcer02g03469.1[&&NHX:species=Tomato Cherry])S)D,(SPI02g01435.1[&&NHX:species=S. pimp],SLYcer02g02534.1[&&NHX:species=Tomato Cherry])S)D,(SLYcer05g02407.1[&&NHX:species=Tomato Cherry],(((PGSC0003DMP400035001[&&NHX:species=Potato],Solyc06g083290.1.1[&&NHX:species=Tomato])S,((Capang05g000800[&&NHX:species=Wild pepper],Capang03g001062[&&NHX:species=Wild pepper])D,SLYcer02g03456.1[&&NHX:species=Tomato Cherry],Solyc02g066850.1.1[&&NHX:species=Tomato])S)D,((SPI02g01651.1[&&NHX:species=S. pimp],SLYcer02g02763.1[&&NHX:species=Tomato Cherry])S,(SPI02g01655.1[&&NHX:length=-0.36654:species=S. pimp],SPI02g01385.1[&&NHX:species=S. pimp])D)D,(SLYcer01g05260.1[&&NHX:species=Tomato Cherry],SPI01g05416.1[&&NHX:species=S. pimp])S)D)D,(((((((PGSC0003DMP400024781[&&NHX:species=Potato],(SPI02g01428.1[&&NHX:species=S. pimp],(SPI02g02350.1[&&NHX:species=S. pimp],SPI02g01420.1[&&NHX:species=S. pimp])D)D)S,SPI02g01626.1[&&NHX:species=S. pimp])D,(SLYcer02g02523.1[&&NHX:species=Tomato Cherry],((((SLYcer02g03458.1[&&NHX:species=Tomato Cherry],SLYcer02g02521.1[&&NHX:species=Tomato Cherry])D,SLYcer02g02738.1[&&NHX:species=Tomato Cherry])D,SLYcer02g03468.1[&&NHX:species=Tomato Cherry])D,SPI01g05408.1[&&NHX:species=S. pimp])S)D)D,((Solyc02g030633.1.1[&&NHX:species=Tomato],((Solyc02g066905.1.1[&&NHX:species=Tomato],((Solyc02g150115.1.1[&&NHX:species=Tomato],Solyc02g066855.1.1[&&NHX:species=Tomato])D,Solyc02g032680.2.1[&&NHX:species=Tomato])D)D,SPI02g02356.1[&&NHX:species=S. pimp])S)D,Solyc02g030625.1.1[&&NHX:species=Tomato])D)D,((SPI02g01631.1[&&NHX:species=S. pimp],SLYcer02g02745.1[&&NHX:species=Tomato Cherry],PGSC0003DMP400024780[&&NHX:species=Potato])S,((SPI02g01430.1[&&NHX:species=S. pimp],SLYcer02g02528.1[&&NHX:species=Tomato Cherry])S,((SLYcer02g02527.1[&&NHX:species=Tomato Cherry],SLYcer02g03463.1[&&NHX:species=Tomato Cherry])D,SPI02g01424.1[&&NHX:species=S. pimp])S)D)D)D,(SLYcer02g02533.1[&&NHX:species=Tomato Cherry],SPI02g01434.1[&&NHX:species=S. pimp])S)D,Capana05g000978[&&NHX:species=Dom. pepper])S,((SLYcer02g02734.1[&&NHX:species=Tomato Cherry],SPI02g02352.1[&&NHX:species=S. pimp],Solyc02g030640.2.1[&&NHX:species=Tomato])S,(SLYcer01g05262.1[&&NHX:species=Tomato Cherry],SPI01g05420.1[&&NHX:species=S. pimp])S,(Solyc02g066840.2.1[&&NHX:species=Tomato],SLYcer02g02740.1[&&NHX:species=Tomato Cherry])S,(SLYcer02g03460.1[&&NHX:species=Tomato Cherry],Solyc02g066880.2.1[&&NHX:species=Tomato])S)D,((Solyc02g032730.1.1[&&NHX:species=Tomato],Sopen02g011050.1[&&NHX:species=S. Pennelli],SPI02g01636.1[&&NHX:species=S. pimp],SLYcer02g02750.1[&&NHX:species=Tomato Cherry])S,(SPI02g01413.1[&&NHX:species=S. pimp],SLYcer02g02514.1[&&NHX:species=Tomato Cherry])S)D,(((Sopen02g011040.1[&&NHX:species=S. Pennelli],Solyc02g032720.3.1[&&NHX:species=Tomato],SPI02g01632.1[&&NHX:species=S. pimp],SLYcer02g02746.1[&&NHX:species=Tomato Cherry])S,(((Sopen02g011240.1[&&NHX:species=S. Pennelli],Solyc02g066890.2.1[&&NHX:species=Tomato])S,Solyc02g066900.3.1[&&NHX:species=Tomato])D,(SLYcer02g03467.1[&&NHX:species=Tomato Cherry],SPI02g02355.1[&&NHX:species=S. pimp],Sopen02g011000.1[&&NHX:species=S. Pennelli])S)D)D,(SLYcer02g02519.1[&&NHX:species=Tomato Cherry],Solyc02g030600.2.1[&&NHX:species=Tomato],SPI02g01419.1[&&NHX:species=S. pimp])S)D,(((SPI02g01534.1[&&NHX:species=S. pimp],SLYcer02g02642.1[&&NHX:species=Tomato Cherry])S,(SLYcer02g02628.1[&&NHX:species=Tomato Cherry],Solyc02g032140.3.1[&&NHX:species=Tomato],Sopen02g010380.1[&&NHX:species=S. Pennelli])S)D,SLYcer02g02636.1[&&NHX:species=Tomato Cherry])D,(((SLYcer01g05257.1[&&NHX:species=Tomato Cherry],SPI01g05411.1[&&NHX:species=S. pimp])S,SLYcer02g02754.1[&&NHX:species=Tomato Cherry])D,(SLYcer01g05267.1[&&NHX:species=Tomato Cherry],Solyc01g059780.1.1[&&NHX:species=Tomato],SPI01g05425.1[&&NHX:species=S. pimp])S,(SLYcer02g03455.1[&&NHX:species=Tomato Cherry],SPI02g02347.1[&&NHX:species=S. pimp])S,(SPI02g01398.1[&&NHX:species=S. pimp],SLYcer02g02502.1[&&NHX:species=Tomato Cherry])S)D,((SPI02g02363.1[&&NHX:species=S. pimp],SLYcer02g03473.1[&&NHX:species=Tomato Cherry])S,(((SPI02g02361.1[&&NHX:species=S. pimp],SLYcer02g03472.1[&&NHX:species=Tomato Cherry])S,SPI02g01628.1[&&NHX:species=S. pimp])D,(PGSC0003DMP400066913[&&NHX:species=Potato],SPI05g02642.1[&&NHX:species=S. pimp],SLYcer05g02071.1[&&NHX:species=Tomato Cherry])S,(SLYcer02g03466.1[&&NHX:species=Tomato Cherry],(((SLYcer02g02741.1[&&NHX:species=Tomato Cherry],SLYcer02g02530.1[&&NHX:species=Tomato Cherry])D,PGSC0003DMP400061289[&&NHX:species=Potato])S,(Solyc02g030637.1.1[&&NHX:species=Tomato],(Solyc02g066857.1.1[&&NHX:species=Tomato],SLYcer02g03459.1[&&NHX:species=Tomato Cherry])S)D)D)D,(((SLYcer02g02525.1[&&NHX:species=Tomato Cherry],SPI02g01426.1[&&NHX:species=S. pimp])S,(SLYcer02g02735.1[&&NHX:species=Tomato Cherry],SPI02g02354.1[&&NHX:species=S. pimp])S)D,(SLYcer02g02767.1[&&NHX:species=Tomato Cherry],SPI02g01622.1[&&NHX:species=S. pimp])S)D)D)D,(((((SLYcer02g02751.1[&&NHX:species=Tomato Cherry],Solyc02g030565.1.1[&&NHX:species=Tomato],SPI02g01637.1[&&NHX:species=S. pimp])S,(SLYcer05g00932.1[&&NHX:species=Tomato Cherry],SPI02g01412.1[&&NHX:species=S. pimp])S)D,(SPI01g05412.1[&&NHX:species=S. pimp],SLYcer01g05258.1[&&NHX:species=Tomato Cherry])S)D,(SLYcer02g02511.1[&&NHX:species=Tomato Cherry],Solyc01g059740.1.1[&&NHX:species=Tomato],SPI02g01409.1[&&NHX:species=S. pimp])S)D,(SLYcer02g02757.1[&&NHX:species=Tomato Cherry],(SPI01g05403.1[&&NHX:species=S. pimp],SLYcer01g05250.1[&&NHX:species=Tomato Cherry])S)D)D)D;	19	13	57	Capana02g000820,PGSC0003DMP400024782,SPI02g01431.1,SPI02g02351.1
OG27634	(((Capana05g000408[&&NHX:species=Dom. pepper],Solyc04g010310.4.1[&&NHX:species=Tomato],Sopen04g005490.1[&&NHX:species=S. Pennelli],SLYcer04g00675.1[&&NHX:species=Tomato Cherry],SPI04g00648.1[&&NHX:species=S. pimp],Capang05g000328[&&NHX:species=Wild pepper])S,((SPI03g05465.1[&&NHX:species=S. pimp],SLYcer03g05429.1[&&NHX:species=Tomato Cherry],Capana03g000127[&&NHX:species=Dom. pepper],PGSC0003DMP400039733[&&NHX:species=Potato],Sopen03g040850.1[&&NHX:species=S. Pennelli],Capang03g000120[&&NHX:species=Wild pepper])S,((Sopen09g003060.1[&&NHX:species=S. Pennelli],Capang09g001747[&&NHX:species=Wild pepper],Capana09g002235[&&NHX:species=Dom. pepper],SPI09g00337.1[&&NHX:species=S. pimp],PGSC0003DMP400006917[&&NHX:species=Potato],SLYcer09g00424.1[&&NHX:species=Tomato Cherry],Solyc09g008240.3.1[&&NHX:species=Tomato])S,((Solyc08g076720.4.1[&&NHX:species=Tomato],Sopen08g025270.1[&&NHX:species=S. Pennelli],Capang01g000916[&&NHX:species=Wild pepper],PGSC0003DMP400030606[&&NHX:species=Potato],SLYcer08g05890.1[&&NHX:species=Tomato Cherry],SPI08g05777.1[&&NHX:species=S. pimp],Capana01g001066[&&NHX:species=Dom. pepper])S,(((Sopen02g032590.1[&&NHX:species=S. Pennelli],SPI02g04125.1[&&NHX:species=S. pimp],PGSC0003DMP400002562[&&NHX:species=Potato],Solyc02g087870.3.1[&&NHX:species=Tomato],SLYcer02g05195.1[&&NHX:species=Tomato Cherry])S,PGSC0003DMP400002561[&&NHX:species=Potato])D,Capang02g003117[&&NHX:species=Wild pepper])S)D)D)D)D,((((((((SPI05g01178.1[&&NHX:species=S. pimp],PGSC0003DMP400030462[&&NHX:species=Potato],Sopen05g009510.1[&&NHX:species=S. Pennelli],SLYcer05g01105.1[&&NHX:species=Tomato Cherry])S,PGSC0003DMP400030495[&&NHX:species=Potato])D,Capang11g001169[&&NHX:species=Wild pepper],Capana11g001166[&&NHX:species=Dom. pepper])S,(Capana07g002357[&&NHX:species=Dom. pepper],Capang07g002351[&&NHX:species=Wild pepper],Solyc07g065320.4.1[&&NHX:species=Tomato],Sopen07g033520.1[&&NHX:species=S. Pennelli],SLYcer07g05574.1[&&NHX:species=Tomato Cherry],PGSC0003DMP400038391[&&NHX:species=Potato],SPI07g06290.1[&&NHX:species=S. pimp])S)D,((Solyc10g024420.3.1[&&NHX:species=Tomato],Capana10g000878[&&NHX:species=Dom. pepper],Capang10g000690[&&NHX:species=Wild pepper],SPI01g04416.1[&&NHX:species=S. pimp],SLYcer10g01402.1[&&NHX:species=Tomato Cherry],PGSC0003DMP400037962[&&NHX:species=Potato])S,(SLYcer10g01363.1[&&NHX:species=Tomato Cherry],SPI10g01222.1[&&NHX:species=S. pimp],PGSC0003DMP400007796[&&NHX:species=Potato])S)D)D,((SLYcer12g03176.1[&&NHX:species=Tomato Cherry],SPI12g03163.1[&&NHX:species=S. pimp],PGSC0003DMP400015068[&&NHX:species=Potato],Capana09g000832[&&NHX:species=Dom. pepper])S,(SLYcer09g03560.1[&&NHX:species=Tomato Cherry],(PGSC0003DMP400015066[&&NHX:species=Potato],PGSC0003DMP400015067[&&NHX:species=Potato])D,Capang09g000756[&&NHX:species=Wild pepper],SPI09g03453.1[&&NHX:species=S. pimp],Sopen09g025580.1[&&NHX:species=S. Pennelli],Solyc09g064440.4.1[&&NHX:species=Tomato])S)D)D,((Capang08g000822[&&NHX:species=Wild pepper],Sopen08g002840.1[&&NHX:species=S. Pennelli],SPI08g00288.1[&&NHX:species=S. pimp],SLYcer08g00352.1[&&NHX:species=Tomato Cherry],Capana01g003904[&&NHX:species=Dom. pepper],Solyc08g006880.3.1[&&NHX:species=Tomato])S,(Sopen12g016260.2[&&NHX:species=S. Pennelli],Capang01g002143[&&NHX:species=Wild pepper])S)D)D,(Capana01g002483[&&NHX:species=Dom. pepper],(SPI03g05005.1[&&NHX:species=S. pimp],Sopen03g036450.2[&&NHX:species=S. Pennelli],SLYcer03g04948.1[&&NHX:species=Tomato Cherry],Capana03g000541[&&NHX:species=Dom. pepper],Capang03g000496[&&NHX:species=Wild pepper],Solyc03g117540.4.1[&&NHX:species=Tomato])S)D)D,(((PGSC0003DMP400020141[&&NHX:species=Potato],PGSC0003DMP400020140[&&NHX:species=Potato])D,Capana00g003079[&&NHX:species=Dom. pepper],Capang00g000757[&&NHX:species=Wild pepper],SPI09g04148.1[&&NHX:species=S. pimp],Sopen09g029840.1[&&NHX:species=S. Pennelli],SLYcer09g04339.1[&&NHX:species=Tomato Cherry],Solyc09g075020.3.1[&&NHX:species=Tomato])S,((PGSC0003DMP400011135[&&NHX:species=Potato],Sopen01g032440.1[&&NHX:species=S. Pennelli])S,(((Capana01g003075[&&NHX:species=Dom. pepper],Capang01g002753[&&NHX:species=Wild pepper])S,(PGSC0003DMP400011133[&&NHX:species=Potato],Capang01g002750[&&NHX:species=Wild pepper])S)D,(PGSC0003DMP400011134[&&NHX:species=Potato],SPI01g06503.1[&&NHX:species=S. pimp],Capana01g003068[&&NHX:species=Dom. pepper],Solyc01g080640.3.1[&&NHX:species=Tomato],SLYcer01g06203.1[&&NHX:species=Tomato Cherry])S)D)D)D,((Solyc01g058360.1.1[&&NHX:species=Tomato],SLYcer01g05123.1[&&NHX:species=Tomato Cherry],SPI01g05266.1[&&NHX:species=S. pimp])S,((PGSC0003DMP400005914[&&NHX:species=Potato],SLYcer12g03465.1[&&NHX:species=Tomato Cherry],SPI12g03453.1[&&NHX:species=S. pimp],Solyc12g038220.3.1[&&NHX:species=Tomato],Sopen01g040430.1[&&NHX:species=S. Pennelli])S,((Sopen01g040450.1[&&NHX:species=S. Pennelli],Capang01g003740[&&NHX:species=Wild pepper],SLYcer01g07877.1[&&NHX:species=Tomato Cherry],Capana08g001167[&&NHX:species=Dom. pepper],PGSC0003DMP400047828[&&NHX:species=Potato],SPI01g07396.1[&&NHX:species=S. pimp],Solyc01g096740.4.1[&&NHX:species=Tomato])S,((Solyc01g096720.4.1[&&NHX:species=Tomato],(SPI01g07394.1[&&NHX:species=S. pimp],Solyc01g096730.2.1[&&NHX:species=Tomato],Sopen01g040440.1[&&NHX:species=S. Pennelli],SLYcer01g07878.1[&&NHX:species=Tomato Cherry],PGSC0003DMP400005916[&&NHX:species=Potato])S)D,(Capana08g001166[&&NHX:species=Dom. pepper],(Capana08g001165[&&NHX:species=Dom. pepper],Capang01g003739[&&NHX:species=Wild pepper])S)D)S)D)D)D,(((PGSC0003DMP400013234[&&NHX:species=Potato],SPI04g04237.1[&&NHX:species=S. pimp])S,(Capang04g001841[&&NHX:species=Wild pepper],PGSC0003DMP400001665[&&NHX:species=Potato],Sopen11g009680.1[&&NHX:species=S. Pennelli],SPI11g01278.1[&&NHX:species=S. pimp],SLYcer11g01147.1[&&NHX:species=Tomato Cherry])S,(Capana04g002032[&&NHX:species=Dom. pepper],PGSC0003DMP400001666[&&NHX:species=Potato],Solyc11g018680.1.1[&&NHX:species=Tomato])S)D,((((Capana09g000914[&&NHX:species=Dom. pepper],Capang00g001729[&&NHX:species=Wild pepper])S,(Solyc12g013640.2.1[&&NHX:species=Tomato],PGSC0003DMP400026905[&&NHX:species=Potato],SPI12g00822.1[&&NHX:species=S. pimp])S)D,(Capang00g000186[&&NHX:species=Wild pepper],Solyc12g013630.1.1[&&NHX:species=Tomato],Capana00g003935[&&NHX:species=Dom. pepper],SLYcer12g00777.1[&&NHX:species=Tomato Cherry],PGSC0003DMP400026904[&&NHX:species=Potato])S)D,((SLYcer06g04757.1[&&NHX:species=Tomato Cherry],SPI06g04620.1[&&NHX:species=S. pimp],Sopen12g006980.1[&&NHX:species=S. Pennelli])S,((Capana07g002218[&&NHX:species=Dom. pepper],Capana02g000694[&&NHX:species=Dom. pepper])D,SLYcer07g05378.1[&&NHX:species=Tomato Cherry],PGSC0003DMP400033525[&&NHX:species=Potato],(Capang02g000609[&&NHX:species=Wild pepper],Capang00g005434[&&NHX:species=Wild pepper])D,Solyc07g063400.3.1[&&NHX:species=Tomato],SPI07g06097.1[&&NHX:species=S. pimp],Sopen07g031560.1[&&NHX:species=S. Pennelli])S)D)D)D,((Capana03g002125[&&NHX:species=Dom. pepper],Sopen03g003620.1[&&NHX:species=S. Pennelli],Solyc03g007690.1.1[&&NHX:species=Tomato],SLYcer03g00371.1[&&NHX:species=Tomato Cherry],PGSC0003DMP400036286[&&NHX:species=Potato],SPI03g00581.1[&&NHX:species=S. pimp])S,(SPI03g04593.1[&&NHX:species=S. pimp],SLYcer03g04543.1[&&NHX:species=Tomato Cherry],Capang03g000992[&&NHX:species=Wild pepper],Sopen03g032740.1[&&NHX:species=S. Pennelli],Solyc03g113690.1.1[&&NHX:species=Tomato],Capana03g001034[&&NHX:species=Dom. pepper],PGSC0003DMP400042299[&&NHX:species=Potato])S)D,((SPI03g04300.1[&&NHX:species=S. pimp],PGSC0003DMP400026780[&&NHX:species=Potato],Sopen03g029870.1[&&NHX:species=S. Pennelli],Capang03g001386[&&NHX:species=Wild pepper],Capana03g001458[&&NHX:species=Dom. pepper],SLYcer03g04241.1[&&NHX:species=Tomato Cherry],Solyc03g019760.4.1[&&NHX:species=Tomato])S,(((Capana06g000856[&&NHX:species=Dom. pepper],Sopen06g028380.1[&&NHX:species=S. Pennelli])S,(Capang06g000805[&&NHX:species=Wild pepper],(Sopen06g028390.1[&&NHX:species=S. Pennelli],Sopen06g028390.2[&&NHX:species=S. Pennelli])D,PGSC0003DMP400046817[&&NHX:species=Potato])S)D,(Capana06g001338[&&NHX:species=Dom. pepper],Capang06g001221[&&NHX:species=Wild pepper])S)D)D,((((((Solyc02g071340.2.1[&&NHX:species=Tomato],Capana02g001595[&&NHX:species=Dom. pepper],SLYcer02g03934.1[&&NHX:species=Tomato Cherry],SPI02g02830.1[&&NHX:species=S. pimp],Capang02g001417[&&NHX:species=Wild pepper])S,(Solyc02g071350.3.1[&&NHX:species=Tomato],Capang02g001425[&&NHX:species=Wild pepper],PGSC0003DMP400005531[&&NHX:species=Potato],Capana02g001602[&&NHX:species=Dom. pepper],Sopen02g020400.1[&&NHX:species=S. Pennelli])S)D,(Capana02g001600[&&NHX:species=Dom. pepper],Capang02g001422[&&NHX:species=Wild pepper])S)D,Capana02g001593[&&NHX:species=Dom. pepper])D,(Capana04g002807[&&NHX:species=Dom. pepper],SLYcer03g00157.1[&&NHX:species=Tomato Cherry],SPI03g00300.1[&&NHX:species=S. pimp],Solyc03g005860.4.1[&&NHX:species=Tomato],Capang04g002405[&&NHX:species=Wild pepper],Sopen03g001870.1[&&NHX:species=S. Pennelli],PGSC0003DMP400023753[&&NHX:species=Potato])S)D,(((SLYcer06g00642.1[&&NHX:species=Tomato Cherry],PGSC0003DMP400012921[&&NHX:species=Potato],Capang00g000672[&&NHX:species=Wild pepper],SPI06g00424.1[&&NHX:species=S. pimp],Sopen06g004030.1[&&NHX:species=S. Pennelli],Solyc06g009290.4.1[&&NHX:species=Tomato])S,(SPI06g00423.1[&&NHX:species=S. pimp],PGSC0003DMP400012920[&&NHX:species=Potato],Sopen06g004020.1[&&NHX:species=S. Pennelli],Solyc06g009280.1.1[&&NHX:species=Tomato])S)D,((SLYcer12g05085.1[&&NHX:species=Tomato Cherry],Sopen12g033590.1[&&NHX:species=S. Pennelli],Capang12g000180[&&NHX:species=Wild pepper],SPI12g05037.1[&&NHX:species=S. pimp],Solyc12g098840.3.1[&&NHX:species=Tomato])S,((SLYcer12g05088.1[&&NHX:species=Tomato Cherry],SPI12g05040.1[&&NHX:species=S. pimp],PGSC0003DMP400008291[&&NHX:species=Potato],Solyc12g098870.3.1[&&NHX:species=Tomato],Sopen12g033620.1[&&NHX:species=S. Pennelli])S,Sopen00g008460.1[&&NHX:species=S. Pennelli])D)D)D)D,((Capana07g002135[&&NHX:species=Dom. pepper],SLYcer07g05296.1[&&NHX:species=Tomato Cherry],SPI07g06020.1[&&NHX:species=S. pimp],PGSC0003DMP400021989[&&NHX:species=Potato],Sopen07g030860.1[&&NHX:species=S. Pennelli],Solyc07g062630.1.1[&&NHX:species=Tomato],Capang07g002153[&&NHX:species=Wild pepper])S,(SLYcer07g04847.1[&&NHX:species=Tomato Cherry],PGSC0003DMP400035518[&&NHX:species=Potato],SPI07g05570.1[&&NHX:species=S. pimp],Solyc07g053300.1.1[&&NHX:species=Tomato],Sopen07g027260.1[&&NHX:species=S. Pennelli],Capang00g001723[&&NHX:species=Wild pepper],Capana00g003546[&&NHX:species=Dom. pepper])S)D,((Solyc07g065780.2.1[&&NHX:species=Tomato],Capana07g002406[&&NHX:species=Dom. pepper],Capang07g002404[&&NHX:species=Wild pepper],PGSC0003DMP400036990[&&NHX:species=Potato])S,((Capana04g001404[&&NHX:species=Dom. pepper],(Sopen04g026900.2[&&NHX:species=S. Pennelli],Sopen04g026900.1[&&NHX:species=S. Pennelli])D,Capang04g001340[&&NHX:species=Wild pepper],(PGSC0003DMP400001504[&&NHX:species=Potato],PGSC0003DMP400001505[&&NHX:species=Potato])D,Solyc04g070970.4.1[&&NHX:species=Tomato],SLYcer04g04749.1[&&NHX:species=Tomato Cherry])S,(PGSC0003DMP400036989[&&NHX:species=Potato],SPI01g00374.1[&&NHX:species=S. pimp],(Sopen01g002710.1[&&NHX:species=S. Pennelli],Sopen01g002710.2[&&NHX:species=S. Pennelli])D,SLYcer01g00348.1[&&NHX:species=Tomato Cherry],Capana01g001697[&&NHX:species=Dom. pepper],Solyc01g006720.4.1[&&NHX:species=Tomato],Capang01g001405[&&NHX:species=Wild pepper])S)D)D,((Solyc12g044820.3.1[&&NHX:species=Tomato],SLYcer12g04241.1[&&NHX:species=Tomato Cherry],Capana00g003600[&&NHX:species=Dom. pepper],PGSC0003DMP400056135[&&NHX:species=Potato],Sopen12g023190.1[&&NHX:species=S. Pennelli],Capang03g003528[&&NHX:species=Wild pepper])S,((PGSC0003DMP400056133[&&NHX:species=Potato],PGSC0003DMP400056134[&&NHX:species=Potato])D,Capana03g003620[&&NHX:species=Dom. pepper],SPI12g04179.1[&&NHX:species=S. pimp])S)D,((PGSC0003DMP400013020[&&NHX:species=Potato],Solyc11g065720.2.1[&&NHX:species=Tomato])S,(((Solyc12g036160.3.1[&&NHX:species=Tomato],PGSC0003DMP400007794[&&NHX:species=Potato],SLYcer12g03178.1[&&NHX:species=Tomato Cherry],SPI12g03165.1[&&NHX:species=S. pimp],Capana01g002484[&&NHX:species=Dom. pepper],Capang08g000818[&&NHX:species=Wild pepper])S,Capang03g003678[&&NHX:species=Wild pepper])D,(((PGSC0003DMP400024879[&&NHX:species=Potato],PGSC0003DMP400024880[&&NHX:species=Potato])D,Capang00g005033[&&NHX:species=Wild pepper])S,PGSC0003DMP400016013[&&NHX:species=Potato])D)D,(SPI12g04178.1[&&NHX:species=S. pimp],Capana03g002854[&&NHX:species=Dom. pepper],Solyc12g044810.3.1[&&NHX:species=Tomato],Capang03g002841[&&NHX:species=Wild pepper],PGSC0003DMP400017296[&&NHX:species=Potato],SLYcer12g04240.1[&&NHX:species=Tomato Cherry],Sopen12g023180.1[&&NHX:species=S. Pennelli])S,((SLYcer12g03177.1[&&NHX:species=Tomato Cherry],Solyc12g036150.1.1[&&NHX:species=Tomato],SPI12g03164.1[&&NHX:species=S. pimp])S,((Solyc05g014390.4.1[&&NHX:species=Tomato],PGSC0003DMP400054453[&&NHX:species=Potato],SPI10g01223.1[&&NHX:species=S. pimp],SLYcer10g01364.1[&&NHX:species=Tomato Cherry])S,(Sopen01g030860.1[&&NHX:species=S. Pennelli],(PGSC0003DMP400016015[&&NHX:species=Potato],(Capana09g000830[&&NHX:species=Dom. pepper],PGSC0003DMP400015070[&&NHX:species=Potato])S)D)D)D)D,((Capana01g002893[&&NHX:species=Dom. pepper],PGSC0003DMP400030466[&&NHX:species=Potato])S,(Solyc06g036480.2.1[&&NHX:species=Tomato],PGSC0003DMP400011653[&&NHX:species=Potato])S)D)D,((((SPI08g06314.1[&&NHX:species=S. pimp],Capana01g000154[&&NHX:species=Dom. pepper],Solyc08g081890.4.1[&&NHX:species=Tomato],Sopen08g030180.1[&&NHX:species=S. Pennelli],SLYcer08g06401.1[&&NHX:species=Tomato Cherry],Capang01g000146[&&NHX:species=Wild pepper])S,(PGSC0003DMP400021500[&&NHX:species=Potato],((PGSC0003DMP400021502[&&NHX:species=Potato],PGSC0003DMP400021501[&&NHX:species=Potato])D,Capang02g000120[&&NHX:species=Wild pepper])S)D)D,((PGSC0003DMP400050342[&&NHX:species=Potato],Solyc06g036490.3.1[&&NHX:species=Tomato],SLYcer06g02959.1[&&NHX:species=Tomato Cherry],Sopen06g012460.1[&&NHX:species=S. Pennelli],SPI06g02760.1[&&NHX:species=S. pimp],Capana06g002473[&&NHX:species=Dom. pepper],Capang06g002290[&&NHX:species=Wild pepper])S,((Solyc03g007530.3.1[&&NHX:species=Tomato],Sopen03g003490.1[&&NHX:species=S. Pennelli],Capang03g001976[&&NHX:species=Wild pepper],Capana03g002092[&&NHX:species=Dom. pepper],PGSC0003DMP400016014[&&NHX:species=Potato],SLYcer03g00348.1[&&NHX:species=Tomato Cherry],SPI03g00568.1[&&NHX:species=S. pimp])S,PGSC0003DMP400011652[&&NHX:species=Potato])D)D)D,((Solyc11g065710.3.1[&&NHX:species=Tomato],SLYcer11g03616.1[&&NHX:species=Tomato Cherry],Sopen10g009550.1[&&NHX:species=S. Pennelli],PGSC0003DMP400013021[&&NHX:species=Potato],SPI11g03678.1[&&NHX:species=S. pimp])S,((PGSC0003DMP400012998[&&NHX:species=Potato],SLYcer11g03617.1[&&NHX:species=Tomato Cherry],(Sopen11g025470.1[&&NHX:species=S. Pennelli],Sopen11g025460.1[&&NHX:species=S. Pennelli])D,SPI11g03679.1[&&NHX:species=S. pimp])S,PGSC0003DMP400013019[&&NHX:species=Potato])D)D)D,((Solyc06g011660.3.1[&&NHX:species=Tomato],SPI06g00887.1[&&NHX:species=S. pimp],SLYcer06g01071.1[&&NHX:species=Tomato Cherry],Sopen00g003360.1[&&NHX:species=S. Pennelli])S,((Capana09g002424[&&NHX:species=Dom. pepper],((Solyc09g009910.4.1[&&NHX:species=Tomato],PGSC0003DMP400015592[&&NHX:species=Potato],SPI09g00754.1[&&NHX:species=S. pimp],SLYcer09g00823.1[&&NHX:species=Tomato Cherry],Sopen09g004660.1[&&NHX:species=S. Pennelli])S,PGSC0003DMP400015593[&&NHX:species=Potato])D)S,PGSC0003DMP400015591[&&NHX:species=Potato])D,(Sopen02g017280.1[&&NHX:species=S. Pennelli],Capang02g000977[&&NHX:species=Wild pepper],Capana02g001057[&&NHX:species=Dom. pepper],Solyc02g068180.3.1[&&NHX:species=Tomato],SPI02g02500.1[&&NHX:species=S. pimp],SLYcer02g03603.1[&&NHX:species=Tomato Cherry])S,((Sopen04g025570.1[&&NHX:species=S. Pennelli],Sopen04g025570.2[&&NHX:species=S. Pennelli])D,Capana12g001420[&&NHX:species=Dom. pepper],Capang12g001220[&&NHX:species=Wild pepper],SPI04g03880.1[&&NHX:species=S. pimp],Solyc04g056650.4.1[&&NHX:species=Tomato],SLYcer04g04242.1[&&NHX:species=Tomato Cherry])S)D,(Capang06g000717[&&NHX:species=Wild pepper],Capana06g000764[&&NHX:species=Dom. pepper],SPI06g04713.1[&&NHX:species=S. pimp],Solyc06g072960.1.1[&&NHX:species=Tomato],Sopen06g029310.1[&&NHX:species=S. Pennelli],SLYcer06g04854.1[&&NHX:species=Tomato Cherry],PGSC0003DMP400046927[&&NHX:species=Potato])S,((Solyc06g048540.3.1[&&NHX:species=Tomato],PGSC0003DMP400047990[&&NHX:species=Potato],Sopen06g014710.1[&&NHX:species=S. Pennelli],Capana06g002380[&&NHX:species=Dom. pepper],SLYcer06g03186.1[&&NHX:species=Tomato Cherry],Capang06g002201[&&NHX:species=Wild pepper],SPI06g03090.1[&&NHX:species=S. pimp])S,(SLYcer02g00011.1[&&NHX:species=Tomato Cherry],Solyc02g044050.1.1[&&NHX:species=Tomato],SPI02g00008.1[&&NHX:species=S. pimp],Sopen12g016590.1[&&NHX:species=S. Pennelli])S)D,((Capana11g000303[&&NHX:species=Dom. pepper],(Capang11g000275[&&NHX:species=Wild pepper],SLYcer11g03794.1[&&NHX:species=Tomato Cherry],Capana11g000312[&&NHX:species=Dom. pepper],SPI11g03858.1[&&NHX:species=S. pimp],Sopen11g027010.1[&&NHX:species=S. Pennelli],PGSC0003DMP400013095[&&NHX:species=Potato],Solyc11g067310.3.1[&&NHX:species=Tomato])S)D,(PGSC0003DMP400013129[&&NHX:species=Potato],SLYcer11g03793.1[&&NHX:species=Tomato Cherry],Solyc11g067300.2.1[&&NHX:species=Tomato],SPI11g03857.1[&&NHX:species=S. pimp],Sopen11g026980.1[&&NHX:species=S. Pennelli])S)D,(((Solyc09g055350.3.1[&&NHX:species=Tomato],Sopen09g017780.1[&&NHX:species=S. Pennelli],Capana09g001350[&&NHX:species=Dom. pepper],Capang09g000936[&&NHX:species=Wild pepper])S,(Capang09g000934[&&NHX:species=Wild pepper],SLYcer09g02432.1[&&NHX:species=Tomato Cherry],Capana09g001348[&&NHX:species=Dom. pepper],SPI09g02349.1[&&NHX:species=S. pimp])S)D,((Capang03g002322[&&NHX:species=Wild pepper],Sopen03g005200.4[&&NHX:species=S. Pennelli],Capana03g002400[&&NHX:species=Dom. pepper])S,(Solyc03g026310.4.1[&&NHX:species=Tomato],Sopen03g005200.3[&&NHX:species=S. Pennelli])S)D,((Capang00g005471[&&NHX:species=Wild pepper],SLYcer12g04281.1[&&NHX:species=Tomato Cherry],Solyc12g049130.1.1[&&NHX:species=Tomato],Capana11g001083[&&NHX:species=Dom. pepper])S,(((Capang11g000283[&&NHX:species=Wild pepper],Capana11g000302[&&NHX:species=Dom. pepper],PGSC0003DMP400013130[&&NHX:species=Potato])S,(PGSC0003DMP400008122[&&NHX:species=Potato],Capang02g001416[&&NHX:species=Wild pepper])S)D,(Capang02g001415[&&NHX:species=Wild pepper],Capana07g000371[&&NHX:species=Dom. pepper])S)D)D,((SPI05g01099.1[&&NHX:species=S. pimp],Sopen03g034030.1[&&NHX:species=S. Pennelli],Capana00g000195[&&NHX:species=Dom. pepper],PGSC0003DMP400042448[&&NHX:species=Potato])S,(SLYcer03g04689.1[&&NHX:species=Tomato Cherry],PGSC0003DMP400042445[&&NHX:species=Potato],SPI03g04745.1[&&NHX:species=S. pimp],Capana03g000902[&&NHX:species=Dom. pepper],Solyc03g114950.2.1[&&NHX:species=Tomato],Capang03g000829[&&NHX:species=Wild pepper])S)D,(((Capang04g001818[&&NHX:species=Wild pepper],PGSC0003DMP400002560[&&NHX:species=Potato],Capana04g002006[&&NHX:species=Dom. pepper])S,(Solyc05g013890.3.1[&&NHX:species=Tomato],PGSC0003DMP400030607[&&NHX:species=Potato],Capang11g000282[&&NHX:species=Wild pepper],Capana11g000311[&&NHX:species=Dom. pepper])S)D,Capana02g002282[&&NHX:species=Dom. pepper])D,((Capana12g000726[&&NHX:species=Dom. pepper],Capang12g000607[&&NHX:species=Wild pepper],SLYcer12g02578.1[&&NHX:species=Tomato Cherry],Sopen12g027430.1[&&NHX:species=S. Pennelli],SPI12g02351.1[&&NHX:species=S. pimp],Solyc03g122070.3.1[&&NHX:species=Tomato])S,(Capana04g002008[&&NHX:species=Dom. pepper],Solyc12g070270.2.1[&&NHX:species=Tomato],Capang04g001820[&&NHX:species=Wild pepper])S)D)D,((Capana00g004148[&&NHX:species=Dom. pepper],PGSC0003DMP400033463[&&NHX:species=Potato],(Sopen07g032260.2[&&NHX:species=S. Pennelli],Sopen07g032260.1[&&NHX:species=S. Pennelli])D,SPI07g06161.1[&&NHX:species=S. pimp],Capang00g002422[&&NHX:species=Wild pepper],SLYcer07g05449.1[&&NHX:species=Tomato Cherry],Solyc07g064120.2.1[&&NHX:species=Tomato])S,((SPI07g01121.1[&&NHX:species=S. pimp],PGSC0003DMP400009670[&&NHX:species=Potato],Solyc07g018130.2.1[&&NHX:species=Tomato],SLYcer07g01101.1[&&NHX:species=Tomato Cherry],Sopen07g007050.1[&&NHX:species=S. Pennelli])S,(SPI05g01098.1[&&NHX:species=S. pimp],Capang04g001131[&&NHX:species=Wild pepper],Sopen05g008830.1[&&NHX:species=S. Pennelli],PGSC0003DMP400019053[&&NHX:species=Potato],Solyc03g122050.1.1[&&NHX:species=Tomato],SLYcer05g01036.1[&&NHX:species=Tomato Cherry],Capana04g001198[&&NHX:species=Dom. pepper])S)D,(SPI12g04221.1[&&NHX:species=S. pimp],Solyc12g049120.2.1[&&NHX:species=Tomato],Capang00g005458[&&NHX:species=Wild pepper],SLYcer12g04280.1[&&NHX:species=Tomato Cherry],Capana07g000370[&&NHX:species=Dom. pepper])S,(((Capana02g003432[&&NHX:species=Dom. pepper],Sopen02g032160.1[&&NHX:species=S. Pennelli],PGSC0003DMP400002531[&&NHX:species=Potato],Solyc02g087410.4.1[&&NHX:species=Tomato])S,(PGSC0003DMP400020610[&&NHX:species=Potato],SPI02g04084.1[&&NHX:species=S. pimp],Capang02g003161[&&NHX:species=Wild pepper],Capana02g003433[&&NHX:species=Dom. pepper])S)D,(PGSC0003DMP400020609[&&NHX:species=Potato],Sopen12g023550.1[&&NHX:species=S. Pennelli])S)D,(Capang03g002587[&&NHX:species=Wild pepper],SPI03g03627.1[&&NHX:species=S. pimp],SLYcer03g03551.1[&&NHX:species=Tomato Cherry],Sopen03g024530.1[&&NHX:species=S. Pennelli],Solyc03g093650.3.1[&&NHX:species=Tomato],Capana03g002685[&&NHX:species=Dom. pepper],PGSC0003DMP400032760[&&NHX:species=Potato])S)D,(((((Capana05g002457[&&NHX:species=Dom. pepper],Capana05g002458[&&NHX:species=Dom. pepper])D,Sopen05g033770.1[&&NHX:species=S. Pennelli],Solyc05g055330.3.1[&&NHX:species=Tomato],SLYcer10g02107.1[&&NHX:species=Tomato Cherry],SPI05g04874.1[&&NHX:species=S. pimp],PGSC0003DMP400040660[&&NHX:species=Potato])S,((PGSC0003DMP400040659[&&NHX:species=Potato],Capang05g002003[&&NHX:species=Wild pepper])S,Capang05g002004[&&NHX:species=Wild pepper])D)D,PGSC0003DMP400040443[&&NHX:species=Potato])D,(Solyc12g019620.2.1[&&NHX:species=Tomato],SPI06g02723.1[&&NHX:species=S. pimp])S,(Capang00g002217[&&NHX:species=Wild pepper],Solyc06g036240.2.1[&&NHX:species=Tomato],SLYcer06g02922.1[&&NHX:species=Tomato Cherry],SPI06g02724.1[&&NHX:species=S. pimp],Capana04g002608[&&NHX:species=Dom. pepper])S,((Solyc11g007300.2.1[&&NHX:species=Tomato],PGSC0003DMP400033862[&&NHX:species=Potato],Sopen11g003190.1[&&NHX:species=S. Pennelli],SLYcer11g00334.1[&&NHX:species=Tomato Cherry],Capana12g002281[&&NHX:species=Dom. pepper])S,(Sopen11g026710.1[&&NHX:species=S. Pennelli],Capang11g000231[&&NHX:species=Wild pepper],SLYcer11g03764.1[&&NHX:species=Tomato Cherry],SPI11g03829.1[&&NHX:species=S. pimp],Solyc11g067000.3.1[&&NHX:species=Tomato],PGSC0003DMP400046125[&&NHX:species=Potato],Capana11g000224[&&NHX:species=Dom. pepper])S)D,(Capana12g002282[&&NHX:species=Dom. pepper],((SLYcer11g00333.1[&&NHX:species=Tomato Cherry],PGSC0003DMP400033861[&&NHX:species=Potato],(Capana12g002302[&&NHX:species=Dom. pepper],Capana12g002283[&&NHX:species=Dom. pepper])D,SPI11g00484.1[&&NHX:species=S. pimp])S,((Sopen11g003170.1[&&NHX:species=S. Pennelli],Solyc11g007280.3.1[&&NHX:species=Tomato],Capana12g002300[&&NHX:species=Dom. pepper])S,(Solyc11g007290.1.1[&&NHX:species=Tomato],Sopen11g003180.1[&&NHX:species=S. Pennelli])S)D)D)D)D,((Solyc07g065770.3.1[&&NHX:species=Tomato],SPI07g06333.1[&&NHX:species=S. pimp],Capang12g000899[&&NHX:species=Wild pepper])S,((Capana03g003186[&&NHX:species=Dom. pepper],Capang03g003082[&&NHX:species=Wild pepper])S,((Capana10g000944[&&NHX:species=Dom. pepper],Capana10g000926[&&NHX:species=Dom. pepper])D,Capang10g000738[&&NHX:species=Wild pepper])S)D)D,(((Solyc08g005580.3.1[&&NHX:species=Tomato],Sopen08g001610.1[&&NHX:species=S. Pennelli],(PGSC0003DMP400032197[&&NHX:species=Potato],PGSC0003DMP400032198[&&NHX:species=Potato])D,Capana01g004235[&&NHX:species=Dom. pepper],SLYcer08g00206.1[&&NHX:species=Tomato Cherry],SPI08g00132.1[&&NHX:species=S. pimp],Capang08g001100[&&NHX:species=Wild pepper])S,PGSC0003DMP400032196[&&NHX:species=Potato])D,(((((Capang07g002239[&&NHX:species=Wild pepper],Capana04g002036[&&NHX:species=Dom. pepper])S,Capana04g002607[&&NHX:species=Dom. pepper])D,(PGSC0003DMP400013235[&&NHX:species=Potato],PGSC0003DMP400003530[&&NHX:species=Potato])D)S,Capana12g000858[&&NHX:species=Dom. pepper])D,Capana12g000800[&&NHX:species=Dom. pepper],(Capana05g002459[&&NHX:species=Dom. pepper],SPI01g07825.1[&&NHX:species=S. pimp])S,Capang03g002007[&&NHX:species=Wild pepper])D,(PGSC0003DMP400013237[&&NHX:species=Potato],(Sopen04g002010.1[&&NHX:species=S. Pennelli],SLYcer04g00283.1[&&NHX:species=Tomato Cherry],SPI04g00259.1[&&NHX:species=S. pimp],Solyc04g006960.3.1[&&NHX:species=Tomato],PGSC0003DMP400013236[&&NHX:species=Potato])S)D,(SPI08g05073.1[&&NHX:species=S. pimp],PGSC0003DMP400050378[&&NHX:species=Potato],SLYcer08g05186.1[&&NHX:species=Tomato Cherry],Sopen12g022860.1[&&NHX:species=S. Pennelli],Capang00g004884[&&NHX:species=Wild pepper])S,((Capana06g000839[&&NHX:species=Dom. pepper],PGSC0003DMP400022198[&&NHX:species=Potato],SPI01g08166.1[&&NHX:species=S. pimp])S,(Capana06g000916[&&NHX:species=Dom. pepper],SLYcer01g07815.1[&&NHX:species=Tomato Cherry],Capang06g000859[&&NHX:species=Wild pepper],PGSC0003DMP400021233[&&NHX:species=Potato])S)D,(SPI08g05646.1[&&NHX:species=S. pimp],SLYcer08g05761.1[&&NHX:species=Tomato Cherry],PGSC0003DMP400003531[&&NHX:species=Potato],Solyc08g075430.3.1[&&NHX:species=Tomato],Capang00g004237[&&NHX:species=Wild pepper],Capana01g000966[&&NHX:species=Dom. pepper],Sopen08g024060.1[&&NHX:species=S. Pennelli])S,(Capana04g001407[&&NHX:species=Dom. pepper],(Capang00g000774[&&NHX:species=Wild pepper],Capana12g000367[&&NHX:species=Dom. pepper])S,(SPI09g04776.1[&&NHX:species=S. pimp],Sopen00g010410.1[&&NHX:species=S. Pennelli],Capana12g000040[&&NHX:species=Dom. pepper])S,Capana05g002456[&&NHX:species=Dom. pepper])D)D,(((((Capana03g004013[&&NHX:species=Dom. pepper],Sopen09g034580.1[&&NHX:species=S. Pennelli],PGSC0003DMP400051612[&&NHX:species=Potato],SPI09g04779.1[&&NHX:species=S. pimp],Solyc09g091670.3.1[&&NHX:species=Tomato],SLYcer09g05104.1[&&NHX:species=Tomato Cherry])S,(((Solyc12g100190.2.1[&&NHX:species=Tomato],Solyc12g100180.2.1[&&NHX:species=Tomato])D,(((Capana12g000039[&&NHX:species=Dom. pepper],Capang12g000042[&&NHX:species=Wild pepper])S,Capana12g000038[&&NHX:species=Dom. pepper])D,(Capana12g000032[&&NHX:species=Dom. pepper],Capang12g000034[&&NHX:species=Wild pepper])S)D,(Sopen12g034820.1[&&NHX:species=S. Pennelli],Sopen12g034810.1[&&NHX:species=S. Pennelli])D)S,((Sopen12g033030.1[&&NHX:species=S. Pennelli],SLYcer12g04997.1[&&NHX:species=Tomato Cherry],Solyc12g098210.3.1[&&NHX:species=Tomato],SPI12g04955.1[&&NHX:species=S. pimp],Capang12g000266[&&NHX:species=Wild pepper],Capana12g000324[&&NHX:species=Dom. pepper])S,((PGSC0003DMP400051609[&&NHX:species=Potato],(Capana12g000323[&&NHX:species=Dom. pepper],PGSC0003DMP400051611[&&NHX:species=Potato])S)D,(SLYcer09g05103.1[&&NHX:species=Tomato Cherry],Sopen09g034570.1[&&NHX:species=S. Pennelli],Solyc09g091660.3.1[&&NHX:species=Tomato],Capana03g004014[&&NHX:species=Dom. pepper],Capang04g002279[&&NHX:species=Wild pepper])S)D)D)D)D,(((PGSC0003DMP400023219[&&NHX:species=Potato],(PGSC0003DMP400023214[&&NHX:species=Potato],SPI05g04679.1[&&NHX:species=S. pimp],SLYcer10g02282.1[&&NHX:species=Tomato Cherry],Sopen05g032130.1[&&NHX:species=S. Pennelli],Solyc05g053610.2.1[&&NHX:species=Tomato])S)D,((((SPI05g04677.1[&&NHX:species=S. pimp],SLYcer10g02283.1[&&NHX:species=Tomato Cherry])S,SPI05g04678.1[&&NHX:species=S. pimp])D,SLYcer10g02284.1[&&NHX:species=Tomato Cherry])D,(Sopen05g032110.1[&&NHX:species=S. Pennelli],(Sopen05g032120.1[&&NHX:species=S. Pennelli],Sopen05g032100.1[&&NHX:species=S. Pennelli])D)D)S)D,((Capana05g002268[&&NHX:species=Dom. pepper],Capana05g002267[&&NHX:species=Dom. pepper])D,Capana05g002266[&&NHX:species=Dom. pepper])D,(Capang05g001816[&&NHX:species=Wild pepper],(Capang05g001818[&&NHX:species=Wild pepper],Capang05g001817[&&NHX:species=Wild pepper])D)D)S)D,(((PGSC0003DMP400004676[&&NHX:species=Potato],(SLYcer03g05317.1[&&NHX:species=Tomato Cherry],Capana03g000253[&&NHX:species=Dom. pepper],Capang03g000241[&&NHX:species=Wild pepper],SPI03g05357.1[&&NHX:species=S. pimp],Solyc03g120980.3.1[&&NHX:species=Tomato],Sopen03g039810.1[&&NHX:species=S. Pennelli],PGSC0003DMP400004674[&&NHX:species=Potato])S)D,PGSC0003DMP400062414[&&NHX:species=Potato])D,(Solyc01g101070.3.1[&&NHX:species=Tomato],(Capang01g004238[&&NHX:species=Wild pepper],Capang01g004239[&&NHX:species=Wild pepper])D,Sopen01g044530.1[&&NHX:species=S. Pennelli])S)D)D,((SLYcer06g05248.1[&&NHX:species=Tomato Cherry],Solyc06g076930.2.1[&&NHX:species=Tomato],SPI06g05138.1[&&NHX:species=S. pimp],Capang06g000321[&&NHX:species=Wild pepper],Capana06g000355[&&NHX:species=Dom. pepper],Sopen06g033330.1[&&NHX:species=S. Pennelli])S,(Solyc02g081870.4.1[&&NHX:species=Tomato],Capana02g002352[&&NHX:species=Dom. pepper],SLYcer02g04572.1[&&NHX:species=Tomato Cherry],Sopen02g026490.1[&&NHX:species=S. Pennelli],SPI02g03466.1[&&NHX:species=S. pimp])S)D)D,((SLYcer05g00479.1[&&NHX:species=Tomato Cherry],(PGSC0003DMP400053076[&&NHX:species=Potato],PGSC0003DMP400053075[&&NHX:species=Potato])D,Solyc05g008350.3.1[&&NHX:species=Tomato],Sopen05g004180.1[&&NHX:species=S. Pennelli],Capana11g002390[&&NHX:species=Dom. pepper],Capang11g002266[&&NHX:species=Wild pepper],SPI05g00510.1[&&NHX:species=S. pimp])S,((SPI11g01374.1[&&NHX:species=S. pimp],PGSC0003DMP400012958[&&NHX:species=Potato],Capana02g002353[&&NHX:species=Dom. pepper],SLYcer11g01241.1[&&NHX:species=Tomato Cherry],Sopen05g014090.1[&&NHX:species=S. Pennelli],Solyc02g055540.1.1[&&NHX:species=Tomato])S,PGSC0003DMP400033860[&&NHX:species=Potato],(Solyc09g150122.1.1[&&NHX:species=Tomato],SLYcer09g01904.1[&&NHX:species=Tomato Cherry])S)D,((SPI03g00196.1[&&NHX:species=S. pimp],((Capana04g002609[&&NHX:species=Dom. pepper],PGSC0003DMP400004040[&&NHX:species=Potato],Solyc12g019640.2.1[&&NHX:species=Tomato],SPI09g04780.1[&&NHX:species=S. pimp])S,Capana12g000798[&&NHX:species=Dom. pepper])D)D,((Capang06g002298[&&NHX:species=Wild pepper],(PGSC0003DMP400033296[&&NHX:species=Potato],PGSC0003DMP400033294[&&NHX:species=Potato])D,Capana03g002032[&&NHX:species=Dom. pepper])S,Capana09g001753[&&NHX:species=Dom. pepper])D)D,((SLYcer12g04185.1[&&NHX:species=Tomato Cherry],PGSC0003DMP400004675[&&NHX:species=Potato],Solyc12g044580.3.1[&&NHX:species=Tomato])S,(Capang00g005297[&&NHX:species=Wild pepper],PGSC0003DMP400029466[&&NHX:species=Potato])S)D,((((Capang00g000954[&&NHX:species=Wild pepper],Capana06g000139[&&NHX:species=Dom. pepper],Solyc09g042280.1.1[&&NHX:species=Tomato])S,(Capana01g002074[&&NHX:species=Dom. pepper],Capana12g001750[&&NHX:species=Dom. pepper])D)D,((Capana08g000419[&&NHX:species=Dom. pepper],Capana12g002046[&&NHX:species=Dom. pepper])D,Solyc04g076170.1.1[&&NHX:species=Tomato],Capang03g002471[&&NHX:species=Wild pepper],PGSC0003DMP400033295[&&NHX:species=Potato])S)D,(SPI04g04718.1[&&NHX:species=S. pimp],Solyc09g042300.2.1[&&NHX:species=Tomato])S)D,(((SLYcer02g00052.1[&&NHX:species=Tomato Cherry],SPI02g00058.1[&&NHX:species=S. pimp],PGSC0003DMP400060265[&&NHX:species=Potato],Solyc02g055530.4.1[&&NHX:species=Tomato])S,SPI09g01791.1[&&NHX:species=S. pimp])D,SLYcer12g04184.1[&&NHX:species=Tomato Cherry])D)D,(((SPI11g03628.1[&&NHX:species=S. pimp],Solyc11g065350.2.1[&&NHX:species=Tomato],Capana11g000785[&&NHX:species=Dom. pepper],SLYcer11g03557.1[&&NHX:species=Tomato Cherry],PGSC0003DMP400052248[&&NHX:species=Potato],Sopen11g025110.1[&&NHX:species=S. Pennelli],Capang11g000772[&&NHX:species=Wild pepper])S,(PGSC0003DMP400052247[&&NHX:species=Potato],PGSC0003DMP400052246[&&NHX:species=Potato])D)D,((Sopen11g025140.1[&&NHX:species=S. Pennelli],Capang11g000773[&&NHX:species=Wild pepper],Capana00g001964[&&NHX:species=Dom. pepper],Solyc11g065360.2.1[&&NHX:species=Tomato],SLYcer11g03558.1[&&NHX:species=Tomato Cherry])S,(((PGSC0003DMP400021239[&&NHX:species=Potato],(PGSC0003DMP400046818[&&NHX:species=Potato],Sopen11g025140.3[&&NHX:species=S. Pennelli],Capana06g000857[&&NHX:species=Dom. pepper])S)D,(Sopen11g025140.2[&&NHX:species=S. Pennelli],SPI11g03629.1[&&NHX:species=S. pimp])S)D,PGSC0003DMP400026779[&&NHX:species=Potato])D)D)D,((SPI06g04127.1[&&NHX:species=S. pimp],((Capana00g002920[&&NHX:species=Dom. pepper],Capang01g002270[&&NHX:species=Wild pepper])S,Capana00g002921[&&NHX:species=Dom. pepper])D,SLYcer06g04266.1[&&NHX:species=Tomato Cherry],PGSC0003DMP400045340[&&NHX:species=Potato],Sopen06g024190.1[&&NHX:species=S. Pennelli],Solyc06g065670.4.1[&&NHX:species=Tomato])S,(Sopen05g015600.1[&&NHX:species=S. Pennelli],SLYcer05g01823.1[&&NHX:species=Tomato Cherry],SPI05g02381.1[&&NHX:species=S. pimp],Solyc05g018510.3.1[&&NHX:species=Tomato])S)D,((SPI12g01303.1[&&NHX:species=S. pimp],PGSC0003DMP400032813[&&NHX:species=Potato],Sopen12g009950.1[&&NHX:species=S. Pennelli],SLYcer12g01266.1[&&NHX:species=Tomato Cherry])S,((Capana08g000766[&&NHX:species=Dom. pepper],Capana06g002767[&&NHX:species=Dom. pepper])D,(((SLYcer08g05188.1[&&NHX:species=Tomato Cherry],Sopen08g021570.1[&&NHX:species=S. Pennelli],SPI08g05075.1[&&NHX:species=S. pimp])S,(Sopen08g021560.1[&&NHX:species=S. Pennelli],SLYcer08g05187.1[&&NHX:species=Tomato Cherry],SPI08g05074.1[&&NHX:species=S. pimp])S)D,Capana08g000765[&&NHX:species=Dom. pepper])S)D)D)D;	34	22	512	Solyc08g067610.3.1,Solyc08g067620.2.1,Capang06g002551,Capang01g003370,PGSC0003DMP400041247,PGSC0003DMP400050764,PGSC0003DMP400050766,PGSC0003DMP400054454,Capang12g001981,Capang12g001979,SPI12g05170.1,SLYcer12g05219.1,Solyc06g072090.3.1,Solyc06g072100.3.1,Solyc05g053590.4.1,Solyc05g053570.4.1,Solyc05g053600.3.1,SLYcer01g07443.1,Solyc10g019270.3.1,PGSC0003DMP400004038,Solyc11g018690.2.1,Capang09g001924,Capana02g003380,PGSC0003DMP400031791,Capana01g003898,Sopen10g009540.1
