OG	n_genes	n_species	Dom. pepper	Potato	S. Pennelli	S. pimp	Tomato	Tomato Cherry	Wild pepper
OG201	2	2				SPI02g02207.1	Solyc02g064810.1.1		
OG493	2	2				SPI06g03652.1	Solyc06g054430.1.1		
OG501	2	2				SPI08g05874.1	Solyc08g077620.1.1		
OG9865	3	3			Sopen08g020990.1	SPI08g05012.1	Solyc08g067040.4.1		
OG9873	3	2					Solyc02g005400.3.1	SLYcer02g00385.1,SLYcer02g00387.1	
OG9902	3	3				SPI09g01907.1	Solyc09g018520.1.1	SLYcer09g01700.1	
OG10629	3	3				SPI05g04419.1	Solyc05g051540.3.1	SLYcer10g02544.1	
OG11139	3	3		PGSC0003DMP400037584		SPI08g05168.1	Solyc08g068480.1.1		
OG11942	3	3	Capana00g002207				Solyc01g060050.3.1		Capang01g001819
OG13004	4	4			Sopen01g040490.1	SPI01g07400.1	Solyc01g096790.4.1	SLYcer01g07872.1	
OG13151	4	3				SPI10g02414.1,SPI10g02410.1	Solyc10g049815.1.1	SLYcer10g04053.1	
OG13419	4	4		PGSC0003DMP400065246		SPI07g01259.1	Solyc07g019450.3.1	SLYcer07g01237.1	
OG13731	4	4	Capana08g002478		Sopen01g051130.1		Solyc01g108930.3.1		Capang01g005000
OG14411	5	5		PGSC0003DMP400000732	Sopen12g003260.1	SPI12g00394.1	Solyc12g007300.1.1	SLYcer12g00364.1	
OG14436	5	5		PGSC0003DMP400044975	Sopen01g051040.1	SPI01g08501.1	Solyc01g108850.2.1	SLYcer01g08279.1	
OG14516	5	5		PGSC0003DMP400036743	Sopen02g018930.1	SPI02g02680.1	Solyc02g069770.3.1	SLYcer02g03783.1	
OG15006	5	5	Capana02g002046	PGSC0003DMP400038846	Sopen02g023920.1		Solyc02g079110.3.1		Capang02g001839
OG15059	5	3		PGSC0003DMP400038557,PGSC0003DMP400020864,PGSC0003DMP400020863			Solyc07g066000.3.1		Capang00g005425
OG15699	6	6	Capana06g000275		Sopen06g033900.1	SPI06g05201.1	Solyc06g082520.3.1	SLYcer06g05310.1	Capang06g000264
OG15762	6	6	Capana04g000891		Sopen04g029970.1	SPI04g04701.1	Solyc04g076020.3.1	SLYcer04g05213.1	Capang04g000853
OG15874	6	6	Capana04g000474		Sopen04g033170.1	SPI04g05054.1	Solyc04g079590.3.1	SLYcer04g05557.1	Capang04g000439
OG15900	6	6	Capana03g001065		Sopen03g032460.1	SPI03g04568.1	Solyc03g113410.2.1	SLYcer03g04519.1	Capang03g001020
OG15986	6	6	Capana03g002814		Sopen03g013810.1	SPI03g02435.1	Solyc03g059310.3.1	SLYcer03g02312.1	Capang00g002236
OG16601	7	6	Capana02g001737	PGSC0003DMP400049453	Sopen02g021210.1,Sopen02g021210.2	SPI02g02920.1	Solyc02g072230.3.1	SLYcer02g04025.1	
OG16610	7	6	Capana10g001235		Sopen10g027510.2,Sopen10g027510.1	SPI10g03505.1	Solyc10g075030.3.1	SLYcer10g05010.1	Capang06g001464
OG16712	7	7	Capana07g000026	PGSC0003DMP400032668	Sopen07g003000.1	SPI07g00397.1	Solyc07g006900.2.1	SLYcer07g00329.1	Capang07g000056
OG16911	7	7	Capana03g000009	PGSC0003DMP400016168	Sopen03g041750.1	SPI03g05560.1	Solyc03g124020.1.1	SLYcer03g05532.1	Capang03g000005
OG16945	7	5		PGSC0003DMP400026597,PGSC0003DMP400026596,PGSC0003DMP400026595	Sopen03g030860.1	SPI03g04403.1	Solyc03g111740.3.1	SLYcer03g04348.1	
OG17043	7	6	Capana10g002467	PGSC0003DMP400014698,PGSC0003DMP400014699	Sopen10g029090.1	SPI10g03690.1	Solyc10g078430.2.1	SLYcer10g05206.1	
OG17111	7	7	Capana09g001771	PGSC0003DMP400015748	Sopen09g004730.1	SPI09g00761.1	Solyc09g009980.3.1	SLYcer09g00830.1	Capang09g001308
OG17204	7	7	Capana06g000650	PGSC0003DMP400010522	Sopen06g030390.1	SPI06g04816.1	Solyc06g073980.4.1	SLYcer06g04952.1	Capang06g000604
OG17348	7	7	Capana02g000177	PGSC0003DMP400025605	Sopen08g009980.1	SPI08g04131.1	Solyc08g029090.4.1	SLYcer08g04226.1	Capang02g000161
OG17374	7	7	Capana09g002053	PGSC0003DMP400041348	Sopen09g001830.1	SPI09g00183.1	Solyc09g005970.1.1	SLYcer09g00279.1	Capang09g001588
OG17378	7	7	Capana03g000735	PGSC0003DMP400009954	Sopen03g037980.1	SPI03g05164.1	Solyc03g119090.3.1	SLYcer03g05104.1	Capang00g000413
OG17424	7	7	Capana03g000640	PGSC0003DMP400024934	Sopen03g037200.1	SPI03g05081.1	Solyc03g118290.3.1	SLYcer03g05022.1	Capang03g000578
OG17488	7	7	Capana00g001577	PGSC0003DMP400043067	Sopen04g026790.1	SPI04g04052.1	Solyc04g064830.4.1	SLYcer04g04422.1	Capang07g001080
OG17535	7	7	Capana00g004438	PGSC0003DMP400043088	Sopen04g026300.1	SPI04g03990.1	Solyc04g063380.3.1	SLYcer04g04350.1	Capang03g003334
OG17772	7	7	Capana06g000163	PGSC0003DMP400034979	Sopen06g034990.1	SPI06g05313.1	Solyc06g083600.3.1	SLYcer06g05421.1	Capang06g000140
OG17819	7	7	Capana06g000514	PGSC0003DMP400042077	Sopen06g031560.1	SPI06g04942.1	Solyc06g075150.3.1	SLYcer06g05078.1	Capang06g000499
OG17821	7	7	Capana03g002113	PGSC0003DMP400034646	Sopen03g003670.1	SPI03g00588.1	Solyc03g007750.3.1	SLYcer03g00363.1	Capang03g001995
OG17823	7	7	Capana09g001096	PGSC0003DMP400015088	Sopen09g025690.1	SPI09g03468.1	Solyc09g064530.3.1	SLYcer09g03571.1	Capang09g000806
OG17835	7	7	Capana02g003072	PGSC0003DMP400007188	Sopen02g037800.1	SPI02g04637.1	Solyc02g093220.3.1	SLYcer02g05718.1	Capang02g002780
OG17885	7	7	Capana04g000478	PGSC0003DMP400020727	Sopen04g033140.1	SPI04g05051.1	Solyc04g079560.3.1	SLYcer04g05554.1	Capang04g000444
OG17904	7	7	Capana06g002876	PGSC0003DMP400035877	Sopen06g002440.1	SPI06g00213.1	Solyc06g007530.2.1	SLYcer06g00436.1	Capang06g002653
OG17943	7	7	Capana12g001017	PGSC0003DMP400001405	Sopen01g051750.1	SPI01g08569.1	Solyc01g109560.3.1	SLYcer01g08347.1	Capang01g005057
OG18025	7	7	Capana09g001578	PGSC0003DMP400035343	Sopen09g007020.1	SPI09g01047.1	Solyc09g013160.3.1	SLYcer09g01159.1	Capang09g001165
OG18110	7	7	Capana03g000077	PGSC0003DMP400016175	Sopen03g041320.1	SPI03g05514.1	Solyc03g123550.1.1	SLYcer03g05485.1	Capang03g000073
OG18167	7	7	Capana06g000164	PGSC0003DMP400034841	Sopen06g034980.1	SPI06g05312.1	Solyc06g083590.4.1	SLYcer06g05420.1	Capang06g000141
OG18286	7	7	Capana06g002813	PGSC0003DMP400054358	Sopen04g023080.1	SPI04g03471.1	Solyc04g051700.3.1	SLYcer04g03753.1	Capang07g000847
OG18300	7	7	Capana04g000614	PGSC0003DMP400005943	Sopen04g031990.1	SPI04g04946.1	Solyc04g078390.3.1	SLYcer04g05448.1	Capang04g000561
OG18328	7	7	Capana03g004455	PGSC0003DMP400002698	Sopen09g033890.1	SPI09g04685.1	Solyc09g090910.3.1	SLYcer09g05019.1	Capang03g004272
OG18354	7	7	Capana04g000259	PGSC0003DMP400006736	Sopen04g034850.1	SPI04g05229.1	Solyc04g081240.2.1	SLYcer04g05728.1	Capang04g000238
OG18365	7	7	Capana03g004210	PGSC0003DMP400037493	Sopen09g036300.1	SPI09g04974.1	Solyc09g098380.3.1	SLYcer09g05284.1	Capang03g004038
OG18401	7	7	Capana01g001392	PGSC0003DMP400022636	Sopen01g037050.1	SPI01g07063.1	Solyc01g091310.3.1	SLYcer01g06798.1	Capang01g001214
OG18476	7	7	Capana08g002793	PGSC0003DMP400032501	Sopen01g054030.1	SPI01g08805.1	Solyc01g111980.3.1	SLYcer01g08576.1	Capang01g005376
OG18689	7	7	Capana02g003612	PGSC0003DMP400035224	Sopen02g038480.1	SPI02g04701.1	Solyc02g093840.3.1	SLYcer02g05780.1	Capang02g003331
OG18799	7	7	Capana12g001985	PGSC0003DMP400007076	Sopen11g001520.1	SPI11g00301.1	Solyc11g005550.2.1	SLYcer11g00138.1	Capang12g001671
OG18801	7	7	Capana11g000076	PGSC0003DMP400014218	Sopen11g028210.1	SPI11g04007.1	Solyc11g069500.2.1	SLYcer11g03942.1	Capang11g000072
OG18924	7	7	Capana01g002560	PGSC0003DMP400043845	Sopen01g033860.1	SPI01g06685.1	Solyc01g086850.3.1	SLYcer01g06417.1	Capang01g002222
OG18938	7	7	Capana02g003111	PGSC0003DMP400027661	Sopen02g035340.1	SPI02g04399.1	Solyc02g090710.3.1	SLYcer02g05476.1	Capang02g002819
OG18991	7	7	Capana03g000522	PGSC0003DMP400024984	Sopen03g036240.1	SPI03g04989.1	Solyc03g117350.1.1	SLYcer03g04932.1	Capang03g000481
OG18993	7	7	Capana05g002412	PGSC0003DMP400040689	Sopen05g033350.1	SPI05g04826.1	Solyc05g054890.4.1	SLYcer10g02158.1	Capang05g001962
OG19020	7	7	Capana02g003162	PGSC0003DMP400017857	Sopen02g034860.1	SPI02g04348.1	Solyc02g090170.3.1	SLYcer02g05425.1	Capang02g002867
OG19041	7	7	Capana02g003697	PGSC0003DMP400035159	Sopen02g039120.1	SPI02g04769.1	Solyc02g094460.2.1	SLYcer02g05844.1	Capang02g003420
OG19052	7	7	Capana07g002435	PGSC0003DMP400038295	Sopen07g034240.1	SPI07g06361.1	Solyc07g066060.3.1	SLYcer07g05643.1	Capang07g002431
OG19085	7	7	Capana04g001744	PGSC0003DMP400011584	Sopen11g008320.1	SPI11g01029.1	Solyc11g013310.2.1	SLYcer11g00881.1	Capang00g001171
OG19086	7	7	Capana04g001619	PGSC0003DMP400016287	Sopen11g009060.1	SPI11g01149.1	Solyc11g017070.2.1	SLYcer11g01021.1	Capang04g001531
OG19180	7	7	Capana12g001551	PGSC0003DMP400028983	Sopen04g023150.1	SPI04g03483.1	Solyc04g051800.3.1	SLYcer04g03767.1	Capang12g001290
OG19181	7	7	Capana12g002916	PGSC0003DMP400040315	Sopen05g034860.1	SPI05g04985.1	Solyc05g056470.1.1	SLYcer10g01992.1	Capang12g002560
OG19405	7	7	Capana12g001354	PGSC0003DMP400025462	Sopen12g021160.1	SPI12g03897.1	Solyc12g042070.3.1	SLYcer12g03950.1	Capang12g001149
OG19699	8	6	Capana02g002032		Sopen02g023830.2,Sopen02g023830.1,Sopen02g023830.3	SPI02g03200.1	Solyc02g079020.4.1	SLYcer02g04298.1	Capang02g001813
OG19806	8	7	Capana08g001115	PGSC0003DMP400000271	Sopen00g014180.1,Sopen01g039980.1	SPI01g07346.1	Solyc01g096220.3.1	SLYcer01g07096.1	Capang01g003625
OG19852	8	7	Capana03g003057	PGSC0003DMP400054605	Sopen03g020870.1	SPI03g03129.1,SPI03g03123.1	Solyc03g078150.3.1	SLYcer03g03022.1	Capang03g002922
OG19874	8	7	Capana09g001461	PGSC0003DMP400033642	Sopen09g027040.1	SPI09g03623.1,SPI09g03631.1	Solyc09g065290.4.1	SLYcer09g03710.1	Capang09g001032
OG19976	8	7	Capana08g001056	PGSC0003DMP400000263,PGSC0003DMP400000262	Sopen01g039790.1	SPI01g07330.1	Solyc01g096070.3.1	SLYcer01g07081.1	Capang01g003640
OG20066	8	7	Capana08g001092	PGSC0003DMP400000239,PGSC0003DMP400000240	Sopen01g039620.1	SPI01g07312.1	Solyc01g095880.1.1	SLYcer01g07063.1	Capang01g003678
OG20120	8	7	Capana04g000562	PGSC0003DMP400014006,PGSC0003DMP400014005	Sopen04g032380.1	SPI04g04983.1	Solyc04g078780.3.1	SLYcer04g05488.1	Capang04g000510
OG20135	8	7	Capana06g000638	PGSC0003DMP400010444,PGSC0003DMP400010443	Sopen06g030490.1	SPI06g04825.1	Solyc06g074070.3.1	SLYcer06g04960.1	Capang06g000595
OG20188	8	7	Capana01g001053	PGSC0003DMP400065498,PGSC0003DMP400058889	Sopen08g025600.1	SPI08g05809.1	Solyc08g077020.1.1	SLYcer08g05918.1	Capang01g000902
OG20212	8	6	Capana00g004209,Capana00g004144	PGSC0003DMP400033401,PGSC0003DMP400033402	Sopen07g032230.1	SPI07g06158.1	Solyc07g064090.3.1	SLYcer07g05446.1	
OG20250	8	7	Capana09g000067	PGSC0003DMP400013915,PGSC0003DMP400013916	Sopen12g005110.1	SPI12g00629.1	Solyc12g010220.3.1	SLYcer12g00602.1	Capang09g000062
OG20350	8	7	Capana07g000989	PGSC0003DMP400004262,PGSC0003DMP400004261	Sopen07g021880.1	SPI07g04432.1	Solyc07g042260.4.1	SLYcer07g03712.1	Capang00g000563
OG20356	8	7	Capana03g000244	PGSC0003DMP400004660,PGSC0003DMP400004659	Sopen03g039890.1	SPI03g05369.1	Solyc03g121060.4.1	SLYcer03g05328.1	Capang03g000231
OG20426	8	7	Capana01g003170	PGSC0003DMP400039276,PGSC0003DMP400039277	Sopen01g029070.1	SPI01g05977.1	Solyc01g067280.3.1	SLYcer01g05796.1	Capang08g000110
OG20494	8	7	Capana00g004291	PGSC0003DMP400055581	Sopen04g004480.1	SPI04g00537.1	Solyc04g009360.3.1	SLYcer04g00561.1	Capang00g003326,Capang00g004451
OG20514	8	7	Capana06g000791	PGSC0003DMP400064405,PGSC0003DMP400046766	Sopen06g029010.1	SPI06g04687.1	Solyc06g072650.1.1	SLYcer06g04823.1	Capang06g000746
OG20623	8	7	Capana02g001932	PGSC0003DMP400051738,PGSC0003DMP400051739	Sopen02g022850.1	SPI02g03096.1	Solyc02g078010.4.1	SLYcer02g04198.1	Capang02g001709
OG20671	8	7	Capana02g002020	PGSC0003DMP400053128,PGSC0003DMP400038758	Sopen02g023780.1	SPI02g03194.1	Solyc02g078970.4.1	SLYcer02g04292.1	Capang02g001802
OG20740	8	7	Capana10g001696	PGSC0003DMP400019554,PGSC0003DMP400019553	Sopen10g034270.1	SPI10g04324.1	Solyc10g084830.2.1	SLYcer10g05790.1	Capang10g001440
OG20838	8	7	Capana01g003707	PGSC0003DMP400032787,PGSC0003DMP400032788	Sopen08g017250.1	SPI08g04523.1	Solyc08g061820.3.1	SLYcer08g04624.1	Capang08g000628
OG20857	8	7	Capana03g001946	PGSC0003DMP400032304,PGSC0003DMP400032303	Sopen03g022430.1	SPI03g03355.1	Solyc03g082670.3.1	SLYcer03g03266.1	Capang03g001849
OG20904	8	7	Capana08g002582	PGSC0003DMP400053928,PGSC0003DMP400053926	Sopen01g052220.1	SPI01g08623.1	Solyc01g110030.3.1	SLYcer01g08397.1	Capang01g005114
OG20959	8	7	Capana02g002908	PGSC0003DMP400053327,PGSC0003DMP400053328	Sopen02g036370.1	SPI02g04491.1	Solyc02g091790.3.1	SLYcer02g05571.1	Capang02g002631
OG20981	8	7	Capana02g003545	PGSC0003DMP400022373,PGSC0003DMP400022374	Sopen02g031190.1	SPI02g03993.1	Solyc02g086470.3.1	SLYcer02g05055.1	Capang02g003267
OG21029	8	7	Capana10g002417	PGSC0003DMP400045702	Sopen03g013260.1	SPI03g02390.1	Solyc03g059100.3.1	SLYcer03g02262.1	Capang03g002987,Capang10g002171
OG21043	8	7	Capana12g001272,Capana00g000573	PGSC0003DMP400004578	Sopen03g039140.1	SPI03g05294.1	Solyc03g120260.4.1	SLYcer03g05244.1	Capang00g002836
OG21063	8	7	Capana11g000105	PGSC0003DMP400014194,PGSC0003DMP400014193	Sopen11g027930.1	SPI11g03973.1	Solyc11g069190.2.1	SLYcer11g03911.1	Capang11g000100
OG21069	8	7	Capana11g000098	PGSC0003DMP400014189,PGSC0003DMP400014188	Sopen11g027990.1	SPI11g03980.1	Solyc11g069260.2.1	SLYcer11g03918.1	Capang11g000092
OG21099	8	7	Capana12g000776	PGSC0003DMP400020492,PGSC0003DMP400020494	Sopen12g030330.1	SPI12g04615.1	Solyc12g088340.2.1	SLYcer12g04658.1	Capang12g000657
OG21326	9	6	Capana08g001345		Sopen08g008890.1,Sopen01g041660.1	SPI01g07521.1,SPI08g03615.1	Solyc08g023590.4.1,Solyc01g098090.3.1	SLYcer08g03647.1	Capang00g004012
OG21425	9	7	Capana01g004481	PGSC0003DMP400010370,PGSC0003DMP400010369	Sopen08g004340.1,Sopen08g004340.2	SPI08g00545.1	Solyc08g008490.4.1	SLYcer08g00571.1	Capang08g001330
OG21555	9	7	Capana02g001847	PGSC0003DMP400054998,PGSC0003DMP400054999	Sopen02g022450.1,Sopen02g022450.2	SPI02g03044.1	Solyc02g077560.3.1	SLYcer02g04153.1	Capang02g001636
OG21627	9	7	Capana07g000264	PGSC0003DMP400040360,PGSC0003DMP400040357,PGSC0003DMP400040358	Sopen05g034450.1	SPI05g04946.1	Solyc05g056040.3.1	SLYcer10g02030.1	Capang07g000264
OG21645	9	7	Capana04g000715	PGSC0003DMP400008798,PGSC0003DMP400008799,PGSC0003DMP400008800	Sopen04g031050.1	SPI04g04855.1	Solyc04g077460.3.1	SLYcer04g05358.1	Capang04g000692
OG21658	9	7	Capana09g002010	PGSC0003DMP400015691,PGSC0003DMP400015689,PGSC0003DMP400015690	Sopen09g005380.1	SPI09g00835.1	Solyc09g010670.4.1	SLYcer09g00927.1	Capang09g001475
OG21670	9	7	Capana04g000203	PGSC0003DMP400006747,PGSC0003DMP400006749,PGSC0003DMP400006748	Sopen04g034970.1	SPI04g05241.1	Solyc04g081350.3.1	SLYcer04g05740.1	Capang04g000183
OG21675	9	7	Capana07g000822,Capana00g004700	PGSC0003DMP400050053	Sopen07g004790.1	SPI07g00651.1	Solyc07g008860.3.1	SLYcer07g00607.1	Capang03g000841,Capang07g000753
OG21681	9	7	Capana01g003719	PGSC0003DMP400055331,PGSC0003DMP400035223,PGSC0003DMP400055330	Sopen01g001460.1	SPI01g00218.1	Solyc01g005450.3.1	SLYcer01g00196.1	Capang08g000635
OG21690	9	7	Capana03g002282	PGSC0003DMP400025217,PGSC0003DMP400025215,PGSC0003DMP400025216	Sopen03g005050.1	SPI03g00730.1	Solyc03g026170.4.1	SLYcer03g00510.1	Capang03g002165
OG21718	9	7	Capana08g001774	PGSC0003DMP400036011,PGSC0003DMP400036010,PGSC0003DMP400036012	Sopen01g045470.1	SPI01g07918.1	Solyc01g103050.3.1	SLYcer01g07346.1	Capang01g004341
OG21811	9	7	Capana02g003297	PGSC0003DMP400002621,PGSC0003DMP400002623,PGSC0003DMP400002622	Sopen02g033440.1	SPI02g04211.1	Solyc02g088730.2.1	SLYcer02g05286.1	Capang02g003039
OG21836	9	7	Capana10g001059	PGSC0003DMP400048171,PGSC0003DMP400048173,PGSC0003DMP400048172	Sopen10g027280.1	SPI10g03475.1	Solyc10g074790.2.1	SLYcer10g04980.1	Capang10g000883
OG21896	9	7	Capana02g000264,Capana01g002357	PGSC0003DMP400020924	Sopen02g009400.1	SPI02g01311.1	Solyc02g030080.4.1	SLYcer02g02412.1	Capang01g002033,Capang00g001488
OG21948	9	7	Capana12g002038	PGSC0003DMP400049957,PGSC0003DMP400049956,PGSC0003DMP400049955	Sopen11g001760.1	SPI11g00329.1	Solyc11g005800.2.1	SLYcer11g00169.1	Capang05g001664
OG21971	9	7	Capana06g001997,Capana06g001998	PGSC0003DMP400050760,PGSC0003DMP400020636	Sopen06g016460.1	SPI06g03316.1	Solyc06g050790.3.1	SLYcer06g03393.1	Capang06g001845
OG22075	9	7	Capana01g002524	PGSC0003DMP400062312	Sopen01g031340.1	SPI01g06379.1	Solyc01g079560.3.1	SLYcer01g06082.1	Capang00g000678,Capang01g002183,Capang01g002628
OG22105	9	7	Capana06g002417,Capana08g002373	PGSC0003DMP400037417	Sopen06g010800.1	SPI06g02937.1	Solyc06g034140.3.1	SLYcer06g02757.1	Capang06g002234,Capang01g004919
OG22134	9	7	Capana11g002393,Capana02g002848	PGSC0003DMP400053375	Sopen02g035860.1	SPI02g04442.1	Solyc02g091240.1.1	SLYcer02g05522.1	Capang02g002573,Capang11g002269
OG22257	10	7	Capana03g000354	PGSC0003DMP400009870	Sopen03g038890.1	SPI03g05270.1,SPI06g03486.1	Solyc03g120010.4.1,Solyc06g052000.1.1	SLYcer06g03572.1,SLYcer03g05210.1	Capang03g000328
OG22271	10	7	Capana08g002479	PGSC0003DMP400032011	Sopen07g028530.1	SPI08g05177.1,SPI07g05713.1	Solyc07g054630.4.1,Solyc08g068540.4.1	SLYcer07g04984.1,SLYcer08g05280.1	Capang01g005001
OG22384	10	7	Capana06g003008	PGSC0003DMP400044224,PGSC0003DMP400044225,PGSC0003DMP400044223	Sopen06g003160.1,Sopen06g003160.2	SPI06g00302.1	Solyc06g008310.3.1	SLYcer06g00517.1	Capang06g002768
OG22394	10	7	Capana12g002015	PGSC0003DMP400007088,PGSC0003DMP400007085,PGSC0003DMP400007086	Sopen11g001560.2,Sopen11g001560.1	SPI11g00306.1	Solyc11g005590.1.1	SLYcer11g00148.1	Capang12g001736
OG22463	10	7	Capana12g002745	PGSC0003DMP400028151,PGSC0003DMP400028153,PGSC0003DMP400028152	Sopen11g005650.2,Sopen11g005650.1	SPI11g00754.1	Solyc11g010910.3.1	SLYcer11g00614.1	Capang12g002381
OG22523	10	7	Capana01g000069	PGSC0003DMP400021427,PGSC0003DMP400021428,PGSC0003DMP400021426,PGSC0003DMP400021425	Sopen08g031130.1	SPI08g06415.1	Solyc08g082900.4.1	SLYcer08g06510.1	Capang01g000062
OG22605	10	7	Capana08g002372	PGSC0003DMP400044697,PGSC0003DMP400044696,PGSC0003DMP400044698,PGSC0003DMP400044699	Sopen01g050350.1	SPI01g08429.1	Solyc01g108120.3.1	SLYcer01g08207.1	Capang01g004918
OG22804	11	7	Capana00g004160	PGSC0003DMP400025344	Sopen07g032440.1,Sopen10g002330.1	SPI10g00238.1,SPI07g06179.1	Solyc10g006380.3.1,Solyc07g064290.3.1	SLYcer07g05466.1,SLYcer10g00370.1	Capang00g002435
OG22813	11	7	Capana06g001465	PGSC0003DMP400024324	Sopen06g024500.1,Sopen08g009000.1	SPI06g04162.1,SPI08g03593.1	Solyc06g066020.3.1,Solyc08g021820.3.1	SLYcer08g03624.1,SLYcer06g04303.1	Capang06g001393
OG22881	11	7	Capana03g002859	PGSC0003DMP400024604,PGSC0003DMP400024603	Sopen03g015310.1	SPI03g02619.1,SPI03g02617.1	Solyc03g063030.4.1,Solyc03g063050.1.1	SLYcer03g02491.1,SLYcer03g02493.1	Capang03g002744
OG22888	11	6	Capana00g002208,Capana01g002294		Sopen01g031280.1,Sopen01g026220.1	SPI01g06374.1,SPI01g05507.1	Solyc01g079510.3.1,Solyc01g060040.3.1	SLYcer01g05348.1	Capang01g001989,Capang01g001820
OG22918	11	7	Capana08g000988	PGSC0003DMP400000190,PGSC0003DMP400000189	Sopen01g039140.1,Sopen05g028590.1	SPI01g07262.1,SPI05g04217.1	Solyc01g095370.3.1	SLYcer10g02753.1,SLYcer01g07013.1	Capang01g003564
OG23087	11	7	Capana06g000056,Capana09g001066	PGSC0003DMP400034751,PGSC0003DMP400034752,PGSC0003DMP400034753	Sopen06g035780.1	SPI06g05395.1	Solyc06g084390.3.1	SLYcer06g05504.1	Capang09g000781,Capang06g000040
OG23201	12	7	Capana05g000419	PGSC0003DMP400020324,PGSC0003DMP400020301	Sopen04g005380.1,Sopen04g005390.1	SPI04g00634.1,SPI04g00635.1	Solyc04g010200.1.1,Solyc04g010210.1.1	SLYcer04g00660.1,SLYcer04g00659.1	Capang05g000338
OG23239	12	7	Capana01g000961	PGSC0003DMP400034528,PGSC0003DMP400034529	Sopen08g023990.1,Sopen07g004230.1	SPI08g05636.1,SPI07g00576.1	Solyc07g008340.4.1,Solyc08g075360.3.1	SLYcer08g05751.1,SLYcer07g00526.1	Capang00g004220
OG23287	12	7	Capana07g001224	PGSC0003DMP400032833,PGSC0003DMP400010857	Sopen07g024130.1,Sopen05g025150.1	SPI05g03515.1,SPI07g04898.1	Solyc05g040040.1.1,Solyc07g047680.3.1	SLYcer05g02884.1,SLYcer07g04222.1	Capang07g001262
OG23329	12	6	Capana04g001839,Capana02g002593		Sopen12g015070.1,Sopen02g028720.1	SPI12g02732.1,SPI02g03700.1	Solyc12g035360.2.1,Solyc02g083940.3.1	SLYcer02g04788.1,SLYcer12g02966.1	Capang00g003908,Capang02g002329
OG23368	12	7	Capana08g001255,Capana03g004208	PGSC0003DMP400056551,PGSC0003DMP400033759	Sopen01g041100.1,Sopen09g036340.1	SPI01g07461.1,SPI09g04978.1	Solyc09g098410.3.1,Solyc01g097430.4.1	SLYcer09g05287.1	Capang01g003838
OG23404	12	7	Capana03g001143,Capana06g000942	PGSC0003DMP400054679,PGSC0003DMP400047047,PGSC0003DMP400054680	Sopen12g014750.1,Sopen06g027840.1	SPI06g04565.1	Solyc12g035190.2.1,Solyc06g071550.3.1	SLYcer06g04704.1	Capang03g001093
OG23490	12	7	Capana08g002374	PGSC0003DMP400044702,PGSC0003DMP400044703,PGSC0003DMP400044701,PGSC0003DMP400044706,PGSC0003DMP400044704,PGSC0003DMP400044705	Sopen01g050360.1	SPI01g08430.1	Solyc01g108130.4.1	SLYcer01g08208.1	Capang01g004920
OG23638	13	7	Capana08g002704	PGSC0003DMP400002879,PGSC0003DMP400002880,PGSC0003DMP400040164	Sopen01g053370.1,Sopen10g025080.1	SPI01g08735.1,SPI10g03264.1	Solyc10g055260.2.1,Solyc01g111310.3.1	SLYcer10g04768.1,SLYcer01g08506.1	Capang01g005289
OG23639	13	7	Capana09g000173	PGSC0003DMP400028102,PGSC0003DMP400000642	Sopen12g003960.1,Sopen07g020370.1	SPI12g00475.1,SPI07g04235.1	Solyc12g009030.2.1,Solyc07g041080.3.1	SLYcer07g03513.1,SLYcer12g00446.1	Capang09g000167,Capang07g000565
OG23715	13	7	Capana04g000034	PGSC0003DMP400017523,PGSC0003DMP400017521,PGSC0003DMP400017524	Sopen12g031650.1,Sopen04g036470.1	SPI04g05396.1,SPI12g04795.1	Solyc12g095750.2.1,Solyc04g082830.3.1	SLYcer12g04837.1,SLYcer04g05885.1	Capang04g000026
OG23812	13	7	Capana05g001658,Capana07g000865	PGSC0003DMP400017257,PGSC0003DMP400024204	Sopen00g003680.1,Sopen05g027770.1	SPI07g00906.1,SPI05g04097.1	Solyc05g047460.3.1,Solyc07g016180.3.1	SLYcer10g02868.1	Capang05g001338,Capang07g000985
OG23840	13	7	Capana04g000532,Capana08g002375	PGSC0003DMP400044708,PGSC0003DMP400014111	Sopen01g050370.1,Sopen04g032740.1	SPI04g05016.1,SPI01g08431.1	Solyc01g108140.4.1,Solyc04g079130.2.1	SLYcer04g05519.1	Capang01g004921,Capang04g000487
OG23873	13	7	Capana12g002105,Capana08g002466	PGSC0003DMP400049978,PGSC0003DMP400044974	Sopen01g051030.1,Sopen11g001980.1	SPI11g00354.1	Solyc11g006040.2.1,Solyc01g108840.3.1	SLYcer11g00198.1,SLYcer01g08278.1	Capang12g001795,Capang01g004992
OG23959	13	7	Capana01g002508,Capana01g002509	PGSC0003DMP400020070,PGSC0003DMP400020071,PGSC0003DMP400020069,PGSC0003DMP400020073,PGSC0003DMP400020072	Sopen01g028350.1	SPI01g05898.1	Solyc01g066740.3.1	SLYcer01g05728.1	Capang01g002162,Capang01g002161
OG24025	14	5		PGSC0003DMP400020556,PGSC0003DMP400020552,PGSC0003DMP400020555,PGSC0003DMP400020551,PGSC0003DMP400020549	Sopen09g034130.1,Sopen09g034130.5,Sopen09g034130.3,Sopen09g034130.2,Sopen09g034130.4	SPI09g04712.1	Solyc09g091150.2.1,Solyc09g091160.1.1	SLYcer09g05045.1	
OG24049	14	7	Capana09g002370,Capana07g002495	PGSC0003DMP400029423	Sopen09g029240.1,Sopen09g004150.1	SPI09g04066.1,SPI09g04077.1,SPI09g00477.1	Solyc09g009410.3.1,Solyc09g074400.3.1	SLYcer09g00589.1,SLYcer09g04271.1	Capang07g002490,Capang09g001889
OG24078	14	6	Capana00g000865,Capana01g000019	PGSC0003DMP400010384,PGSC0003DMP400021619,PGSC0003DMP400010383	Sopen08g031590.2,Sopen08g004540.1,Sopen08g031590.1		Solyc05g004000.1.1,Solyc08g013690.1.1,Solyc08g013700.1.1	SLYcer08g06557.1	Capang01g000015,Capang08g001345
OG24137	14	7	Capana10g001888,Capana01g000634	PGSC0003DMP400039854,PGSC0003DMP400033687	Sopen10g005950.1,Sopen07g004550.1	SPI10g00682.1,SPI07g00624.1	Solyc07g008610.3.1,Solyc10g012190.3.1	SLYcer10g00807.1,SLYcer07g00576.1	Capang01g000575,Capang10g001667
OG24153	14	7	Capana11g001176,Capana08g000051	PGSC0003DMP400028613,PGSC0003DMP400032446	Sopen05g008220.1,Sopen01g003470.1	SPI01g00466.1,SPI05g01025.1	Solyc05g013410.3.1,Solyc01g007930.4.1	SLYcer01g00438.1,SLYcer05g00965.1	Capang08g000047,Capang11g001177
OG24159	14	7	Capana01g003086,Capana06g003044	PGSC0003DMP400011145,PGSC0003DMP400011146	Sopen06g003630.1,Sopen01g030810.1	SPI01g06499.1,SPI06g00367.1	Solyc01g080690.3.1,Solyc06g008880.3.1	SLYcer06g00583.1,SLYcer01g06199.1	Capang06g002793,Capang01g002770
OG24163	14	7	Capana05g001014,Capana07g000618	PGSC0003DMP400035988,PGSC0003DMP400024211	Sopen07g005490.1,Sopen05g027600.1	SPI05g04068.1,SPI07g00777.1	Solyc07g014620.1.1,Solyc05g046320.1.1	SLYcer07g00748.1,SLYcer10g02894.1	Capang05g000841,Capang07g000664
OG24267	14	7	Capana10g001370,Capana09g001555	PGSC0003DMP400014930,PGSC0003DMP400033326	Sopen09g007220.1,Sopen10g028420.1	SPI09g01073.1,SPI10g03621.1	Solyc09g014380.3.1,Solyc10g076790.2.1	SLYcer09g01191.1,SLYcer10g05139.1	Capang10g001162,Capang09g001124
OG24330	14	7	Capana10g000064,Capana07g002209	PGSC0003DMP400022035,PGSC0003DMP400043398,PGSC0003DMP400022038	Sopen10g002800.1,Sopen07g031500.1	SPI10g00289.1,SPI07g06088.1	Solyc07g063330.4.1,Solyc10g006890.4.1	SLYcer07g05369.1	Capang07g002230,Capang10g000062
OG24354	14	7	Capana05g002156,Capana00g002485	PGSC0003DMP400005014,PGSC0003DMP400018221,PGSC0003DMP400018220	Sopen09g028200.1,Sopen01g044350.1	SPI01g07802.1,SPI09g03787.1	Solyc01g100850.3.1,Solyc09g066470.4.1	SLYcer01g07467.1	Capang01g004225,Capang03g003251
OG24564	15	7	Capana01g000361,Capana12g001152	PGSC0003DMP400039414,PGSC0003DMP400019071	Sopen12g029080.1,Sopen08g028430.2,Sopen08g028430.1	SPI12g04451.1,SPI08g06130.1	Solyc12g056490.1.1,Solyc08g080080.4.1	SLYcer12g04496.1,SLYcer08g06228.1	Capang12g000955,Capang01g000332
OG24571	15	7	Capana00g004159,Capana10g000007	PGSC0003DMP400001966,PGSC0003DMP400001967,PGSC0003DMP400025345	Sopen07g032430.1,Sopen10g002350.1	SPI10g00240.1,SPI07g06178.1	Solyc07g064280.3.1,Solyc10g006400.3.1	SLYcer07g05465.1,SLYcer10g00372.1	Capang00g002434,Capang10g000007
OG24632	15	7	Capana10g002043	PGSC0003DMP400048918,PGSC0003DMP400015722,PGSC0003DMP400048917,PGSC0003DMP400015721	Sopen09g004970.1,Sopen10g032690.1	SPI09g00784.1,SPI10g04152.1	Solyc10g083210.2.1,Solyc09g010230.2.1	SLYcer10g05628.1,SLYcer09g00853.1	Capang10g001796,Capang09g001951
OG24637	15	7	Capana10g001429,Capana09g002007	PGSC0003DMP400033371,PGSC0003DMP400033370,PGSC0003DMP400015522	Sopen09g005430.1,Sopen10g035810.1	SPI10g04480.1,SPI10g04498.1	Solyc09g010720.3.1,Solyc10g086430.3.1	SLYcer10g05946.1,SLYcer09g00931.1	Capang09g001546,Capang10g001203
OG24764	15	6	Capana04g000133,Capana12g002327	PGSC0003DMP400047549,PGSC0003DMP400047496,PGSC0003DMP400061556		SPI04g05323.1	Solyc04g082080.1.1,Solyc11g007650.1.1,Solyc11g007620.1.1	SLYcer11g00369.1,SLYcer04g05809.1	Capang04g000123,Capang04g000121,Capang12g002005,Capang12g002006
OG24928	16	5		PGSC0003DMP400018098,PGSC0003DMP400018097,PGSC0003DMP400014866,PGSC0003DMP400018099,PGSC0003DMP400018100,PGSC0003DMP400014865,PGSC0003DMP400014867,PGSC0003DMP400014868	Sopen02g021670.1,Sopen06g017380.1	SPI06g03412.1,SPI02g02966.1	Solyc06g051410.4.1,Solyc02g076760.3.1	SLYcer02g04072.1,SLYcer06g03494.1	
OG24942	16	7	Capana06g001078,Capana03g000573	PGSC0003DMP400050412,PGSC0003DMP400050410,PGSC0003DMP400025020,PGSC0003DMP400050411	Sopen06g025860.1,Sopen03g036720.1	SPI03g05030.1,SPI06g04353.1	Solyc03g117810.4.1,Solyc06g068600.3.1	SLYcer03g04975.1,SLYcer06g04493.1	Capang06g001031,Capang03g000524
OG24980	16	7	Capana02g000804,Capana02g003206	PGSC0003DMP400046137,PGSC0003DMP400046136,PGSC0003DMP400046138,PGSC0003DMP400002674	Sopen02g034160.1,Sopen02g015900.1	SPI02g02317.1,SPI02g04273.1	Solyc02g089400.4.1,Solyc02g065680.3.1	SLYcer02g05352.1,SLYcer02g03424.1	Capang02g000739,Capang02g002945
OG25066	16	7	Capana08g000886,Capana09g002408,Capana12g002324,Capana12g002397	PGSC0003DMP400015695	Sopen09g005330.1,Sopen01g038290.1	SPI09g00830.1,SPI01g07167.1	Solyc01g094480.4.1,Solyc09g010620.1.1	SLYcer01g06919.1	Capang12g002003,Capang00g004973,Capang00g001893,Capang12g002062
OG25173	17	7	Capana07g002184,Capana09g000934	PGSC0003DMP400026850,PGSC0003DMP400026849,PGSC0003DMP400026851	Sopen07g031310.2,Sopen12g007160.2,Sopen07g031310.1,Sopen12g007160.1	SPI07g06066.1,SPI12g00842.1	Solyc12g013840.3.1,Solyc07g063120.4.1	SLYcer07g05347.1,SLYcer12g00799.1	Capang07g002204,Capang00g001235
OG25222	17	7	Capana05g002081,Capana00g004937	PGSC0003DMP400050758,PGSC0003DMP400020639,PGSC0003DMP400020638,PGSC0003DMP400050757,PGSC0003DMP400020637	Sopen05g030860.1,Sopen06g016480.1	SPI06g03317.1,SPI05g04538.1	Solyc06g050800.4.1,Solyc05g052300.4.1	SLYcer10g02434.1,SLYcer06g03394.1	Capang05g001649,Capang00g002288
OG25325	18	7	Capana09g000445	PGSC0003DMP400023984,PGSC0003DMP400005221	Sopen12g004270.1,Sopen07g022120.1,Sopen05g022270.1,Sopen07g034610.1	SPI07g04459.1,SPI05g03178.1,SPI12g00516.1	Solyc05g025985.1.1,Solyc12g009290.1.1,Solyc07g042490.1.1	SLYcer05g02579.1,SLYcer07g05681.1,SLYcer12g00488.1,SLYcer07g03745.1	Capang09g000130
OG25356	18	7	Capana02g003043,Capana04g000598	PGSC0003DMP400036329,PGSC0003DMP400063440,PGSC0003DMP400043317	Sopen03g008260.1,Sopen02g037550.1,Sopen04g032090.1	SPI04g04956.1,SPI03g01328.1,SPI02g04615.1	Solyc04g078490.1.1,Solyc02g092990.1.1,Solyc03g044220.1.1	SLYcer03g01120.1,SLYcer02g05694.1	Capang02g002756,Capang04g000546
OG25447	18	7	Capana07g000981,Capana01g002751,Capana00g004022	PGSC0003DMP400018629,PGSC0003DMP400011917,PGSC0003DMP400031315	Sopen01g030370.1,Sopen04g025540.1	SPI04g03878.1,SPI01g06265.1	Solyc04g056620.2.1,Solyc01g068410.4.1	SLYcer01g05972.1,SLYcer04g04238.1	Capang10g000683,Capang01g003887,Capang01g002417,Capang06g001858
OG25471	19	7	Capana03g001677	PGSC0003DMP400023286,PGSC0003DMP400044318	Sopen07g017550.1,Sopen05g009100.1,Sopen05g016940.1,Sopen05g009090.1	SPI05g01131.1,SPI07g03907.1,SPI05g02448.1	Solyc07g039200.4.1,Solyc05g018780.1.1,Solyc05g025630.3.1,Solyc05g014090.3.1	SLYcer05g01061.1,SLYcer05g01892.1,SLYcer05g02433.1,SLYcer07g03191.1	Capang03g001617
OG25575	19	7	Capana09g002368,Capana10g001970	PGSC0003DMP400004842,PGSC0003DMP400004843,PGSC0003DMP400049126,PGSC0003DMP400049125,PGSC0003DMP400004844	Sopen10g032950.1,Sopen09g004200.1,Sopen11g027050.1	SPI11g03864.1,SPI09g00485.1	Solyc09g009470.1.1,Solyc10g083480.2.1	SLYcer11g03802.1,SLYcer09g00597.1	Capang09g001884,Capang11g000271,Capang10g001736
OG25674	20	7	Capana12g001013,Capana00g004113,Capana03g000277	PGSC0003DMP400004512,PGSC0003DMP400054258,PGSC0003DMP400001403	Sopen04g028230.1,Sopen03g039570.1,Sopen01g051710.1	SPI03g05336.1,SPI04g04377.1,SPI01g08565.1	Solyc01g109520.3.1,Solyc03g120750.3.1,Solyc04g072060.4.1	SLYcer01g08343.1,SLYcer03g05296.1,SLYcer04g04897.1	Capang02g000116,Capang03g000266
OG25748	20	7	Capana03g000368,Capana03g000367	PGSC0003DMP400009879,PGSC0003DMP400010064,PGSC0003DMP400009920,PGSC0003DMP400010066,PGSC0003DMP400010065,PGSC0003DMP400010062,PGSC0003DMP400066110	Sopen03g038740.1,Sopen03g038770.1	SPI03g05215.1,SPI03g05212.1	Solyc03g119890.4.1,Solyc03g119500.1.1	SLYcer03g05151.1,SLYcer03g05152.1,SLYcer03g05155.1	Capang03g000342,Capang03g000341
OG25772	20	7	Capana06g000523,Capana11g000125,Capana05g001652	PGSC0003DMP400012657,PGSC0003DMP400012656,PGSC0003DMP400014286,PGSC0003DMP400012655,PGSC0003DMP400012654	Sopen11g027810.1,Sopen06g031340.1	SPI11g03938.1,SPI06g04918.1	Solyc11g069090.2.1,Solyc06g074940.4.1	SLYcer06g05058.1,SLYcer11g03875.1	Capang11g000120,Capang00g003866,Capang05g001333,Capang11g002251
OG25810	21	7	Capana07g001481,Capana00g004252,Capana07g001452	PGSC0003DMP400009354,PGSC0003DMP400015370,PGSC0003DMP400044211	Sopen05g026970.1,Sopen12g001790.2,Sopen07g026040.1,Sopen12g001790.1	SPI05g03964.1,SPI12g00218.1,SPI07g05467.1	Solyc07g052410.4.1,Solyc05g045660.3.1,Solyc12g005840.2.1	SLYcer12g00173.1,SLYcer07g04750.1,SLYcer05g03330.1	Capang00g005477,Capang07g001475
OG25838	21	7	Capana07g000694,Capana04g000459,Capana12g000687	PGSC0003DMP400005983,PGSC0003DMP400011547,PGSC0003DMP400027070	Sopen12g030880.1,Sopen04g033250.1,Sopen07g012650.1	SPI04g05061.1,SPI07g03247.1,SPI12g04682.1	Solyc12g088980.2.1,Solyc07g025140.4.1,Solyc04g079700.3.1	SLYcer07g01899.1,SLYcer04g05565.1,SLYcer12g04723.1	Capang07g000719,Capang04g000428,Capang12g000570
OG25839	21	7	Capana03g000726,Capana00g004663,Capana12g001413	PGSC0003DMP400009959,PGSC0003DMP400050159,PGSC0003DMP400027754	Sopen06g026300.1,Sopen03g037930.1,Sopen12g020110.1	SPI12g03720.1,SPI03g05158.1,SPI06g04396.1	Solyc12g040510.2.1,Solyc03g119040.3.1,Solyc06g069010.3.1	SLYcer06g04537.1,SLYcer12g03771.1,SLYcer03g05099.1	Capang11g001476,Capang00g000422,Capang12g001203
OG25887	21	7	Capana11g000045,Capana06g000544	PGSC0003DMP400021237,PGSC0003DMP400012707,PGSC0003DMP400021235,PGSC0003DMP400021234,PGSC0003DMP400034162,PGSC0003DMP400012705,PGSC0003DMP400021238,PGSC0003DMP400021236	Sopen11g028570.1,Sopen06g031360.1,Sopen06g031370.1	SPI11g04027.1,SPI06g04920.1	Solyc11g069710.2.1,Solyc06g074960.4.1	SLYcer06g05060.1,SLYcer11g03961.1	Capang00g003863,Capang11g000039
OG25987	22	7	Capana12g000271,Capana03g004101,Capana09g001478	PGSC0003DMP400008267,PGSC0003DMP400008268,PGSC0003DMP400035792,PGSC0003DMP400015350	Sopen00g009410.1,Sopen09g021150.1,Sopen09g035360.1	SPI12g04996.1,SPI09g04873.1,SPI09g02728.1	Solyc12g098570.2.1,Solyc09g057680.3.1,Solyc09g092460.4.1	SLYcer09g02797.1,SLYcer09g05201.1,SLYcer12g05037.1	Capang12g000236,Capang09g001061,Capang03g000972
OG25997	22	7	Capana11g000210,Capana00g003418	PGSC0003DMP400021764,PGSC0003DMP400000921,PGSC0003DMP400000922,PGSC0003DMP400021763,PGSC0003DMP400054759,PGSC0003DMP400047247,PGSC0003DMP400021762	Sopen11g026520.1,Sopen08g030370.1	SPI03g02097.1,SPI11g03808.1,SPI08g06334.1	Solyc11g066800.2.1,Solyc03g071840.2.1,Solyc08g082080.3.1	SLYcer08g06421.1,SLYcer11g03743.1,SLYcer03g01971.1	Capang11g000210,Capang00g001831
OG26055	23	7	Capana11g000002,Capana06g000312	PGSC0003DMP400032374,PGSC0003DMP400052997,PGSC0003DMP400057378	Sopen06g033720.1,Sopen11g028870.1,Sopen11g028870.2	SPI11g04085.1,SPI06g05180.1,SPI10g03601.1,SPI06g05181.1,SPI11g04081.1	Solyc06g082330.1.1,Solyc10g076640.1.1,Solyc06g082340.2.1	SLYcer11g04019.1,SLYcer11g04016.1,SLYcer06g05290.1,SLYcer06g05291.1	Capang06g000282,Capang11g000001,Capang10g001147
OG26083	23	7	Capana00g003747	PGSC0003DMP400005271,PGSC0003DMP400005445,PGSC0003DMP400024029,PGSC0003DMP400005272,PGSC0003DMP400024030,PGSC0003DMP400005444	Sopen07g022110.1,Sopen12g004260.1,Sopen05g021840.1	SPI07g04456.1,SPI12g00515.1,SPI05g03113.1	Solyc12g009280.3.1,Solyc07g042470.3.1,Solyc05g025920.3.1	SLYcer05g02527.1,SLYcer07g03742.1,SLYcer12g00487.1	Capang09g000134,Capang07g000840,Capang09g000133,Capang01g000431
OG26230	24	7	Capana11g000658,Capana10g001375,Capana08g002774,Capana06g002579	PGSC0003DMP400032482,PGSC0003DMP400032479,PGSC0003DMP400032480,PGSC0003DMP400021382,PGSC0003DMP400032481,PGSC0003DMP400044020,PGSC0003DMP400044019,PGSC0003DMP400021381	Sopen01g053900.1,Sopen11g030190.1	SPI01g08794.1,SPI11g04227.1	Solyc01g111860.4.1,Solyc11g072540.3.1	SLYcer01g08564.1,SLYcer11g04155.1	Capang01g005357,Capang10g000950,Capang06g002354,Capang11g000591
OG26259	25	7	Capana00g000367,Capana00g000523,Capana04g001484,Capana12g002458	PGSC0003DMP400043025,PGSC0003DMP400033289,PGSC0003DMP400006935,PGSC0003DMP400054106,PGSC0003DMP400054105	Sopen09g003290.1,Sopen11g003880.1,Sopen04g026460.1	SPI04g04016.1,SPI11g00557.1,SPI09g00361.1	Solyc04g064510.3.1,Solyc10g086310.1.1,Solyc11g008020.2.1,Solyc09g008460.3.1	SLYcer11g00410.1,SLYcer09g00447.1,SLYcer04g04388.1	Capang12g002107,Capang04g001388,Capang09g001780
OG26313	25	7	Capana01g004305,Capana01g004300,Capana03g001159,Capana01g004299,Capana03g001163,Capana09g002221,Capana01g004259,Capana01g004316,Capana01g004263,Capana01g004306,Capana01g004278	PGSC0003DMP400032222,PGSC0003DMP400046937	Sopen08g001460.1	SPI08g00114.1	Solyc08g005420.3.1	SLYcer08g00191.1	Capang08g001194,Capang03g001113,Capang08g001130,Capang09g001729,Capang08g001185,Capang03g001114,Capang08g001175,Capang08g001174
OG26341	26	7	Capana05g001990,Capana05g001989,Capana03g002827	PGSC0003DMP400024644,PGSC0003DMP400024647,PGSC0003DMP400047249,PGSC0003DMP400047251	Sopen03g026500.1,Sopen05g031330.1,Sopen03g026520.1,Sopen05g031340.1	SPI05g04586.1,SPI05g04587.1,SPI03g03931.1,SPI03g03929.1	Solyc05g052820.3.1,Solyc03g096390.3.1,Solyc03g096380.3.1,Solyc05g052830.3.1	SLYcer10g02385.1,SLYcer03g03874.1,SLYcer10g02384.1,SLYcer03g03872.1	Capang05g001562,Capang00g002866,Capang05g001563
OG26554	29	7	Capana02g000196,Capana02g001453,Capana04g001097,Capana01g001798,Capana00g005067	PGSC0003DMP400016766,PGSC0003DMP400016765,PGSC0003DMP400068830,PGSC0003DMP400036695,PGSC0003DMP400036696,PGSC0003DMP400033121,PGSC0003DMP400033122	Sopen02g019570.1,Sopen08g010700.1,Sopen04g029120.1	SPI04g04483.1,SPI08g02861.1,SPI02g02752.1	Solyc04g072930.1.1,Solyc02g070480.4.1,Solyc08g048430.4.1	SLYcer02g03849.1,SLYcer08g03061.1,SLYcer04g05002.1	Capang04g001036,Capang02g001289,Capang01g001506,Capang11g001516,Capang02g000198
OG26633	31	7	Capana12g002025,Capana00g001876,Capana03g001972	PGSC0003DMP400043399,PGSC0003DMP400034024,PGSC0003DMP400010368,PGSC0003DMP400022036,PGSC0003DMP400022037,PGSC0003DMP400034025,PGSC0003DMP400044322,PGSC0003DMP400044323,PGSC0003DMP400043400,PGSC0003DMP400032277	Sopen03g022690.1,Sopen06g018120.1,Sopen11g001670.1,Sopen03g022690.2	SPI03g03380.1,SPI06g03493.1,SPI09g00839.1,SPI11g00320.1	Solyc06g052070.3.1,Solyc11g005710.2.1,Solyc03g082870.4.1	SLYcer11g00161.1,SLYcer10g00421.1,SLYcer06g03579.1,SLYcer03g03292.1	Capang03g001872,Capang12g001746,Capang00g002241
OG26721	33	7	Capana12g002651,Capana08g002051,Capana08g002050,Capana05g001759,Capana08g002055,Capana05g001760,Capana08g002054	PGSC0003DMP400028338,PGSC0003DMP400029348,PGSC0003DMP400022199	Sopen11g004890.1,Sopen05g029950.1,Sopen01g047930.1,Sopen01g047920.1,Sopen01g047950.1,Sopen05g029960.1	SPI05g04418.1,SPI11g00672.1,SPI01g08170.1	Solyc11g009100.2.1,Solyc05g051530.4.1,Solyc01g105387.1.1,Solyc01g105450.4.1	SLYcer11g00530.1,SLYcer10g02545.1,SLYcer01g07932.1,SLYcer01g07927.1	Capang12g002291,Capang01g004609,Capang05g001436,Capang01g004614,Capang01g004612,Capang05g001438
OG26737	34	7	Capana01g001508,Capana09g001605,Capana09g001639	PGSC0003DMP400068205	Sopen09g006830.1,Sopen03g021420.1,Sopen05g009680.1,Sopen09g006840.1,Sopen09g006880.1,Sopen09g006900.1	SPI09g01036.1,SPI03g03202.1,SPI09g01015.1,SPI03g03181.1,SPI09g00993.1,SPI00g03307.1,SPI09g00999.1,SPI09g01030.1	Solyc03g078560.1.1,Solyc09g012010.1.1,Solyc03g078530.1.1,Solyc09g012020.1.1	SLYcer09g01093.1,SLYcer09g01142.1,SLYcer09g01148.1,SLYcer03g03103.1,SLYcer03g03081.1,SLYcer09g01086.1,SLYcer09g01127.1,SLYcer09g01114.1	Capang00g005387,Capang00g001550,Capang09g001222,Capang09g001195
OG26756	34	7	Capana00g004212,Capana04g002414,Capana02g002432,Capana02g002433,Capana02g002434	PGSC0003DMP400057927,PGSC0003DMP400032538,PGSC0003DMP400030526,PGSC0003DMP400030527,PGSC0003DMP400065892,PGSC0003DMP400022734	Sopen02g027210.1,Sopen10g020200.1,Sopen03g005940.1,Sopen02g012550.1,Sopen02g027200.1	SPI02g01885.1,SPI03g00870.1,SPI10g02244.1,SPI02g03558.1	Solyc10g048180.1.1,Solyc02g082520.3.1,Solyc03g032090.1.1,Solyc02g082510.1.1,Solyc02g038811.1.1	SLYcer02g02970.1,SLYcer10g03898.1,SLYcer02g04641.1,SLYcer03g00711.1	Capang02g002174,Capang02g002173,Capang02g002175,Capang01g005154,Capang04g002131
OG26776	35	7	Capana09g000448,Capana05g001315,Capana11g000710,Capana05g001317,Capana11g000709	PGSC0003DMP400013620,PGSC0003DMP400050190,PGSC0003DMP400050188,PGSC0003DMP400050189	Sopen12g002260.1,Sopen09g025480.2,Sopen09g025480.1,Sopen07g023410.1,Sopen05g019720.1	SPI12g00278.1,SPI09g03435.1,SPI07g04636.1,SPI05g02923.1,SPI12g00283.1,SPI12g00280.1	Solyc09g064320.3.1,Solyc05g025510.3.1,Solyc07g044850.3.1,Solyc09g064310.3.1,Solyc12g006300.2.1,Solyc12g006317.1.1	SLYcer12g00249.1,SLYcer09g03542.1,SLYcer07g03924.1,SLYcer12g00246.1,SLYcer05g02341.1	Capang00g001960,Capang00g000179,Capang09g000411,Capang11g000659
OG26846	37	7	Capana05g000364,Capana07g000433,Capana00g003140,Capana10g001439	PGSC0003DMP400027215,PGSC0003DMP400033284,PGSC0003DMP400002240,PGSC0003DMP400015543,PGSC0003DMP400048235,PGSC0003DMP400015542,PGSC0003DMP400015544,PGSC0003DMP400027216,PGSC0003DMP400006174,PGSC0003DMP400027214	Sopen04g005550.1,Sopen10g035730.1,Sopen06g001310.1,Sopen09g005110.1,Sopen11g030690.1	SPI06g00057.1,SPI10g04488.1,SPI09g00802.1,SPI11g04285.1,SPI04g00710.1,SPI10g04472.1	Solyc11g073050.2.1,Solyc06g005350.3.1,Solyc10g086350.2.1,Solyc09g010370.3.1,Solyc04g011360.3.1	SLYcer11g04211.1,SLYcer10g05938.1,SLYcer06g00288.1,SLYcer09g00892.1,SLYcer04g00895.1	Capang00g000316,Capang05g000320
OG26874	38	7	Capana12g000257,Capana11g002234	PGSC0003DMP400027742,PGSC0003DMP400063991,PGSC0003DMP400013222,PGSC0003DMP400001547,PGSC0003DMP400057277	Sopen12g033240.1,Sopen04g002090.1,Sopen04g009780.1,Sopen05g005620.1	SPI12g04133.1,SPI05g00671.1,SPI12g04980.1,SPI04g00269.1,SPI12g03317.1,SPI12g04143.1,SPI03g03401.1,SPI12g03332.1,SPI04g01617.1	Solyc12g098460.2.1,Solyc03g083110.1.1,Solyc04g007000.2.1,Solyc05g009790.1.1,Solyc12g150121.1.1	SLYcer04g00293.1,SLYcer12g03343.1,SLYcer05g00638.1,SLYcer04g01834.1,SLYcer12g05022.1,SLYcer03g03314.1,SLYcer12g03358.1,SLYcer12g04215.1,SLYcer12g04210.1,SLYcer12g04194.1,SLYcer12g04195.1	Capang11g002136,Capang12g000224
OG26893	38	7	Capana02g002425,Capana04g002415,Capana00g004133,Capana04g002492	PGSC0003DMP400048169,PGSC0003DMP400031200,PGSC0003DMP400024150,PGSC0003DMP400031202,PGSC0003DMP400024149,PGSC0003DMP400051202,PGSC0003DMP400032557,PGSC0003DMP400032536,PGSC0003DMP400032559,PGSC0003DMP400024151,PGSC0003DMP400032558,PGSC0003DMP400051201,PGSC0003DMP400032560,PGSC0003DMP400032556,PGSC0003DMP400051203	Sopen03g005930.1,Sopen03g005840.1,Sopen02g027140.1,Sopen02g011960.1	SPI02g01796.1,SPI03g00854.1,SPI03g00869.1,SPI02g03552.1	Solyc02g082450.3.1,Solyc03g031990.4.1,Solyc03g032080.4.1,Solyc02g037550.3.1	SLYcer03g00697.1,SLYcer02g04635.1,SLYcer02g02908.1,SLYcer03g00710.1	Capang02g002167,Capang07g001545,Capang04g002175
OG26926	40	7	Capana01g000511,Capana01g000513,Capana01g004422,Capana01g003581	PGSC0003DMP400022169,PGSC0003DMP400008486,PGSC0003DMP400002299,PGSC0003DMP400045120,PGSC0003DMP400008487,PGSC0003DMP400008488	Sopen10g007580.1,Sopen08g027590.1,Sopen01g036760.1,Sopen08g027600.1,Sopen08g003390.1	SPI01g07085.1,SPI08g06039.1,SPI08g06041.1,SPI08g00349.1,SPI10g00915.1,SPI08g06040.1	Solyc08g150103.1.1,Solyc08g079130.1.1,Solyc01g091030.3.1,Solyc10g018340.1.1,Solyc08g079140.1.1,Solyc08g079150.1.1	SLYcer08g06147.1,SLYcer01g06775.1,SLYcer10g01044.1,SLYcer08g06149.1,SLYcer08g00412.1,SLYcer08g06148.1	Capang01g000454,Capang02g000063,Capang03g002183,Capang08g000514,Capang03g002182,Capang01g000451,Capang03g002184
OG27037	46	7	Capana06g000177,Capana02g001930,Capana06g001400,Capana09g001187,Capana06g001401	PGSC0003DMP400030837,PGSC0003DMP400030838,PGSC0003DMP400027869,PGSC0003DMP400034861,PGSC0003DMP400026856,PGSC0003DMP400027868,PGSC0003DMP400027867,PGSC0003DMP400027870	Sopen06g034840.1,Sopen02g022840.1,Sopen05g022910.1,Sopen06g024040.3,Sopen09g024030.1,Sopen08g002880.1,Sopen08g002880.3,Sopen06g024040.1,Sopen08g002880.2,Sopen06g024040.2	SPI09g03235.1,SPI08g00291.1,SPI06g05298.1,SPI06g04125.1,SPI12g00859.1	Solyc05g026480.2.1,Solyc02g078000.2.1,Solyc09g061290.3.1,Solyc08g006910.4.1,Solyc06g083460.4.1,Solyc06g065640.3.1,Solyc12g013940.1.1	SLYcer05g02728.1,SLYcer08g00355.1,SLYcer06g05406.1,SLYcer12g00813.1,SLYcer09g03309.1,SLYcer06g04263.1	Capang02g001707,Capang06g001335,Capang06g001334,Capang09g000896,Capang06g000154
OG27039	46	7	Capana05g002349,Capana12g002523,Capana04g001726,Capana12g002556	PGSC0003DMP400052030,PGSC0003DMP400055493,PGSC0003DMP400052033,PGSC0003DMP400052031,PGSC0003DMP400052029,PGSC0003DMP400006063,PGSC0003DMP400054604,PGSC0003DMP400006062,PGSC0003DMP400024602,PGSC0003DMP400052032,PGSC0003DMP400013563,PGSC0003DMP400013148,PGSC0003DMP400013149	Sopen05g032440.1,Sopen03g010380.1,Sopen03g015320.1,Sopen03g010380.2,Sopen03g009910.1,Sopen03g010400.1,Sopen11g004230.1	SPI03g02941.1,SPI03g03021.1,SPI11g00601.1,SPI06g03881.1,SPI03g02620.1	Solyc11g008440.3.1,Solyc06g061260.2.1,Solyc06g061270.2.1,Solyc05g054025.1.1,Solyc03g063040.4.1,Solyc03g013160.4.1,Solyc05g053970.2.1,Solyc03g013440.4.1	SLYcer11g00457.1,SLYcer03g02842.1,SLYcer03g02494.1,SLYcer06g04009.1,SLYcer03g02841.1	Capang12g002207,Capang05g001887,Capang12g002175,Capang04g001615
OG27058	47	7	Capana01g003282,Capana02g003385	PGSC0003DMP400003217,PGSC0003DMP400036415,PGSC0003DMP400036418,PGSC0003DMP400064726,PGSC0003DMP400003216	Sopen01g032970.1	SPI01g05605.1,SPI08g03897.1,SPI08g03899.1,SPI01g06590.1,SPI01g05581.1,SPI07g00950.1,SPI08g04137.1,SPI08g04144.1,SPI07g00963.1,SPI01g05609.1,SPI01g05611.1,SPI08g04143.1,SPI01g05600.1,SPI01g05594.1,SPI07g00953.1,SPI08g04067.1,SPI01g05593.1	Solyc01g081400.3.1,Solyc01g150140.1.1,Solyc01g060370.2.1,Solyc07g017470.3.1	SLYcer01g05453.1,SLYcer08g03983.1,SLYcer01g06321.1,SLYcer01g05445.1,SLYcer01g05451.1,SLYcer01g05436.1,SLYcer01g05455.1,SLYcer01g05441.1,SLYcer07g00933.1,SLYcer08g03986.1,SLYcer01g05437.1,SLYcer01g05423.1,SLYcer07g00931.1,SLYcer07g00942.1,SLYcer08g04162.1,SLYcer08g04232.1	Capang02g003121,Capang08g000227
OG27115	51	7	Capana03g003181,Capana04g001108,Capana10g000200,Capana12g000246,Capana07g002444	PGSC0003DMP400038532,PGSC0003DMP400015276,PGSC0003DMP400037462,PGSC0003DMP400008106,PGSC0003DMP400016759,PGSC0003DMP400059308,PGSC0003DMP400037459,PGSC0003DMP400038533,PGSC0003DMP400037460,PGSC0003DMP400016760,PGSC0003DMP400037463,PGSC0003DMP400008107,PGSC0003DMP400016761,PGSC0003DMP400015274	Sopen07g034310.1,Sopen09g036250.1,Sopen04g029060.3,Sopen12g033440.1,Sopen07g034320.1,Sopen10g001700.1,Sopen04g029060.4	SPI04g04478.1,SPI09g04970.1,SPI12g05008.1,SPI07g06368.1,SPI10g00174.1,SPI04g02531.1	Solyc07g066130.1.1,Solyc04g045290.1.1,Solyc07g066140.1.1,Solyc04g072890.4.1,Solyc10g005730.3.1,Solyc09g098330.3.1,Solyc12g098690.2.1	SLYcer10g00310.1,SLYcer04g04997.1,SLYcer07g05651.1,SLYcer07g05650.1,SLYcer09g05280.1,SLYcer04g02771.1,SLYcer12g05050.1	Capang00g003190,Capang04g001050,Capang12g000215,Capang03g003075,Capang07g002440
OG27130	52	7	Capana03g001105,Capana06g001014,Capana03g001103,Capana06g001011,Capana06g001013,Capana03g001104,Capana06g001015,Capana03g001107	PGSC0003DMP400055846,PGSC0003DMP400055847,PGSC0003DMP400031614,PGSC0003DMP400031613,PGSC0003DMP400055792	Sopen03g032140.1,Sopen06g027230.1,Sopen06g027220.1,Sopen03g032140.2,Sopen03g032150.1,Sopen03g032120.1,Sopen06g027210.1,Sopen06g027200.1,Sopen03g032140.4,Sopen03g032140.3	SPI06g04499.1,SPI03g04537.1,SPI03g04535.1,SPI06g04500.1,SPI03g04538.1,SPI06g04498.1,SPI06g04501.1	Solyc06g070920.3.1,Solyc06g070940.4.1,Solyc03g113060.3.1,Solyc06g070960.3.1,Solyc03g113040.4.1,Solyc06g070950.2.1,Solyc03g113070.4.1,Solyc06g070930.3.1	SLYcer03g04486.1,SLYcer03g04488.1,SLYcer06g04639.1,SLYcer06g04642.1,SLYcer06g04641.1,SLYcer03g04489.1,SLYcer06g04640.1	Capang06g000960,Capang06g000956,Capang03g001061,Capang06g000958,Capang03g001058,Capang03g001059,Capang06g000959
OG27133	52	7	Capana06g002818,Capana00g000209,Capana08g002459,Capana07g000481,Capana08g002480,Capana08g002166	PGSC0003DMP400066829,PGSC0003DMP400066709,PGSC0003DMP400044807,PGSC0003DMP400044806,PGSC0003DMP400058490,PGSC0003DMP400044803,PGSC0003DMP400057509,PGSC0003DMP400044805,PGSC0003DMP400067807,PGSC0003DMP400059633,PGSC0003DMP400018858	Sopen02g006830.1,Sopen02g009350.1,Sopen05g025010.1,Sopen01g051140.1,Sopen01g048640.1,Sopen01g051190.1,Sopen01g051160.1,Sopen01g048640.2,Sopen06g015150.1	SPI01g08249.1,SPI01g08513.1,SPI05g03527.1,SPI01g08247.1,SPI01g08511.1,SPI05g02911.1,SPI01g08515.1,SPI02g01306.1,SPI01g08245.1	Solyc01g108950.3.1,Solyc01g106250.4.1,Solyc01g108940.2.1,Solyc01g109030.4.1,Solyc05g041100.3.1,Solyc02g026080.2.1	SLYcer05g02899.1,SLYcer02g02408.1,SLYcer05g02329.1,SLYcer01g08286.1,SLYcer01g08293.1,SLYcer01g08016.1	Capang01g005002,Capang08g001221,Capang01g004710,Capang06g002599,Capang07g000533
OG27150	53	7	Capana06g001830,Capana10g002152,Capana02g003400,Capana03g000765,Capana10g002459,Capana00g002374,Capana05g001149	PGSC0003DMP400053058,PGSC0003DMP400053557,PGSC0003DMP400048999,PGSC0003DMP400010574,PGSC0003DMP400049000,PGSC0003DMP400002547,PGSC0003DMP400053057,PGSC0003DMP400014705,PGSC0003DMP400010213	Sopen05g003900.1,Sopen10g031390.1,Sopen10g029030.1,Sopen03g037680.1,Sopen05g003900.2,Sopen06g019800.1,Sopen04g002780.1,Sopen04g002780.2	SPI06g03690.1,SPI10g03980.1,SPI10g03683.1,SPI02g04108.1,SPI05g00479.1,SPI03g05130.1,SPI04g00360.1	Solyc04g007690.3.1,Solyc10g078370.2.1,Solyc03g118740.3.1,Solyc05g008060.4.1,Solyc02g087660.4.1,Solyc06g059730.3.1,Solyc10g080880.2.1	SLYcer10g05480.1,SLYcer02g05179.1,SLYcer05g00445.1,SLYcer06g03787.1,SLYcer10g05199.1,SLYcer03g05070.1,SLYcer04g00376.1	Capang03g000694,Capang07g000958,Capang10g002223,Capang02g003133,Capang06g001716,Capang05g000982,Capang00g003849,Capang10g001908
OG27181	56	7	Capana12g000311,Capana04g000624,Capana12g000313,Capana12g000788,Capana07g002496,Capana12g000752,Capana12g000308	PGSC0003DMP400065303,PGSC0003DMP400064701,PGSC0003DMP400061609,PGSC0003DMP400068295,PGSC0003DMP400060435	Sopen04g031910.1,Sopen12g030530.1,Sopen05g009550.1,Sopen12g030510.1,Sopen02g002170.1,Sopen12g023530.1	SPI12g04644.1,SPI05g01182.1,SPI09g01291.1,SPI12g04636.1,SPI09g03509.1,SPI12g04639.1,SPI04g04939.1,SPI12g04218.1,SPI12g04643.1,SPI05g01181.1	Solyc12g088540.3.1,Solyc04g078320.4.1,Solyc12g088630.2.1,Solyc09g064770.1.1,Solyc12g049100.3.1,Solyc09g015500.1.1,Solyc05g014420.3.1,Solyc12g088570.3.1,Solyc12g088620.2.1,Solyc05g014460.3.1	SLYcer05g01107.1,SLYcer09g03613.1,SLYcer04g05441.1,SLYcer12g04680.1,SLYcer09g01426.1,SLYcer12g04679.1,SLYcer12g04278.1,SLYcer12g04684.1,SLYcer05g01108.1,SLYcer12g04685.1	Capang12g000261,Capang00g003003,Capang10g001538,Capang04g000591,Capang12g000265,Capang12g000670,Capang00g003997,Capang12g000631
OG27235	62	7	Capana00g003959,Capana11g001082,Capana11g001442,Capana01g002718,Capana08g002490,Capana03g001019,Capana04g002016,Capana02g003164	PGSC0003DMP400003430,PGSC0003DMP400042308,PGSC0003DMP400011929,PGSC0003DMP400017863,PGSC0003DMP400029655,PGSC0003DMP400044997,PGSC0003DMP400044998,PGSC0003DMP400016961,PGSC0003DMP400027359,PGSC0003DMP400039740,PGSC0003DMP400003429	Sopen02g034840.1,Sopen05g008820.1,Sopen01g030180.1,Sopen04g001030.1,Sopen08g020800.1,Sopen03g009100.1,Sopen01g051310.1,Sopen05g002300.1,Sopen03g032900.1	SPI09g03168.1,SPI03g01459.1,SPI01g08523.1,SPI05g01097.1,SPI08g04988.1,SPI03g04611.1,SPI05g00243.1,SPI04g00074.1,SPI03g04407.1	Solyc04g005020.3.1,Solyc03g111780.1.1,Solyc03g113850.1.1,Solyc02g090150.1.1,Solyc01g109120.3.1,Solyc05g006340.3.1,Solyc01g068250.2.1,Solyc03g044830.4.1	SLYcer03g01250.1,SLYcer08g05097.1,SLYcer03g04560.1,SLYcer03g04351.1,SLYcer04g00123.1,SLYcer01g08301.1,SLYcer09g03238.1,SLYcer05g00227.1	Capang02g002869,Capang01g005012,Capang04g001826,Capang11g001400,Capang01g003207,Capang01g002381,Capang11g001063,Capang03g000953,Capang00g002151
OG27293	71	7	Capana03g000468,Capana07g000413,Capana08g001567,Capana03g000524,Capana03g000455,Capana01g000877,Capana01g000876	PGSC0003DMP400019363,PGSC0003DMP400042819,PGSC0003DMP400019361,PGSC0003DMP400019362,PGSC0003DMP400019357,PGSC0003DMP400053821,PGSC0003DMP400019360,PGSC0003DMP400019366,PGSC0003DMP400019367,PGSC0003DMP400024847,PGSC0003DMP400019364,PGSC0003DMP400019358,PGSC0003DMP400019359,PGSC0003DMP400024848,PGSC0003DMP400019370,PGSC0003DMP400019356,PGSC0003DMP400019365,PGSC0003DMP400042818,PGSC0003DMP400019368,PGSC0003DMP400019369,PGSC0003DMP400019373,PGSC0003DMP400019371,PGSC0003DMP400019372,PGSC0003DMP400053822	Sopen03g035660.1,Sopen08g009970.3,Sopen01g043580.1,Sopen08g024680.2,Sopen08g024680.1,Sopen08g009970.1,Sopen03g036250.1,Sopen03g036260.1,Sopen03g036280.1,Sopen07g003920.1,Sopen08g009970.2,Sopen07g003920.2,Sopen01g043580.2	SPI08g05709.1,SPI03g04929.1,SPI03g04990.1,SPI01g07723.1,SPI03g04992.1,SPI07g00547.1,SPI08g04132.1	Solyc03g117360.4.1,Solyc08g029050.4.1,Solyc03g116750.3.1,Solyc07g008040.4.1,Solyc03g117370.3.1,Solyc01g100050.3.1,Solyc08g076030.3.1	SLYcer01g07550.1,SLYcer03g04933.1,SLYcer07g00493.1,SLYcer08g04227.1,SLYcer03g04935.1,SLYcer08g05822.1,SLYcer03g04871.1	Capang01g000789,Capang07g000461,Capang03g000412,Capang03g000482,Capang03g000427,Capang01g004115
OG27302	73	7	Capana07g001347,Capana02g001440,Capana02g000532,Capana01g003886,Capana01g003887,Capana02g001343,Capana01g003912,Capana01g003911,Capana02g001439,Capana06g002923	PGSC0003DMP400066752,PGSC0003DMP400010398,PGSC0003DMP400011395,PGSC0003DMP400010397,PGSC0003DMP400036566,PGSC0003DMP400011183,PGSC0003DMP400035622,PGSC0003DMP400010399,PGSC0003DMP400036565,PGSC0003DMP400035621,PGSC0003DMP400062614,PGSC0003DMP400035619,PGSC0003DMP400036564,PGSC0003DMP400010380,PGSC0003DMP400011398,PGSC0003DMP400011399	Sopen07g024970.1,Sopen08g004590.1,Sopen08g002910.1,Sopen08g002890.1,Sopen03g040890.2,Sopen03g040890.1,Sopen03g040880.1,Sopen08g004670.1,Sopen08g004650.1,Sopen08g004590.2	SPI08g00583.1,SPI08g00857.1,SPI08g00294.1,SPI08g00573.1,SPI08g00582.1,SPI08g00293.1,SPI07g05074.1,SPI08g00295.1,SPI08g00815.1,SPI08g00581.1,SPI03g05468.1	Solyc08g013790.2.1,Solyc08g013820.3.1,Solyc08g006940.4.1,Solyc08g013800.4.1,Solyc08g013805.2.1,Solyc08g006920.3.1,Solyc08g013750.3.1,Solyc08g013780.1.1,Solyc03g122100.3.1,Solyc07g049570.3.1	SLYcer03g05433.1,SLYcer08g00606.1,SLYcer08g00837.1,SLYcer08g00611.1,SLYcer08g00607.1,SLYcer08g00359.1,SLYcer07g04369.1,SLYcer08g00358.1,SLYcer08g00357.1,SLYcer08g00600.1	Capang07g001377,Capang02g001274,Capang02g001275,Capang08g000808,Capang02g000476,Capang00g004411
OG27337	79	7	Capana00g002431,Capana03g003547,Capana02g001306,Capana03g004364,Capana06g001405,Capana06g000153,Capana06g002980,Capana08g000749,Capana00g002430,Capana09g001267,Capana03g004407	PGSC0003DMP400057435,PGSC0003DMP400045265,PGSC0003DMP400025916,PGSC0003DMP400020547,PGSC0003DMP400038093,PGSC0003DMP400025571,PGSC0003DMP400068682,PGSC0003DMP400066598,PGSC0003DMP400060524,PGSC0003DMP400064453,PGSC0003DMP400034817,PGSC0003DMP400064292,PGSC0003DMP400045264,PGSC0003DMP400059729,PGSC0003DMP400038092,PGSC0003DMP400061859	Sopen09g034760.1,Sopen09g034070.1,Sopen08g022020.1,Sopen09g029280.1,Sopen09g025400.1,Sopen06g002890.1,Sopen06g024050.1,Sopen09g025350.1,Sopen06g035120.1	SPI07g03798.1,SPI09g04080.1,SPI09g04804.1,SPI06g05323.1,SPI09g04705.1,SPI08g05131.1,SPI09g04789.1,SPI09g03413.1,SPI06g04124.1,SPI06g00270.1,SPI09g03415.1	Solyc06g065630.3.1,Solyc06g083700.4.1,Solyc06g008050.4.1,Solyc09g074430.4.1,Solyc09g091870.2.1,Solyc09g064160.3.1,Solyc08g065700.3.1,Solyc08g068160.2.1,Solyc09g091720.1.1,Solyc09g091090.2.1,Solyc02g005410.3.1	SLYcer09g04274.1,SLYcer06g04262.1,SLYcer09g05125.1,SLYcer07g03086.1,SLYcer09g03526.1,SLYcer08g05242.1,SLYcer09g03524.1,SLYcer06g05432.1,SLYcer02g00386.1,SLYcer09g05038.1,SLYcer09g05109.1	Capang03g003916,Capang03g003456,Capang03g004219,Capang06g000131,Capang03g004174,Capang01g003397,Capang00g004456,Capang02g001146,Capang00g002066,Capang06g002743
OG27345	81	7	Capana03g002369,Capana03g002329	PGSC0003DMP400052613,PGSC0003DMP400025254,PGSC0003DMP400065796,PGSC0003DMP400025286,PGSC0003DMP400025250,PGSC0003DMP400025249,PGSC0003DMP400052612,PGSC0003DMP400041611,PGSC0003DMP400025257,PGSC0003DMP400025242,PGSC0003DMP400025252,PGSC0003DMP400025255,PGSC0003DMP400025256,PGSC0003DMP400025258,PGSC0003DMP400029287	Sopen03g004730.1,Sopen03g004750.1,Sopen03g026740.1,Sopen03g004760.1	SPI01g02637.1,SPI06g00417.1,SPI01g02125.1,SPI01g02103.1,SPI03g00699.1,SPI01g02371.1,SPI01g02204.1,SPI01g02072.1,SPI03g02580.1,SPI03g00755.1,SPI03g00756.1,SPI01g02638.1,SPI03g00700.1,SPI03g02578.1,SPI01g02094.1,SPI03g00701.1,SPI01g02089.1,SPI03g00753.1,SPI03g00754.1,SPI06g00416.1,SPI06g00418.1	Solyc01g015180.1.1,Solyc01g150123.1.1,Solyc03g026400.3.1,Solyc06g009250.2.1,Solyc03g026410.3.1,Solyc01g015130.1.1,Solyc03g062800.1.1,Solyc03g025920.4.1,Solyc03g062810.1.1,Solyc03g025940.3.1,Solyc03g025930.4.1,Solyc03g096620.3.1,Solyc01g017820.3.1	SLYcer03g00481.1,SLYcer03g00480.1,SLYcer03g00532.1,SLYcer01g02318.1,SLYcer01g02018.1,SLYcer06g00637.1,SLYcer01g02562.1,SLYcer01g02317.1,SLYcer03g00479.1,SLYcer03g02452.1,SLYcer01g01992.1,SLYcer03g00531.1,SLYcer03g00533.1,SLYcer03g00534.1,SLYcer03g00535.1,SLYcer01g02011.1,SLYcer06g00638.1,SLYcer01g02300.1,SLYcer06g00639.1,SLYcer01g02564.1,SLYcer03g02454.1,SLYcer06g00635.1	Capang03g002291,Capang03g002238,Capang03g002284,Capang03g002239
OG27363	85	7	Capana10g001861,Capana10g001860,Capana10g002005,Capana00g001328,Capana10g001858,Capana00g001595,Capana00g001594,Capana10g001862,Capana00g001329,Capana09g002232,Capana06g000524,Capana10g001859	PGSC0003DMP400038499,PGSC0003DMP400048995,PGSC0003DMP400049116,PGSC0003DMP400048993,PGSC0003DMP400049190,PGSC0003DMP400068548,PGSC0003DMP400018525,PGSC0003DMP400006907,PGSC0003DMP400048992,PGSC0003DMP400014202,PGSC0003DMP400048994,PGSC0003DMP400006908,PGSC0003DMP400012704,PGSC0003DMP400048996	Sopen10g033460.1,Sopen06g031350.1,Sopen09g002980.1,Sopen11g027820.1,Sopen10g032800.1,Sopen09g002970.1,Sopen07g034720.1,Sopen10g033480.1	SPI11g03939.1,SPI10g04238.1,SPI10g04241.1,SPI07g06412.1,SPI09g00329.1,SPI10g04236.1,SPI10g04237.1,SPI06g04919.1,SPI10g04164.1,SPI10g04239.1	Solyc09g008170.3.1,Solyc11g069093.1.1,Solyc10g150147.1.1,Solyc10g084020.1.1,Solyc06g074950.1.1,Solyc09g008175.1.1,Solyc10g084010.1.1,Solyc10g083320.3.1,Solyc07g066560.1.1,Solyc10g150148.1.1	SLYcer10g05710.1,SLYcer10g05706.1,SLYcer10g05707.1,SLYcer06g05059.1,SLYcer10g05705.1,SLYcer09g00417.1,SLYcer09g00416.1,SLYcer10g05638.1,SLYcer11g03876.1,SLYcer10g05708.1,SLYcer07g05695.1	Capang10g001640,Capang09g001740,Capang10g001630,Capang10g001636,Capang10g001766,Capang10g001644,Capang10g001629,Capang10g001634,Capang09g001739,Capang10g001641,Capang10g001632,Capang10g001635,Capang07g001439,Capang09g001741,Capang00g003567,Capang00g004914,Capang00g003865,Capang10g001638,Capang10g001633,Capang10g001639
OG27384	89	7	Capana08g002736,Capana02g001855,Capana02g000559,Capana08g001439,Capana09g000287,Capana09g001435,Capana02g002553,Capana04g002352,Capana05g002180,Capana04g002378,Capana03g000994,Capana01g003422	PGSC0003DMP400022833,PGSC0003DMP400042559,PGSC0003DMP400015200,PGSC0003DMP400000605,PGSC0003DMP400006396,PGSC0003DMP400015201,PGSC0003DMP400022830,PGSC0003DMP400003042,PGSC0003DMP400039111,PGSC0003DMP400018964,PGSC0003DMP400000606,PGSC0003DMP400010977,PGSC0003DMP400049801,PGSC0003DMP400041286,PGSC0003DMP400022831,PGSC0003DMP400042561,PGSC0003DMP400042562,PGSC0003DMP400021153,PGSC0003DMP400000604,PGSC0003DMP400010978,PGSC0003DMP400018965,PGSC0003DMP400039110	Sopen03g006190.1,Sopen02g012980.1,Sopen09g026850.1,Sopen07g008780.1,Sopen01g053600.1,Sopen03g033120.1,Sopen12g003190.1,Sopen12g003190.2,Sopen01g042460.1,Sopen02g022300.1,Sopen02g028360.1,Sopen01g035620.1	SPI03g01007.1,SPI01g08758.1,SPI02g03029.1,SPI01g06896.1,SPI09g03578.1,SPI02g03663.1,SPI12g00386.1,SPI07g01375.1,SPI02g01955.1,SPI03g04640.1	Solyc01g098920.4.1,Solyc07g020800.3.1,Solyc09g065130.4.1,Solyc02g062020.3.1,Solyc01g111560.3.1,Solyc02g077400.4.1,Solyc03g114070.3.1,Solyc12g007210.2.1,Solyc03g033420.4.1,Solyc01g088780.3.1,Solyc02g083580.4.1	SLYcer01g08532.1,SLYcer02g04134.1,SLYcer01g06635.1,SLYcer07g01351.1,SLYcer12g00356.1,SLYcer03g04586.1,SLYcer01g07661.1,SLYcer02g04751.1,SLYcer09g03682.1,SLYcer03g00841.1	Capang09g000274,Capang09g001011,Capang04g002080,Capang08g000361,Capang02g002291,Capang02g001637,Capang04g002101,Capang01g004000,Capang01g005320,Capang01g004235,Capang03g000941,Capang02g000484
OG27424	101	7	Capana09g001199,Capana09g002164,Capana11g000611,Capana03g001382,Capana00g004126,Capana00g001997,Capana04g002498,Capana00g000236,Capana01g000109,Capana09g000452,Capana00g001906,Capana04g002497,Capana10g001461,Capana00g004127,Capana04g002496,Capana04g001778,Capana00g000130,Capana09g002055	PGSC0003DMP400050215,PGSC0003DMP400032529,PGSC0003DMP400027884,PGSC0003DMP400000261,PGSC0003DMP400021708,PGSC0003DMP400037379,PGSC0003DMP400032530,PGSC0003DMP400032526,PGSC0003DMP400050217,PGSC0003DMP400032528,PGSC0003DMP400027883,PGSC0003DMP400037381,PGSC0003DMP400050216,PGSC0003DMP400032531,PGSC0003DMP400048339,PGSC0003DMP400025461,PGSC0003DMP400010270,PGSC0003DMP400021707,PGSC0003DMP400050218,PGSC0003DMP400037382	Sopen12g002300.1,Sopen03g005820.2,Sopen11g008490.1,Sopen08g004260.1,Sopen12g002300.2,Sopen03g005820.1,Sopen08g030870.1,Sopen08g004260.2,Sopen02g011930.1,Sopen10g035510.1,Sopen09g002650.1,Sopen02g011920.1,Sopen07g023180.1	SPI03g00852.1,SPI12g00286.1,SPI02g01794.1,SPI08g00535.1,SPI07g04605.1,SPI10g04450.1,SPI08g06391.1,SPI09g00282.1,SPI12g00288.1,SPI11g01046.1	Solyc09g007810.4.1,Solyc08g082630.3.1,Solyc12g006340.3.1,Solyc02g037530.3.1,Solyc12g006350.3.1,Solyc10g086130.3.1,Solyc07g043610.3.1,Solyc07g043620.3.1,Solyc03g031970.4.1,Solyc11g013480.3.1,Solyc08g008380.4.1	SLYcer09g00375.1,SLYcer03g00695.1,SLYcer12g00252.1,SLYcer12g00254.1,SLYcer10g05916.1,SLYcer07g03891.1,SLYcer11g00897.1,SLYcer02g02906.1,SLYcer08g00561.1,SLYcer08g06486.1,SLYcer07g03890.1	Capang02g001413,Capang04g001663,Capang09g000407,Capang09g001337,Capang09g000913,Capang03g000191,Capang10g001235,Capang10g002155,Capang03g003380,Capang09g001686,Capang01g003322,Capang00g003509,Capang01g000102,Capang03g001319,Capang11g000560,Capang00g004357,Capang08g001323,Capang04g002178
OG27492	138	7	Capana00g002644,Capana03g000310,Capana01g001423,Capana03g003343,Capana03g000311,Capana00g000845,Capana09g000285,Capana00g002758,Capana06g003073,Capana04g000808,Capana08g001238,Capana03g000299,Capana03g004567,Capana03g004568,Capana06g002018,Capana06g000110,Capana06g001308,Capana07g000990,Capana02g000711	PGSC0003DMP400000747,PGSC0003DMP400004537,PGSC0003DMP400010842,PGSC0003DMP400028515,PGSC0003DMP400034949,PGSC0003DMP400000748,PGSC0003DMP400010816,PGSC0003DMP400010844,PGSC0003DMP400035574,PGSC0003DMP400010843,PGSC0003DMP400032527,PGSC0003DMP400004725,PGSC0003DMP400023793,PGSC0003DMP400028876,PGSC0003DMP400004726,PGSC0003DMP400009456,PGSC0003DMP400033829,PGSC0003DMP400004724,PGSC0003DMP400011339,PGSC0003DMP400028514,PGSC0003DMP400033533,PGSC0003DMP400051083,PGSC0003DMP400009432,PGSC0003DMP400011340,PGSC0003DMP400028445	Sopen03g001400.1,Sopen09g027640.1,Sopen06g025080.1,Sopen03g039380.1,Sopen06g018970.1,Sopen06g018950.1,Sopen06g035460.1,Sopen03g039270.1,Sopen06g003340.1,Sopen00g009470.1,Sopen09g032210.2,Sopen12g032790.1,Sopen12g003200.1,Sopen06g003360.1,Sopen05g004610.1,Sopen03g039290.1,Sopen09g032210.1,Sopen09g032200.1,Sopen06g035460.2,Sopen01g040960.1	SPI03g05315.1,SPI06g04262.1,SPI03g05307.1,SPI12g00388.1,SPI09g04509.1,SPI06g05363.1,SPI12g04924.1,SPI06g03582.1,SPI06g00327.1,SPI09g04508.1,SPI05g00563.1,SPI09g03709.1,SPI01g07449.1,SPI04g04784.1,SPI06g03584.1,SPI03g00225.1,SPI04g03600.1,SPI06g00326.1	Solyc06g084070.3.1,Solyc06g053830.3.1,Solyc04g054280.2.1,Solyc09g065850.4.1,Solyc03g120500.4.1,Solyc06g053840.3.1,Solyc05g008850.4.1,Solyc04g076850.3.1,Solyc09g083290.3.1,Solyc12g007230.2.1,Solyc09g083280.3.1,Solyc12g096980.3.1,Solyc06g008590.3.1,Solyc03g120380.3.1,Solyc03g120390.3.1,Solyc06g008580.3.1,Solyc01g097290.4.1	SLYcer05g00530.1,SLYcer12g04966.1,SLYcer04g03891.1,SLYcer03g05256.1,SLYcer06g03671.1,SLYcer03g00062.1,SLYcer09g04849.1,SLYcer09g03788.1,SLYcer06g04399.1,SLYcer06g05471.1,SLYcer06g00549.1,SLYcer06g03673.1,SLYcer01g07828.1,SLYcer03g05271.1,SLYcer09g04848.1,SLYcer06g00550.1,SLYcer04g05293.1,SLYcer12g00358.1	Capang00g001611,Capang09g000272,Capang03g004373,Capang03g000287,Capang03g003279,Capang03g000288,Capang01g003821,Capang07g001633,Capang01g000800,Capang06g000093,Capang02g000598,Capang03g000276,Capang00g001118,Capang01g001243,Capang04g000768,Capang06g001269,Capang00g002372,Capang06g002823,Capang06g002824,Capang03g004372,Capang12g000299
OG27505	144	7	Capana02g003614,Capana03g001379,Capana04g002888,Capana04g000780,Capana05g000336,Capana05g000762,Capana02g003616,Capana07g002429,Capana11g000230,Capana11g000398,Capana07g002432,Capana02g003615,Capana05g001770,Capana06g001752,Capana04g000106,Capana07g002431,Capana04g000098,Capana07g002430,Capana04g001881,Capana08g002210,Capana12g000826,Capana04g001588,Capana11g002248,Capana01g002046	PGSC0003DMP400030901,PGSC0003DMP400006005,PGSC0003DMP400038553,PGSC0003DMP400038558,PGSC0003DMP400038554,PGSC0003DMP400035220,PGSC0003DMP400038556,PGSC0003DMP400010691,PGSC0003DMP400020726,PGSC0003DMP400008840,PGSC0003DMP400020470,PGSC0003DMP400030902,PGSC0003DMP400032500,PGSC0003DMP400019193,PGSC0003DMP400001563,PGSC0003DMP400026660,PGSC0003DMP400011247,PGSC0003DMP400010690,PGSC0003DMP400038552,PGSC0003DMP400017598,PGSC0003DMP400020865,PGSC0003DMP400029354,PGSC0003DMP400020471,PGSC0003DMP400001562,PGSC0003DMP400038555,PGSC0003DMP400017461,PGSC0003DMP400030468,PGSC0003DMP400020862,PGSC0003DMP400008841,PGSC0003DMP400035219	Sopen02g038510.1,Sopen11g001070.1,Sopen07g034210.2,Sopen04g035850.2,Sopen04g035850.1,Sopen02g038520.1,Sopen12g030190.1,Sopen04g030700.1,Sopen10g025520.1,Sopen12g013380.1,Sopen01g049110.1,Sopen02g038500.1,Sopen07g034200.1,Sopen07g034210.1,Sopen06g020230.1,Sopen05g005520.1,Sopen03g030210.1,Sopen04g005770.1	SPI05g01191.1,SPI01g08299.1,SPI04g04806.1,SPI11g00250.1,SPI10g03334.1,SPI10g03333.1,SPI12g04596.1,SPI04g00738.1,SPI02g04703.1,SPI03g04336.1,SPI06g03730.1,SPI04g05336.1,SPI07g06357.1,SPI05g00662.1,SPI12g02283.1	Solyc04g011590.3.1,Solyc10g055750.1.1,Solyc12g027880.3.1,Solyc05g009700.4.1,Solyc04g082220.3.1,Solyc07g066020.2.1,Solyc02g093860.3.1,Solyc10g055740.2.1,Solyc12g027890.1.1,Solyc12g088190.2.1,Solyc04g077050.3.1,Solyc05g014530.1.1,Solyc06g060110.3.1,Solyc01g106800.4.1,Solyc03g111040.2.1,Solyc02g093870.4.1,Solyc07g066010.3.1,Solyc11g005070.2.1	SLYcer11g00086.1,SLYcer04g05314.1,SLYcer04g00923.1,SLYcer10g04844.1,SLYcer06g03827.1,SLYcer12g02514.1,SLYcer01g08067.1,SLYcer04g05823.1,SLYcer07g05639.1,SLYcer05g00629.1,SLYcer07g05638.1,SLYcer05g01121.1,SLYcer10g04842.1,SLYcer02g05782.1,SLYcer12g04640.1,SLYcer03g04277.1	Capang11g002150,Capang00g001041,Capang01g004759,Capang12g001385,Capang12g000704,Capang03g001316,Capang05g001452,Capang06g001648,Capang04g000742,Capang11g000386,Capang07g002428,Capang05g000649,Capang02g003333,Capang05g000292,Capang04g000087,Capang04g001490,Capang02g003334,Capang04g002490,Capang01g001753,Capang00g000639,Capang04g000095,Capang02g003335,Capang11g000225
OG27515	151	7	Capana02g000758,Capana02g000756,Capana03g002562,Capana02g000747	PGSC0003DMP400004999,PGSC0003DMP400067145,PGSC0003DMP400005000,PGSC0003DMP400029745,PGSC0003DMP400065457,PGSC0003DMP400062767,PGSC0003DMP400068613,PGSC0003DMP400004998,PGSC0003DMP400025606,PGSC0003DMP400057492,PGSC0003DMP400023208	Sopen02g015460.1,Sopen02g015540.1,Sopen02g015560.1,Sopen00g004350.1,Sopen05g014200.1,Sopen05g014190.1,Sopen02g026380.1,Sopen02g005730.1,Sopen02g015520.1,Sopen02g015510.1,Sopen01g007270.1,Sopen03g007420.1,Sopen02g005730.2	SPI05g02119.1,SPI03g01202.1,SPI05g02126.1,SPI01g03134.1,SPI08g00959.1,SPI02g02279.1,SPI03g01169.1,SPI03g01158.1,SPI01g01683.1,SPI03g01189.1,SPI05g02121.1,SPI07g01268.1,SPI11g03498.1,SPI03g01172.1,SPI11g02614.1,SPI05g02125.1,SPI03g01174.1,SPI11g02632.1,SPI11g03502.1,SPI01g01497.1,SPI03g01185.1,SPI07g01273.1,SPI03g01190.1,SPI01g03129.1,SPI11g02615.1,SPI01g02180.1,SPI01g01468.1,SPI01g02116.1,SPI11g02618.1,SPI01g02185.1,SPI01g03131.1,SPI01g03122.1,SPI03g01303.1,SPI01g03119.1,SPI03g01168.1,SPI01g01684.1,SPI01g01587.1,SPI01g01663.1,SPI02g03459.1,SPI02g02273.1,SPI03g01211.1,SPI03g01201.1,SPI03g01210.1,SPI03g01214.1,SPI00g02744.1,SPI01g02136.1,SPI02g01134.1,SPI03g01156.1,SPI03g01186.1,SPI02g02275.1	Solyc00g500220.1.1,Solyc01g015210.1.1,Solyc03g036477.2.1,Solyc01g034190.1.1,Solyc02g021260.3.1,Solyc00g500097.1.1,Solyc00g500092.1.1,Solyc00g500221.1.1,Solyc02g081780.3.1,Solyc02g065310.1.1,Solyc02g065350.3.1,Solyc03g042500.1.1,Solyc03g043580.3.1,Solyc00g500222.1.1,Solyc02g065340.3.1,Solyc05g017740.1.1,Solyc01g013995.2.1,Solyc00g011660.1.1,Solyc00g500093.1.1,Solyc01g016300.1.1,Solyc00g500219.1.1,Solyc11g045450.3.1,Solyc07g019480.1.1	SLYcer00g03830.1,SLYcer08g00998.1,SLYcer00g03834.1,SLYcer01g02106.1,SLYcer03g00995.1,SLYcer00g03836.1,SLYcer02g04565.1,SLYcer00g03828.1,SLYcer01g03030.1,SLYcer11g03428.1,SLYcer01g01438.1,SLYcer05g01623.1,SLYcer03g00997.1,SLYcer03g01016.1,SLYcer03g01005.1,SLYcer01g01523.1,SLYcer03g01013.1,SLYcer03g01012.1,SLYcer05g01624.1,SLYcer00g03857.1,SLYcer11g02560.1,SLYcer01g03026.1,SLYcer07g01247.1,SLYcer07g01252.1,SLYcer01g03036.1,SLYcer01g02111.1,SLYcer01g01588.1,SLYcer01g01553.1,SLYcer01g03038.1,SLYcer01g02058.1,SLYcer01g03452.1,SLYcer02g03388.1,SLYcer03g01098.1,SLYcer00g03859.1,SLYcer02g03391.1,SLYcer00g03861.1,SLYcer11g02558.1,SLYcer11g02563.1,SLYcer01g01589.1,SLYcer02g03386.1,SLYcer00g03844.1,SLYcer01g02038.1,SLYcer01g03041.1,SLYcer05g01618.1,SLYcer05g01619.1,SLYcer01g01407.1	Capang02g000676,Capang02g000663,Capang02g000678,Capang02g000675
OG27521	162	7	Capana04g002544,Capana02g003021,Capana03g001583,Capana02g000676,Capana05g001005,Capana08g002278,Capana08g001036,Capana01g001928,Capana10g000405,Capana07g001662,Capana07g001573,Capana10g000854	PGSC0003DMP400044853,PGSC0003DMP400043380,PGSC0003DMP400046369,PGSC0003DMP400037585,PGSC0003DMP400025582,PGSC0003DMP400000217,PGSC0003DMP400043417,PGSC0003DMP400032009,PGSC0003DMP400043383,PGSC0003DMP400043418,PGSC0003DMP400033488,PGSC0003DMP400056257,PGSC0003DMP400044854,PGSC0003DMP400043384,PGSC0003DMP400046367,PGSC0003DMP400000216,PGSC0003DMP400043379,PGSC0003DMP400045440,PGSC0003DMP400043416,PGSC0003DMP400044852,PGSC0003DMP400037771,PGSC0003DMP400046368,PGSC0003DMP400043377,PGSC0003DMP400000215,PGSC0003DMP400043381,PGSC0003DMP400037770,PGSC0003DMP400043415,PGSC0003DMP400043378,PGSC0003DMP400056258,PGSC0003DMP400043351,PGSC0003DMP400043382,PGSC0003DMP400034515	Sopen12g001290.1,Sopen10g004340.1,Sopen06g014900.1,Sopen10g005410.1,Sopen10g005450.1,Sopen07g026580.1,Sopen01g039330.1,Sopen10g005440.1,Sopen02g037370.1,Sopen01g049630.1,Sopen05g028710.1,Sopen02g014930.1,Sopen10g002550.1,Sopen07g031970.1,Sopen06g014910.1,Sopen10g030510.1,Sopen07g028470.1,Sopen10g005420.1,Sopen01g049640.1,Sopen10g002560.1	SPI10g00265.1,SPI10g00613.1,SPI12g00162.1,SPI10g00608.1,SPI08g05169.1,SPI01g08357.1,SPI10g00609.1,SPI10g00604.1,SPI07g06137.1,SPI10g00264.1,SPI10g00459.1,SPI06g03110.1,SPI10g00614.1,SPI01g07286.1,SPI10g00606.1,SPI10g00602.1,SPI10g00611.1,SPI07g05709.1,SPI02g04598.1,SPI10g00607.1,SPI10g00263.1,SPI06g03111.1,SPI05g04243.1,SPI06g03109.1,SPI07g05529.1,SPI02g02211.1,SPI01g08361.1,SPI10g00601.1	Solyc00g500214.1.1,Solyc10g011660.3.1,Solyc02g092820.4.1,Solyc07g063850.3.1,Solyc10g008520.3.1,Solyc01g107390.4.1,Solyc10g006615.1.1,Solyc00g500218.1.1,Solyc10g009620.3.1,Solyc10g009610.2.1,Solyc00g500285.1.1,Solyc00g500213.1.1,Solyc10g011650.3.1,Solyc12g005310.2.1,Solyc10g009600.1.1,Solyc00g500284.1.1,Solyc05g050290.3.1,Solyc07g054580.3.1,Solyc10g006610.4.1,Solyc00g500286.1.1,Solyc06g048710.2.1,Solyc07g053030.4.1,Solyc08g068490.3.1,Solyc00g266110.1.1,Solyc10g006630.3.1,Solyc00g254910.1.1,Solyc02g064830.4.1,Solyc05g050280.3.1,Solyc01g095580.3.1,Solyc00g500287.1.1,Solyc00g322630.1.1,Solyc00g500216.1.1	SLYcer01g07036.1,SLYcer01g08131.1,SLYcer06g03207.1,SLYcer10g00735.1,SLYcer10g00743.1,SLYcer07g05419.1,SLYcer08g05274.1,SLYcer10g00396.1,SLYcer10g00736.1,SLYcer07g04981.1,SLYcer10g02729.1,SLYcer10g00741.1,SLYcer10g00740.1,SLYcer02g03325.1,SLYcer10g02724.1,SLYcer07g04810.1,SLYcer02g05679.1,SLYcer10g00738.1,SLYcer10g00395.1,SLYcer12g00114.1,SLYcer01g08126.1,SLYcer06g03206.1,SLYcer10g00739.1,SLYcer10g00598.1	Capang10g000304,Capang07g002279,Capang07g001658,Capang02g000561,Capang07g001562,Capang01g004830,Capang02g002739,Capang10g000034,Capang01g003607,Capang01g001645,Capang00g000777,Capang10g000666,Capang00g005327,Capang10g000035
OG27524	163	7	Capana11g001735,Capana00g002511,Capana00g002517,Capana00g002514,Capana11g001716,Capana00g002654,Capana11g001753,Capana11g001727,Capana00g002523,Capana00g002521,Capana11g001713,Capana11g001749,Capana00g002516	PGSC0003DMP400028963,PGSC0003DMP400028972,PGSC0003DMP400023569,PGSC0003DMP400061742,PGSC0003DMP400028960,PGSC0003DMP400023564,PGSC0003DMP400028968,PGSC0003DMP400028964,PGSC0003DMP400028962,PGSC0003DMP400026425,PGSC0003DMP400029004,PGSC0003DMP400028994,PGSC0003DMP400023440,PGSC0003DMP400068646,PGSC0003DMP400023441,PGSC0003DMP400008960,PGSC0003DMP400028967,PGSC0003DMP400008923,PGSC0003DMP400038038,PGSC0003DMP400028974,PGSC0003DMP400028965,PGSC0003DMP400028970,PGSC0003DMP400023445,PGSC0003DMP400023667,PGSC0003DMP400058737,PGSC0003DMP400008963,PGSC0003DMP400023438,PGSC0003DMP400038035,PGSC0003DMP400008962,PGSC0003DMP400028993,PGSC0003DMP400023666,PGSC0003DMP400028969,PGSC0003DMP400028966,PGSC0003DMP400028992,PGSC0003DMP400038037,PGSC0003DMP400023568,PGSC0003DMP400023437,PGSC0003DMP400029006,PGSC0003DMP400028961,PGSC0003DMP400023439,PGSC0003DMP400028973,PGSC0003DMP400038036,PGSC0003DMP400026424	Sopen11g006490.1,Sopen10g023290.1,Sopen11g006520.1,Sopen10g023330.1,Sopen04g023290.1,Sopen04g023320.1,Sopen11g006560.1,Sopen04g023270.1,Sopen04g023330.1,Sopen11g006470.1,Sopen10g023310.1,Sopen04g023310.1,Sopen11g006510.1,Sopen11g006550.1,Sopen10g023320.1,Sopen11g006530.1,Sopen11g006480.1,Sopen11g006540.1,Sopen04g023300.1,Sopen04g012620.1	SPI11g00839.1,SPI11g00844.1,SPI10g02884.1,SPI11g00836.1,SPI11g00837.1,SPI10g02875.1,SPI04g03514.1,SPI04g03495.1,SPI10g02878.1,SPI10g02879.1,SPI11g00846.1,SPI04g03507.1,SPI04g03496.1,SPI04g03515.1,SPI10g02881.1,SPI04g03509.1,SPI04g03513.1,SPI11g00843.1,SPI11g00845.1,SPI11g00840.1,SPI10g02877.1,SPI11g00842.1	Solyc04g052910.3.1,Solyc04g053010.1.1,Solyc11g011670.1.1,Solyc11g011673.1.1,Solyc04g052960.1.1,Solyc11g011630.3.1,Solyc11g011660.1.1,Solyc10g052565.1.1,Solyc04g052990.1.1,Solyc10g052530.1.1,Solyc04g053030.1.1,Solyc11g011690.1.1,Solyc04g052980.1.1,Solyc04g052890.3.1,Solyc11g011640.1.1,Solyc11g011730.1.1,Solyc11g011710.1.1,Solyc04g053020.2.1,Solyc10g052550.1.1,Solyc10g052590.1.1,Solyc10g052560.1.1	SLYcer04g03802.1,SLYcer11g00693.1,SLYcer04g03799.1,SLYcer10g04377.1,SLYcer04g03795.1,SLYcer10g04380.1,SLYcer04g03797.1,SLYcer10g04379.1,SLYcer04g03798.1,SLYcer10g04375.1,SLYcer10g04376.1,SLYcer04g03793.1,SLYcer04g03783.1,SLYcer04g03788.1,SLYcer11g00683.1,SLYcer11g00692.1,SLYcer04g03782.1,SLYcer11g00691.1,SLYcer10g04373.1,SLYcer11g00695.1	Capang12g001673,Capang11g001674,Capang12g002419,Capang11g001702,Capang11g001657,Capang09g001514,Capang03g003373,Capang11g001697,Capang12g002188,Capang11g001712,Capang00g000856,Capang11g001708,Capang11g001698,Capang11g001705,Capang12g002187,Capang11g001699,Capang11g001693,Capang11g001660,Capang11g001671,Capang11g001672,Capang12g001289,Capang12g002186,Capang11g001707,Capang11g001695
OG27533	172	7	Capana01g003983,Capana03g002292,Capana03g001323,Capana00g001607,Capana00g004495,Capana01g004070,Capana03g003864,Capana01g003985,Capana00g003885,Capana05g000106,Capana01g004046,Capana00g000515,Capana01g003987,Capana01g003988,Capana01g004069,Capana01g004072,Capana00g003881,Capana03g002450,Capana06g002800,Capana01g004073,Capana03g001327,Capana01g004083,Capana00g003884,Capana00g002998,Capana11g000157,Capana00g004493,Capana06g000626,Capana03g001325,Capana01g003977,Capana01g004074,Capana01g003975,Capana03g002448	PGSC0003DMP400056863,PGSC0003DMP400047334,PGSC0003DMP400054031,PGSC0003DMP400016859,PGSC0003DMP400054034,PGSC0003DMP400016848,PGSC0003DMP400016867,PGSC0003DMP400026625,PGSC0003DMP400010438,PGSC0003DMP400016861,PGSC0003DMP400016865,PGSC0003DMP400054032,PGSC0003DMP400057446,PGSC0003DMP400045681,PGSC0003DMP400016863,PGSC0003DMP400066132,PGSC0003DMP400065826,PGSC0003DMP400068112,PGSC0003DMP400054033,PGSC0003DMP400016866,PGSC0003DMP400047332,PGSC0003DMP400047333,PGSC0003DMP400016858,PGSC0003DMP400026626,PGSC0003DMP400016855,PGSC0003DMP400016860,PGSC0003DMP400026627,PGSC0003DMP400024048,PGSC0003DMP400024049,PGSC0003DMP400068898,PGSC0003DMP400016864,PGSC0003DMP400024050,PGSC0003DMP400016862,PGSC0003DMP400047335	Sopen08g002220.1,Sopen04g007580.1,Sopen08g002240.1,Sopen08g002250.3,Sopen08g002180.1,Sopen08g002250.2,Sopen03g030540.1,Sopen08g002210.1,Sopen08g002170.3,Sopen08g002250.1,Sopen08g002170.1,Sopen08g002260.1,Sopen08g002200.1,Sopen08g002190.1,Sopen08g002200.2,Sopen08g002160.2,Sopen08g002170.2,Sopen08g002250.5,Sopen08g002190.2,Sopen08g002440.1,Sopen08g002260.2,Sopen02g008810.1,Sopen03g003130.1,Sopen08g002250.4,Sopen08g002160.1,Sopen06g030580.1	SPI03g04366.1,SPI05g03104.1,SPI06g04836.1,SPI10g02991.1,SPI08g00217.1,SPI02g00107.1,SPI08g00207.1,SPI05g03939.1,SPI03g00527.1,SPI10g02693.1,SPI05g01065.1,SPI10g02992.1,SPI02g02087.1,SPI08g00236.1,SPI03g04377.1,SPI05g03806.1,SPI08g00216.1,SPI10g02692.1,SPI05g03801.1,SPI08g00208.1,SPI04g01051.1	Solyc04g015500.3.1,Solyc10g053890.2.1,Solyc08g006200.3.1,Solyc08g006483.1.1,Solyc08g006240.3.1,Solyc08g006230.4.1,Solyc03g111410.3.1,Solyc03g111500.3.1,Solyc03g007140.3.1,Solyc08g006270.1.1,Solyc08g006220.4.1,Solyc08g006210.3.1,Solyc08g006190.3.1,Solyc06g074160.3.1,Solyc08g006280.2.1	SLYcer08g00302.1,SLYcer08g00274.1,SLYcer08g00271.1,SLYcer10g04490.1,SLYcer05g01006.1,SLYcer03g00309.1,SLYcer10g04491.1,SLYcer08g00272.1,SLYcer06g04968.1,SLYcer03g04319.1,SLYcer04g01320.1,SLYcer02g00097.1,SLYcer08g00283.1,SLYcer02g03203.1,SLYcer05g03186.1,SLYcer08g00273.1,SLYcer05g03308.1,SLYcer03g04306.1	Capang06g000575,Capang03g001257,Capang03g002369,Capang00g001734,Capang08g000880,Capang03g002203,Capang08g000874,Capang08g000962,Capang08g000925,Capang08g000882,Capang08g000875,Capang06g002585,Capang08g000873,Capang04g002037,Capang08g000961,Capang08g000964,Capang08g000987,Capang08g000963,Capang05g000398,Capang08g000968,Capang03g002368,Capang03g001255,Capang05g000109,Capang06g001772,Capang11g000158,Capang03g001254
OG27589	333	7	Capana09g000996,Capana07g001984,Capana09g001012,Capana04g002429,Capana05g001767,Capana09g000354,Capana00g000136,Capana06g000672,Capana06g000669,Capana02g001309,Capana04g000215,Capana08g001807,Capana03g004302,Capana12g002858,Capana03g004301,Capana06g002666,Capana05g002000,Capana04g002742,Capana02g002291,Capana00g002934,Capana10g002373,Capana04g002726,Capana00g004847,Capana05g000285,Capana02g003574,Capana09g000353,Capana00g001444,Capana08g001806,Capana09g000616,Capana01g003524,Capana05g002353,Capana02g000077,Capana12g002528,Capana02g000549,Capana01g000689,Capana00g001258,Capana01g003391,Capana11g000585,Capana00g003144,Capana02g001643,Capana06g000393,Capana07g001782,Capana00g004618,Capana06g001613,Capana00g003775,Capana06g000261,Capana07g001808,Capana12g002652,Capana07g001807,Capana03g004232	PGSC0003DMP400028006,PGSC0003DMP400013183,PGSC0003DMP400053039,PGSC0003DMP400036806,PGSC0003DMP400043199,PGSC0003DMP400003083,PGSC0003DMP400014345,PGSC0003DMP400013772,PGSC0003DMP400037759,PGSC0003DMP400022393,PGSC0003DMP400040819,PGSC0003DMP400010203,PGSC0003DMP400049449,PGSC0003DMP400043132,PGSC0003DMP400013719,PGSC0003DMP400016621,PGSC0003DMP400052948,PGSC0003DMP400068489,PGSC0003DMP400031134,PGSC0003DMP400026569,PGSC0003DMP400021094,PGSC0003DMP400009585,PGSC0003DMP400022719,PGSC0003DMP400061536,PGSC0003DMP400034272,PGSC0003DMP400023498,PGSC0003DMP400037184,PGSC0003DMP400012804,PGSC0003DMP400010204,PGSC0003DMP400023499,PGSC0003DMP400051844,PGSC0003DMP400026956,PGSC0003DMP400019238,PGSC0003DMP400028337,PGSC0003DMP400037612,PGSC0003DMP400023500,PGSC0003DMP400014840,PGSC0003DMP400036206,PGSC0003DMP400014346,PGSC0003DMP400023158,PGSC0003DMP400022895,PGSC0003DMP400045519,PGSC0003DMP400022392,PGSC0003DMP400054141,PGSC0003DMP400047142,PGSC0003DMP400037760,PGSC0003DMP400013773,PGSC0003DMP400011487,PGSC0003DMP400029022,PGSC0003DMP400039604,PGSC0003DMP400014839,PGSC0003DMP400031135,PGSC0003DMP400036207	Sopen05g030020.1,Sopen01g045740.1,Sopen03g021480.1,Sopen05g030620.1,Sopen10g029670.1,Sopen07g026930.1,Sopen12g006490.1,Sopen03g017670.2,Sopen11g004220.1,Sopen06g020330.1,Sopen09g020490.1,Sopen12g005850.1,Sopen05g018400.1,Sopen02g018520.1,Sopen03g027230.1,Sopen02g021160.1,Sopen04g006290.1,Sopen01g035420.1,Sopen07g027440.1,Sopen01g047220.1,Sopen02g038120.1,Sopen03g017670.1,Sopen02g026010.1,Sopen03g002280.1,Sopen01g047200.1,Sopen10g029650.1,Sopen10g015820.1,Sopen09g036120.1,Sopen07g029510.1,Sopen08g026570.1,Sopen05g031410.1,Sopen06g032860.1,Sopen01g035960.1,Sopen06g001790.1,Sopen03g037770.1,Sopen10g004630.1,Sopen11g007200.1,Sopen02g011810.1,Sopen11g004900.1,Sopen05g032410.1,Sopen09g035840.1,Sopen12g005350.1,Sopen05g032640.1,Sopen10g003610.1	SPI10g03755.1,SPI01g07945.1,SPI01g08096.1,SPI10g02470.1,SPI06g03739.1,SPI02g04667.1,SPI12g00691.1,SPI10g01755.1,SPI02g02638.1,SPI09g02640.1,SPI07g05589.1,SPI03g02842.1,SPI12g00728.1,SPI05g04424.1,SPI03g05139.1,SPI09g04957.1,SPI01g06872.1,SPI05g04737.1,SPI10g00375.1,SPI01g08094.1,SPI05g02726.1,SPI03g00342.1,SPI05g04714.1,SPI12g00878.1,SPI11g00924.1,SPI06g00128.1,SPI02g01781.1,SPI06g05090.1,SPI11g00599.1,SPI08g05926.1,SPI10g03759.1,SPI02g03419.1,SPI07g05867.1,SPI10g00496.1,SPI09g04924.1,SPI05g04596.1,SPI01g07944.1,SPI05g04504.1,SPI11g00674.1,SPI01g06936.1,SPI10g03760.1,SPI02g02917.1,SPI03g03264.1,SPI03g03203.1,SPI07g05789.1	Solyc07g056150.4.1,Solyc01g090170.4.1,Solyc01g104700.4.1,Solyc10g050040.1.1,Solyc06g060210.1.1,Solyc02g081380.3.1,Solyc12g011130.2.1,Solyc01g103370.3.1,Solyc07g055290.3.1,Solyc05g051570.3.1,Solyc11g008430.2.1,Solyc11g010100.2.1,Solyc03g118820.4.1,Solyc10g007700.3.1,Solyc09g097900.3.1,Solyc05g053940.3.1,Solyc09g098170.4.1,Solyc02g072180.3.1,Solyc04g012180.4.1,Solyc05g054150.3.1,Solyc02g093530.4.1,Solyc06g005810.3.1,Solyc05g052900.3.1,Solyc10g008840.3.1,Solyc03g079900.3.1,Solyc06g076450.3.1,Solyc02g036450.3.1,Solyc07g053480.4.1,Solyc05g052070.3.1,Solyc01g103380.4.1,Solyc02g069370.3.1,Solyc01g104680.4.1,Solyc05g023800.3.1,Solyc12g014080.2.1,Solyc10g045550.2.1,Solyc12g010790.2.1,Solyc08g078070.4.1,Solyc03g064020.3.1,Solyc01g088560.3.1,Solyc11g012460.3.1,Solyc10g079030.2.1,Solyc03g078570.3.1,Solyc03g006270.3.1,Solyc09g056340.3.1	SLYcer01g07166.1,SLYcer10g02462.1,SLYcer06g03838.1,SLYcer10g03438.1,SLYcer12g00672.1,SLYcer01g06679.1,SLYcer03g00203.1,SLYcer06g05204.1,SLYcer02g03741.1,SLYcer10g04098.1,SLYcer02g04525.1,SLYcer01g06608.1,SLYcer07g05128.1,SLYcer10g02244.1,SLYcer09g02716.1,SLYcer03g03173.1,SLYcer02g05747.1,SLYcer06g00350.1,SLYcer09g05267.1,SLYcer10g02539.1,SLYcer10g04099.1,SLYcer11g00455.1,SLYcer02g04021.1,SLYcer02g02891.1,SLYcer11g00776.1,SLYcer10g05269.1,SLYcer01g07164.1,SLYcer07g04867.1,SLYcer12g00712.1,SLYcer11g00533.1,SLYcer07g05055.1,SLYcer10g00510.1,SLYcer03g05081.1,SLYcer05g02139.1,SLYcer10g02376.1,SLYcer12g00829.1,SLYcer01g07318.1,SLYcer09g05241.1,SLYcer01g07319.1,SLYcer08g06028.1,SLYcer10g00635.1,SLYcer03g02698.1,SLYcer03g03105.1	Capang12g000672,Capang02g001471,Capang03g004059,Capang00g005350,Capang05g000244,Capang00g001876,Capang10g002130,Capang12g002500,Capang03g004111,Capang06g000249,Capang02g001149,Capang10g002128,Capang06g000366,Capang02g002051,Capang05g001891,Capang12g000804,Capang03g001519,Capang07g001782,Capang08g000478,Capang06g002472,Capang01g004378,Capang01g000628,Capang03g003639,Capang09g000333,Capang03g002717,Capang02g003295,Capang03g000363,Capang04g002341,Capang06g001526,Capang04g002092,Capang07g001980,Capang12g000879,Capang05g001569,Capang07g001805,Capang04g002146,Capang01g001324,Capang00g001733,Capang04g002151,Capang10g002129,Capang10g002131,Capang12g002294,Capang06g002701,Capang00g003514,Capang11g000535,Capang00g001015,Capang00g002596,Capang03g003769,Capang00g004388,Capang07g001984,Capang05g001711,Capang10g000350,Capang09g000332,Capang06g000992,Capang04g002334
OG27599	370	7	Capana08g001103,Capana12g000623,Capana03g001923,Capana06g001979,Capana08g002658,Capana08g002661,Capana12g000653,Capana03g001668,Capana08g002648,Capana03g001921,Capana04g000218,Capana08g002663,Capana04g000217,Capana08g002647,Capana06g001980,Capana03g001920,Capana08g002662,Capana08g002649,Capana08g002650	PGSC0003DMP400067253,PGSC0003DMP400002970,PGSC0003DMP400023561,PGSC0003DMP400039148,PGSC0003DMP400002976,PGSC0003DMP400064944,PGSC0003DMP400046419,PGSC0003DMP400045303,PGSC0003DMP400040319,PGSC0003DMP400002968,PGSC0003DMP400002979,PGSC0003DMP400046416,PGSC0003DMP400002980,PGSC0003DMP400005820,PGSC0003DMP400006738,PGSC0003DMP400005817,PGSC0003DMP400002922,PGSC0003DMP400023565,PGSC0003DMP400002926,PGSC0003DMP400002974,PGSC0003DMP400023668,PGSC0003DMP400002975,PGSC0003DMP400005818,PGSC0003DMP400023562,PGSC0003DMP400002928,PGSC0003DMP400040755,PGSC0003DMP400002905,PGSC0003DMP400002914,PGSC0003DMP400029005,PGSC0003DMP400040318,PGSC0003DMP400002971,PGSC0003DMP400052632,PGSC0003DMP400002923,PGSC0003DMP400006560,PGSC0003DMP400002969,PGSC0003DMP400057887,PGSC0003DMP400005819,PGSC0003DMP400023567,PGSC0003DMP400023563,PGSC0003DMP400002927,PGSC0003DMP400054952,PGSC0003DMP400002915,PGSC0003DMP400050831,PGSC0003DMP400002921,PGSC0003DMP400002901,PGSC0003DMP400037389,PGSC0003DMP400046418,PGSC0003DMP400038034,PGSC0003DMP400008865,PGSC0003DMP400038044,PGSC0003DMP400002904,PGSC0003DMP400058742,PGSC0003DMP400002913,PGSC0003DMP400002972,PGSC0003DMP400002903,PGSC0003DMP400060276,PGSC0003DMP400002925,PGSC0003DMP400023560,PGSC0003DMP400002991,PGSC0003DMP400008961,PGSC0003DMP400002902,PGSC0003DMP400002929,PGSC0003DMP400026429,PGSC0003DMP400009300,PGSC0003DMP400031238,PGSC0003DMP400002978,PGSC0003DMP400057620,PGSC0003DMP400029003,PGSC0003DMP400054629,PGSC0003DMP400002911,PGSC0003DMP400019320,PGSC0003DMP400017462,PGSC0003DMP400002990,PGSC0003DMP400051240,PGSC0003DMP400005446,PGSC0003DMP400023566,PGSC0003DMP400052628,PGSC0003DMP400000279	Sopen03g022280.1,Sopen01g053040.1,Sopen01g052680.1,Sopen01g052860.1,Sopen01g052780.1,Sopen03g022270.1,Sopen01g052840.1,Sopen10g024630.1,Sopen01g052800.1,Sopen01g052960.1,Sopen01g052970.1,Sopen02g028810.1,Sopen01g052930.1,Sopen04g034860.1,Sopen11g006500.1,Sopen01g052750.1,Sopen01g052920.1,Sopen01g052870.1,Sopen01g052910.1,Sopen01g005500.1,Sopen01g052950.1,Sopen02g013190.1,Sopen01g052690.1,Sopen05g034830.1,Sopen01g052730.1,Sopen06g018350.1,Sopen01g053020.1,Sopen06g018320.1,Sopen07g023620.1,Sopen01g052850.1,Sopen01g052760.1,Sopen01g052700.1,Sopen05g034820.1,Sopen01g052940.1,Sopen01g053010.1,Sopen01g052980.1,Sopen01g052720.1,Sopen01g053050.1,Sopen03g022240.1,Sopen01g052710.1,Sopen01g040090.1,Sopen10g023300.1,Sopen03g028270.1,Sopen01g052740.1,Sopen01g052880.1,Sopen03g006370.1,Sopen01g052900.1,Sopen01g053060.1,Sopen04g034890.1	SPI01g08675.1,SPI01g08679.1,SPI01g08697.1,SPI11g01533.1,SPI01g08673.1,SPI01g08689.1,SPI01g08677.1,SPI10g02880.1,SPI10g04457.1,SPI01g08669.1,SPI10g03167.1,SPI01g00856.1,SPI01g08700.1,SPI01g08703.1,SPI09g00296.1,SPI01g08695.1,SPI01g08705.1,SPI07g04668.1,SPI01g08692.1,SPI10g03163.1,SPI03g03339.1,SPI06g03520.1,SPI03g03338.1,SPI01g08699.1,SPI12g04720.1,SPI01g08681.1,SPI01g08694.1,SPI05g04982.1,SPI10g03166.1,SPI04g05231.1,SPI03g01033.1,SPI10g02876.1,SPI01g07356.1,SPI01g08686.1,SPI01g08670.1,SPI01g08696.1,SPI01g08684.1,SPI04g02087.1,SPI01g08687.1,SPI01g08668.1,SPI01g08688.1,SPI06g04079.1,SPI04g03510.1,SPI01g08674.1,SPI06g03517.1,SPI01g08685.1,SPI03g04069.1,SPI04g05337.1,SPI01g08680.1,SPI02g03705.1,SPI01g08691.1,SPI01g08682.1,SPI01g08678.1	Solyc02g062230.1.1,Solyc05g056430.3.1,Solyc01g110770.2.1,Solyc03g082520.1.1,Solyc07g045060.1.1,Solyc01g110730.4.1,Solyc01g110900.1.1,Solyc04g052985.1.1,Solyc01g110590.4.1,Solyc03g097510.1.1,Solyc04g081250.1.1,Solyc01g110710.3.1,Solyc11g011677.1.1,Solyc10g052540.1.1,Solyc06g053260.1.1,Solyc01g110680.4.1,Solyc01g111000.4.1,Solyc03g033590.1.1,Solyc10g150137.1.1,Solyc04g082230.1.1,Solyc01g110980.4.1,Solyc11g011720.1.1,Solyc01g110780.1.1,Solyc04g081270.1.1,Solyc03g082530.1.1,Solyc01g110720.2.1,Solyc05g056440.3.1,Solyc01g110647.1.1,Solyc01g110907.1.1,Solyc01g096340.3.1,Solyc01g110660.4.1,Solyc10g054760.1.1,Solyc02g084005.1.1,Solyc01g110610.4.1,Solyc10g054720.1.1,Solyc01g110890.1.1,Solyc01g110920.4.1,Solyc01g110825.1.1,Solyc01g110620.1.1,Solyc01g110940.3.1,Solyc01g110580.2.1,Solyc01g110800.3.1,Solyc04g053000.1.1,Solyc01g110860.1.1,Solyc06g065220.1.1,Solyc11g011650.1.1,Solyc10g054770.1.1,Solyc01g110670.3.1,Solyc06g053290.1.1,Solyc01g110970.3.1,Solyc12g089270.1.1,Solyc01g110870.3.1,Solyc01g110790.3.1,Solyc03g082510.1.1,Solyc01g110555.1.1,Solyc11g011680.1.1,Solyc01g110880.1.1,Solyc01g110930.1.1,Solyc01g110570.3.1,Solyc01g110630.4.1,Solyc09g007970.3.1,Solyc10g052580.3.1,Solyc10g086200.1.1,Solyc04g052970.3.1,Solyc01g110903.1.1	SLYcer03g00863.1,SLYcer04g03794.1,SLYcer01g08477.1,SLYcer01g08450.1,SLYcer01g08470.1,SLYcer04g03800.1,SLYcer01g08443.1,SLYcer10g04378.1,SLYcer01g08456.1,SLYcer09g00388.1,SLYcer07g03952.1,SLYcer06g04213.1,SLYcer01g08461.1,SLYcer01g07917.1,SLYcer03g03250.1,SLYcer01g08463.1,SLYcer01g08471.1,SLYcer06g03611.1,SLYcer02g04793.1,SLYcer01g08465.1,SLYcer01g08459.1,SLYcer01g08473.1,SLYcer10g01995.1,SLYcer01g08475.1,SLYcer01g08453.1,SLYcer04g02308.1,SLYcer03g04011.1,SLYcer11g01385.1,SLYcer10g04374.1,SLYcer01g08466.1,SLYcer01g08448.1,SLYcer01g08445.1,SLYcer01g08454.1,SLYcer11g00688.1,SLYcer11g00694.1,SLYcer01g08462.1,SLYcer10g05923.1,SLYcer11g00687.1,SLYcer06g03606.1,SLYcer10g04659.1,SLYcer01g08444.1,SLYcer01g08452.1,SLYcer01g08469.1,SLYcer01g00803.1,SLYcer04g05824.1,SLYcer01g08458.1,SLYcer04g05729.1,SLYcer12g04755.1,SLYcer01g08455.1,SLYcer10g04660.1,SLYcer11g00689.1,SLYcer04g03796.1,SLYcer01g08468.1,SLYcer10g04658.1,SLYcer11g00686.1,SLYcer11g00690.1	Capang12g002555,Capang01g005224,Capang06g001863,Capang01g005222,Capang12g002554,Capang01g005235,Capang11g001703,Capang01g005239,Capang00g003426,Capang01g005252,Capang00g003246,Capang01g005251,Capang02g002337,Capang01g005253,Capang01g005221,Capang03g001832,Capang01g005241,Capang02g000462,Capang01g005223,Capang01g005236,Capang12g000517,Capang03g003770,Capang11g000843,Capang03g001829,Capang01g005237,Capang11g000841,Capang03g001610,Capang01g005227,Capang01g005240,Capang03g001830,Capang11g001673,Capang01g005244,Capang01g005229,Capang09g001715,Capang01g005233,Capang06g001861,Capang11g001696,Capang04g000196,Capang01g005234,Capang11g001675,Capang11g001669,Capang04g000197,Capang11g001711,Capang01g005228,Capang01g005225,Capang01g005246,Capang01g005238,Capang01g005226,Capang01g003688,Capang01g005242
OG27626	633	7	Capana01g001593,Capana09g000593,Capana00g002032,Capana00g001825,Capana04g001228,Capana03g002920,Capana00g001078,Capana05g000809,Capana05g000812,Capana08g002313,Capana08g001463,Capana05g000816,Capana12g002650,Capana07g001918,Capana12g000669,Capana01g001755,Capana00g004260,Capana08g001370,Capana12g000123,Capana05g000811,Capana06g002212,Capana12g000068,Capana08g001369,Capana09g000590,Capana12g000011,Capana12g000013,Capana03g001937,Capana12g000673,Capana02g000743,Capana07g000185,Capana08g001468,Capana12g000014,Capana12g000248,Capana08g001411,Capana05g000806,Capana08g001480,Capana12g000118,Capana11g000524,Capana12g000012,Capana01g003598,Capana00g002098,Capana05g000810,Capana09g000026,Capana12g000122,Capana00g000458,Capana07g000012,Capana00g001439,Capana01g001600,Capana00g004962,Capana12g000119,Capana09g002184,Capana07g000254,Capana12g002526,Capana08g000033,Capana08g001378,Capana04g001227,Capana07g000521,Capana09g000591,Capana01g001599,Capana09g002084,Capana05g000217,Capana03g002136,Capana12g000124,Capana12g002157,Capana08g000031,Capana06g003007,Capana08g001409,Capana12g000674,Capana02g001151,Capana09g001153,Capana00g002034,Capana10g001344,Capana00g004542,Capana05g001936,Capana01g002633,Capana05g000815,Capana00g002031,Capana05g000618,Capana00g004543,Capana03g004187,Capana00g003807,Capana05g000813,Capana09g000594,Capana09g000025,Capana12g000125	PGSC0003DMP400003283,PGSC0003DMP400055678,PGSC0003DMP400039842,PGSC0003DMP400045527,PGSC0003DMP400056780,PGSC0003DMP400040799,PGSC0003DMP400009843,PGSC0003DMP400039855,PGSC0003DMP400049780,PGSC0003DMP400055680,PGSC0003DMP400017222,PGSC0003DMP400005181,PGSC0003DMP400011763,PGSC0003DMP400030293,PGSC0003DMP400035307,PGSC0003DMP400011887,PGSC0003DMP400025963,PGSC0003DMP400007623,PGSC0003DMP400011110,PGSC0003DMP400005769,PGSC0003DMP400005202,PGSC0003DMP400055264,PGSC0003DMP400043064,PGSC0003DMP400009762,PGSC0003DMP400025735,PGSC0003DMP400008389,PGSC0003DMP400005208,PGSC0003DMP400055494,PGSC0003DMP400029863,PGSC0003DMP400031330,PGSC0003DMP400027520,PGSC0003DMP400044870,PGSC0003DMP400025937,PGSC0003DMP400031457,PGSC0003DMP400026906,PGSC0003DMP400005206,PGSC0003DMP400027851,PGSC0003DMP400039840,PGSC0003DMP400005295,PGSC0003DMP400020607,PGSC0003DMP400039841,PGSC0003DMP400009759,PGSC0003DMP400039858,PGSC0003DMP400053198,PGSC0003DMP400009763,PGSC0003DMP400003280,PGSC0003DMP400052512,PGSC0003DMP400033050,PGSC0003DMP400013880,PGSC0003DMP400032885,PGSC0003DMP400007624,PGSC0003DMP400049781,PGSC0003DMP400052510,PGSC0003DMP400008388,PGSC0003DMP400028576,PGSC0003DMP400032035,PGSC0003DMP400054754,PGSC0003DMP400025482,PGSC0003DMP400011088,PGSC0003DMP400003281,PGSC0003DMP400059098,PGSC0003DMP400009284,PGSC0003DMP400005203,PGSC0003DMP400025939,PGSC0003DMP400054747,PGSC0003DMP400044239,PGSC0003DMP400026913,PGSC0003DMP400005204,PGSC0003DMP400031333,PGSC0003DMP400029862,PGSC0003DMP400011759,PGSC0003DMP400026918,PGSC0003DMP400038082,PGSC0003DMP400031334,PGSC0003DMP400005234,PGSC0003DMP400040798,PGSC0003DMP400038931,PGSC0003DMP400020756,PGSC0003DMP400011758,PGSC0003DMP400026914,PGSC0003DMP400036511,PGSC0003DMP400005237,PGSC0003DMP400031335,PGSC0003DMP400041268,PGSC0003DMP400059766,PGSC0003DMP400025959,PGSC0003DMP400031332,PGSC0003DMP400003278,PGSC0003DMP400036509,PGSC0003DMP400054505,PGSC0003DMP400012016,PGSC0003DMP400028735,PGSC0003DMP400036525,PGSC0003DMP400013879,PGSC0003DMP400011762,PGSC0003DMP400027746,PGSC0003DMP400005235,PGSC0003DMP400013958,PGSC0003DMP400054750,PGSC0003DMP400052511,PGSC0003DMP400032886,PGSC0003DMP400044869,PGSC0003DMP400056119,PGSC0003DMP400026916,PGSC0003DMP400008385,PGSC0003DMP400020758,PGSC0003DMP400018474,PGSC0003DMP400003279,PGSC0003DMP400051498,PGSC0003DMP400011387,PGSC0003DMP400067881,PGSC0003DMP400009844,PGSC0003DMP400042262,PGSC0003DMP400011757,PGSC0003DMP400003276,PGSC0003DMP400031336,PGSC0003DMP400025736,PGSC0003DMP400044238,PGSC0003DMP400039857,PGSC0003DMP400065149,PGSC0003DMP400005209,PGSC0003DMP400005205,PGSC0003DMP400041264,PGSC0003DMP400060599,PGSC0003DMP400041271,PGSC0003DMP400033152,PGSC0003DMP400061094,PGSC0003DMP400003348,PGSC0003DMP400041270,PGSC0003DMP400031904,PGSC0003DMP400038157,PGSC0003DMP400005241,PGSC0003DMP400042218,PGSC0003DMP400036510,PGSC0003DMP400026911,PGSC0003DMP400031459,PGSC0003DMP400042260,PGSC0003DMP400019835,PGSC0003DMP400018927,PGSC0003DMP400009760,PGSC0003DMP400041269,PGSC0003DMP400026917,PGSC0003DMP400009842,PGSC0003DMP400025964,PGSC0003DMP400052531,PGSC0003DMP400052515,PGSC0003DMP400018926,PGSC0003DMP400008387,PGSC0003DMP400025728,PGSC0003DMP400040800,PGSC0003DMP400025729,PGSC0003DMP400028577,PGSC0003DMP400052514,PGSC0003DMP400025971,PGSC0003DMP400011765,PGSC0003DMP400020757,PGSC0003DMP400049802,PGSC0003DMP400026919,PGSC0003DMP400017464,PGSC0003DMP400042261,PGSC0003DMP400038156,PGSC0003DMP400052513,PGSC0003DMP400008386,PGSC0003DMP400054506,PGSC0003DMP400005207,PGSC0003DMP400055679	Sopen01g008500.1,Sopen08g006550.1,Sopen01g001750.1,Sopen03g006290.1,Sopen04g006530.1,Sopen02g017680.1,Sopen01g001730.1,Sopen11g005940.1,Sopen04g006540.1,Sopen12g018350.1,Sopen01g049850.1,Sopen12g004670.1,Sopen08g021730.1,Sopen07g004540.1,Sopen09g001060.1,Sopen00g010090.1,Sopen01g034480.1,Sopen01g003920.1,Sopen01g029110.1,Sopen12g034630.1,Sopen10g028140.1,Sopen12g023650.1,Sopen12g004520.1,Sopen01g008230.1,Sopen01g001870.1,Sopen09g001070.1,Sopen01g001720.1,Sopen07g004530.1,Sopen03g022530.1,Sopen01g002540.1,Sopen12g007080.1,Sopen01g008060.1,Sopen09g001070.2,Sopen01g041920.1,Sopen01g042230.1,Sopen01g042220.1,Sopen07g028050.1,Sopen01g001770.1,Sopen07g001290.1,Sopen12g034570.1,Sopen03g006280.1,Sopen12g007030.1,Sopen12g034640.1,Sopen07g029190.1,Sopen01g008240.1,Sopen01g042800.1,Sopen07g004560.1,Sopen08g006740.1,Sopen03g006300.1,Sopen01g041940.1,Sopen01g003910.1,Sopen08g026260.1,Sopen08g019760.1,Sopen08g026250.1,Sopen06g014090.1,Sopen12g018360.1,Sopen07g004570.1,Sopen12g007020.1,Sopen01g001740.1	SPI03g01019.1,SPI01g00351.1,SPI01g07581.1,SPI12g00577.1,SPI07g00623.1,SPI09g00068.1,SPI01g02031.1,SPI01g00522.1,SPI12g05145.1,SPI12g05154.1,SPI10g02812.1,SPI01g01712.1,SPI08g05097.1,SPI04g00332.1,SPI06g02967.1,SPI01g00353.1,SPI01g07551.1,SPI12g03794.1,SPI01g01733.1,SPI01g01735.1,SPI01g01357.1,SPI07g05833.1,SPI01g02034.1,SPI06g00296.1,SPI12g00546.1,SPI12g03595.1,SPI01g02201.1,SPI01g01686.1,SPI10g03586.1,SPI01g01572.1,SPI08g00874.1,SPI08g00870.1,SPI01g01498.1,SPI07g05657.1,SPI01g00806.1,SPI01g02030.1,SPI07g00622.1,SPI12g00574.1,SPI02g01468.1,SPI10g03587.1,SPI01g01636.1,SPI12g04227.1,SPI12g00571.1,SPI01g06749.1,SPI01g02615.1,SPI09g00069.1,SPI03g01021.1,SPI09g03487.1,SPI12g01368.1,SPI01g01850.1,SPI10g02047.1,SPI01g00855.1,SPI12g05153.1,SPI01g02200.1,SPI03g01023.1,SPI08g05888.1,SPI07g01353.1,SPI01g00347.1,SPI03g01523.1,SPI04g03624.1,SPI01g08389.1,SPI02g02541.1,SPI04g00886.1,SPI12g00579.1,SPI01g07584.1,SPI01g01832.1,SPI12g05152.1,SPI01g00267.1,SPI07g05658.1,SPI11g00786.1,SPI07g00138.1,SPI01g00246.1,SPI12g05137.1,SPI01g00854.1,SPI01g01604.1,SPI12g00833.1,SPI12g01367.1,SPI01g07647.1,SPI01g02032.1,SPI12g03350.1,SPI07g00082.1,SPI03g01022.1,SPI12g00827.1,SPI10g02046.1,SPI01g01732.1,SPI08g00867.1,SPI01g00348.1,SPI03g01020.1,SPI01g00521.1,SPI12g05144.1,SPI06g02969.1,SPI01g00355.1,SPI01g00805.1,SPI07g00621.1,SPI12g04228.1,SPI12g00192.1,SPI01g01737.1,SPI12g03351.1,SPI03g03366.1,SPI01g01739.1	Solyc01g006550.3.1,Solyc12g013730.3.1,Solyc06g033940.1.1,Solyc10g076500.3.1,Solyc01g016355.1.1,Solyc09g064670.3.1,Solyc12g049200.1.1,Solyc04g054450.1.1,Solyc12g009530.1.1,Solyc08g016310.3.1,Solyc12g040740.3.1,Solyc12g005620.1.1,Solyc01g014170.1.1,Solyc01g014160.1.1,Solyc12g040750.1.1,Solyc11g011180.3.1,Solyc01g005720.3.1,Solyc10g047490.1.1,Solyc01g009700.3.1,Solyc12g009720.3.1,Solyc02g068540.2.1,Solyc12g019870.1.1,Solyc01g008390.3.1,Solyc01g005780.1.1,Solyc01g098680.2.1,Solyc12g013680.3.1,Solyc12g100010.1.1,Solyc01g098370.1.1,Solyc10g007210.1.1,Solyc08g067797.1.1,Solyc01g014020.1.1,Solyc07g054120.2.1,Solyc01g005760.3.1,Solyc10g076490.1.1,Solyc01g014930.2.1,Solyc07g008620.1.1,Solyc09g005090.1.1,Solyc12g013740.3.1,Solyc01g005710.2.1,Solyc01g008410.3.1,Solyc12g100030.2.1,Solyc07g008590.1.1,Solyc06g033920.1.1,Solyc06g033950.1.1,Solyc01g005870.3.1,Solyc12g009690.1.1,Solyc03g082780.3.1,Solyc12g100020.1.1,Solyc10g051220.3.1,Solyc09g005080.1.1,Solyc01g013870.1.1,Solyc07g005150.3.1,Solyc08g016270.3.1,Solyc01g014150.1.1,Solyc08g077740.1.1,Solyc08g016220.1.1,Solyc12g036800.1.1,Solyc12g099950.3.1,Solyc01g009930.3.1,Solyc01g014940.2.1,Solyc01g013880.1.1,Solyc12g009780.1.1,Solyc01g087510.3.1,Solyc01g098690.2.1,Solyc01g005730.3.1,Solyc07g008640.3.1,Solyc01g107670.2.1,Solyc04g014400.4.1,Solyc07g055820.2.1,Solyc07g008630.1.1,Solyc01g009690.3.1,Solyc12g099880.1.1,Solyc07g008600.1.1,Solyc12g009730.3.1,Solyc01g014300.1.1,Solyc01g099250.3.1,Solyc07g020730.1.1,Solyc12g049190.3.1,Solyc12g005610.3.1,Solyc12g009520.2.1,Solyc08g016210.3.1,Solyc12g009510.1.1	SLYcer01g00229.1,SLYcer10g04312.1,SLYcer01g00328.1,SLYcer12g05198.1,SLYcer12g03594.1,SLYcer02g03641.1,SLYcer01g07684.1,SLYcer10g05103.1,SLYcer12g00523.1,SLYcer01g06482.1,SLYcer01g00224.1,SLYcer12g05190.1,SLYcer01g04939.1,SLYcer08g05995.1,SLYcer10g03707.1,SLYcer08g03786.1,SLYcer01g01957.1,SLYcer12g01332.1,SLYcer01g01329.1,SLYcer01g01955.1,SLYcer01g01440.1,SLYcer10g03706.1,SLYcer12g00545.1,SLYcer01g00754.1,SLYcer01g01540.1,SLYcer12g00546.1,SLYcer01g01643.1,SLYcer03g03278.1,SLYcer12g03843.1,SLYcer09g00178.1,SLYcer08g05212.1,SLYcer01g01380.1,SLYcer01g00226.1,SLYcer01g01956.1,SLYcer01g08161.1,SLYcer01g01748.1,SLYcer11g00639.1,SLYcer07g05094.1,SLYcer12g00782.1,SLYcer12g05204.1,SLYcer08g00899.1,SLYcer08g00894.1,SLYcer07g00574.1,SLYcer01g00753.1,SLYcer12g01333.1,SLYcer07g00070.1,SLYcer04g03913.1,SLYcer01g00491.1,SLYcer01g02128.1,SLYcer01g01645.1,SLYcer10g05102.1,SLYcer01g01641.1,SLYcer04g01157.1,SLYcer03g01314.1,SLYcer07g00575.1,SLYcer12g00148.1,SLYcer07g04932.1,SLYcer01g02127.1,SLYcer01g07623.1,SLYcer12g04286.1,SLYcer01g01302.1,SLYcer07g00577.1,SLYcer12g00789.1,SLYcer01g01509.1,SLYcer03g00854.1,SLYcer01g07719.1,SLYcer01g01642.1,SLYcer01g00492.1,SLYcer12g00520.1,SLYcer09g03593.1,SLYcer12g00548.1,SLYcer10g04313.1,SLYcer06g02724.1,SLYcer06g02722.1,SLYcer03g00855.1,SLYcer01g02539.1,SLYcer12g00547.1,SLYcer09g00177.1,SLYcer12g00542.1,SLYcer03g00853.1,SLYcer12g00521.1,SLYcer12g03376.1,SLYcer12g00550.1,SLYcer12g05197.1,SLYcer01g01756.1,SLYcer07g00578.1,SLYcer01g01619.1,SLYcer01g00802.1,SLYcer01g00493.1,SLYcer01g00247.1,SLYcer09g03592.1,SLYcer01g01954.1	Capang05g000209,Capang12g002179,Capang01g004038,Capang08g000029,Capang00g004867,Capang11g000486,Capang12g000012,Capang00g005119,Capang01g003977,Capang04g002386,Capang10g001135,Capang03g002019,Capang07g000660,Capang07g000555,Capang01g002302,Capang02g001035,Capang12g000217,Capang01g003944,Capang12g000011,Capang05g000211,Capang01g000673,Capang09g000017,Capang01g004029,Capang04g002069,Capang08g000028,Capang07g001048,Capang00g005165,Capang00g005334,Capang00g000346,Capang12g002290,Capang12g000098,Capang00g003606,Capang00g000519,Capang09g001697,Capang00g002458,Capang00g000760,Capang07g001910,Capang01g003938,Capang01g004861,Capang01g000671,Capang12g000558,Capang00g003384,Capang01g001368,Capang07g000188,Capang00g002608,Capang05g000213,Capang09g000838,Capang00g004916,Capang03g002814
OG27634	785	7	Capana09g001348,Capana11g000303,Capana11g001083,Capana09g001753,Capana06g000839,Capana07g000371,Capana01g002074,Capana00g003935,Capana02g001595,Capana06g002473,Capana11g000302,Capana04g002008,Capana02g003380,Capana09g002424,Capana04g002608,Capana00g004148,Capana02g001057,Capana06g002380,Capana00g000195,Capana08g001165,Capana06g000764,Capana12g000800,Capana09g000914,Capana04g001407,Capana01g001697,Capana02g003433,Capana09g000832,Capana05g000408,Capana00g002920,Capana12g001750,Capana04g002032,Capana00g003600,Capana07g002135,Capana03g003186,Capana06g000916,Capana04g002036,Capana08g001166,Capana12g000323,Capana04g001198,Capana12g002281,Capana11g002390,Capana03g002854,Capana03g000902,Capana07g002357,Capana06g000857,Capana02g001593,Capana04g002006,Capana02g001600,Capana03g001458,Capana01g003904,Capana04g002609,Capana00g003079,Capana05g002458,Capana02g000694,Capana11g000312,Capana11g000224,Capana07g002218,Capana12g000367,Capana11g000785,Capana05g002266,Capana06g001338,Capana03g002032,Capana08g000765,Capana05g002456,Capana12g000858,Capana12g002283,Capana04g001404,Capana12g002300,Capana12g000032,Capana12g002282,Capana03g000127,Capana03g002092,Capana02g002352,Capana01g000154,Capana06g000139,Capana01g000966,Capana03g001034,Capana02g002282,Capana10g000944,Capana06g002767,Capana00g003546,Capana02g001602,Capana01g002483,Capana07g002406,Capana11g000311,Capana08g000419,Capana12g000038,Capana12g000726,Capana05g002268,Capana12g000798,Capana09g002235,Capana06g000355,Capana03g002685,Capana09g001350,Capana12g002046,Capana10g000926,Capana02g003432,Capana11g001166,Capana09g000830,Capana01g003068,Capana12g000039,Capana06g000856,Capana01g001066,Capana04g002807,Capana07g000370,Capana05g002267,Capana00g001964,Capana12g002302,Capana04g002607,Capana03g002125,Capana01g003075,Capana08g001167,Capana01g004235,Capana00g002921,Capana10g000878,Capana03g004014,Capana03g000541,Capana03g003620,Capana01g002893,Capana12g001420,Capana03g004013,Capana01g003898,Capana01g002484,Capana05g002459,Capana05g002457,Capana08g000766,Capana03g002400,Capana03g000253,Capana12g000040,Capana02g002353,Capana12g000324	PGSC0003DMP400013021,PGSC0003DMP400042445,PGSC0003DMP400037962,PGSC0003DMP400033861,PGSC0003DMP400039733,PGSC0003DMP400017296,PGSC0003DMP400004038,PGSC0003DMP400026905,PGSC0003DMP400001666,PGSC0003DMP400036989,PGSC0003DMP400005531,PGSC0003DMP400026780,PGSC0003DMP400012998,PGSC0003DMP400016014,PGSC0003DMP400062414,PGSC0003DMP400030495,PGSC0003DMP400006917,PGSC0003DMP400011133,PGSC0003DMP400033295,PGSC0003DMP400033860,PGSC0003DMP400056135,PGSC0003DMP400056134,PGSC0003DMP400052248,PGSC0003DMP400054453,PGSC0003DMP400021239,PGSC0003DMP400032198,PGSC0003DMP400013129,PGSC0003DMP400053076,PGSC0003DMP400012958,PGSC0003DMP400013095,PGSC0003DMP400001505,PGSC0003DMP400004675,PGSC0003DMP400035518,PGSC0003DMP400038391,PGSC0003DMP400045340,PGSC0003DMP400032196,PGSC0003DMP400016015,PGSC0003DMP400051612,PGSC0003DMP400015070,PGSC0003DMP400032197,PGSC0003DMP400013235,PGSC0003DMP400047990,PGSC0003DMP400020609,PGSC0003DMP400021989,PGSC0003DMP400011653,PGSC0003DMP400021502,PGSC0003DMP400026779,PGSC0003DMP400053075,PGSC0003DMP400021233,PGSC0003DMP400050766,PGSC0003DMP400011652,PGSC0003DMP400052246,PGSC0003DMP400012920,PGSC0003DMP400023214,PGSC0003DMP400046927,PGSC0003DMP400030462,PGSC0003DMP400020140,PGSC0003DMP400033294,PGSC0003DMP400002560,PGSC0003DMP400036286,PGSC0003DMP400032760,PGSC0003DMP400004040,PGSC0003DMP400011134,PGSC0003DMP400020610,PGSC0003DMP400013237,PGSC0003DMP400002561,PGSC0003DMP400001665,PGSC0003DMP400042299,PGSC0003DMP400041247,PGSC0003DMP400046817,PGSC0003DMP400004676,PGSC0003DMP400009670,PGSC0003DMP400002531,PGSC0003DMP400013236,PGSC0003DMP400013019,PGSC0003DMP400008122,PGSC0003DMP400015068,PGSC0003DMP400007794,PGSC0003DMP400007796,PGSC0003DMP400033463,PGSC0003DMP400046818,PGSC0003DMP400003531,PGSC0003DMP400005914,PGSC0003DMP400023753,PGSC0003DMP400050764,PGSC0003DMP400052247,PGSC0003DMP400030466,PGSC0003DMP400056133,PGSC0003DMP400013020,PGSC0003DMP400029466,PGSC0003DMP400033296,PGSC0003DMP400021501,PGSC0003DMP400005916,PGSC0003DMP400024880,PGSC0003DMP400002562,PGSC0003DMP400023219,PGSC0003DMP400031791,PGSC0003DMP400021500,PGSC0003DMP400040660,PGSC0003DMP400012921,PGSC0003DMP400036990,PGSC0003DMP400019053,PGSC0003DMP400032813,PGSC0003DMP400015066,PGSC0003DMP400008291,PGSC0003DMP400026904,PGSC0003DMP400013234,PGSC0003DMP400016013,PGSC0003DMP400054454,PGSC0003DMP400050342,PGSC0003DMP400046125,PGSC0003DMP400060265,PGSC0003DMP400015593,PGSC0003DMP400011135,PGSC0003DMP400022198,PGSC0003DMP400013130,PGSC0003DMP400040659,PGSC0003DMP400003530,PGSC0003DMP400051611,PGSC0003DMP400030606,PGSC0003DMP400042448,PGSC0003DMP400033525,PGSC0003DMP400015591,PGSC0003DMP400040443,PGSC0003DMP400047828,PGSC0003DMP400024879,PGSC0003DMP400015067,PGSC0003DMP400001504,PGSC0003DMP400015592,PGSC0003DMP400020141,PGSC0003DMP400004674,PGSC0003DMP400030607,PGSC0003DMP400050378,PGSC0003DMP400033862,PGSC0003DMP400051609	Sopen01g030860.1,Sopen08g030180.1,Sopen11g026710.1,Sopen07g032260.2,Sopen02g017280.1,Sopen06g012460.1,Sopen08g021570.1,Sopen06g024190.1,Sopen09g034570.1,Sopen06g029310.1,Sopen05g009510.1,Sopen07g007050.1,Sopen05g033770.1,Sopen11g025460.1,Sopen12g023550.1,Sopen06g004030.1,Sopen12g022860.1,Sopen03g003620.1,Sopen04g026900.1,Sopen05g008830.1,Sopen01g044530.1,Sopen10g009550.1,Sopen06g028380.1,Sopen05g032110.1,Sopen08g002840.1,Sopen12g027430.1,Sopen02g020400.1,Sopen12g009950.1,Sopen06g033330.1,Sopen11g026980.1,Sopen06g028390.1,Sopen09g029840.1,Sopen10g009540.1,Sopen12g034820.1,Sopen06g004020.1,Sopen07g033520.1,Sopen03g005200.3,Sopen04g025570.2,Sopen12g023180.1,Sopen00g008460.1,Sopen03g039810.1,Sopen04g005490.1,Sopen11g003170.1,Sopen11g009680.1,Sopen07g032260.1,Sopen12g016590.1,Sopen09g025580.1,Sopen11g025140.3,Sopen01g040450.1,Sopen12g006980.1,Sopen05g014090.1,Sopen05g015600.1,Sopen03g034030.1,Sopen01g040430.1,Sopen11g003180.1,Sopen05g004180.1,Sopen04g026900.2,Sopen07g030860.1,Sopen11g003190.1,Sopen09g034580.1,Sopen03g001870.1,Sopen00g010410.1,Sopen01g032440.1,Sopen02g032590.1,Sopen12g033590.1,Sopen01g040440.1,Sopen05g032100.1,Sopen04g025570.1,Sopen09g004660.1,Sopen09g017780.1,Sopen12g033620.1,Sopen11g025470.1,Sopen05g032130.1,Sopen03g024530.1,Sopen07g031560.1,Sopen07g027260.1,Sopen04g002010.1,Sopen08g024060.1,Sopen06g014710.1,Sopen00g003360.1,Sopen12g023190.1,Sopen02g026490.1,Sopen03g040850.1,Sopen02g032160.1,Sopen08g025270.1,Sopen03g005200.4,Sopen08g001610.1,Sopen11g025140.2,Sopen09g003060.1,Sopen01g002710.1,Sopen12g033030.1,Sopen11g027010.1,Sopen03g036450.2,Sopen08g021560.1,Sopen11g025140.1,Sopen05g032120.1,Sopen12g034810.1,Sopen06g028390.2,Sopen03g029870.1,Sopen01g002710.2,Sopen12g016260.2,Sopen03g032740.1,Sopen11g025110.1,Sopen03g003490.1	SPI12g03165.1,SPI03g04745.1,SPI01g07394.1,SPI08g00288.1,SPI03g05357.1,SPI12g00822.1,SPI03g05005.1,SPI11g03678.1,SPI12g05037.1,SPI02g00008.1,SPI09g00754.1,SPI07g06020.1,SPI06g03090.1,SPI06g02723.1,SPI10g01222.1,SPI06g00424.1,SPI05g01098.1,SPI09g03453.1,SPI03g04593.1,SPI12g03453.1,SPI11g03628.1,SPI08g05074.1,SPI05g04677.1,SPI03g00300.1,SPI05g04874.1,SPI11g00484.1,SPI06g00423.1,SPI07g01121.1,SPI08g05646.1,SPI11g01374.1,SPI11g03857.1,SPI11g03629.1,SPI09g04780.1,SPI06g02724.1,SPI04g00259.1,SPI01g07825.1,SPI12g04221.1,SPI03g00568.1,SPI03g05465.1,SPI06g04620.1,SPI09g00337.1,SPI07g06290.1,SPI02g04125.1,SPI02g00058.1,SPI04g04718.1,SPI06g04713.1,SPI02g03466.1,SPI05g04679.1,SPI05g01099.1,SPI02g02830.1,SPI01g07396.1,SPI03g00196.1,SPI11g03858.1,SPI08g06314.1,SPI07g05570.1,SPI11g03829.1,SPI12g04179.1,SPI04g03880.1,SPI05g04678.1,SPI03g00581.1,SPI04g04237.1,SPI07g06161.1,SPI03g03627.1,SPI12g01303.1,SPI02g02500.1,SPI12g05170.1,SPI12g04955.1,SPI12g04178.1,SPI01g06503.1,SPI06g05138.1,SPI12g03164.1,SPI09g01791.1,SPI03g04300.1,SPI06g00887.1,SPI07g06097.1,SPI07g06333.1,SPI01g04416.1,SPI12g05040.1,SPI01g00374.1,SPI12g02351.1,SPI02g04084.1,SPI09g04776.1,SPI12g03163.1,SPI08g00132.1,SPI09g04148.1,SPI09g04779.1,SPI05g01178.1,SPI01g05266.1,SPI06g04127.1,SPI08g05075.1,SPI01g08166.1,SPI05g00510.1,SPI08g05777.1,SPI09g02349.1,SPI10g01223.1,SPI05g02381.1,SPI11g03679.1,SPI11g01278.1,SPI06g02760.1,SPI08g05073.1,SPI04g00648.1	Solyc03g117540.4.1,Solyc06g009290.4.1,Solyc06g072090.3.1,Solyc08g081890.4.1,Solyc09g075020.3.1,Solyc07g063400.3.1,Solyc08g067610.3.1,Solyc12g049120.2.1,Solyc05g008350.3.1,Solyc02g087410.4.1,Solyc07g062630.1.1,Solyc03g007690.1.1,Solyc05g053600.3.1,Solyc09g064440.4.1,Solyc08g006880.3.1,Solyc05g014390.4.1,Solyc09g042280.1.1,Solyc12g098210.3.1,Solyc02g055530.4.1,Solyc09g008240.3.1,Solyc12g049130.1.1,Solyc05g013890.3.1,Solyc03g114950.2.1,Solyc01g101070.3.1,Solyc08g075430.3.1,Solyc05g055330.3.1,Solyc11g007280.3.1,Solyc12g013640.2.1,Solyc12g044820.3.1,Solyc11g007300.2.1,Solyc05g018510.3.1,Solyc12g013630.1.1,Solyc12g038220.3.1,Solyc10g019270.3.1,Solyc06g076930.2.1,Solyc08g067620.2.1,Solyc12g098870.3.1,Solyc01g006720.4.1,Solyc02g071350.3.1,Solyc06g009280.1.1,Solyc12g100180.2.1,Solyc08g005580.3.1,Solyc10g024420.3.1,Solyc03g026310.4.1,Solyc12g098840.3.1,Solyc03g007530.3.1,Solyc09g091660.3.1,Solyc06g072100.3.1,Solyc06g065670.4.1,Solyc11g067300.2.1,Solyc04g010310.4.1,Solyc05g053570.4.1,Solyc01g096730.2.1,Solyc11g065720.2.1,Solyc07g064120.2.1,Solyc03g122050.1.1,Solyc04g070970.4.1,Solyc07g065320.4.1,Solyc02g068180.3.1,Solyc04g076170.1.1,Solyc06g036240.2.1,Solyc11g067000.3.1,Solyc01g096740.4.1,Solyc03g093650.3.1,Solyc12g036150.1.1,Solyc04g006960.3.1,Solyc05g053610.2.1,Solyc12g019620.2.1,Solyc12g036160.3.1,Solyc12g070270.2.1,Solyc07g065770.3.1,Solyc09g009910.4.1,Solyc03g019760.4.1,Solyc09g150122.1.1,Solyc11g065350.2.1,Solyc07g065780.2.1,Solyc12g044810.3.1,Solyc02g044050.1.1,Solyc03g113690.1.1,Solyc02g081870.4.1,Solyc06g048540.3.1,Solyc06g036490.3.1,Solyc01g080640.3.1,Solyc02g055540.1.1,Solyc09g055350.3.1,Solyc09g042300.2.1,Solyc07g018130.2.1,Solyc06g072960.1.1,Solyc03g122070.3.1,Solyc04g056650.4.1,Solyc06g011660.3.1,Solyc09g091670.3.1,Solyc03g120980.3.1,Solyc11g065360.2.1,Solyc12g100190.2.1,Solyc01g096720.4.1,Solyc11g018680.1.1,Solyc02g087870.3.1,Solyc11g065710.3.1,Solyc01g058360.1.1,Solyc12g044580.3.1,Solyc06g036480.2.1,Solyc02g071340.2.1,Solyc11g067310.3.1,Solyc11g018690.2.1,Solyc07g053300.1.1,Solyc08g076720.4.1,Solyc12g019640.2.1,Solyc03g005860.4.1,Solyc11g007290.1.1,Solyc05g053590.4.1	SLYcer09g03560.1,SLYcer01g07878.1,SLYcer07g05296.1,SLYcer11g00334.1,SLYcer12g04240.1,SLYcer02g00011.1,SLYcer12g00777.1,SLYcer08g05187.1,SLYcer12g03465.1,SLYcer06g01071.1,SLYcer12g04185.1,SLYcer03g03551.1,SLYcer06g02959.1,SLYcer09g05103.1,SLYcer09g02432.1,SLYcer11g03616.1,SLYcer12g05219.1,SLYcer02g00052.1,SLYcer03g04241.1,SLYcer12g05085.1,SLYcer11g01147.1,SLYcer07g05574.1,SLYcer12g04280.1,SLYcer03g00371.1,SLYcer01g07443.1,SLYcer08g00352.1,SLYcer03g00348.1,SLYcer12g04241.1,SLYcer04g00675.1,SLYcer11g03764.1,SLYcer01g07815.1,SLYcer03g04689.1,SLYcer12g05088.1,SLYcer02g03934.1,SLYcer05g01823.1,SLYcer04g04242.1,SLYcer12g01266.1,SLYcer11g03793.1,SLYcer08g05761.1,SLYcer12g04281.1,SLYcer08g06401.1,SLYcer06g04757.1,SLYcer12g03178.1,SLYcer03g05429.1,SLYcer10g02284.1,SLYcer09g05104.1,SLYcer08g05890.1,SLYcer06g04266.1,SLYcer06g03186.1,SLYcer12g03176.1,SLYcer06g02922.1,SLYcer12g04184.1,SLYcer10g02283.1,SLYcer10g01364.1,SLYcer11g03558.1,SLYcer07g04847.1,SLYcer08g00206.1,SLYcer11g03617.1,SLYcer03g05317.1,SLYcer11g03557.1,SLYcer07g01101.1,SLYcer09g00823.1,SLYcer09g04339.1,SLYcer03g04948.1,SLYcer01g00348.1,SLYcer04g04749.1,SLYcer07g05378.1,SLYcer09g01904.1,SLYcer02g04572.1,SLYcer07g05449.1,SLYcer11g03794.1,SLYcer11g01241.1,SLYcer05g00479.1,SLYcer04g00283.1,SLYcer11g00333.1,SLYcer05g01105.1,SLYcer02g05195.1,SLYcer12g02578.1,SLYcer02g03603.1,SLYcer06g00642.1,SLYcer05g01036.1,SLYcer10g01363.1,SLYcer10g02107.1,SLYcer01g07877.1,SLYcer03g04543.1,SLYcer09g00424.1,SLYcer06g05248.1,SLYcer08g05186.1,SLYcer03g00157.1,SLYcer12g03177.1,SLYcer10g02282.1,SLYcer01g06203.1,SLYcer10g01402.1,SLYcer06g04854.1,SLYcer12g04997.1,SLYcer08g05188.1,SLYcer01g05123.1	Capang04g001131,Capang09g001747,Capang11g000282,Capang02g001415,Capang03g000496,Capang00g005297,Capang01g002270,Capang02g003117,Capang01g004239,Capang06g002298,Capang01g002143,Capang00g005434,Capang12g000042,Capang00g004237,Capang09g000936,Capang00g000774,Capang00g005458,Capang09g000934,Capang12g000899,Capang02g003161,Capang06g000717,Capang08g001100,Capang03g002841,Capang11g000772,Capang01g003370,Capang00g000954,Capang10g000690,Capang03g001976,Capang04g001841,Capang01g000146,Capang07g002404,Capang03g003528,Capang02g001416,Capang11g000283,Capang02g001417,Capang02g000120,Capang07g002239,Capang02g001425,Capang11g000231,Capang05g001817,Capang04g001820,Capang01g000916,Capang03g003082,Capang03g002322,Capang12g001981,Capang11g000275,Capang04g001818,Capang01g003739,Capang06g002201,Capang02g000609,Capang07g002351,Capang03g000120,Capang03g000829,Capang05g001816,Capang10g000738,Capang03g002007,Capang00g005471,Capang04g002405,Capang06g000321,Capang00g000757,Capang00g002422,Capang01g002753,Capang00g002217,Capang12g000034,Capang01g004238,Capang03g003678,Capang06g002290,Capang11g000773,Capang04g001340,Capang02g001422,Capang01g003740,Capang01g002750,Capang00g001723,Capang00g000672,Capang00g001729,Capang05g000328,Capang05g002004,Capang11g001169,Capang06g001221,Capang04g002279,Capang03g000992,Capang11g002266,Capang06g002551,Capang06g000805,Capang12g000607,Capang03g000241,Capang03g001386,Capang08g000818,Capang09g000756,Capang00g000186,Capang12g000266,Capang05g001818,Capang12g001979,Capang03g002471,Capang00g005033,Capang08g000822,Capang00g004884,Capang01g001405,Capang12g001220,Capang12g000180,Capang09g001924,Capang07g002153,Capang06g000859,Capang05g002003,Capang03g002587,Capang02g000977
OG27639	985	7	Capana07g000364,Capana12g000671,Capana00g002804,Capana11g001496,Capana07g002225,Capana05g002410,Capana04g002611,Capana01g003696,Capana11g000536,Capana09g001109,Capana02g003523,Capana07g000022,Capana09g002176,Capana12g002723,Capana03g004390,Capana06g003045,Capana12g002725,Capana09g001828,Capana09g001867,Capana02g003266,Capana12g001270,Capana02g003264,Capana06g000478,Capana08g001720,Capana09g001782,Capana01g001021,Capana12g001471,Capana03g003473,Capana03g000243,Capana10g000593,Capana11g001236,Capana08g001724,Capana07g000275,Capana04g000788,Capana00g002122,Capana07g000066,Capana12g000388,Capana09g001784,Capana02g001706,Capana02g001107,Capana09g001638,Capana11g000622,Capana03g002265,Capana02g003427,Capana10g001678,Capana12g001029,Capana08g002002,Capana01g003640,Capana11g001588,Capana02g001983,Capana06g002500,Capana07g001669,Capana00g002030,Capana10g000142,Capana12g000389,Capana01g000980,Capana05g000537,Capana02g001678,Capana01g003181,Capana02g003168,Capana08g001722,Capana08g002695,Capana12g002664,Capana09g001631,Capana00g000484,Capana12g001800,Capana10g001365,Capana10g001348,Capana06g000053,Capana07g001819,Capana07g001547,Capana09g001637,Capana00g004901,Capana00g003375,Capana10g002193,Capana00g003978,Capana10g001693,Capana03g002433,Capana04g002675,Capana06g002393,Capana12g000546,Capana02g001209,Capana07g001581,Capana01g002031,Capana02g003265,Capana01g003141,Capana07g000256,Capana03g000116,Capana04g000075,Capana05g002196,Capana12g001591,Capana10g000638,Capana00g001099,Capana10g000061,Capana10g002194,Capana02g001100,Capana10g002195,Capana09g000822,Capana00g000664,Capana09g000147,Capana00g004818,Capana00g004480,Capana09g001623,Capana12g000092,Capana10g000898,Capana06g002720,Capana00g004762,Capana02g000994,Capana10g002184,Capana00g003409,Capana05g001266,Capana04g001249,Capana11g001678,Capana09g001538,Capana10g002429,Capana03g000819,Capana06g000234,Capana05g001817,Capana09g001866,Capana02g003263,Capana10g001193,Capana00g003828,Capana03g003119,Capana10g000566,Capana03g002048,Capana00g000449,Capana09g001158,Capana00g000485,Capana04g002495,Capana00g000395,Capana02g002512,Capana08g002140,Capana08g000932,Capana04g000455,Capana01g001165,Capana05g001109,Capana06g002808,Capana08g000142,Capana02g003627,Capana03g002147,Capana09g002159,Capana08g001721,Capana03g003844,Capana02g003524,Capana03g000221,Capana05g000344,Capana02g000114,Capana03g001316,Capana11g001539,Capana04g001610,Capana02g000943,Capana11g000963,Capana10g001495,Capana00g002160	PGSC0003DMP400051281,PGSC0003DMP400030908,PGSC0003DMP400047758,PGSC0003DMP400014906,PGSC0003DMP400013612,PGSC0003DMP400040948,PGSC0003DMP400005885,PGSC0003DMP400029698,PGSC0003DMP400059564,PGSC0003DMP400007821,PGSC0003DMP400029700,PGSC0003DMP400032007,PGSC0003DMP400066849,PGSC0003DMP400025679,PGSC0003DMP400007367,PGSC0003DMP400015667,PGSC0003DMP400053305,PGSC0003DMP400045699,PGSC0003DMP400028169,PGSC0003DMP400011602,PGSC0003DMP400057920,PGSC0003DMP400034201,PGSC0003DMP400026601,PGSC0003DMP400022307,PGSC0003DMP400005987,PGSC0003DMP400040693,PGSC0003DMP400032460,PGSC0003DMP400007369,PGSC0003DMP400050519,PGSC0003DMP400038906,PGSC0003DMP400026250,PGSC0003DMP400016642,PGSC0003DMP400019984,PGSC0003DMP400039714,PGSC0003DMP400040692,PGSC0003DMP400019321,PGSC0003DMP400030950,PGSC0003DMP400014752,PGSC0003DMP400031818,PGSC0003DMP400007368,PGSC0003DMP400023925,PGSC0003DMP400024950,PGSC0003DMP400019557,PGSC0003DMP400014907,PGSC0003DMP400029695,PGSC0003DMP400023398,PGSC0003DMP400008804,PGSC0003DMP400005988,PGSC0003DMP400031671,PGSC0003DMP400046649,PGSC0003DMP400011679,PGSC0003DMP400015651,PGSC0003DMP400052318,PGSC0003DMP400051125,PGSC0003DMP400024487,PGSC0003DMP400003109,PGSC0003DMP400029689,PGSC0003DMP400049735,PGSC0003DMP400063831,PGSC0003DMP400021776,PGSC0003DMP400062833,PGSC0003DMP400019377,PGSC0003DMP400054421,PGSC0003DMP400048619,PGSC0003DMP400002464,PGSC0003DMP400040796,PGSC0003DMP400000107,PGSC0003DMP400048141,PGSC0003DMP400023927,PGSC0003DMP400033499,PGSC0003DMP400033228,PGSC0003DMP400043439,PGSC0003DMP400022703,PGSC0003DMP400000866,PGSC0003DMP400065003,PGSC0003DMP400031289,PGSC0003DMP400023869,PGSC0003DMP400016644,PGSC0003DMP400031817,PGSC0003DMP400054433,PGSC0003DMP400004417,PGSC0003DMP400016804,PGSC0003DMP400015493,PGSC0003DMP400017741,PGSC0003DMP400030833,PGSC0003DMP400015666,PGSC0003DMP400024474,PGSC0003DMP400041966,PGSC0003DMP400007819,PGSC0003DMP400027703,PGSC0003DMP400058481,PGSC0003DMP400029699,PGSC0003DMP400020231,PGSC0003DMP400049526,PGSC0003DMP400028168,PGSC0003DMP400048365,PGSC0003DMP400014779,PGSC0003DMP400035300,PGSC0003DMP400010158,PGSC0003DMP400014932,PGSC0003DMP400016875,PGSC0003DMP400009071,PGSC0003DMP400041912,PGSC0003DMP400014934,PGSC0003DMP400000108,PGSC0003DMP400032856,PGSC0003DMP400003111,PGSC0003DMP400032462,PGSC0003DMP400029706,PGSC0003DMP400044451,PGSC0003DMP400016647,PGSC0003DMP400051124,PGSC0003DMP400048528,PGSC0003DMP400048245,PGSC0003DMP400030892,PGSC0003DMP400014933,PGSC0003DMP400050258,PGSC0003DMP400029697,PGSC0003DMP400036315,PGSC0003DMP400007044,PGSC0003DMP400021482,PGSC0003DMP400032555,PGSC0003DMP400039155,PGSC0003DMP400052463,PGSC0003DMP400042969,PGSC0003DMP400045384,PGSC0003DMP400002465,PGSC0003DMP400007820,PGSC0003DMP400033431,PGSC0003DMP400015669,PGSC0003DMP400010156,PGSC0003DMP400011678,PGSC0003DMP400017117,PGSC0003DMP400027254,PGSC0003DMP400019438,PGSC0003DMP400043438,PGSC0003DMP400041518,PGSC0003DMP400051280,PGSC0003DMP400029687,PGSC0003DMP400000109,PGSC0003DMP400023977,PGSC0003DMP400043527,PGSC0003DMP400014936,PGSC0003DMP400040797,PGSC0003DMP400048902,PGSC0003DMP400021465,PGSC0003DMP400047157,PGSC0003DMP400014778,PGSC0003DMP400035301,PGSC0003DMP400017641,PGSC0003DMP400035500,PGSC0003DMP400017740,PGSC0003DMP400001625,PGSC0003DMP400026813,PGSC0003DMP400029701,PGSC0003DMP400025758,PGSC0003DMP400004478,PGSC0003DMP400044002,PGSC0003DMP400038905,PGSC0003DMP400031304,PGSC0003DMP400032554,PGSC0003DMP400045386,PGSC0003DMP400046489,PGSC0003DMP400033737,PGSC0003DMP400051418,PGSC0003DMP400022894,PGSC0003DMP400029980,PGSC0003DMP400008145,PGSC0003DMP400018703,PGSC0003DMP400032008,PGSC0003DMP400015668,PGSC0003DMP400002468,PGSC0003DMP400032134,PGSC0003DMP400007798,PGSC0003DMP400049532,PGSC0003DMP400035298,PGSC0003DMP400052453,PGSC0003DMP400051645,PGSC0003DMP400033454,PGSC0003DMP400030730,PGSC0003DMP400036314,PGSC0003DMP400047156,PGSC0003DMP400033736,PGSC0003DMP400052377,PGSC0003DMP400030729,PGSC0003DMP400044669,PGSC0003DMP400029707,PGSC0003DMP400007825,PGSC0003DMP400002331,PGSC0003DMP400023865,PGSC0003DMP400022704,PGSC0003DMP400038060,PGSC0003DMP400008988,PGSC0003DMP400005229,PGSC0003DMP400002467,PGSC0003DMP400011680,PGSC0003DMP400028170,PGSC0003DMP400041519,PGSC0003DMP400063175,PGSC0003DMP400016923,PGSC0003DMP400027736,PGSC0003DMP400016643,PGSC0003DMP400030279,PGSC0003DMP400048366,PGSC0003DMP400051419,PGSC0003DMP400008852,PGSC0003DMP400017642,PGSC0003DMP400029705,PGSC0003DMP400023866,PGSC0003DMP400037360,PGSC0003DMP400020566,PGSC0003DMP400050259,PGSC0003DMP400045439,PGSC0003DMP400041017,PGSC0003DMP400048364,PGSC0003DMP400024493,PGSC0003DMP400020567,PGSC0003DMP400035299,PGSC0003DMP400062170,PGSC0003DMP400014935,PGSC0003DMP400013610,PGSC0003DMP400029688,PGSC0003DMP400043526,PGSC0003DMP400017195,PGSC0003DMP400032132,PGSC0003DMP400038885,PGSC0003DMP400047326,PGSC0003DMP400012295,PGSC0003DMP400035177,PGSC0003DMP400060501,PGSC0003DMP400016186,PGSC0003DMP400019343,PGSC0003DMP400041909,PGSC0003DMP400039234,PGSC0003DMP400037015,PGSC0003DMP400005230,PGSC0003DMP400033735,PGSC0003DMP400023397,PGSC0003DMP400037775	Sopen09g005820.1,Sopen05g008090.1,Sopen04g027840.1,Sopen01g042000.1,Sopen09g024090.1,Sopen01g016890.1,Sopen12g031580.1,Sopen02g033870.1,Sopen05g008030.2,Sopen04g033290.1,Sopen02g026970.1,Sopen07g002720.1,Sopen05g008050.1,Sopen04g017530.1,Sopen09g002590.2,Sopen08g023930.1,Sopen08g016100.1,Sopen11g030330.2,Sopen11g023400.1,Sopen09g002040.1,Sopen02g003690.1,Sopen05g019190.1,Sopen06g031930.1,Sopen06g034280.1,Sopen05g001910.2,Sopen11g005540.1,Sopen05g031530.1,Sopen09g006780.1,Sopen03g040970.1,Sopen09g005590.1,Sopen06g001210.1,Sopen06g003640.1,Sopen05g033330.1,Sopen07g007110.1,Sopen04g027660.1,Sopen07g028440.1,Sopen02g028200.1,Sopen02g033880.1,Sopen12g024190.1,Sopen12g032540.1,Sopen10g033830.2,Sopen11g030330.1,Sopen01g029290.1,Sopen05g002520.1,Sopen10g005930.2,Sopen11g009170.1,Sopen03g003860.1,Sopen03g005830.1,Sopen10g033830.1,Sopen03g002890.1,Sopen07g027050.1,Sopen10g002780.1,Sopen10g005930.1,Sopen12g032550.1,Sopen11g025690.1,Sopen04g019830.1,Sopen11g021050.1,Sopen03g017660.1,Sopen01g045130.1,Sopen06g022830.1,Sopen04g003020.4,Sopen11g030570.1,Sopen01g047490.1,Sopen05g020750.1,Sopen10g001290.1,Sopen05g008020.1,Sopen02g003740.1,Sopen10g031120.1,Sopen10g028400.1,Sopen03g013240.3,Sopen04g036130.1,Sopen02g017400.1,Sopen04g006550.1,Sopen01g045090.1,Sopen06g001480.3,Sopen04g003020.3,Sopen01g045110.1,Sopen09g034230.1,Sopen02g034800.1,Sopen10g029570.1,Sopen06g022830.2,Sopen10g031060.1,Sopen08g030710.1,Sopen05g010360.1,Sopen01g048860.1,Sopen08g020100.1,Sopen09g007270.1,Sopen10g035360.1,Sopen09g033120.1,Sopen09g002590.1,Sopen10g024210.1,Sopen03g013240.2,Sopen05g001910.1,Sopen03g039880.1,Sopen03g002500.1,Sopen03g021350.1,Sopen02g016690.1,Sopen05g002710.1,Sopen09g005810.1,Sopen02g032210.1,Sopen09g029060.1,Sopen09g001170.1,Sopen02g023380.1,Sopen10g027390.1,Sopen05g008030.1,Sopen01g004370.1,Sopen07g031660.1,Sopen10g017310.1,Sopen05g016410.1,Sopen05g008100.1,Sopen12g018640.1,Sopen01g038470.2,Sopen09g006810.1,Sopen12g004140.1,Sopen05g008080.1,Sopen01g038470.1,Sopen10g034300.1,Sopen06g001490.1,Sopen03g013240.1	SPI03g05368.1,SPI03g00364.1,SPI12g04900.1,SPI09g04608.1,SPI06g00524.1,SPI08g06342.1,SPI02g00384.1,SPI06g00046.1,SPI05g01016.1,SPI04g04975.1,SPI09g01082.1,SPI05g03052.1,SPI07g00401.1,SPI10g02104.1,SPI09g00991.1,SPI05g00192.1,SPI02g02436.1,SPI10g00675.1,SPI08g04919.1,SPI10g03910.1,SPI09g00887.1,SPI11g03706.1,SPI02g04343.1,SPI10g03487.1,SPI10g03747.1,SPI02g01203.1,SPI09g04049.1,SPI01g08122.1,SPI04g00887.1,SPI07g00081.1,SPI12g04782.1,SPI02g03646.1,SPI08g06372.1,SPI02g02512.1,SPI05g00273.1,SPI05g00324.1,SPI01g07881.1,SPI09g00855.1,SPI07g05900.1,SPI05g02493.1,SPI05g01013.1,SPI10g01777.1,SPI02g01121.1,SPI05g02866.1,SPI10g04327.1,SPI05g01154.1,SPI04g04841.1,SPI04g02926.1,SPI07g05777.1,SPI06g05423.1,SPI04g04338.1,SPI08g04252.1,SPI02g00389.1,SPI10g01988.1,SPI01g07882.1,SPI05g01011.1,SPI01g08272.1,SPI07g05703.1,SPI05g01680.1,SPI02g00392.1,SPI07g00137.1,SPI04g04799.1,SPI10g02166.1,SPI09g04724.1,SPI09g03242.1,SPI11g04273.1,SPI05g04819.1,SPI01g04271.1,SPI02g04242.1,SPI07g06106.1,SPI02g04243.1,SPI04g04244.1,SPI10g00286.1,SPI12g00505.1,SPI03g00484.1,SPI10g02123.1,SPI11g04244.1,SPI03g00605.1,SPI06g00083.1,SPI12g04353.1,SPI05g04608.1,SPI11g02781.1,SPI05g01017.1,SPI03g03175.1,SPI08g05630.1,SPI02g00383.1,SPI10g03616.1,SPI05g01014.1,SPI06g05240.1,SPI02g03147.1,SPI08g05140.1,SPI11g02113.1,SPI02g01182.1,SPI10g04280.1,SPI09g00274.1,SPI10g00128.1,SPI03g02387.1,SPI03g05479.1,SPI01g07884.1,SPI07g00364.1,SPI02g02709.1,SPI09g00204.1,SPI03g00853.1,SPI10g04437.1,SPI03g02841.1,SPI04g05064.1,SPI04g05364.1,SPI01g05998.1,SPI06g03989.1,SPI06g00368.1,SPI02g04089.1,SPI09g00992.1,SPI10g03917.1,SPI01g07187.1,SPI09g01215.1,SPI06g04986.1	Solyc04g008390.3.1,Solyc03g064010.4.1,Solyc03g031980.4.1,Solyc10g076560.1.1,Solyc01g094660.3.1,Solyc10g084860.1.1,Solyc04g050933.1.1,Solyc08g066310.3.1,Solyc11g010730.3.1,Solyc05g005060.3.1,Solyc09g007730.4.1,Solyc02g080020.1.1,Solyc05g013310.1.1,Solyc09g014460.1.1,Solyc12g096710.2.1,Solyc11g065950.3.1,Solyc02g089090.3.1,Solyc10g005300.3.1,Solyc03g122230.2.1,Solyc04g079710.4.1,Solyc06g082920.3.1,Solyc04g076990.3.1,Solyc03g007910.3.1,Solyc02g014070.2.1,Solyc10g080510.1.1,Solyc08g060950.3.1,Solyc07g006610.3.1,Solyc09g011070.1.1,Solyc08g150147.1.1,Solyc01g102700.4.1,Solyc03g121050.3.1,Solyc02g089760.3.1,Solyc10g006870.1.1,Solyc04g014410.4.1,Solyc05g005140.4.1,Solyc05g053010.1.1,Solyc09g010850.4.1,Solyc06g008890.4.1,Solyc02g087460.1.1,Solyc05g015150.3.1,Solyc10g080580.1.1,Solyc08g082460.4.1,Solyc02g079660.1.1,Solyc10g047140.2.1,Solyc09g011060.2.1,Solyc05g007230.4.1,Solyc04g007880.4.1,Solyc06g063360.4.1,Solyc09g012000.1.1,Solyc09g014470.2.1,Solyc09g091990.3.1,Solyc04g071870.1.1,Solyc09g091260.3.1,Solyc03g006500.3.1,Solyc10g085990.3.1,Solyc10g084390.2.1,Solyc05g054860.1.1,Solyc11g072910.1.1,Solyc12g009190.2.1,Solyc01g104970.3.1,Solyc09g015220.3.1,Solyc10g074900.2.1,Solyc10g047780.1.1,Solyc04g150137.1.1,Solyc12g055720.2.1,Solyc09g011990.1.1,Solyc10g076760.3.1,Solyc09g007170.4.1,Solyc01g067400.3.1,Solyc02g014030.3.1,Solyc05g006570.1.1,Solyc05g018910.2.1,Solyc01g101100.4.1,Solyc02g150103.1.1,Solyc02g014060.1.1,Solyc07g055430.1.1,Solyc07g006940.3.1,Solyc02g021780.3.1,Solyc06g005230.3.1,Solyc02g021660.2.1,Solyc07g055180.3.1,Solyc01g028830.3.1,Solyc11g072660.2.1,Solyc02g090110.3.1,Solyc03g059080.3.1,Solyc05g013270.2.1,Solyc10g047740.1.1,Solyc05g013300.1.1,Solyc02g082310.2.1,Solyc07g054500.4.1,Solyc03g006890.3.1,Solyc02g079700.1.1,Solyc06g075550.3.1,Solyc05g025780.4.1,Solyc09g090210.3.1,Solyc04g082510.3.1,Solyc07g063480.3.1,Solyc10g012170.3.1,Solyc02g067560.1.1,Solyc12g094680.3.1,Solyc02g078530.3.1,Solyc09g074240.1.1,Solyc09g005190.3.1,Solyc11g044370.1.1,Solyc01g102710.2.1,Solyc08g075330.3.1,Solyc05g006770.4.1,Solyc06g005520.4.1,Solyc10g078940.2.1,Solyc01g106500.4.1,Solyc02g068300.3.1,Solyc09g061330.3.1,Solyc05g013320.1.1,Solyc05g024290.3.1,Solyc07g150100.1.1,Solyc02g079560.1.1,Solyc01g102680.4.1	SLYcer04g05308.1,SLYcer12g04942.1,SLYcer09g05056.1,SLYcer07g05387.1,SLYcer09g00305.1,SLYcer10g00253.1,SLYcer10g03758.1,SLYcer09g04254.1,SLYcer02g01420.1,SLYcer03g00386.1,SLYcer01g08006.1,SLYcer04g05017.1,SLYcer05g00951.1,SLYcer05g01626.1,SLYcer08g06430.1,SLYcer10g05425.1,SLYcer01g07382.1,SLYcer10g00801.1,SLYcer02g04392.1,SLYcer10g05109.1,SLYcer10g03806.1,SLYcer02g01422.1,SLYcer08g05747.1,SLYcer02g03615.1,SLYcer01g04242.1,SLYcer02g04621.1,SLYcer10g05260.1,SLYcer02g03991.1,SLYcer07g05043.1,SLYcer10g05432.1,SLYcer02g05320.1,SLYcer10g04993.1,SLYcer04g05345.1,SLYcer08g04352.1,SLYcer03g05327.1,SLYcer10g02364.1,SLYcer10g04963.1,SLYcer07g04975.1,SLYcer02g04735.1,SLYcer10g05793.1,SLYcer03g00224.1,SLYcer06g00584.1,SLYcer10g03648.1,SLYcer03g02259.1,SLYcer02g02153.1,SLYcer08g05028.1,SLYcer03g00696.1,SLYcer02g01428.1,SLYcer12g04400.1,SLYcer06g00684.1,SLYcer09g00951.1,SLYcer11g03643.1,SLYcer07g00278.1,SLYcer05g00174.1,SLYcer10g05745.1,SLYcer05g00953.1,SLYcer04g05568.1,SLYcer05g01927.1,SLYcer07g00333.1,SLYcer10g02176.1,SLYcer10g02161.1,SLYcer09g01201.1,SLYcer06g00317.1,SLYcer02g04247.1,SLYcer06g05411.1,SLYcer05g00954.1,SLYcer03g05445.1,SLYcer04g05853.1,SLYcer07g03671.1,SLYcer12g00477.1,SLYcer09g00367.1,SLYcer05g00295.1,SLYcer01g08040.1,SLYcer07g00069.1,SLYcer02g05319.1,SLYcer10g00417.1,SLYcer09g04944.1,SLYcer09g00976.1,SLYcer06g00276.1,SLYcer02g05157.1,SLYcer01g05818.1,SLYcer06g03516.1,SLYcer04g04854.1,SLYcer01g07383.1,SLYcer06g05116.1,SLYcer03g02697.1,SLYcer11g04199.1,SLYcer11g02073.1,SLYcer07g00683.1,SLYcer09g01362.1,SLYcer08g06464.1,SLYcer05g00955.1,SLYcer04g04757.1,SLYcer11g02722.1,SLYcer01g08005.1,SLYcer06g04122.1,SLYcer10g03775.1,SLYcer01g06941.1,SLYcer04g01158.1,SLYcer03g04872.1,SLYcer12g04822.1,SLYcer05g02479.1,SLYcer10g03454.1,SLYcer03g03075.1,SLYcer11g00599.1,SLYcer02g02143.1,SLYcer03g05230.1,SLYcer02g03542.1,SLYcer03g00273.1,SLYcer05g00256.1,SLYcer01g07139.1,SLYcer05g01224.1,SLYcer10g05135.1	Capang04g000065,Capang09g001215,Capang12g000881,Capang00g002711,Capang02g001007,Capang04g002242,Capang06g000037,Capang11g001433,Capang11g002222,Capang07g001819,Capang07g001593,Capang05g000446,Capang03g001940,Capang00g000324,Capang00g001200,Capang07g000017,Capang07g001760,Capang02g001766,Capang03g002033,Capang03g002113,Capang11g001110,Capang07g001420,Capang03g003735,Capang02g002785,Capang07g000402,Capang06g002512,Capang04g002359,Capang12g000450,Capang06g000446,Capang10g001948,Capang00g004215,Capang02g003156,Capang10g000059,Capang10g000427,Capang01g003515,Capang00g000443,Capang12g000559,Capang02g003248,Capang00g000558,Capang03g000232,Capang10g001009,Capang11g000889,Capang07g000851,Capang01g001739,Capang09g001356,Capang04g000750,Capang00g002698,Capang01g004685,Capang02g000863,Capang01g004565,Capang11g000710,Capang11g000565,Capang09g001669,Capang09g001209,Capang12g001210,Capang10g002186,Capang02g002243,Capang05g001751,Capang11g000709,Capang06g000221,Capang01g004297,Capang10g000486,Capang12g002307,Capang01g002573,Capang09g000142,Capang00g003705,Capang03g003413,Capang11g000819,Capang05g000490,Capang00g005415,Capang03g004204,Capang12g000319,Capang12g002363,Capang00g003578,Capang05g001961,Capang12g001456,Capang00g001821,Capang00g005310,Capang05g000208,Capang03g002355,Capang12g001073,Capang01g004296,Capang00g000441,Capang00g005250,Capang02g003008,Capang10g000445,Capang04g002177,Capang02g001001,Capang10g001270,Capang04g000424,Capang02g003009,Capang07g001531,Capang10g001437,Capang07g002247,Capang10g000143,Capang05g001251,Capang04g000700,Capang03g000112,Capang00g002067,Capang09g001426,Capang09g001219,Capang05g000943,Capang12g000318,Capang02g001508,Capang07g001663,Capang06g002602,Capang03g001268,Capang09g001357,Capang10g001426,Capang10g001940,Capang10g001159,Capang09g001422,Capang00g001572,Capang06g002313,Capang12g001331,Capang09g001395,Capang00g005394,Capang09g001220,Capang07g000060,Capang10g002023,Capang03g003004,Capang09g001115,Capang06g002794,Capang01g004299,Capang01g004295,Capang01g004905,Capang02g000910
OG27640	987	7	Capana01g004253,Capana00g001793,Capana11g001607,Capana12g000108,Capana03g000687,Capana00g002512,Capana02g001530,Capana11g001606,Capana03g000692,Capana03g004049,Capana07g002295,Capana04g000137,Capana07g002289,Capana07g000130,Capana10g001988,Capana00g001819,Capana00g001794,Capana00g001632,Capana01g000083,Capana01g000096,Capana03g004348,Capana11g002276,Capana07g001446,Capana10g000273,Capana00g002508,Capana04g000456,Capana11g000246,Capana07g001834,Capana04g000878,Capana03g004614,Capana00g001877,Capana11g002279,Capana09g000400,Capana12g002785,Capana01g000973,Capana00g003534,Capana01g001077,Capana03g003813,Capana11g001742,Capana00g002426,Capana03g003811,Capana10g000290,Capana00g002509,Capana03g004572,Capana00g002421,Capana12g000107,Capana11g002287,Capana03g004037,Capana01g004272,Capana09g001786,Capana11g001214,Capana10g001876,Capana05g002322,Capana11g001548,Capana03g004571,Capana00g001209,Capana00g003832,Capana08g000981,Capana08g001452,Capana02g003312,Capana12g002495,Capana03g004343,Capana03g004325,Capana09g000345,Capana12g002493,Capana06g002867,Capana02g001529,Capana00g001563,Capana01g004407,Capana03g003436,Capana04g001389,Capana00g001067,Capana00g002728,Capana00g002510,Capana03g003601,Capana09g001973,Capana08g001866,Capana01g003180,Capana03g004011,Capana10g000068,Capana03g004048,Capana03g004583,Capana00g000813,Capana12g000106,Capana02g001516,Capana03g004025,Capana06g002069,Capana03g004584,Capana03g004033,Capana00g001475,Capana01g000974,Capana07g002299,Capana04g001368,Capana02g003703,Capana03g004573,Capana02g001524,Capana02g001514,Capana02g001523,Capana02g001525,Capana03g004560,Capana01g001595,Capana00g000245,Capana03g003809,Capana00g002653,Capana07g002286,Capana11g002286,Capana12g002849,Capana11g000247,Capana00g004232,Capana12g001944,Capana12g002775,Capana00g002422,Capana01g003262,Capana12g002107,Capana07g002263,Capana03g003560,Capana00g004226,Capana12g002492,Capana02g001518,Capana01g004252,Capana08g001873,Capana03g004326,Capana00g001590,Capana10g000381,Capana03g004395,Capana05g002282,Capana00g002727,Capana02g001517,Capana00g001347,Capana05g000404,Capana10g000279,Capana05g002321,Capana03g004320,Capana00g002099,Capana03g004341,Capana03g000024,Capana03g003814,Capana03g004340,Capana03g003807,Capana03g004169,Capana00g004221,Capana07g001857,Capana11g001354,Capana12g000110,Capana06g003017,Capana11g001349,Capana00g001569,Capana02g002059,Capana11g002162,Capana04g000879,Capana11g001710,Capana10g000382,Capana00g004231,Capana11g001751,Capana03g003468,Capana09g000504,Capana12g002494,Capana06g000014,Capana12g002551,Capana00g001694,Capana00g002428,Capana06g002869,Capana11g002183,Capana12g002782,Capana01g002254,Capana10g002480,Capana11g001743,Capana03g000021,Capana01g001756,Capana00g002427,Capana01g001677,Capana00g004558,Capana01g001676,Capana00g001097,Capana07g001859,Capana00g003633,Capana00g003533	PGSC0003DMP400023213,PGSC0003DMP400068184,PGSC0003DMP400009147,PGSC0003DMP400054498,PGSC0003DMP400040129,PGSC0003DMP400023670,PGSC0003DMP400066757,PGSC0003DMP400006752,PGSC0003DMP400015398,PGSC0003DMP400021387,PGSC0003DMP400061600,PGSC0003DMP400063993,PGSC0003DMP400056602,PGSC0003DMP400051924,PGSC0003DMP400037524,PGSC0003DMP400013147,PGSC0003DMP400023470,PGSC0003DMP400034705,PGSC0003DMP400065587,PGSC0003DMP400054473,PGSC0003DMP400006117,PGSC0003DMP400059492,PGSC0003DMP400066938,PGSC0003DMP400062368,PGSC0003DMP400007374,PGSC0003DMP400068902,PGSC0003DMP400054523,PGSC0003DMP400034706,PGSC0003DMP400048465,PGSC0003DMP400063161,PGSC0003DMP400023918,PGSC0003DMP400016699,PGSC0003DMP400067625,PGSC0003DMP400030380,PGSC0003DMP400054522,PGSC0003DMP400031381,PGSC0003DMP400011540,PGSC0003DMP400058154,PGSC0003DMP400069229,PGSC0003DMP400065403,PGSC0003DMP400008379,PGSC0003DMP400065260,PGSC0003DMP400059767,PGSC0003DMP400035515,PGSC0003DMP400045892,PGSC0003DMP400065546,PGSC0003DMP400058758,PGSC0003DMP400034697,PGSC0003DMP400057827,PGSC0003DMP400061657,PGSC0003DMP400068972,PGSC0003DMP400020153,PGSC0003DMP400057652,PGSC0003DMP400064559,PGSC0003DMP400058134,PGSC0003DMP400065877,PGSC0003DMP400059362,PGSC0003DMP400037596,PGSC0003DMP400006766,PGSC0003DMP400054430,PGSC0003DMP400049448,PGSC0003DMP400023508,PGSC0003DMP400008164,PGSC0003DMP400045411,PGSC0003DMP400062008,PGSC0003DMP400037525,PGSC0003DMP400062717,PGSC0003DMP400054533,PGSC0003DMP400035472,PGSC0003DMP400030456,PGSC0003DMP400060745,PGSC0003DMP400017582,PGSC0003DMP400039946,PGSC0003DMP400028882,PGSC0003DMP400039948,PGSC0003DMP400011439,PGSC0003DMP400065846,PGSC0003DMP400015663,PGSC0003DMP400048566,PGSC0003DMP400020581,PGSC0003DMP400059591,PGSC0003DMP400063910,PGSC0003DMP400063113,PGSC0003DMP400019396,PGSC0003DMP400064315,PGSC0003DMP400004839,PGSC0003DMP400060187,PGSC0003DMP400023507,PGSC0003DMP400036333,PGSC0003DMP400043547,PGSC0003DMP400060458,PGSC0003DMP400067970,PGSC0003DMP400064657,PGSC0003DMP400013675,PGSC0003DMP400057681,PGSC0003DMP400036518,PGSC0003DMP400038588,PGSC0003DMP400002615,PGSC0003DMP400004312,PGSC0003DMP400023506,PGSC0003DMP400027352,PGSC0003DMP400029579,PGSC0003DMP400020152,PGSC0003DMP400049467,PGSC0003DMP400051665,PGSC0003DMP400069182,PGSC0003DMP400054537,PGSC0003DMP400002616,PGSC0003DMP400037597,PGSC0003DMP400059886,PGSC0003DMP400038001,PGSC0003DMP400051618,PGSC0003DMP400009926,PGSC0003DMP400015399,PGSC0003DMP400030874,PGSC0003DMP400063862,PGSC0003DMP400030457,PGSC0003DMP400054521,PGSC0003DMP400011438,PGSC0003DMP400035471,PGSC0003DMP400006820,PGSC0003DMP400057175,PGSC0003DMP400019375,PGSC0003DMP400046220,PGSC0003DMP400023505,PGSC0003DMP400051661,PGSC0003DMP400010804,PGSC0003DMP400062525,PGSC0003DMP400068643,PGSC0003DMP400062361,PGSC0003DMP400011538,PGSC0003DMP400011157,PGSC0003DMP400044073,PGSC0003DMP400057243,PGSC0003DMP400068313,PGSC0003DMP400044483,PGSC0003DMP400018935,PGSC0003DMP400058757,PGSC0003DMP400011537,PGSC0003DMP400020213,PGSC0003DMP400013169,PGSC0003DMP400006118,PGSC0003DMP400062255,PGSC0003DMP400010841,PGSC0003DMP400057027,PGSC0003DMP400015664,PGSC0003DMP400069370,PGSC0003DMP400026208,PGSC0003DMP400022983,PGSC0003DMP400035516,PGSC0003DMP400036680,PGSC0003DMP400066895,PGSC0003DMP400013326,PGSC0003DMP400016698,PGSC0003DMP400010805,PGSC0003DMP400027311,PGSC0003DMP400039944,PGSC0003DMP400068713,PGSC0003DMP400064579,PGSC0003DMP400058524,PGSC0003DMP400064834,PGSC0003DMP400049466,PGSC0003DMP400066097,PGSC0003DMP400023779,PGSC0003DMP400002321,PGSC0003DMP400020151,PGSC0003DMP400006817,PGSC0003DMP400034700,PGSC0003DMP400023454,PGSC0003DMP400039281,PGSC0003DMP400023504,PGSC0003DMP400036520,PGSC0003DMP400068557,PGSC0003DMP400065485,PGSC0003DMP400023917,PGSC0003DMP400044072,PGSC0003DMP400030490,PGSC0003DMP400038215,PGSC0003DMP400026349,PGSC0003DMP400068743,PGSC0003DMP400059078,PGSC0003DMP400051662,PGSC0003DMP400006767,PGSC0003DMP400037523,PGSC0003DMP400014559,PGSC0003DMP400006875,PGSC0003DMP400065135,PGSC0003DMP400064562,PGSC0003DMP400059527,PGSC0003DMP400053471,PGSC0003DMP400057355,PGSC0003DMP400054548,PGSC0003DMP400062269,PGSC0003DMP400039924,PGSC0003DMP400010803,PGSC0003DMP400038084,PGSC0003DMP400067633,PGSC0003DMP400043605,PGSC0003DMP400061239,PGSC0003DMP400046510,PGSC0003DMP400017581,PGSC0003DMP400029479,PGSC0003DMP400062934,PGSC0003DMP400009449,PGSC0003DMP400063919,PGSC0003DMP400036681,PGSC0003DMP400026348,PGSC0003DMP400067373,PGSC0003DMP400058104,PGSC0003DMP400060155,PGSC0003DMP400023858,PGSC0003DMP400043403,PGSC0003DMP400011437,PGSC0003DMP400059496,PGSC0003DMP400011436,PGSC0003DMP400027189,PGSC0003DMP400067826,PGSC0003DMP400067029,PGSC0003DMP400060549,PGSC0003DMP400062057,PGSC0003DMP400021719,PGSC0003DMP400006655,PGSC0003DMP400067530,PGSC0003DMP400028881,PGSC0003DMP400040524,PGSC0003DMP400037241,PGSC0003DMP400062837,PGSC0003DMP400068600,PGSC0003DMP400043603,PGSC0003DMP400011435,PGSC0003DMP400064958,PGSC0003DMP400023442	Sopen10g005230.1,Sopen05g009120.2,Sopen10g002860.1,Sopen02g021370.1,Sopen01g028740.1,Sopen10g023390.1,Sopen01g047470.1,Sopen06g003550.1,Sopen09g034610.1,Sopen08g018640.2,Sopen07g027190.1,Sopen09g032170.1,Sopen05g005930.1,Sopen05g019880.1,Sopen09g032020.1,Sopen09g005030.1,Sopen02g019700.1,Sopen03g024680.1,Sopen11g007290.1,Sopen09g001370.1,Sopen09g034550.1,Sopen07g026190.2,Sopen05g001130.1,Sopen11g007280.1,Sopen09g001450.2,Sopen01g020300.1,Sopen09g034590.1,Sopen03g006940.1,Sopen12g033850.1,Sopen07g019090.1,Sopen01g028680.1,Sopen07g027210.1,Sopen07g026190.1,Sopen09g034190.1,Sopen02g032030.1,Sopen04g035630.1,Sopen07g027210.2,Sopen09g001690.2,Sopen09g004210.1,Sopen02g021380.1,Sopen01g020170.1,Sopen09g029400.1,Sopen05g019890.1,Sopen01g003950.1,Sopen02g021360.1,Sopen09g032160.1,Sopen11g006650.1,Sopen10g004270.1,Sopen05g009120.1,Sopen11g007270.1,Sopen01g020440.1,Sopen09g001450.1,Sopen05g003420.1,Sopen11g004020.1,Sopen09g032020.2,Sopen02g011430.1,Sopen02g019680.1,Sopen03g006940.2,Sopen09g001690.1,Sopen01g020140.1,Sopen05g019880.2,Sopen09g028740.1,Sopen01g004180.1,Sopen11g004110.1,Sopen05g009120.3,Sopen04g033920.1,Sopen05g003280.1,Sopen09g032150.1	SPI10g03063.1,SPI04g05063.1,SPI05g00723.1,SPI09g00152.1,SPI09g04782.1,SPI09g02808.1,SPI04g02860.1,SPI02g04474.1,SPIUNg00016.1,SPI01g05948.1,SPI01g00840.1,SPI07g00971.1,SPI12g01475.1,SPI12g00802.1,SPI09g04838.1,SPI01g02623.1,SPI09g04784.1,SPI06g00352.1,SPI10g03074.1,SPI04g05312.1,SPI01g04599.1,SPI05g00708.1,SPI10g03734.1,SPI09g04504.1,SPI11g02659.1,SPI01g08119.1,SPI05g00765.1,SPI11g00584.1,SPI09g02807.1,SPI11g00936.1,SPI11g01090.1,SPI12g00770.1,SPI02g02762.1,SPI07g00972.1,SPI01g02592.1,SPI02g01810.1,SPI11g02662.1,SPI05g02138.1,SPI08g05522.1,SPI07g04011.1,SPI05g00719.1,SPI03g01610.1,SPI10g03396.1,SPI11g00853.1,SPI01g00975.1,SPI09g04503.1,SPI09g04840.1,SPI05g02565.1,SPI05g00409.1,SPI02g02935.1,SPI05g03005.1,SPI09g01264.1,SPI01g04455.1,SPI09g02133.1,SPI04g02861.1,SPI03g01098.1,SPI01g01019.1,SPI09g00865.1,SPI10g03078.1,SPI01g04607.1,SPI02g01828.1,SPI05g00761.1,SPI09g00151.1,SPI10g03359.1,SPI09g04825.1,SPI05g00721.1,SPI08g05674.1,SPI08g04745.1,SPI11g04084.1,SPI02g02788.1,SPI07g00793.1,SPI05g00722.1,SPI10g00585.1,SPI05g03114.1,SPI02g01694.1,SPI10g03503.1,SPI09g00796.1,SPI01g05951.1,SPI10g03735.1,SPI11g02660.1,SPI09g00486.1,SPI02g01824.1,SPI11g00935.1,SPI07g05564.1,SPI10g00797.1,SPI09g00122.1,SPI10g03372.1,SPI02g02763.1,SPI09g01266.1,SPI05g00639.1,SPI10g00295.1,SPI10g03406.1,SPI02g01695.1,SPI01g04574.1,SPI10g02900.1,SPI05g01138.1,SPI11g02389.1,SPI04g05128.1,SPI10g03384.1,SPI07g02985.1,SPI12g00774.1,SPI09g04719.1,SPI01g00558.1,SPI07g05485.1,SPI07g05759.1,SPI09g02710.1,SPI09g04807.1,SPI09g04820.1,SPI02g02787.1,SPI02g04069.1,SPI01g02585.1,SPI01g01020.1,SPI05g00425.1,SPI11g00933.1,SPI07g02992.1,SPI11g04080.1,SPI12g05070.1,SPI01g08359.1,SPI05g00640.1,SPI01g04878.1,SPI09g04787.1,SPI07g04647.1,SPI10g03347.1,SPI03g03806.1,SPI12g04952.1,SPI10g00450.1,SPI01g04595.1,SPI12g00777.1,SPI07g02990.1,SPI10g03043.1,SPI05g02322.1,SPI09g04821.1,SPI01g04925.1,SPI02g04725.1,SPI09g04774.1,SPI01g04686.1,SPI09g04099.1,SPI02g01709.1,SPI09g00128.1,SPI02g04204.1,SPI05g03116.1,SPI02g01981.1,SPI02g02936.1,SPI12g00787.1,SPI12g02441.1,SPI01g04796.1	Solyc02g072423.1.1,Solyc07g039530.1.1,Solyc07g039510.4.1,Solyc10g009450.1.1,Solyc04g080320.1.1,Solyc05g010490.1.1,Solyc05g010210.1.1,Solyc01g067030.2.1,Solyc01g067010.3.1,Solyc01g008660.4.1,Solyc02g070600.3.1,Solyc05g014100.3.1,Solyc03g046490.3.1,Solyc09g083230.1.1,Solyc05g025625.1.1,Solyc09g074570.1.1,Solyc09g072910.3.1,Solyc02g038820.1.1,Solyc09g005520.2.1,Solyc10g052710.1.1,Solyc09g072930.1.1,Solyc01g049660.2.1,Solyc07g021080.1.1,Solyc09g091710.3.1,Solyc01g056220.2.1,Solyc10g075010.2.1,Solyc01g104940.2.1,Solyc11g008300.1.1,Solyc01g056240.1.1,Solyc07g055020.3.1,Solyc09g150103.1.1,Solyc10g009460.1.1,Solyc01g056285.1.1,Solyc02g072420.1.1,Solyc01g057010.1.1,Solyc11g012540.2.1,Solyc09g091220.3.1,Solyc08g063070.3.1,Solyc07g044920.1.1,Solyc02g091570.1.1,Solyc07g150113.1.1,Solyc09g005480.3.1,Solyc10g008450.2.1,Solyc06g008760.1.1,Solyc01g056280.3.1,Solyc12g098170.1.1,Solyc05g005110.1.1,Solyc01g057190.1.1,Solyc12g099170.3.1,Solyc08g082550.1.1,Solyc11g012550.3.1,Solyc04g081980.2.1,Solyc01g056660.2.1,Solyc02g094080.1.1,Solyc05g010500.1.1,Solyc09g091690.1.1,Solyc11g012560.3.1,Solyc09g005770.1.1,Solyc02g070620.4.1,Solyc05g010220.2.1,Solyc02g087270.2.1,Solyc09g091680.1.1	SLYcer09g00230.1,SLYcer11g00783.1,SLYcer10g04551.1,SLYcer05g00734.1,SLYcer11g02601.1,SLYcer02g02993.1,SLYcer02g03087.1,SLYcer05g00607.1,SLYcer01g00792.1,SLYcer01g07143.1,SLYcer12g00202.1,SLYcer05g01780.1,SLYcer11g00785.1,SLYcer05g00689.1,SLYcer01g00527.1,SLYcer02g05554.1,SLYcer07g05025.1,SLYcer01g02512.1,SLYcer01g02520.1,SLYcer09g01408.1,SLYcer02g03861.1,SLYcer07g01544.1,SLYcer05g00676.1,SLYcer02g02922.1,SLYcer02g02803.1,SLYcer09g05164.1,SLYcer09g05100.1,SLYcer02g05134.1,SLYcer12g01441.1,SLYcer10g04573.1,SLYcer09g05144.1,SLYcer04g03104.1,SLYcer09g05129.1,SLYcer12g02672.1,SLYcer12g05119.1,SLYcer09g00257.1,SLYcer02g04041.1,SLYcer02g05804.1,SLYcer02g03103.1,SLYcer01g04415.1,SLYcer01g04407.1,SLYcer05g00605.1,SLYcer11g00789.1,SLYcer09g04290.1,SLYcer02g05279.1,SLYcer10g00719.1,SLYcer09g02880.1,SLYcer01g04738.1,SLYcer07g01539.1,SLYcer09g05143.1,SLYcer10g04888.1,SLYcer06g00570.1,SLYcer11g02603.1,SLYcer07g01546.1,SLYcer01g04779.1,SLYcer02g04043.1,SLYcer10g00926.1,SLYcer09g05052.1,SLYcer01g02521.1,SLYcer01g04424.1,SLYcer07g03298.1,SLYcer11g00959.1,SLYcer09g05108.1,SLYcer05g01636.1,SLYcer10g04564.1,SLYcer03g01405.1,SLYcer01g04658.1,SLYcer09g00598.1,SLYcer07g00951.1,SLYcer02g02804.1,SLYcer04g03103.1,SLYcer01g02389.1,SLYcer08g04849.1,SLYcer09g04205.1,SLYcer05g00690.1,SLYcer09g00260.1,SLYcer03g03575.1,SLYcer10g04870.1,SLYcer01g02547.1,SLYcer09g02218.1,SLYcer05g01067.1,SLYcer11g00441.1,SLYcer09g00237.1,SLYcer09g04842.1,SLYcer01g05774.1,SLYcer02g02813.1,SLYcer07g03302.1,SLYcer02g03889.1,SLYcer07g00952.1,SLYcer04g05631.1,SLYcer10g04863.1,SLYcer05g00688.1,SLYcer05g00677.1,SLYcer05g02529.1,SLYcer01g00916.1,SLYcer11g04015.1,SLYcer11g02600.1,SLYcer12g04993.1,SLYcer10g04399.1,SLYcer01g04403.1,SLYcer02g02992.1,SLYcer09g00955.1,SLYcer11g02360.1,SLYcer05g02576.1,SLYcer07g04773.1,SLYcer01g05771.1,SLYcer01g04323.1,SLYcer01g07144.1,SLYcer01g00960.1,SLYcer10g00428.1,SLYcer01g04555.1,SLYcer08g05791.1,SLYcer02g02935.1,SLYcer09g04291.1,SLYcer09g05106.1,SLYcer09g05149.1,SLYcer11g00787.1,SLYcer10g00588.1,SLYcer10g05008.1,SLYcer04g05800.1,SLYcer09g04292.1,SLYcer05g00687.1,SLYcer09g02881.1,SLYcer03g03734.1,SLYcer07g04841.1,SLYcer05g01196.1,SLYcer09g01406.1,SLYcer02g03864.1,SLYcer05g02426.1,SLYcer05g00393.1	Capang09g000437,Capang03g004005,Capang04g001323,Capang02g001344,Capang00g000970,Capang01g000079,Capang07g001860,Capang07g000292,Capang01g000474,Capang03g003715,Capang11g001704,Capang03g004388,Capang04g000125,Capang03g004152,Capang00g005237,Capang01g001452,Capang10g000185,Capang03g004376,Capang12g002427,Capang02g003050,Capang12g002139,Capang11g001562,Capang00g002923,Capang11g001682,Capang00g002040,Capang03g003502,Capang12g001628,Capang00g004238,Capang06g002774,Capang12g000086,Capang00g004803,Capang12g002140,Capang11g001490,Capang03g004180,Capang12g002143,Capang00g001490,Capang07g001848,Capang03g004153,Capang11g001871,Capang07g001854,Capang01g003537,Capang03g004130,Capang05g000324,Capang11g001709,Capang00g002022,Capang12g002417,Capang01g000001,Capang03g004366,Capang07g001119,Capang11g001332,Capang03g004162,Capang12g002293,Capang10g000278,Capang01g000089,Capang09g000568,Capang00g000017,Capang08g000863,Capang00g002860,Capang00g000223,Capang04g000844,Capang02g001336,Capang11g001255,Capang09g000326,Capang00g003386,Capang02g001345,Capang06g002644,Capang03g003470,Capang03g004181,Capang11g001655,Capang07g001470,Capang00g000857,Capang00g002023,Capang00g000597,Capang03g003713,Capang03g004253,Capang01g001947,Capang01g000928,Capang10g002255,Capang01g004434,Capang03g003879,Capang03g004283,Capang12g002429,Capang08g000120,Capang06g001889,Capang11g002076,Capang03g004177,Capang12g002144,Capang11g001683,Capang08g000207,Capang12g002142,Capang10g001752,Capang02g003397,Capang01g000090,Capang12g000085,Capang10g000066,Capang09g001899,Capang02g003053,Capang02g001339,Capang01g001933,Capang10g000279,Capang02g001334,Capang00g004231,Capang08g001136,Capang07g000141,Capang07g001862,Capang02g001852,Capang06g000011,Capang12g002138,Capang00g001286,Capang02g003256,Capang04g000329,Capang03g003408,Capang01g001379,Capang03g004151,Capang05g001831,Capang00g004232,Capang00g003847,Capang00g003723,Capang06g002646,Capang00g002099,Capang02g001340,Capang01g003557,Capang00g001580,Capang03g003882,Capang03g003378,Capang07g000445,Capang05g000088,Capang00g003162,Capang12g002418,Capang00g002619,Capang11g001328,Capang03g004176,Capang00g004256,Capang03g004208,Capang00g003598,Capang01g000472,Capang11g001561,Capang02g001335,Capang02g001332,Capang09g000448,Capang11g002179,Capang09g001513,Capang00g004132,Capang03g003716,Capang03g000630,Capang00g003097,Capang11g002175,Capang03g003712,Capang03g004003,Capang08g001124,Capang01g004014,Capang12g002145,Capang07g001861,Capang04g000425,Capang11g001706,Capang03g000016,Capang00g000958,Capang00g003174,Capang03g004417,Capang02g001346,Capang00g003388,Capang08g000123,Capang12g000088,Capang07g002292,Capang11g002092,Capang02g003396,Capang03g000017,Capang00g004458,Capang02g001534,Capang08g001125,Capang03g004129,Capang02g003132
SG2231	1	1					Solyc05g014500.3.1		
SG6978	1	1					Solyc10g050710.1.1		
SG8245	1	1					Solyc10g006840.4.1		
SG9475	1	1					Solyc12g038527.1.1		
SG20525	1	1					Solyc02g005390.1.1		
SG21955	1	1					Solyc03g032075.1.1		
SG24424	1	1					Solyc09g073015.1.1		
