OG	n_genes	n_species	Dom. pepper	Potato	S. Pennelli	S. pimp	Tomato	Tomato Cherry	Wild pepper
OG160	2	2				SPI10g03096.1	Solyc10g054310.1.1		
OG657	2	2				SPI11g03206.1	Solyc11g039713.1.1		
OG9820	3	2		PGSC0003DMP400018471			Solyc02g031900.3.1,Solyc02g031850.1.1		
OG10583	3	3				SPI02g02127.1	Solyc02g063210.1.1	SLYcer02g03245.1	
OG12937	4	3				SPI04g04496.1	Solyc04g074060.3.1,Solyc04g074010.3.1	SLYcer04g05023.1	
OG13365	4	4		PGSC0003DMP400014775		SPI11g03104.1	Solyc11g040030.3.1	SLYcer11g03033.1	
OG14517	5	5		PGSC0003DMP400027735	Sopen09g025030.1	SPI09g03372.1	Solyc09g061940.3.1	SLYcer09g03474.1	
OG15754	6	6		PGSC0003DMP400049573	Sopen02g021490.1	SPI02g02947.1	Solyc02g072520.3.1	SLYcer02g04051.1	Capang02g001527
OG15801	6	6	Capana10g001494		Sopen10g035370.1	SPI10g04438.1	Solyc10g086000.3.1	SLYcer10g05902.1	Capang10g001268
OG15822	6	6		PGSC0003DMP400042695	Sopen03g034690.1	SPI03g04817.1	Solyc03g115710.1.1	SLYcer03g04761.1	Capang03g000749
OG16126	6	6	Capana10g000912	PGSC0003DMP400048160	Sopen10g027200.1	SPI10g03466.1	Solyc10g074710.2.1		Capang10g000725
OG16128	6	6	Capana07g000752	PGSC0003DMP400009671		SPI07g01126.1	Solyc07g018140.3.1	SLYcer07g01106.1	Capang07g000807
OG16160	6	6	Capana05g002374	PGSC0003DMP400040508	Sopen05g033150.1	SPI05g04802.1	Solyc05g054680.1.1		Capang05g001921
OG16162	6	6	Capana04g000175	PGSC0003DMP400017556	Sopen04g035200.1		Solyc04g081590.4.1	SLYcer04g05764.1	Capang04g000159
OG16704	7	7	Capana07g000270	PGSC0003DMP400020982	Sopen07g001120.1	SPI07g00061.1	Solyc07g005010.4.1	SLYcer07g00051.1	Capang07g000269
OG16722	7	7	Capana07g000205	PGSC0003DMP400061784	Sopen07g001640.1	SPI07g00200.1	Solyc07g005540.1.1	SLYcer07g00132.1	Capang07g000204
OG16733	7	7	Capana03g002485	PGSC0003DMP400054039	Sopen03g003060.1	SPI03g00520.1	Solyc03g007070.3.1	SLYcer03g00302.1	Capang03g002401
OG16760	7	7	Capana01g000450	PGSC0003DMP400007020	Sopen08g028100.1	SPI08g06099.1	Solyc08g079740.3.1	SLYcer08g06202.1	Capang01g000411
OG16829	7	7	Capana07g000363	PGSC0003DMP400048571	Sopen07g001070.1	SPI07g00519.1	Solyc07g007780.3.1	SLYcer07g00464.1	Capang07g000401
OG16868	7	7	Capana10g000475	PGSC0003DMP400039560	Sopen10g004750.1	SPI10g00511.1	Solyc10g008960.1.1	SLYcer10g00651.1	Capang10g000369
OG16930	7	7	Capana00g004930	PGSC0003DMP400008719	Sopen06g022600.1	SPI06g03968.1	Solyc06g063150.4.1	SLYcer06g04102.1	Capang00g000541
OG16944	7	7	Capana00g001933	PGSC0003DMP400040827	Sopen04g006170.1	SPI04g00785.1	Solyc04g012050.3.1	SLYcer04g00972.1	Capang05g000265
OG17061	7	7	Capana09g000303	PGSC0003DMP400000755	Sopen12g003090.1	SPI12g00374.1	Solyc12g007110.2.1	SLYcer12g00346.1	Capang09g000288
OG17103	7	6		PGSC0003DMP400049835,PGSC0003DMP400049833	Sopen01g042270.1	SPI01g07589.1	Solyc01g098740.4.1	SLYcer01g07678.1	Capang00g000710
OG17149	7	7	Capana05g000764	PGSC0003DMP400051275	Sopen04g003580.1	SPI04g00444.1	Solyc04g008430.1.1	SLYcer04g00471.1	Capang05g000651
OG17229	7	6	Capana10g000729		Sopen10g001160.1	SPI10g00105.1	Solyc10g005140.1.1	SLYcer10g00229.1	Capang11g000646,Capang10g000560
OG17303	7	7	Capana09g001001	PGSC0003DMP400046538	Sopen09g009470.1	SPI09g01301.1	Solyc09g015520.3.1	SLYcer09g01438.1	Capang00g003519
OG17305	7	7	Capana05g000115	PGSC0003DMP400047434	Sopen04g007680.1	SPI04g01066.1	Solyc04g015600.3.1	SLYcer04g01334.1	Capang05g000118
OG17342	7	7	Capana02g001579	PGSC0003DMP400005544	Sopen00g008280.1	SPI02g02817.1	Solyc02g071220.3.1	SLYcer02g03921.1	Capang02g001400
OG17464	7	7	Capana02g003482	PGSC0003DMP400000975	Sopen02g031730.1	SPI02g04044.1	Solyc02g086960.2.1	SLYcer02g05106.1	Capang02g003206
OG17511	7	7	Capana03g002442	PGSC0003DMP400013373	Sopen03g002920.1	SPI03g00506.1	Solyc03g006920.2.1	SLYcer03g00288.1	Capang03g002363
OG17565	7	7	Capana09g000142	PGSC0003DMP400005224	Sopen12g004190.1	SPI12g00510.1	Solyc12g009240.1.1	SLYcer12g00482.1	Capang09g000138
OG17705	7	7	Capana03g000508	PGSC0003DMP400017940	Sopen03g036130.1	SPI03g04975.1	Solyc03g117230.1.1	SLYcer03g04920.1	Capang03g000468
OG17851	7	7	Capana07g002282	PGSC0003DMP400033480	Sopen07g032090.1	SPI07g06147.1	Solyc07g063950.3.1	SLYcer07g05429.1	Capang03g003100
OG17913	7	7	Capana00g003470	PGSC0003DMP400027547	Sopen08g023570.1	SPI08g05586.1	Solyc08g074980.4.1	SLYcer08g05708.1	Capang01g000986
OG18004	7	7	Capana00g001715	PGSC0003DMP400055205	Sopen01g032340.1	SPI01g06487.1	Solyc01g080520.3.1	SLYcer01g06186.1	Capang01g003952
OG18056	7	7	Capana03g000380	PGSC0003DMP400009914	Sopen03g038410.1	SPI03g05223.1	Solyc03g119580.1.1	SLYcer03g05163.1	Capang03g000617
OG18063	7	7	Capana12g000852	PGSC0003DMP400003650	Sopen12g030070.1	SPI12g04580.1	Solyc12g088040.2.1	SLYcer12g04627.1	Capang12g000730
OG18107	7	7	Capana05g001700	PGSC0003DMP400025741	Sopen05g029560.1	SPI05g04364.1	Solyc05g051180.3.1	SLYcer10g02598.1	Capang05g001380
OG18146	7	7	Capana06g001571	PGSC0003DMP400046203	Sopen06g021230.1	SPI06g03850.1	Solyc06g061030.3.1	SLYcer06g03977.1	Capang06g001482
OG18159	7	7	Capana00g003434	PGSC0003DMP400021774	Sopen08g030250.1	SPI08g06321.1	Solyc08g081960.3.1	SLYcer08g06408.1	Capang04g001516
OG18180	7	7	Capana02g000881	PGSC0003DMP400043655	Sopen02g016210.1	SPI02g02378.1	Solyc02g067020.1.1	SLYcer02g03485.1	Capang02g000794
OG18231	7	7	Capana03g000671	PGSC0003DMP400009887	Sopen03g038650.1	SPI03g05249.1	Solyc03g119800.3.1	SLYcer03g05189.1	Capang05g000739
OG18299	7	7	Capana03g003983	PGSC0003DMP400051647	Sopen09g034340.1	SPI09g04750.1	Solyc09g091400.4.1	SLYcer09g05071.1	Capang03g003849
OG18302	7	7	Capana02g002936	PGSC0003DMP400037142	Sopen02g036630.1	SPI02g04519.1	Solyc02g092050.3.1	SLYcer02g05602.1	Capang02g002660
OG18385	7	7	Capana04g002109	PGSC0003DMP400001723	Sopen11g007720.1	SPI11g00994.1	Solyc11g012980.1.1	SLYcer11g00848.1	Capang10g000785
OG18473	7	7	Capana08g001827	PGSC0003DMP400043150	Sopen01g045880.1	SPI01g07961.1	Solyc01g103530.3.1	SLYcer01g07302.1	Capang01g004394
OG18502	7	7	Capana08g001762	PGSC0003DMP400036037	Sopen01g045350.1	SPI01g07908.1	Solyc01g102940.3.1	SLYcer01g07359.1	Capang06g001891
OG18508	7	7	Capana08g001182	PGSC0003DMP400047816	Sopen01g040570.1	SPI01g07407.1	Solyc01g096860.3.1	SLYcer01g07866.1	Capang01g003756
OG18510	7	7	Capana08g001195	PGSC0003DMP400047805	Sopen01g040650.1	SPI01g07415.1	Solyc01g096940.4.1	SLYcer01g07858.1	Capang01g003765
OG18634	7	7	Capana06g001182	PGSC0003DMP400008626	Sopen06g022370.1	SPI06g03942.1	Solyc06g062920.3.1	SLYcer06g04076.1	Capang06g001138
OG18653	7	7	Capana00g004561	PGSC0003DMP400031984	Sopen07g028150.1	SPI07g05673.1	Solyc07g054220.1.1	SLYcer07g04946.1	Capang03g002099
OG18654	7	7	Capana06g001119	PGSC0003DMP400049609	Sopen06g025620.1	SPI06g04322.1	Solyc06g068360.3.1	SLYcer06g04464.1	Capang06g001067
OG18698	7	7	Capana00g003024	PGSC0003DMP400051432	Sopen08g022620.1	SPI08g05216.1	Solyc08g068960.3.1	SLYcer08g05327.1	Capang07g001265
OG18794	7	7	Capana03g004207	PGSC0003DMP400037492	Sopen09g036350.1	SPI09g04979.1	Solyc09g098420.3.1	SLYcer09g05288.1	Capang03g004036
OG18944	7	7	Capana06g002255	PGSC0003DMP400052319	Sopen06g016850.1	SPI06g03354.1	Solyc06g051030.3.1	SLYcer06g03436.1	Capang06g002111
OG19011	7	7	Capana06g001845	PGSC0003DMP400053612	Sopen06g019690.1	SPI06g03678.1	Solyc06g054630.3.1	SLYcer06g03770.1	Capang06g001732
OG19073	7	7	Capana02g002658	PGSC0003DMP400022423	Sopen02g030290.1	SPI02g03887.1	Solyc02g085620.3.1	SLYcer02g04962.1	Capang02g002387
OG19090	7	7	Capana12g002103	PGSC0003DMP400067196	Sopen11g001990.1	SPI11g00355.1	Solyc11g006050.1.1	SLYcer11g00199.1	Capang12g001794
OG19118	7	7	Capana10g002347	PGSC0003DMP400014331	Sopen10g029820.1	SPI10g03775.1	Solyc10g079170.2.1	SLYcer10g05285.1	Capang10g002111
OG19124	7	7	Capana00g000853	PGSC0003DMP400024044	Sopen11g023650.1	SPI11g03430.1	Solyc11g061750.2.1	SLYcer11g03363.1	Capang11g000981
OG19155	7	7	Capana12g000157	PGSC0003DMP400062422	Sopen12g034050.1	SPI12g05090.1	Solyc12g099380.3.1	SLYcer12g05140.1	Capang12g000129
OG19157	7	7	Capana00g004123	PGSC0003DMP400039762	Sopen11g020320.1	SPI11g02725.1	Solyc11g044840.2.1	SLYcer11g02667.1	Capang00g000644
OG19246	7	7	Capana11g000404	PGSC0003DMP400005413	Sopen11g029490.1	SPI11g04147.1	Solyc11g071820.3.1	SLYcer11g04081.1	Capang11g000391
OG19275	7	7	Capana12g002507	PGSC0003DMP400028388	Sopen11g004350.1	SPI11g00612.1	Solyc11g008560.2.1	SLYcer11g00468.1	Capang12g002162
OG19305	7	7	Capana03g001183	PGSC0003DMP400031672	Sopen03g031640.1	SPI03g04484.1	Solyc03g112580.3.1	SLYcer03g04434.1	Capang03g001133
OG19312	7	7	Capana12g001792	PGSC0003DMP400048550	Sopen04g024460.1	SPI04g03692.1	Solyc04g054710.3.1	SLYcer04g03972.1	Capang12g001449
OG19829	8	7	Capana09g001473	PGSC0003DMP400030542	Sopen09g022670.1,Sopen09g022670.2	SPI09g02975.1	Solyc09g059510.3.1	SLYcer09g03047.1	Capang09g001040
OG19853	8	7	Capana01g000662	PGSC0003DMP400045528	Sopen08g026680.1	SPI08g05498.1,SPI08g05942.1	Solyc08g078190.2.1	SLYcer08g06044.1	Capang01g000602
OG19872	8	7	Capana11g001454	PGSC0003DMP400039249	Sopen05g002350.1,Sopen06g026990.4	SPI05g00252.1	Solyc05g006420.3.1	SLYcer05g00237.1	Capang11g001411
OG19991	8	7	Capana08g000430	PGSC0003DMP400052081,PGSC0003DMP400052080	Sopen08g012080.1	SPI08g03986.1	Solyc08g041870.3.1	SLYcer08g04082.1	Capang01g003040
OG20135	8	7	Capana06g000638	PGSC0003DMP400010444,PGSC0003DMP400010443	Sopen06g030490.1	SPI06g04825.1	Solyc06g074070.3.1	SLYcer06g04960.1	Capang06g000595
OG20196	8	7	Capana04g002840	PGSC0003DMP400023723,PGSC0003DMP400024985	Sopen03g001540.1	SPI03g00271.1	Solyc03g005520.1.1	SLYcer03g00127.1	Capang04g002440
OG20225	8	7	Capana03g003660	PGSC0003DMP400055027,PGSC0003DMP400055026	Sopen09g030200.1	SPI09g04181.1	Solyc09g075420.3.1	SLYcer09g04390.1	Capang03g003564
OG20319	8	7	Capana00g000094,Capana00g000389	PGSC0003DMP400032427	Sopen05g008450.1	SPI05g01052.1	Solyc05g013540.1.1	SLYcer05g00993.1	Capang11g000924
OG20467	8	7	Capana06g000382	PGSC0003DMP400052812,PGSC0003DMP400052813	Sopen06g032990.1	SPI06g05104.1	Solyc06g076600.2.1	SLYcer06g05215.1	Capang06g000351
OG20703	8	7	Capana07g000820	PGSC0003DMP400023975,PGSC0003DMP400023974	Sopen07g022290.1	SPI07g04482.1	Solyc07g042590.4.1	SLYcer07g03767.1	Capang07g000924
OG20858	8	7	Capana06g000327	PGSC0003DMP400052986,PGSC0003DMP400052987	Sopen06g033570.1	SPI06g05169.1	Solyc06g082190.3.1	SLYcer06g05278.1	Capang06g000294
OG20977	8	7	Capana06g001444	PGSC0003DMP400045346,PGSC0003DMP400045347	Sopen06g024300.1	SPI06g04142.1	Solyc06g065820.3.1	SLYcer06g04283.1	Capang06g001376
OG21028	8	7	Capana05g001459	PGSC0003DMP400050274,PGSC0003DMP400050275	Sopen12g024030.1	SPI12g04301.1	Solyc12g049560.2.1	SLYcer12g04342.1	Capang12g000885
OG21057	8	7	Capana03g001447	PGSC0003DMP400026787,PGSC0003DMP400026788	Sopen03g029790.1	SPI03g04293.1	Solyc03g019830.4.1	SLYcer03g04234.1	Capang03g001379
OG21068	8	7	Capana11g000974	PGSC0003DMP400011793,PGSC0003DMP400011792	Sopen11g020450.1	SPI11g02703.1	Solyc11g044940.1.1	SLYcer11g02647.1	Capang11g000903
OG21384	9	7	Capana02g002002	PGSC0003DMP400038886	Sopen02g023600.3,Sopen02g023600.1,Sopen02g023600.2	SPI02g03174.1	Solyc02g078780.3.1	SLYcer02g04272.1	Capang02g001785
OG21406	9	7	Capana05g000907	PGSC0003DMP400051408,PGSC0003DMP400051407	Sopen04g003200.2,Sopen04g003200.1	SPI04g00398.1	Solyc04g008050.4.1	SLYcer04g00415.1	Capang05g000728
OG21476	9	7	Capana02g001106	PGSC0003DMP400016645,PGSC0003DMP400016646	Sopen02g017500.1,Sopen02g017500.2	SPI02g02518.1	Solyc02g068370.3.1	SLYcer02g03622.1	Capang02g001006
OG21543	9	7	Capana02g003676	PGSC0003DMP400035178,PGSC0003DMP400035179	Sopen02g039030.2,Sopen02g039030.1	SPI02g04759.1	Solyc02g094380.3.1	SLYcer02g05834.1	Capang02g003394
OG21630	9	7	Capana00g003666	PGSC0003DMP400019713,PGSC0003DMP400019715,PGSC0003DMP400019714	Sopen07g002220.1	SPI07g00303.1	Solyc07g006110.4.1	SLYcer07g00234.1	Capang00g003140
OG21647	9	7	Capana04g000460	PGSC0003DMP400005992,PGSC0003DMP400005991,PGSC0003DMP400005989	Sopen04g033240.1	SPI04g05060.1	Solyc04g079690.3.1	SLYcer04g05564.1	Capang04g000429
OG21664	9	7	Capana00g001776	PGSC0003DMP400016491,PGSC0003DMP400016490,PGSC0003DMP400016489	Sopen00g007060.1	SPI04g04747.1	Solyc04g076480.3.1	SLYcer04g05257.1	Capang04g000802
OG21842	9	7	Capana09g000643	PGSC0003DMP400013854,PGSC0003DMP400013855,PGSC0003DMP400013853	Sopen12g005260.1	SPI12g00680.1	Solyc12g010740.3.1	SLYcer12g00652.1	Capang09g000587
OG21884	9	7	Capana10g001552	PGSC0003DMP400014755,PGSC0003DMP400014753,PGSC0003DMP400014754	Sopen10g035090.1	SPI10g04409.1	Solyc10g085670.2.1	SLYcer10g05872.1	Capang10g001324
OG21927	9	7	Capana03g003101	PGSC0003DMP400045698,PGSC0003DMP400045697,PGSC0003DMP400045696	Sopen03g013210.1	SPI03g02386.1	Solyc03g059070.4.1	SLYcer03g02258.1	Capang03g002988
OG21961	9	7	Capana06g002418	PGSC0003DMP400037415,PGSC0003DMP400037414,PGSC0003DMP400037416	Sopen06g010810.1	SPI06g02936.1	Solyc06g034150.4.1	SLYcer06g02758.1	Capang06g002235
OG22005	9	7	Capana00g004066,Capana09g000825	PGSC0003DMP400052063	Sopen09g009970.1	SPI09g01386.1	Solyc09g015830.3.1	SLYcer09g01522.1	Capang09g000751,Capang06g001761
OG22008	9	7	Capana02g003197	PGSC0003DMP400017794,PGSC0003DMP400017792,PGSC0003DMP400017793	Sopen02g034280.1	SPI02g04289.1	Solyc02g089550.3.1	SLYcer02g05366.1	Capang02g002933
OG22011	9	7	Capana03g002593	PGSC0003DMP400046553,PGSC0003DMP400046551,PGSC0003DMP400046552	Sopen03g016360.1	SPI03g02765.1	Solyc03g063650.1.1	SLYcer03g02621.1	Capang03g002494
OG22055	9	7	Capana02g002706,Capana06g001166	PGSC0003DMP400008715	Sopen06g022520.1	SPI06g03957.1	Solyc06g063070.3.1	SLYcer06g04091.1	Capang06g001122,Capang02g002431
OG22260	10	7	Capana01g000451	PGSC0003DMP400006974	Sopen08g028110.1,Sopen03g039330.1	SPI08g06100.1	Solyc08g079750.3.1,Solyc03g120450.4.1	SLYcer08g06203.1,SLYcer03g05260.1	Capang01g000412
OG22543	10	7	Capana07g001924	PGSC0003DMP400030213,PGSC0003DMP400030214,PGSC0003DMP400030212,PGSC0003DMP400030211	Sopen07g029240.1	SPI07g05838.1	Solyc07g055870.4.1	SLYcer07g05099.1	Capang07g001915
OG22630	10	7	Capana01g003356,Capana01g003353	PGSC0003DMP400002992,PGSC0003DMP400002993	Sopen01g032470.1	SPI01g06539.1	Solyc01g080880.4.1	SLYcer01g06256.1	Capang08g000301,Capang08g000304
OG22660	10	7	Capana03g000332,Capana06g001228	PGSC0003DMP400026188,PGSC0003DMP400026187	Sopen03g008110.1	SPI03g01314.1	Solyc03g044160.3.1	SLYcer03g01107.1	Capang06g001182,Capang03g000307
OG22693	10	7	Capana12g000241,Capana03g004196	PGSC0003DMP400008121,PGSC0003DMP400008120	Sopen12g033560.1	SPI12g05024.1	Solyc12g098820.2.1	SLYcer12g05066.1	Capang03g004025,Capang12g000212
OG22719	10	6	Capana07g001036,Capana07g000089,Capana07g001034	PGSC0003DMP400047772,PGSC0003DMP400047771,PGSC0003DMP400047770	Sopen07g002560.1	SPI07g00348.1	Solyc07g006480.4.1		Capang00g003170
OG22779	11	4		PGSC0003DMP400007370		SPI10g02721.1,SPI10g02569.1,SPI10g02714.1	Solyc10g006680.2.1	SLYcer10g04205.1,SLYcer10g04423.1,SLYcer10g04213.1,SLYcer10g04206.1,SLYcer10g04438.1,SLYcer10g04473.1	
OG22797	11	7	Capana09g002180	PGSC0003DMP400037346	Sopen09g002710.1,Sopen09g001380.1,Sopen09g001380.2	SPI09g00289.1,SPI09g00164.1	Solyc09g007870.3.1,Solyc09g005540.3.1	SLYcer09g00381.1	Capang09g001694
OG22875	11	7	Capana01g002129,Capana07g001488	PGSC0003DMP400049296	Sopen05g007840.1,Sopen01g006790.1	SPI01g01052.1,SPI05g00983.1	Solyc01g010950.3.1,Solyc05g013070.3.1	SLYcer05g00925.1	Capang00g003416
OG23011	11	7	Capana02g002561	PGSC0003DMP400006390,PGSC0003DMP400006387,PGSC0003DMP400006388,PGSC0003DMP400006389	Sopen02g028450.1,Sopen02g028450.2	SPI02g03671.1	Solyc02g083670.4.1	SLYcer02g04759.1	Capang02g002299
OG23019	11	7	Capana11g002292	PGSC0003DMP400025613,PGSC0003DMP400025615,PGSC0003DMP400027835,PGSC0003DMP400025614	Sopen04g002250.1,Sopen05g005260.1	SPI04g00291.1	Solyc04g007170.3.1	SLYcer04g00313.1	Capang11g002182
OG23142	11	7	Capana12g001361,Capana09g001964,Capana06g000726	PGSC0003DMP400046906,PGSC0003DMP400046905	Sopen06g029640.1	SPI06g04743.1	Solyc06g073280.3.1	SLYcer06g04885.1	Capang12g001153,Capang06g000678
OG23145	11	7	Capana12g000126,Capana12g000128,Capana08g001602	PGSC0003DMP400008213	Sopen12g034360.1	SPI12g05125.1	Solyc12g099720.2.1	SLYcer12g05175.1	Capang01g004171,Capang12g000099,Capang12g000101
OG23237	12	7	Capana05g002063	PGSC0003DMP400041406,PGSC0003DMP400047100	Sopen06g016040.1,Sopen05g030960.1	SPI06g03276.1,SPI05g04547.1	Solyc06g050520.3.1,Solyc05g052410.3.1	SLYcer10g02425.1,SLYcer06g03355.1	Capang05g001637
OG23254	12	6	Capana02g002914	PGSC0003DMP400053338,PGSC0003DMP400053337,PGSC0003DMP400029173	Sopen03g007630.1,Sopen02g036420.1	SPI02g04496.1,SPI03g01237.1	Solyc02g091840.3.1,Solyc03g043770.4.1	SLYcer03g01038.1,SLYcer02g05580.1	
OG23261	12	7	Capana08g000820	PGSC0003DMP400027394,PGSC0003DMP400019158	Sopen07g016910.1,Sopen08g022180.1	SPI07g03805.1,SPI08g05150.1	Solyc08g068330.3.1,Solyc07g032740.4.1	SLYcer07g03096.1,SLYcer08g05258.1	Capang01g003422
OG23292	12	7	Capana03g002643	PGSC0003DMP400056843,PGSC0003DMP400063987	Sopen03g026050.1,Sopen03g026060.1	SPI03g03869.1,SPI03g03868.1	Solyc03g095973.1.1,Solyc03g095977.1.1	SLYcer03g03807.1,SLYcer03g03808.1	Capang03g002503
OG23374	12	7	Capana06g002219,Capana06g002326	PGSC0003DMP400029129,PGSC0003DMP400047976	Sopen06g014810.1,Sopen06g015280.1	SPI06g03099.1	Solyc06g048620.3.1,Solyc06g048950.3.1	SLYcer06g03258.1,SLYcer06g03196.1	Capang06g002164
OG23380	12	7	Capana04g001994,Capana08g000243	PGSC0003DMP400048015	Sopen11g010060.1,Sopen08g019680.1	SPI11g01332.1,SPI08g04887.1	Solyc08g066020.3.1,Solyc11g019950.2.1	SLYcer11g01199.1	Capang04g001809,Capang01g002952
OG23383	12	7	Capana04g001611	PGSC0003DMP400016299,PGSC0003DMP400016298	Sopen11g009160.1	SPI11g01178.1,SPI11g01179.1	Solyc11g017280.2.1,Solyc11g017270.2.1	SLYcer11g01049.1,SLYcer11g01050.1	Capang04g001477,Capang04g001475
OG23394	12	7	Capana01g000795	PGSC0003DMP400003318,PGSC0003DMP400003316,PGSC0003DMP400003319	Sopen08g026130.1	SPI08g05866.1,SPI08g05875.1	Solyc08g077630.3.1,Solyc08g077560.4.1	SLYcer08g05977.1	Capang01g000718,Capang01g000717
OG23421	12	7	Capana08g002837,Capana08g002299,Capana08g002836	PGSC0003DMP400025861,PGSC0003DMP400025860	Sopen01g054270.1	SPI01g08828.1,SPI02g00388.1	Solyc02g014040.1.1,Solyc01g112220.4.1	SLYcer01g08597.1	Capang01g005430
OG23449	12	7	Capana00g004634,Capana09g001297	PGSC0003DMP400027845,PGSC0003DMP400027844	Sopen10g028020.1	SPI10g03564.1,SPI10g03563.1	Solyc10g076370.3.1	SLYcer10g05079.1,SLYcer10g05080.1	Capang00g000687,Capang10g001088
OG23461	12	7	Capana11g000429	PGSC0003DMP400068152,PGSC0003DMP400057706,PGSC0003DMP400061226	Sopen11g029300.1	SPI11g04129.1,SPI12g03613.1	Solyc11g071630.1.1	SLYcer11g04062.1,SLYcer12g03612.1	Capang11g000414,Capang11g000413
OG23628	13	7	Capana10g002073	PGSC0003DMP400037016,PGSC0003DMP400048901	Sopen10g032420.1,Sopen01g003110.1	SPI10g04083.1,SPI01g00420.1	Solyc10g081910.2.1,Solyc01g007130.3.1	SLYcer10g05579.1,SLYcer01g00395.1	Capang08g000568,Capang10g001832
OG23661	13	7	Capana05g002036,Capana06g002144	PGSC0003DMP400041409,PGSC0003DMP400047095	Sopen06g016080.1,Sopen05g030910.1	SPI06g03280.1,SPI05g04543.1	Solyc06g050560.3.1,Solyc05g052350.3.1	SLYcer10g02429.1,SLYcer06g03359.1	Capang06g001969
OG23684	13	7	Capana03g000812	PGSC0003DMP400055804,PGSC0003DMP400033920,PGSC0003DMP400033921	Sopen03g034750.1,Sopen06g026990.3	SPI03g04824.1,SPI06g04476.1	Solyc06g069690.4.1,Solyc03g115770.3.1	SLYcer06g04617.1,SLYcer03g04768.1	Capang03g000744
OG23702	13	7	Capana10g001576,Capana09g002342	PGSC0003DMP400014713	Sopen09g003790.1,Sopen10g034980.1	SPI10g04398.1,SPI09g00417.1	Solyc09g009090.3.1,Solyc10g085570.3.1	SLYcer09g00500.1,SLYcer10g05862.1	Capang09g001847,Capang10g001347
OG23816	13	7	Capana00g004307,Capana00g004308	PGSC0003DMP400003911,PGSC0003DMP400003904	Sopen11g017570.1	SPI11g02526.1,SPI11g02524.1	Solyc11g045690.3.1,Solyc11g045680.3.1	SLYcer04g04043.1,SLYcer04g04044.1	Capang00g001027,Capang00g001028
OG23829	13	7	Capana10g001703	PGSC0003DMP400019434,PGSC0003DMP400019435,PGSC0003DMP400019436,PGSC0003DMP400019437	Sopen10g034220.1	SPI05g04713.1,SPI10g04319.1	Solyc10g084770.3.1,Solyc05g053930.4.1	SLYcer10g05785.1,SLYcer10g02246.1	Capang10g001448
OG23863	13	7	Capana01g003144,Capana02g003685	PGSC0003DMP400039291,PGSC0003DMP400039290	Sopen02g039230.1,Sopen01g029440.1	SPI01g06035.1	Solyc02g094570.3.1,Solyc01g067510.3.1	SLYcer01g05855.1,SLYcer02g05854.1	Capang11g000822,Capang02g003408
OG23882	13	7	Capana00g004292	PGSC0003DMP400055584,PGSC0003DMP400055585,PGSC0003DMP400055583,PGSC0003DMP400055582	Sopen11g017200.2,Sopen04g004470.1,Sopen11g017200.1,Sopen04g004470.2	SPI04g00536.1	Solyc04g009350.3.1	SLYcer04g00560.1	Capang00g003325
OG23891	13	7	Capana03g000056,Capana02g002254	PGSC0003DMP400029218,PGSC0003DMP400016185,PGSC0003DMP400029217	Sopen03g041510.1,Sopen02g025740.1	SPI03g05530.1	Solyc03g123740.4.1,Solyc02g081070.4.1	SLYcer03g05503.1	Capang02g002022,Capang03g000053
OG23957	13	7	Capana02g000518,Capana03g000085	PGSC0003DMP400016098,PGSC0003DMP400016095,PGSC0003DMP400016096,PGSC0003DMP400016097,PGSC0003DMP400016094,PGSC0003DMP400016093	Sopen03g041270.1	SPI03g05509.1	Solyc03g123500.4.1	SLYcer03g05479.1	Capang03g000081
OG23966	13	7	Capana04g001943,Capana06g000029	PGSC0003DMP400041567,PGSC0003DMP400050560,PGSC0003DMP400069010,PGSC0003DMP400041566,PGSC0003DMP400041565	Sopen11g008210.1	SPI11g01017.1	Solyc11g013170.2.1	SLYcer11g00867.1	Capang04g001729,Capang06g000020
OG24036	14	7	Capana06g001065	PGSC0003DMP400063666,PGSC0003DMP400044345,PGSC0003DMP400026836	Sopen06g026100.2,Sopen12g007010.1,Sopen06g026100.1	SPI12g00825.1,SPI06g04376.1	Solyc06g068830.2.1,Solyc12g013660.3.1	SLYcer12g00780.1,SLYcer06g04518.1	Capang06g001014
OG24039	14	7	Capana08g002574	PGSC0003DMP400065940,PGSC0003DMP400006076	Sopen01g052140.1,Sopen10g023910.1	SPI01g08857.1,SPI01g08615.1,SPI10g03031.1	Solyc01g109950.4.1,Solyc10g054050.3.1	SLYcer10g04538.1,SLYcer01g08390.1	Capang01g005106,Capang10g000711
OG24062	14	7	Capana04g001261	PGSC0003DMP400032785,PGSC0003DMP400032784,PGSC0003DMP400011298	Sopen12g029210.2,Sopen04g027740.1,Sopen12g029210.1	SPI12g04462.1,SPI04g04330.1	Solyc12g056590.2.1,Solyc04g071770.3.1	SLYcer04g04841.1,SLYcer12g04509.1	Capang04g001206
OG24157	14	7	Capana11g001221,Capana08g000052	PGSC0003DMP400032447,PGSC0003DMP400032448	Sopen01g003480.1,Sopen05g008170.1	SPI05g01022.1,SPI01g00467.1	Solyc05g013380.3.1,Solyc01g007940.4.1	SLYcer01g00439.1,SLYcer05g00962.1	Capang08g000048,Capang11g001224
OG24190	14	7	Capana02g001033	PGSC0003DMP400012255,PGSC0003DMP400035216,PGSC0003DMP400012254	Sopen02g038620.1,Sopen02g017170.1	SPI02g02487.1,SPI02g04714.1	Solyc02g068060.3.1,Solyc02g093970.4.1	SLYcer02g05792.1,SLYcer02g03590.1	Capang02g003346,Capang02g000950
OG24389	14	7	Capana05g001918,Capana03g002731	PGSC0003DMP400032858,PGSC0003DMP400032857,PGSC0003DMP400012796	Sopen03g024280.1	SPI05g04429.1,SPI03g03590.1	Solyc03g093450.3.1,Solyc05g051610.3.1	SLYcer10g02533.1,SLYcer03g03515.1	Capang05g001498,Capang03g002632
OG24392	14	7	Capana00g003933,Capana03g000474,Capana04g001440	PGSC0003DMP400016319	Sopen11g009480.1,Sopen03g035830.1	SPI03g04942.1,SPI11g01248.1	Solyc03g116900.3.1,Solyc11g018530.2.1	SLYcer11g01118.1	Capang00g000368,Capang01g001622,Capang03g000433
OG24546	15	7	Capana07g002396,Capana09g001041	PGSC0003DMP400023342,PGSC0003DMP400031290	Sopen09g008450.1,Sopen09g013590.1,Sopen09g008450.2	SPI09g02076.1,SPI09g01209.1	Solyc09g015170.4.1,Solyc09g030450.3.1	SLYcer09g02168.1,SLYcer09g01355.1	Capang00g001324,Capang07g002394
OG24613	15	7	Capana00g003399,Capana01g004474	PGSC0003DMP400010351,PGSC0003DMP400010352,PGSC0003DMP400021478	Sopen08g004160.1,Sopen08g030500.1	SPI08g06348.1,SPI08g00526.1	Solyc08g082210.4.1,Solyc08g008305.1.1	SLYcer08g00552.1,SLYcer08g06437.1	Capang08g001314,Capang00g001814
OG24666	15	7	Capana00g003117,Capana00g004595	PGSC0003DMP400048094,PGSC0003DMP400048093,PGSC0003DMP400013825	Sopen12g006660.1,Sopen07g029930.1	SPI12g00751.1,SPI07g05912.1	Solyc12g011330.4.1,Solyc07g056580.3.1	SLYcer07g05170.1,SLYcer12g00733.1	Capang00g002321,Capang07g002063
OG24681	15	7	Capana10g001745,Capana10g001736,Capana08g000980	PGSC0003DMP400037537,PGSC0003DMP400000417	Sopen05g028400.1,Sopen01g038870.1	SPI05g04193.1,SPI01g07236.1	Solyc05g050010.3.1,Solyc01g095080.3.1	SLYcer10g02775.1,SLYcer01g06986.1	Capang10g001493,Capang01g003556
OG24694	15	7	Capana12g001180,Capana00g002546	PGSC0003DMP400021614,PGSC0003DMP400021613,PGSC0003DMP400008858	Sopen08g029130.1,Sopen12g028850.1	SPI08g06209.1,SPI12g04426.1	Solyc08g080830.3.1,Solyc12g056300.3.1	SLYcer08g06301.1,SLYcer12g04471.1	Capang00g003505,Capang12g000989
OG24746	15	7	Capana01g002340,Capana05g000373	PGSC0003DMP400040747,PGSC0003DMP400044406,PGSC0003DMP400040745,PGSC0003DMP400040746	Sopen01g026880.1,Sopen05g032870.1	SPI05g04768.1,SPI01g05656.1	Solyc01g065540.3.1,Solyc05g054390.4.1	SLYcer01g05504.1	Capang00g002996,Capang01g002019
OG24899	16	7	Capana10g001266,Capana09g000980	PGSC0003DMP400054769,PGSC0003DMP400054770,PGSC0003DMP400054432	Sopen10g027520.1,Sopen09g015400.2,Sopen09g015400.1	SPI09g01786.1,SPI10g03506.1	Solyc10g075040.3.1,Solyc09g042260.3.1	SLYcer09g01902.1,SLYcer10g05011.1	Capang10g001067,Capang11g001195
OG24945	16	7	Capana10g002303,Capana10g002278	PGSC0003DMP400005304,PGSC0003DMP400051992,PGSC0003DMP400052016,PGSC0003DMP400051991	Sopen10g030240.1,Sopen10g030330.1	SPI10g03830.1,SPI10g03821.1	Solyc10g079700.2.1,Solyc10g079600.2.1	SLYcer10g05331.1,SLYcer10g05341.1	Capang10g002037,Capang10g002057
OG24948	16	7	Capana09g000176	PGSC0003DMP400018942,PGSC0003DMP400018945,PGSC0003DMP400018943,PGSC0003DMP400018941,PGSC0003DMP400018944	Sopen07g020010.1,Sopen12g003920.1	SPI12g00471.1,SPI07g04210.1	Solyc12g008990.2.1,Solyc07g040940.3.1	SLYcer07g03490.1,SLYcer12g00442.1	Capang09g000172,Capang07g000928
OG24965	16	7	Capana03g003475,Capana08g001384,Capana06g000052	PGSC0003DMP400006789,PGSC0003DMP400006788,PGSC0003DMP400006790	Sopen09g029070.1,Sopen01g042010.1	SPI09g04050.1,SPI01g07559.1	Solyc01g098440.3.1,Solyc09g074250.3.1	SLYcer01g07711.1,SLYcer09g04255.1	Capang03g003415,Capang06g000036
OG24968	16	7	Capana04g002768,Capana02g001694	PGSC0003DMP400023824,PGSC0003DMP400023822,PGSC0003DMP400049487,PGSC0003DMP400023823,PGSC0003DMP400049486	Sopen03g001930.1,Sopen02g020730.1	SPI02g02867.1,SPI03g00305.1	Solyc02g071740.3.1,Solyc03g005920.4.1	SLYcer03g00162.1,SLYcer02g03976.1	Capang04g002375
OG24981	16	7	Capana07g001814,Capana10g001251	PGSC0003DMP400011812,PGSC0003DMP400011811,PGSC0003DMP400011810,PGSC0003DMP400035458	Sopen10g027650.1,Sopen07g027020.1	SPI07g05780.1,SPI10g03523.1	Solyc07g055210.3.1,Solyc10g075170.3.1	SLYcer10g05033.1,SLYcer07g05046.1	Capang10g001054,Capang07g001814
OG25020	16	7	Capana12g000192,Capana05g002241	PGSC0003DMP400008302,PGSC0003DMP400047283,PGSC0003DMP400047284,PGSC0003DMP400008301	Sopen05g031740.1,Sopen12g033720.1	SPI05g04636.1,SPI12g05051.1	Solyc12g098980.2.1,Solyc05g053230.3.1	SLYcer10g02325.1,SLYcer12g05099.1	Capang05g001793,Capang12g000167
OG25125	17	7	Capana04g001107	PGSC0003DMP400016762,PGSC0003DMP400035842,PGSC0003DMP400014999	Sopen00g003270.1,Sopen04g024720.1,Sopen04g029080.1	SPI12g04526.1,SPI04g04479.1,SPI04g03738.1	Solyc04g054910.4.1,Solyc04g072900.1.1,Solyc12g056980.1.1	SLYcer12g04572.1,SLYcer04g04998.1,SLYcer04g04012.1	Capang04g001048
OG25151	17	7	Capana06g001160,Capana03g000071,Capana03g000070	PGSC0003DMP400008716	Sopen03g041380.1,Sopen06g022540.1,Sopen03g041370.1	SPI06g03961.1,SPI03g05519.1	Solyc03g123600.4.1,Solyc03g123610.4.1,Solyc06g063090.4.1	SLYcer06g04095.1,SLYcer03g05490.1	Capang06g001114,Capang03g000067,Capang03g000066
OG25177	17	7	Capana01g000312	PGSC0003DMP400010239,PGSC0003DMP400010240,PGSC0003DMP400005454,PGSC0003DMP400010238,PGSC0003DMP400010237	Sopen08g028780.1,Sopen08g028780.2,Sopen08g003810.1	SPI08g00482.1,SPI08g06171.1	Solyc08g007910.4.1,Solyc08g080453.1.1	SLYcer08g00509.1,SLYcer08g06264.1	Capang01g000288,Capang08g001276
OG25260	17	7	Capana12g000172,Capana00g003341	PGSC0003DMP400041533,PGSC0003DMP400041534,PGSC0003DMP400008315,PGSC0003DMP400041532,PGSC0003DMP400008316	Sopen12g033930.1,Sopen01g025170.1	SPI12g05077.1,SPI01g05450.1	Solyc12g099250.2.1,Solyc01g059860.3.1	SLYcer12g05126.1,SLYcer01g05296.1	Capang00g000222,Capang12g000142
OG25292	17	7	Capana08g002537,Capana00g000736,Capana10g001103	PGSC0003DMP400001419,PGSC0003DMP400027091,PGSC0003DMP400056315	Sopen12g031030.1,Sopen01g051840.1	SPI01g08578.1,SPI12g04705.1	Solyc12g089160.3.1,Solyc01g109650.3.1	SLYcer12g04742.1	Capang10g001185,Capang01g005067,Capang00g002295,Capang10g000929
OG25340	18	7	Capana02g000259,Capana06g001510,Capana01g001106	PGSC0003DMP400004276	Sopen02g009530.1,Sopen06g021600.1,Sopen08g024960.1	SPI08g05740.1,SPI06g04219.1,SPI02g01331.1	Solyc02g030210.4.1,Solyc06g066390.3.1,Solyc08g076380.3.1	SLYcer08g05853.1,SLYcer02g02430.1,SLYcer06g04357.1	Capang06g001436,Capang01g000949
OG25405	18	7	Capana05g002435,Capana12g002124,Capana05g002434	PGSC0003DMP400055082,PGSC0003DMP400040475,PGSC0003DMP400040476,PGSC0003DMP400049985	Sopen09g030220.4,Sopen11g002110.1,Sopen05g033530.1	SPI05g04845.1,SPI11g00364.1	Solyc05g055070.4.1,Solyc11g006180.2.1	SLYcer10g02138.1,SLYcer11g00212.1	Capang12g001812,Capang12g000798
OG25409	18	7	Capana00g004517,Capana01g001612	PGSC0003DMP400037067,PGSC0003DMP400052101,PGSC0003DMP400037068,PGSC0003DMP400052102,PGSC0003DMP400037069,PGSC0003DMP400052100	Sopen01g002640.1,Sopen01g009190.2,Sopen01g009190.1	SPI01g00367.1,SPI01g01870.1	Solyc01g014480.3.1,Solyc01g006650.2.1	SLYcer01g00342.1	Capang05g001720,Capang01g001355
OG25443	18	7	Capana06g002186,Capana03g004532,Capana03g004531	PGSC0003DMP400028451,PGSC0003DMP400028452,PGSC0003DMP400030005,PGSC0003DMP400030004	Sopen06g018820.1,Sopen09g032550.1	SPI06g03568.1,SPI09g04551.1	Solyc09g089610.3.1,Solyc06g053710.3.1	SLYcer09g04894.1,SLYcer06g03659.1	Capang03g004342,Capang06g002034,Capang03g004341
OG25457	18	7	Capana02g003626,Capana00g004763,Capana01g002730	PGSC0003DMP400049037,PGSC0003DMP400049036,PGSC0003DMP400049034,PGSC0003DMP400049038,PGSC0003DMP400049035,PGSC0003DMP400031312	Sopen10g031920.1,Sopen01g030320.1	SPI10g04038.1,SPI01g06259.1	Solyc10g081420.2.1	SLYcer10g05532.1,SLYcer01g05966.1	Capang00g002447,Capang01g002396
OG25504	19	7	Capana04g002699,Capana02g001743	PGSC0003DMP400018083,PGSC0003DMP400005741,PGSC0003DMP400007785	Sopen03g002140.1,Sopen02g006150.2,Sopen02g021590.1,Sopen02g006150.1	SPI02g02958.1,SPI02g01173.1,SPI03g00328.1	Solyc03g006130.3.1,Solyc02g076660.3.1,Solyc02g021590.3.1	SLYcer03g00190.1,SLYcer02g02130.1	Capang04g002329,Capang02g001557
OG25533	19	7	Capana09g001489,Capana10g001192,Capana09g000823	PGSC0003DMP400011603,PGSC0003DMP400048194	Sopen09g016910.1,Sopen09g018330.1,Sopen10g027380.1,Sopen09g016910.2	SPI10g03486.1,SPI09g02200.1	Solyc09g055570.3.1,Solyc09g055180.4.1,Solyc10g074890.2.1	SLYcer10g04992.1,SLYcer09g02318.1	Capang09g000746,Capang10g001008,Capang09g001074
OG25573	19	7	Capana01g003751	PGSC0003DMP400043782,PGSC0003DMP400035389,PGSC0003DMP400035387,PGSC0003DMP400043781,PGSC0003DMP400035385,PGSC0003DMP400035388,PGSC0003DMP400043783,PGSC0003DMP400035386	Sopen12g009680.1,Sopen12g009680.2,Sopen08g005440.1	SPI12g01273.1,SPI08g00692.1	Solyc08g014450.4.1,Solyc12g019410.3.1	SLYcer08g00712.1,SLYcer12g01231.1	Capang08g000655
OG25649	20	7	Capana06g000679,Capana12g001842	PGSC0003DMP400035837,PGSC0003DMP400035838,PGSC0003DMP400029282	Sopen05g030400.1,Sopen04g024640.1,Sopen03g026750.1	SPI05g04484.1,SPI04g03729.1,SPI03g03959.1	Solyc04g054840.1.1,Solyc05g051875.1.1,Solyc03g096630.1.1	SLYcer03g03903.1,SLYcer10g02483.1,SLYcer03g03902.1,SLYcer04g04003.1	Capang12g001492,Capang00g001009
OG25660	20	7	Capana03g002497	PGSC0003DMP400039881,PGSC0003DMP400045105,PGSC0003DMP400045106,PGSC0003DMP400007045	Sopen03g023320.1,Sopen01g036980.1,Sopen08g027830.1	SPI01g07069.1,SPI08g06070.1,SPI03g03444.1	Solyc01g091230.3.1,Solyc08g079460.3.1,Solyc03g083510.4.1	SLYcer08g06173.1,SLYcer03g03360.1,SLYcer01g06792.1	Capang01g001204,Capang01g000350,Capang03g002409
OG25728	20	7	Capana04g000634,Capana02g003020,Capana04g000633	PGSC0003DMP400043347,PGSC0003DMP400040298,PGSC0003DMP400043348,PGSC0003DMP400037338	Sopen04g031840.1,Sopen02g037350.1,Sopen04g031850.1	SPI04g04933.1,SPI02g04596.1	Solyc04g078240.3.1,Solyc02g092800.3.1,Solyc04g078250.4.1	SLYcer04g05436.1,SLYcer02g05677.1	Capang04g000597,Capang02g002737,Capang04g000598
OG25801	21	7	Capana01g000677,Capana01g000661	PGSC0003DMP400004053,PGSC0003DMP400045575,PGSC0003DMP400045576	Sopen08g026660.1,Sopen08g026670.1,Sopen08g003200.1	SPI08g05941.1,SPI08g00329.1,SPI08g05496.1,SPI08g05497.1,SPI08g05940.1	Solyc08g078180.1.1,Solyc08g007230.3.1,Solyc08g078170.1.1	SLYcer08g00393.1,SLYcer08g06043.1,SLYcer08g06042.1	Capang01g000601,Capang01g000617
OG25858	21	7	Capana10g000766,Capana03g004398	PGSC0003DMP400018167,PGSC0003DMP400037686,PGSC0003DMP400040890,PGSC0003DMP400018168,PGSC0003DMP400018166	Sopen08g017660.1,Sopen10g006310.1	SPI08g04580.1,SPI10g00744.1,SPI11g03169.1	Solyc11g039810.3.1,Solyc10g017490.3.1,Solyc08g062140.1.1	SLYcer11g03099.1,SLYcer08g04681.1,SLYcer10g00875.1	Capang03g004211,Capang10g000587,Capang00g004937
OG25941	22	7	Capana00g003290,Capana07g001930,Capana00g003289,Capana09g001387	PGSC0003DMP400012941,PGSC0003DMP400037841,PGSC0003DMP400012927	Sopen07g004290.1,Sopen06g004210.1,Sopen01g026040.1,Sopen06g004220.1	SPI01g05485.1,SPI07g00585.1	Solyc01g059910.2.1,Solyc07g008400.3.1,Solyc06g009540.1.1,Solyc06g009550.4.1	SLYcer07g00535.1,SLYcer01g05333.1	Capang00g000661,Capang07g001918,Capang09g000957
OG25987	22	7	Capana12g000271,Capana03g004101,Capana09g001478	PGSC0003DMP400008267,PGSC0003DMP400008268,PGSC0003DMP400035792,PGSC0003DMP400015350	Sopen00g009410.1,Sopen09g021150.1,Sopen09g035360.1	SPI12g04996.1,SPI09g04873.1,SPI09g02728.1	Solyc12g098570.2.1,Solyc09g057680.3.1,Solyc09g092460.4.1	SLYcer09g02797.1,SLYcer09g05201.1,SLYcer12g05037.1	Capang12g000236,Capang09g001061,Capang03g000972
OG26074	23	7	Capana11g001487,Capana06g000833,Capana03g001528	PGSC0003DMP400054098,PGSC0003DMP400046798,PGSC0003DMP400054097,PGSC0003DMP400031073	Sopen06g009940.2,Sopen03g028920.1,Sopen06g028690.1,Sopen06g009940.1	SPI06g02477.1,SPI03g04208.1,SPI06g04647.1	Solyc03g098220.4.1,Solyc06g072320.4.1,Solyc06g030590.3.1	SLYcer03g04146.1,SLYcer06g02548.1,SLYcer06g04787.1	Capang06g000784,Capang11g001428,Capang03g001452
OG26085	23	7	Capana04g000076,Capana04g002408,Capana02g000366	PGSC0003DMP400017640,PGSC0003DMP400032542,PGSC0003DMP400030534,PGSC0003DMP400017639,PGSC0003DMP400032541	Sopen02g012610.1,Sopen03g006000.1,Sopen04g036120.2,Sopen04g036120.1	SPI03g00876.1,SPI02g01891.1	Solyc04g082500.4.1,Solyc02g038817.1.1,Solyc03g032150.3.1	SLYcer04g05852.1,SLYcer03g00717.1,SLYcer02g02978.1	Capang04g000066,Capang02g000309,Capang04g002124
OG26158	24	7	Capana11g000478,Capana02g001399,Capana12g001788	PGSC0003DMP400003605,PGSC0003DMP400036462,PGSC0003DMP400036730,PGSC0003DMP400022941	Sopen09g001980.1,Sopen02g006650.1,Sopen04g023670.1,Sopen02g019160.1	SPI09g00198.1,SPI02g01282.1	Solyc02g023950.3.1,Solyc09g007110.3.1,Solyc04g054200.3.1,Solyc02g070000.4.1	SLYcer02g02382.1,SLYcer02g03807.1,SLYcer09g00299.1,SLYcer04g03868.1	Capang02g001236,Capang11g000451,Capang12g001444
OG26260	25	7	Capana09g001531,Capana00g003829,Capana03g000175	PGSC0003DMP400031150,PGSC0003DMP400031151,PGSC0003DMP400031149,PGSC0003DMP400004416,PGSC0003DMP400031152	Sopen09g025470.1,Sopen07g018520.3,Sopen03g040420.1,Sopen07g018520.1,Sopen07g018520.4,Sopen07g018520.2	SPI07g03977.1,SPI09g03432.1,SPI03g05421.1	Solyc07g039340.4.1,Solyc09g064270.3.1,Solyc03g121610.3.1	SLYcer07g03266.1,SLYcer03g05384.1	Capang03g000168,Capang09g000858,Capang12g000722
OG26281	25	7	Capana01g000883,Capana01g000880,Capana01g000881,Capana03g000343,Capana01g000882	PGSC0003DMP400016453,PGSC0003DMP400016457,PGSC0003DMP400001976,PGSC0003DMP400001977,PGSC0003DMP400016464,PGSC0003DMP400016458,PGSC0003DMP400010041	Sopen03g038980.1,Sopen08g024710.1,Sopen12g002810.1,Sopen08g024700.1	SPI08g05711.1,SPI03g05279.1	Solyc03g120110.3.1,Solyc08g076050.4.1,Solyc08g076060.3.1,Solyc12g006840.2.1	SLYcer08g05824.1	Capang01g000792,Capang03g000318
OG26358	26	7	Capana00g004738,Capana00g004739,Capana10g000688,Capana03g001818,Capana12g001526	PGSC0003DMP400020015,PGSC0003DMP400001176,PGSC0003DMP400001175	Sopen10g001060.1,Sopen04g019880.1,Sopen03g021970.1	SPI04g02929.1,SPI03g03307.1,SPI10g00094.1	Solyc03g081270.2.1,Solyc10g005030.4.1,Solyc04g049670.4.1,Solyc03g081240.3.1	SLYcer04g03199.1,SLYcer03g03215.1,SLYcer03g03219.1,SLYcer10g00219.1	Capang00g002399,Capang10g000519,Capang06g000975,Capang03g001748
OG26451	27	7	Capana01g000162,Capana05g000568,Capana01g000136,Capana01g000161,Capana01g000159,Capana01g000158	PGSC0003DMP400021527,PGSC0003DMP400021524,PGSC0003DMP400021523,PGSC0003DMP400021525	Sopen08g029950.1,Sopen04g004580.1,Sopen08g029960.1	SPI08g06288.1,SPI04g00546.1,SPI08g06289.1	Solyc08g081670.3.1,Solyc04g009450.1.1,Solyc08g081650.3.1	SLYcer08g06381.1,SLYcer04g00570.1,SLYcer08g06380.1	Capang01g000151,Capang01g000126,Capang05g000479,Capang01g000150,Capang01g000149
OG26518	29	7	Capana03g001031,Capana06g002172,Capana06g002174	PGSC0003DMP400029106,PGSC0003DMP400029107,PGSC0003DMP400047992,PGSC0003DMP400042539,PGSC0003DMP400042538	Sopen06g014790.1,Sopen03g032770.1,Sopen06g015250.1,Sopen03g008940.1	SPI12g04071.1,SPI03g01430.1,SPI06g03097.1,SPI06g03157.1,SPI03g04596.1	Solyc06g048600.3.1,Solyc03g044662.1.1,Solyc03g113720.3.1,Solyc06g048930.4.1	SLYcer06g03194.1,SLYcer03g04546.1,SLYcer12g04124.1,SLYcer06g03256.1,SLYcer03g01223.1	Capang03g000989,Capang06g002009,Capang06g002013
OG26527	29	7	Capana01g002869,Capana08g000277,Capana07g000734	PGSC0003DMP400004153,PGSC0003DMP400048503,PGSC0003DMP400026200,PGSC0003DMP400023028,PGSC0003DMP400026199,PGSC0003DMP400004152,PGSC0003DMP400015919	Sopen05g021290.1,Sopen01g031120.2,Sopen08g016630.1,Sopen01g031120.1,Sopen07g021450.1	SPI05g03064.1,SPI01g06358.1,SPI08g04418.1,SPI07g04392.1	Solyc08g061250.3.1,Solyc01g079340.3.1,Solyc05g025820.4.1,Solyc07g041940.3.1	SLYcer05g02489.1,SLYcer08g04522.1,SLYcer01g06060.1	Capang07g000794,Capang01g002582,Capang01g002920
OG26546	29	7	Capana06g000678,Capana08g001175,Capana06g000680,Capana00g003643	PGSC0003DMP400010489,PGSC0003DMP400010488,PGSC0003DMP400010487,PGSC0003DMP400047825,PGSC0003DMP400015316,PGSC0003DMP400010490,PGSC0003DMP400015314,PGSC0003DMP400015315	Sopen06g030120.1,Sopen01g040510.1,Sopen06g030130.1,Sopen01g004640.1	SPI06g04793.1,SPI01g07402.1	Solyc01g009170.4.1,Solyc06g073730.2.1,Solyc01g096810.3.1,Solyc06g073720.3.1	SLYcer01g07871.1,SLYcer06g04927.1,SLYcer01g00582.1	Capang06g000630,Capang06g000626,Capang06g000631,Capang01g003748
OG26653	32	7	Capana09g000252,Capana01g001620,Capana09g000254,Capana01g001581,Capana01g001580,Capana09g000273,Capana09g000242	PGSC0003DMP400052091,PGSC0003DMP400007094,PGSC0003DMP400068101,PGSC0003DMP400055133	Sopen01g002500.1,Sopen01g009210.1,Sopen01g002580.1,Sopen01g002510.1	SPI01g01873.1,SPI01g00344.1,SPI01g01914.1,SPI01g01890.1	Solyc01g006530.1.1,Solyc01g014550.3.1,Solyc01g006520.3.1,Solyc01g014520.1.1,Solyc01g006590.3.1,Solyc01g014510.2.1	SLYcer01g00325.1,SLYcer01g01791.1,SLYcer01g00334.1,SLYcer01g01809.1,SLYcer01g01833.1	Capang01g001359,Capang01g001348
OG26726	33	7	Capana01g002710,Capana04g000919,Capana12g000810,Capana03g002229,Capana08g001875	PGSC0003DMP400012106,PGSC0003DMP400027704,PGSC0003DMP400022855,PGSC0003DMP400027702,PGSC0003DMP400027701,PGSC0003DMP400043179	Sopen01g034930.1,Sopen01g046190.1,Sopen00g003220.1,Sopen03g004290.2,Sopen03g004290.1	SPI04g04587.1,SPI03g00646.1,SPI01g06805.1,SPI01g07984.1	Solyc01g088050.3.1,Solyc04g075000.1.1,Solyc03g025450.4.1	SLYcer01g07278.1,SLYcer03g00427.1,SLYcer01g06538.1,SLYcer04g05110.1	Capang11g001064,Capang01g004436,Capang01g002358,Capang12g000688,Capang03g002127,Capang04g000879
OG26753	34	7	Capana07g000045,Capana07g000283,Capana02g001157,Capana05g001087,Capana09g000952	PGSC0003DMP400018472,PGSC0003DMP400032676,PGSC0003DMP400038226,PGSC0003DMP400051583,PGSC0003DMP400032675,PGSC0003DMP400051584	Sopen09g034390.1,Sopen07g003190.1,Sopen07g002860.1,Sopen02g010140.1,Sopen02g010190.1	SPI07g00379.1,SPI07g00419.1,SPI09g04756.1	Solyc02g031860.3.1,Solyc07g007140.3.1,Solyc07g006760.4.1,Solyc02g031910.2.1,Solyc09g091460.3.1	SLYcer07g00352.1,SLYcer02g02576.1,SLYcer09g05079.1,SLYcer07g00310.1,SLYcer02g02580.1	Capang07g000033,Capang05g000928,Capang00g003079,Capang07g000280,Capang02g001041
OG26764	34	7	Capana00g004470,Capana09g001776,Capana11g001039,Capana12g000082	PGSC0003DMP400019455,PGSC0003DMP400035371,PGSC0003DMP400008374,PGSC0003DMP400008373,PGSC0003DMP400008370,PGSC0003DMP400008371,PGSC0003DMP400008372,PGSC0003DMP400008375,PGSC0003DMP400016724,PGSC0003DMP400035372	Sopen12g034460.1,Sopen09g006570.1,Sopen11g024430.1,Sopen10g034460.1	SPI09g00964.1,SPI12g05133.1,SPI10g04342.1,SPI11g03568.1	Solyc10g085000.2.1,Solyc11g064890.2.1,Solyc12g099830.2.1,Solyc09g011750.3.1	SLYcer12g05185.1,SLYcer09g01056.1,SLYcer11g03497.1,SLYcer10g05807.1	Capang00g003019,Capang09g001349,Capang12g000072,Capang12g000829
OG26815	36	7	Capana01g001685,Capana03g004108,Capana08g002174	PGSC0003DMP400007802,PGSC0003DMP400007800,PGSC0003DMP400007801,PGSC0003DMP400007797,PGSC0003DMP400052502,PGSC0003DMP400052506,PGSC0003DMP400064078,PGSC0003DMP400007809,PGSC0003DMP400069317	Sopen10g018110.1,Sopen03g007550.1,Sopen01g048540.1	SPI10g02138.1,SPI10g02089.1,SPI03g01231.1,SPI10g02155.1,SPI10g02156.1,SPI01g08236.1,SPI10g02103.1	Solyc03g043710.1.1,Solyc01g106160.3.1,Solyc10g047700.3.1,Solyc10g047810.3.1,Solyc10g047680.3.1	SLYcer10g03757.1,SLYcer10g03794.1,SLYcer10g03793.1,SLYcer03g01032.1,SLYcer10g03745.1	Capang01g004720,Capang03g003959,Capang01g001391,Capang04g001911
OG26868	38	7	Capana05g001491,Capana07g000845,Capana08g000213	PGSC0003DMP400018165,PGSC0003DMP400015251,PGSC0003DMP400018164,PGSC0003DMP400033952,PGSC0003DMP400014717	Sopen07g022370.3,Sopen12g004350.1,Sopen08g007280.1,Sopen08g007250.1	SPI08g00955.1,SPI12g01021.1,SPI08g00958.1,SPI12g01014.1,SPI12g00527.1,SPI03g00354.1,SPI12g00523.1	Solyc12g016050.1.1,Solyc08g016730.1.1,Solyc12g016110.1.1,Solyc12g016070.1.1,Solyc12g016130.1.1,Solyc12g016090.1.1,Solyc12g016010.3.1,Solyc08g016740.1.1,Solyc12g009360.1.1	SLYcer08g00997.1,SLYcer12g00966.1,SLYcer12g00973.1,SLYcer08g00996.1,SLYcer08g00994.1,SLYcer12g00496.1,SLYcer12g00971.1,SLYcer12g00961.1,SLYcer12g00968.1	Capang00g001184
OG26873	38	7	Capana03g003663	PGSC0003DMP400055080,PGSC0003DMP400049989,PGSC0003DMP400055078,PGSC0003DMP400055079,PGSC0003DMP400055081	Sopen09g030220.2,Sopen09g030220.3,Sopen11g002090.1,Sopen09g030220.1	SPI01g01983.1,SPI09g00387.1,SPI11g03658.1,SPI06g03440.1,SPI12g04184.1,SPI04g02870.1,SPI09g04183.1,SPI02g02276.1,SPI08g05156.1,SPI11g00363.1,SPI12g02220.1,SPI03g05504.1,SPI12g03789.1,SPI04g03052.1	Solyc04g049990.2.1,Solyc11g006160.3.1,Solyc06g051610.1.1,Solyc09g075440.4.1,Solyc09g082910.2.1	SLYcer01g01905.1,SLYcer09g04804.1,SLYcer11g00211.1,SLYcer06g03527.1,SLYcer12g04246.1,SLYcer04g03322.1,SLYcer09g04392.1,SLYcer04g03114.1	Capang03g003566
OG26973	42	7	Capana00g002882,Capana11g002188,Capana03g000276,Capana01g001958,Capana08g000757,Capana05g001267	PGSC0003DMP400028018,PGSC0003DMP400004510,PGSC0003DMP400025579,PGSC0003DMP400025578,PGSC0003DMP400004511,PGSC0003DMP400017893,PGSC0003DMP400043552,PGSC0003DMP400013218,PGSC0003DMP400043551	Sopen01g005590.1,Sopen08g022110.1,Sopen04g001980.1,Sopen05g005910.1,Sopen03g039580.2,Sopen02g034460.1,Sopen03g039580.1	SPI05g00706.1,SPI04g00253.1,SPI03g05337.1,SPI02g04311.1	Solyc08g068250.4.1,Solyc03g120760.4.1,Solyc05g010140.3.1,Solyc04g006930.3.1,Solyc01g010030.3.1	SLYcer04g00280.1,SLYcer03g05297.1,SLYcer05g00674.1,SLYcer01g00817.1,SLYcer02g05386.1,SLYcer08g05251.1	Capang03g000265,Capang01g003359,Capang11g002098,Capang05g001104,Capang01g001710
OG27006	44	7	Capana01g004096,Capana12g001525,Capana05g001688,Capana06g002273,Capana01g001235	PGSC0003DMP400022792,PGSC0003DMP400024200,PGSC0003DMP400035444,PGSC0003DMP400052061,PGSC0003DMP400024201,PGSC0003DMP400052059,PGSC0003DMP400052060	Sopen05g027860.1,Sopen12g008640.1,Sopen06g013830.1,Sopen12g008640.2,Sopen08g002100.1,Sopen08g002100.2,Sopen08g022810.1,Sopen04g019380.1,Sopen05g027860.2,Sopen06g013830.2	SPI08g05239.1,SPI06g02615.1,SPI04g02883.1,SPI08g00201.1,SPI05g04109.1	Solyc12g017840.2.1,Solyc05g047550.4.1,Solyc08g006140.3.1,Solyc04g049400.3.1,Solyc06g043250.4.1,Solyc08g069180.3.1	SLYcer12g01121.1,SLYcer06g03052.1,SLYcer08g00265.1,SLYcer10g02857.1,SLYcer08g05354.1,SLYcer04g03129.1	Capang05g001369,Capang08g000979,Capang01g001073,Capang06g002130,Capang00g005466
OG27007	44	7	Capana02g000442,Capana10g001101,Capana02g002678,Capana04g002245,Capana12g001014,Capana11g000949	PGSC0003DMP400031065,PGSC0003DMP400027121,PGSC0003DMP400042247,PGSC0003DMP400031066,PGSC0003DMP400001376,PGSC0003DMP400042246,PGSC0003DMP400031067,PGSC0003DMP400001375	Sopen03g006840.1,Sopen10g023020.1,Sopen02g030110.2,Sopen02g030110.1,Sopen02g013830.1,Sopen01g051720.1,Sopen11g020020.1	SPI03g01087.1,SPI10g02831.1,SPI01g08566.1,SPI11g02775.1,SPI02g02067.1,SPI02g03868.1	Solyc02g085430.4.1,Solyc10g051330.3.1,Solyc11g044460.3.1,Solyc02g062790.3.1,Solyc01g109530.3.1,Solyc03g034060.4.1	SLYcer03g00925.1,SLYcer02g03186.1,SLYcer11g02716.1,SLYcer01g08344.1,SLYcer02g04943.1,SLYcer10g04331.1	Capang02g000399,Capang10g000927,Capang11g000967,Capang02g002406,Capang01g005054
OG27014	44	7	Capana01g002219,Capana11g001621,Capana00g003237	PGSC0003DMP400013701,PGSC0003DMP400030780,PGSC0003DMP400052721,PGSC0003DMP400001624,PGSC0003DMP400053808,PGSC0003DMP400002555,PGSC0003DMP400052719,PGSC0003DMP400030782,PGSC0003DMP400053810,PGSC0003DMP400031313,PGSC0003DMP400001623,PGSC0003DMP400034388,PGSC0003DMP400030781	Sopen05g003020.1,Sopen01g006430.1,Sopen05g003020.2,Sopen07g003860.1,Sopen02g032550.1	SPI09g01731.1,SPI07g00540.1,SPI02g04121.1,SPI12g02476.1,SPI03g01320.1,SPI01g01018.1,SPI05g00375.1,SPI12g02477.1	Solyc01g010780.4.1,Solyc07g007980.3.1,Solyc05g007050.4.1,Solyc02g087830.4.1	SLYcer03g01112.1,SLYcer09g01854.1,SLYcer09g01851.1,SLYcer03g02000.1,SLYcer05g00339.1,SLYcer02g05191.1,SLYcer01g00959.1	Capang00g005222,Capang11g001578,Capang00g002678,Capang01g001903
OG27120	51	7	Capana12g000452,Capana04g000005,Capana07g001711,Capana12g000857,Capana07g001710,Capana07g001709,Capana10g000085,Capana10g000337	PGSC0003DMP400046569,PGSC0003DMP400046568,PGSC0003DMP400016570,PGSC0003DMP400046570,PGSC0003DMP400046567,PGSC0003DMP400037877,PGSC0003DMP400036871,PGSC0003DMP400037876,PGSC0003DMP400046565,PGSC0003DMP400003649	Sopen12g030030.1,Sopen12g032100.1,Sopen10g004060.1,Sopen10g003010.1,Sopen07g027680.1,Sopen10g004060.2,Sopen07g027690.1	SPI07g05615.1,SPI12g04575.1,SPI07g05614.1,SPI10g00313.1,SPI10g00424.1,SPI12g04850.1	Solyc07g053710.3.1,Solyc10g007110.3.1,Solyc12g096240.3.1,Solyc12g088000.2.1,Solyc10g008200.4.1,Solyc07g053720.3.1	SLYcer07g04890.1,SLYcer12g04621.1,SLYcer10g00449.1,SLYcer12g04890.1,SLYcer10g00561.1,SLYcer07g04889.1	Capang12g000735,Capang12g000378,Capang00g003796,Capang04g000001,Capang07g001704,Capang10g000081,Capang12g000736,Capang10g000240
OG27193	57	7	Capana05g000479,Capana08g001161,Capana03g000195,Capana11g001603,Capana00g004439,Capana01g002212	PGSC0003DMP400001657,PGSC0003DMP400004627,PGSC0003DMP400033649,PGSC0003DMP400001658,PGSC0003DMP400005909,PGSC0003DMP400033650,PGSC0003DMP400044379,PGSC0003DMP400016922,PGSC0003DMP400056149,PGSC0003DMP400016924,PGSC0003DMP400044380,PGSC0003DMP400016921	Sopen07g014930.2,Sopen04g026290.1,Sopen12g023200.1,Sopen03g040260.1,Sopen12g027790.1,Sopen01g006300.1,Sopen12g027790.2,Sopen01g040400.3,Sopen05g003100.1,Sopen07g014930.1	SPI01g00999.1,SPI05g00387.1,SPI03g05406.1,SPI01g07390.1,SPI12g04181.1,SPI12g01906.1,SPI04g03989.1	Solyc01g096690.3.1,Solyc04g063370.3.1,Solyc03g121440.4.1,Solyc07g027020.4.1,Solyc12g044840.2.1,Solyc05g007140.3.1,Solyc01g010660.3.1,Solyc12g077390.3.1	SLYcer01g07882.1,SLYcer01g00935.1,SLYcer05g00353.1,SLYcer03g05368.1,SLYcer12g04243.1,SLYcer12g01828.1,SLYcer04g04349.1	Capang03g000186,Capang01g001915,Capang11g001558,Capang05g000393,Capang01g003735,Capang00g005480,Capang03g003333
OG27301	73	7	Capana01g000175,Capana12g001115,Capana02g002931,Capana02g000635,Capana01g000176,Capana09g000213,Capana10g001739,Capana04g000721	PGSC0003DMP400000572,PGSC0003DMP400021538,PGSC0003DMP400008756,PGSC0003DMP400029780,PGSC0003DMP400008932,PGSC0003DMP400056274,PGSC0003DMP400037135,PGSC0003DMP400021802,PGSC0003DMP400010333,PGSC0003DMP400005972,PGSC0003DMP400064398,PGSC0003DMP400009660,PGSC0003DMP400005960	Sopen12g028690.1,Sopen12g003670.1,Sopen02g036570.1,Sopen08g029870.1,Sopen04g031000.1,Sopen02g014630.1,Sopen08g003970.1,Sopen02g014640.1,Sopen03g007700.1,Sopen07g014620.1,Sopen08g029860.1	SPI08g00505.1,SPI08g06276.1,SPI08g06277.1,SPI12g00448.1,SPI03g01255.1,SPI02g04512.1,SPI02g02166.1,SPI02g02165.1,SPI07g03484.1,SPI12g04412.1	Solyc02g063543.1.1,Solyc08g081550.4.1,Solyc02g091990.3.1,Solyc12g008740.1.1,Solyc08g081535.1.1,Solyc07g026900.1.1,Solyc12g056180.3.1,Solyc03g043890.3.1,Solyc04g077410.4.1,Solyc02g063540.3.1	SLYcer02g03284.1,SLYcer08g06369.1,SLYcer08g00532.1,SLYcer07g01984.1,SLYcer12g00417.1,SLYcer12g04454.1,SLYcer08g06370.1,SLYcer02g05596.1,SLYcer03g01054.1,SLYcer02g03286.1,SLYcer02g03287.1	Capang02g000550,Capang02g000551,Capang07g001240,Capang02g002655,Capang09g000206,Capang04g000697,Capang01g000164,Capang08g001294,Capang10g001488,Capang01g000163
OG27356	83	7	Capana03g000976,Capana02g003408,Capana05g002493,Capana00g002576,Capana05g001858,Capana07g000016,Capana05g001442,Capana10g002311,Capana04g001853,Capana02g002782,Capana03g003783,Capana04g001851,Capana07g000666,Capana06g000961,Capana12g001564,Capana02g002783	PGSC0003DMP400048762,PGSC0003DMP400046878,PGSC0003DMP400069358,PGSC0003DMP400039578,PGSC0003DMP400046877,PGSC0003DMP400048761,PGSC0003DMP400068900,PGSC0003DMP400058281,PGSC0003DMP400038405,PGSC0003DMP400048763,PGSC0003DMP400055438,PGSC0003DMP400055439,PGSC0003DMP400042572,PGSC0003DMP400042573,PGSC0003DMP400048760	Sopen03g033290.1,Sopen06g027690.1,Sopen10g004840.1,Sopen09g031330.1,Sopen09g031330.2,Sopen12g025190.1,Sopen10g014440.1	SPI06g04550.1,SPI10g00524.1,SPI02g04103.1,SPI03g04655.1,SPI11g03243.1,SPI12g02418.1,SPI10g01641.1,SPI06g03529.1,SPI04g01885.1,SPI07g05771.1,SPI04g01881.1,SPI09g04405.1	Solyc10g045270.2.1,Solyc02g087590.3.1,Solyc04g026210.3.1,Solyc06g053375.1.1,Solyc09g082470.4.1,Solyc10g009060.1.1,Solyc03g114210.3.1,Solyc06g071410.3.1,Solyc12g062280.2.1,Solyc04g026230.1.1,Solyc11g039590.3.1	SLYcer12g02640.1,SLYcer06g04689.1,SLYcer03g04601.1,SLYcer07g05036.1,SLYcer09g04749.1,SLYcer12g03753.1,SLYcer11g03181.1,SLYcer02g05172.1,SLYcer10g00665.1	Capang12g000660,Capang02g002505,Capang05g001178,Capang06g000908,Capang05g001213,Capang07g000659,Capang00g004948,Capang10g002065,Capang00g001278,Capang12g001303,Capang03g003692,Capang03g000927,Capang02g002504
OG27482	128	7	Capana04g002426,Capana05g000284,Capana01g004418,Capana03g001859,Capana04g002711,Capana00g001159,Capana04g002723,Capana05g000260,Capana05g000276,Capana04g002765,Capana00g001443,Capana04g002468,Capana05g000247,Capana05g000517,Capana04g002639,Capana04g002804,Capana04g002658,Capana00g001160,Capana04g002791,Capana09g002355,Capana04g002706,Capana04g002794,Capana00g000717,Capana07g000851,Capana05g000275,Capana04g002431,Capana04g002778,Capana05g000266,Capana04g002632,Capana04g002534,Capana05g000255,Capana00g002677,Capana04g002462,Capana04g002367,Capana03g001862,Capana12g002263,Capana05g000256,Capana04g002785,Capana05g000704,Capana07g000169,Capana03g000993,Capana04g002782,Capana05g000261,Capana04g002663,Capana04g002419	PGSC0003DMP400040855,PGSC0003DMP400022139,PGSC0003DMP400035977,PGSC0003DMP400028022,PGSC0003DMP400040897,PGSC0003DMP400040906,PGSC0003DMP400040764,PGSC0003DMP400036469,PGSC0003DMP400028021,PGSC0003DMP400040902,PGSC0003DMP400057245,PGSC0003DMP400046472,PGSC0003DMP400042347,PGSC0003DMP400046474,PGSC0003DMP400040896,PGSC0003DMP400040901,PGSC0003DMP400026544,PGSC0003DMP400024591,PGSC0003DMP400010766,PGSC0003DMP400040857,PGSC0003DMP400032677,PGSC0003DMP400040769,PGSC0003DMP400040858,PGSC0003DMP400040818,PGSC0003DMP400019322,PGSC0003DMP400040766	Sopen04g006760.1,Sopen02g021440.1,Sopen04g007020.1,Sopen03g002040.1,Sopen02g017970.1,Sopen04g004790.1,Sopen00g009730.1,Sopen04g007010.1,Sopen04g008000.1,Sopen07g005840.1,Sopen03g033140.1,Sopen04g006200.1,Sopen07g002870.1	SPI03g00316.1,SPI04g00911.1,SPI04g00565.1,SPI03g00324.1,SPI03g04641.1,SPI03g00325.1,SPI04g01136.1,SPI02g03741.1,SPI07g00381.1,SPI07g00882.1	Solyc03g006080.4.1,Solyc03g006030.4.1,Solyc07g015990.2.1,Solyc02g072470.4.1,Solyc04g012110.2.1,Solyc03g006100.4.1,Solyc07g006770.2.1,Solyc03g114080.2.1	SLYcer03g04587.1,SLYcer03g00189.1,SLYcer04g00589.1,SLYcer07g00312.1,SLYcer03g00174.1,SLYcer02g04047.1,SLYcer04g00977.1,SLYcer07g00854.1,SLYcer04g01399.1,SLYcer02g04832.1	Capang04g002372,Capang12g001943,Capang04g002164,Capang07g000038,Capang01g001325,Capang07g000966,Capang04g002170,Capang00g001772,Capang04g002396,Capang04g002383,Capang00g003009,Capang03g000940,Capang05g000598,Capang00g002738,Capang00g002024,Capang05g000434
OG27486	132	7	Capana12g002810,Capana10g001137,Capana07g000692,Capana11g001559,Capana03g000967,Capana02g002524,Capana02g003556,Capana05g000160,Capana09g000812,Capana12g000605,Capana05g001490,Capana07g000844,Capana02g001948,Capana04g001374,Capana04g002627,Capana08g002776,Capana09g000019	PGSC0003DMP400005268,PGSC0003DMP400032486,PGSC0003DMP400022690,PGSC0003DMP400032487,PGSC0003DMP400040851,PGSC0003DMP400005269,PGSC0003DMP400005270,PGSC0003DMP400001518,PGSC0003DMP400015249,PGSC0003DMP400005265,PGSC0003DMP400022330,PGSC0003DMP400032978,PGSC0003DMP400051724,PGSC0003DMP400023464,PGSC0003DMP400042375,PGSC0003DMP400051723	Sopen09g024870.1,Sopen01g053920.1,Sopen07g022490.1,Sopen10g025490.1,Sopen09g010510.1,Sopen12g004330.1,Sopen07g022370.2,Sopen12g004320.1,Sopen02g028090.1,Sopen11g006840.1,Sopen03g002410.1,Sopen04g006790.1,Sopen04g027060.2,Sopen02g038000.1,Sopen03g033410.1,Sopen04g027060.1,Sopen07g022370.1,Sopen02g022970.1	SPI02g01475.1,SPI07g04494.1,SPI12g01019.1,SPI03g04674.1,SPI11g00881.1,SPI12g00525.1,SPI12g04745.1,SPI04g00914.1,SPI12g01015.1,SPI12g01012.1,SPI07g04522.1,SPI01g08796.1,SPI12g00522.1,SPI04g04256.1,SPI09g01434.1,SPI10g03329.1,SPI02g03632.1,SPI02g03105.1,SPI12g01020.1,SPI12g00862.1,SPI02g04655.1	Solyc03g006400.3.1,Solyc04g071120.3.1,Solyc12g009350.1.1,Solyc12g016100.1.1,Solyc07g042890.3.1,Solyc12g009340.2.1,Solyc09g018060.4.1,Solyc11g012050.1.1,Solyc12g015980.1.1,Solyc07g042680.3.1,Solyc12g016060.1.1,Solyc12g094410.3.1,Solyc12g016030.3.1,Solyc02g078140.3.1,Solyc01g111880.4.1,Solyc04g014690.3.1,Solyc02g083290.4.1,Solyc12g016140.1.1,Solyc10g055720.2.1,Solyc03g114310.3.1,Solyc02g093410.4.1	SLYcer02g04206.1,SLYcer12g04780.1,SLYcer02g05735.1,SLYcer12g00967.1,SLYcer10g04838.1,SLYcer07g03810.1,SLYcer07g03781.1,SLYcer12g00495.1,SLYcer12g00972.1,SLYcer04g01189.1,SLYcer02g04722.1,SLYcer03g04621.1,SLYcer12g00976.1,SLYcer12g00816.1,SLYcer03g00214.1,SLYcer12g00962.1,SLYcer01g08566.1,SLYcer04g04775.1,SLYcer11g00731.1,SLYcer09g01573.1,SLYcer12g00959.1,SLYcer12g00493.1	Capang01g005359,Capang11g001500,Capang05g001212,Capang05g000157,Capang07g000717,Capang10g000956,Capang09g000012,Capang12g002458,Capang02g001729,Capang12g000502,Capang04g001309,Capang02g003278,Capang07g000956,Capang04g002292,Capang03g000917,Capang02g002261,Capang09g000735
OG27505	144	7	Capana02g003614,Capana03g001379,Capana04g002888,Capana04g000780,Capana05g000336,Capana05g000762,Capana02g003616,Capana07g002429,Capana11g000230,Capana11g000398,Capana07g002432,Capana02g003615,Capana05g001770,Capana06g001752,Capana04g000106,Capana07g002431,Capana04g000098,Capana07g002430,Capana04g001881,Capana08g002210,Capana12g000826,Capana04g001588,Capana11g002248,Capana01g002046	PGSC0003DMP400030901,PGSC0003DMP400006005,PGSC0003DMP400038553,PGSC0003DMP400038558,PGSC0003DMP400038554,PGSC0003DMP400035220,PGSC0003DMP400038556,PGSC0003DMP400010691,PGSC0003DMP400020726,PGSC0003DMP400008840,PGSC0003DMP400020470,PGSC0003DMP400030902,PGSC0003DMP400032500,PGSC0003DMP400019193,PGSC0003DMP400001563,PGSC0003DMP400026660,PGSC0003DMP400011247,PGSC0003DMP400010690,PGSC0003DMP400038552,PGSC0003DMP400017598,PGSC0003DMP400020865,PGSC0003DMP400029354,PGSC0003DMP400020471,PGSC0003DMP400001562,PGSC0003DMP400038555,PGSC0003DMP400017461,PGSC0003DMP400030468,PGSC0003DMP400020862,PGSC0003DMP400008841,PGSC0003DMP400035219	Sopen02g038510.1,Sopen11g001070.1,Sopen07g034210.2,Sopen04g035850.2,Sopen04g035850.1,Sopen02g038520.1,Sopen12g030190.1,Sopen04g030700.1,Sopen10g025520.1,Sopen12g013380.1,Sopen01g049110.1,Sopen02g038500.1,Sopen07g034200.1,Sopen07g034210.1,Sopen06g020230.1,Sopen05g005520.1,Sopen03g030210.1,Sopen04g005770.1	SPI05g01191.1,SPI01g08299.1,SPI04g04806.1,SPI11g00250.1,SPI10g03334.1,SPI10g03333.1,SPI12g04596.1,SPI04g00738.1,SPI02g04703.1,SPI03g04336.1,SPI06g03730.1,SPI04g05336.1,SPI07g06357.1,SPI05g00662.1,SPI12g02283.1	Solyc04g011590.3.1,Solyc10g055750.1.1,Solyc12g027880.3.1,Solyc05g009700.4.1,Solyc04g082220.3.1,Solyc07g066020.2.1,Solyc02g093860.3.1,Solyc10g055740.2.1,Solyc12g027890.1.1,Solyc12g088190.2.1,Solyc04g077050.3.1,Solyc05g014530.1.1,Solyc06g060110.3.1,Solyc01g106800.4.1,Solyc03g111040.2.1,Solyc02g093870.4.1,Solyc07g066010.3.1,Solyc11g005070.2.1	SLYcer11g00086.1,SLYcer04g05314.1,SLYcer04g00923.1,SLYcer10g04844.1,SLYcer06g03827.1,SLYcer12g02514.1,SLYcer01g08067.1,SLYcer04g05823.1,SLYcer07g05639.1,SLYcer05g00629.1,SLYcer07g05638.1,SLYcer05g01121.1,SLYcer10g04842.1,SLYcer02g05782.1,SLYcer12g04640.1,SLYcer03g04277.1	Capang11g002150,Capang00g001041,Capang01g004759,Capang12g001385,Capang12g000704,Capang03g001316,Capang05g001452,Capang06g001648,Capang04g000742,Capang11g000386,Capang07g002428,Capang05g000649,Capang02g003333,Capang05g000292,Capang04g000087,Capang04g001490,Capang02g003334,Capang04g002490,Capang01g001753,Capang00g000639,Capang04g000095,Capang02g003335,Capang11g000225
OG27510	148	7	Capana09g000064,Capana09g001833,Capana01g000809,Capana01g001354,Capana09g001921,Capana07g000239,Capana11g001030,Capana07g000238,Capana09g001914	PGSC0003DMP400021207,PGSC0003DMP400057536,PGSC0003DMP400067945,PGSC0003DMP400051406,PGSC0003DMP400068969,PGSC0003DMP400060683,PGSC0003DMP400057992,PGSC0003DMP400005773,PGSC0003DMP400069435,PGSC0003DMP400068353,PGSC0003DMP400024332,PGSC0003DMP400021205,PGSC0003DMP400057156,PGSC0003DMP400005772,PGSC0003DMP400060033,PGSC0003DMP400005771,PGSC0003DMP400021206,PGSC0003DMP400061989,PGSC0003DMP400068002,PGSC0003DMP400021208,PGSC0003DMP400048005,PGSC0003DMP400013791,PGSC0003DMP400021209,PGSC0003DMP400005770,PGSC0003DMP400013792,PGSC0003DMP400058119,PGSC0003DMP400008633,PGSC0003DMP400056813,PGSC0003DMP400013790,PGSC0003DMP400066080,PGSC0003DMP400041887,PGSC0003DMP400040748	Sopen08g025810.1,Sopen10g022060.1,Sopen07g001280.2,Sopen11g030000.1,Sopen07g001280.1,Sopen11g010130.1,Sopen12g005210.1,Sopen07g001280.3,Sopen09g005070.1,Sopen07g005420.1,Sopen01g037580.1,Sopen03g023090.1,Sopen11g025950.1,Sopen05g009290.1	SPI12g02659.1,SPI07g01324.1,SPI09g00799.1,SPI07g00928.1,SPI07g00136.1,SPI10g02596.1,SPI07g00754.1,SPI12g01384.1,SPI01g07011.1,SPI12g00634.1,SPI11g03741.1,SPI11g04197.1,SPI04g03337.1,SPI07g00675.1,SPI11g03733.1,SPI07g01298.1,SPI07g00747.1,SPI11g01338.1,SPI11g03739.1,SPI03g03422.1,SPI12g01405.1,SPI07g00765.1,SPI05g01156.1,SPI11g03735.1,SPI07g00743.1,SPI10g02615.1,SPI08g05827.1,SPI07g00080.1,SPI03g00741.1,SPI11g03746.1,SPI10g02537.1,SPI12g01407.1,SPI07g00759.1,SPI11g03732.1,SPI07g01323.1	Solyc07g019550.1.1,Solyc07g009110.3.1,Solyc03g083340.3.1,Solyc07g017310.1.1,Solyc05g014260.3.1,Solyc11g019990.4.1,Solyc07g009560.3.1,Solyc04g051080.2.1,Solyc07g017330.3.1,Solyc08g077230.3.1,Solyc07g009580.2.1,Solyc01g091810.1.1,Solyc11g072330.2.1,Solyc12g010330.2.1,Solyc03g026250.3.1,Solyc10g050420.3.1,Solyc07g005140.4.1	SLYcer07g01299.1,SLYcer03g00519.1,SLYcer10g04161.1,SLYcer11g03677.1,SLYcer07g00068.1,SLYcer07g00711.1,SLYcer12g01377.1,SLYcer11g03684.1,SLYcer07g00729.1,SLYcer05g01085.1,SLYcer07g00736.1,SLYcer10g04166.1,SLYcer07g00722.1,SLYcer11g03673.1,SLYcer07g00909.1,SLYcer11g03671.1,SLYcer11g04130.1,SLYcer04g03614.1,SLYcer12g01375.1,SLYcer07g01275.1,SLYcer11g03679.1,SLYcer12g01350.1,SLYcer12g00608.1,SLYcer09g00889.1,SLYcer07g01297.1,SLYcer07g00715.1,SLYcer07g00632.1,SLYcer03g03339.1,SLYcer11g03670.1,SLYcer11g01205.1,SLYcer12g02887.1,SLYcer01g06850.1,SLYcer08g05937.1	Capang01g000729,Capang09g001402,Capang01g001175,Capang07g000246,Capang09g000056,Capang11g001093,Capang00g004165,Capang09g001405
OG27513	149	7	Capana09g000101,Capana01g000377,Capana03g003630,Capana10g001513,Capana00g003993,Capana03g004088,Capana12g000259,Capana05g000395,Capana10g001514,Capana12g001066,Capana05g000358,Capana03g002503,Capana12g000146,Capana09g002040,Capana00g003684,Capana02g000064,Capana00g003378,Capana12g000147,Capana01g001379	PGSC0003DMP400021728,PGSC0003DMP400008908,PGSC0003DMP400020066,PGSC0003DMP400020147,PGSC0003DMP400039878,PGSC0003DMP400040721,PGSC0003DMP400027609,PGSC0003DMP400030739,PGSC0003DMP400000791,PGSC0003DMP400021729,PGSC0003DMP400041367,PGSC0003DMP400035783,PGSC0003DMP400008909,PGSC0003DMP400020067,PGSC0003DMP400019858,PGSC0003DMP400008248,PGSC0003DMP400013781,PGSC0003DMP400020148,PGSC0003DMP400045107,PGSC0003DMP400007048,PGSC0003DMP400008194,PGSC0003DMP400020146,PGSC0003DMP400048231,PGSC0003DMP400007049,PGSC0003DMP400016949,PGSC0003DMP400041368,PGSC0003DMP400012428	Sopen10g035300.1,Sopen04g005590.1,Sopen12g024400.1,Sopen08g030690.1,Sopen09g029930.1,Sopen12g034150.1,Sopen10g007490.1,Sopen12g033320.1,Sopen11g025920.1,Sopen01g028320.1,Sopen05g029460.1,Sopen05g032260.1,Sopen12g033260.1,Sopen05g033070.1,Sopen08g027810.1,Sopen07g002320.1,Sopen12g005550.1,Sopen09g001700.1,Sopen01g036950.1,Sopen03g023360.1,Sopen09g029940.1,Sopen09g001400.1,Sopen09g035230.1	SPI12g04380.1,SPI08g06068.1,SPI09g04153.1,SPI09g00167.1,SPI01g05896.1,SPI11g03730.1,SPI05g04338.1,SPI07g00314.1,SPI01g07071.1,SPI03g03450.1,SPI10g00900.1,SPI10g04430.1,SPI05g04791.1,SPI09g00158.1,SPI08g06370.1,SPI12g00657.1,SPI04g00714.1,SPI05g04698.1,SPI09g04860.1,SPI12g05102.1,SPI09g00123.1	Solyc10g018260.1.1,Solyc04g011400.3.1,Solyc08g082440.3.1,Solyc10g085920.3.1,Solyc12g010540.1.1,Solyc08g079440.1.1,Solyc01g066700.4.1,Solyc12g055930.3.1,Solyc09g075120.3.1,Solyc03g083550.1.1,Solyc01g066710.4.1,Solyc09g092330.3.1,Solyc07g006220.2.1,Solyc05g053790.1.1,Solyc12g099480.2.1,Solyc09g005530.3.1,Solyc05g050990.1.1,Solyc09g005810.4.1,Solyc11g066150.3.1,Solyc09g005490.1.1,Solyc05g054590.4.1,Solyc01g091200.4.1	SLYcer10g02635.1,SLYcer01g06789.1,SLYcer09g05189.1,SLYcer10g05895.1,SLYcer03g03365.1,SLYcer11g03668.1,SLYcer09g00231.1,SLYcer10g02188.1,SLYcer10g02261.1,SLYcer10g01027.1,SLYcer09g00261.1,SLYcer08g06462.1,SLYcer07g00245.1,SLYcer12g05151.1,SLYcer04g00899.1,SLYcer12g00631.1,SLYcer01g05726.1,SLYcer12g04426.1,SLYcer09g04359.1	Capang00g002849,Capang01g001201,Capang03g002414,Capang01g001083,Capang12g000120,Capang12g001683,Capang01g000344,Capang02g000061,Capang10g001284,Capang05g001912,Capang03g003538,Capang12g000226,Capang12g000920,Capang09g000100,Capang00g003708,Capang05g000314,Capang03g003942,Capang09g001575
OG27631	709	7	Capana10g000565,Capana04g000738,Capana02g002111,Capana07g002262,Capana07g001729,Capana02g003188,Capana02g002115,Capana11g000300,Capana05g002084,Capana07g001909,Capana02g002116,Capana04g000745,Capana10g001349,Capana03g004575,Capana02g002120,Capana04g000725,Capana02g001679,Capana04g000739,Capana04g002760,Capana07g001585,Capana00g001988,Capana04g002758,Capana04g002753,Capana09g000758,Capana07g000281,Capana04g000730,Capana05g000771,Capana07g002260,Capana02g002109,Capana01g004124,Capana02g001677,Capana07g002251,Capana10g001366,Capana02g000162,Capana04g000747,Capana11g000063,Capana05g002087,Capana04g002585,Capana06g001960,Capana07g002253,Capana02g003525,Capana04g000737,Capana02g001682,Capana00g000372,Capana00g001094,Capana00g002124,Capana02g000074,Capana09g000349,Capana02g001207,Capana09g001848,Capana12g002195,Capana02g002117,Capana11g001240,Capana02g003377,Capana07g002269,Capana02g001676,Capana00g002225,Capana02g000175,Capana04g002581,Capana07g001598,Capana10g000042,Capana00g002125,Capana04g000740,Capana07g001584,Capana02g002110,Capana02g002123,Capana11g000537,Capana04g000426,Capana03g000341,Capana07g002252,Capana02g000166,Capana04g000723,Capana01g004044,Capana03g000504,Capana04g000729,Capana05g000792,Capana02g002122,Capana05g002086,Capana07g002465,Capana07g002257,Capana04g000743,Capana04g002708,Capana02g003187,Capana02g003684,Capana10g000044,Capana07g002259,Capana02g001681,Capana04g000724,Capana12g000681,Capana04g002752,Capana07g000274,Capana07g001582,Capana07g002464,Capana04g000732,Capana02g002113,Capana02g002119,Capana07g002254,Capana02g000783,Capana09g000429,Capana07g002255,Capana10g000040,Capana02g001686,Capana08g000947,Capana04g002757,Capana03g003639,Capana02g000993,Capana02g001684,Capana02g003631,Capana02g002108,Capana07g002261,Capana04g000742,Capana02g001687,Capana04g000727	PGSC0003DMP400031307,PGSC0003DMP400051277,PGSC0003DMP400031305,PGSC0003DMP400012232,PGSC0003DMP400019915,PGSC0003DMP400020905,PGSC0003DMP400024471,PGSC0003DMP400047630,PGSC0003DMP400051284,PGSC0003DMP400033420,PGSC0003DMP400019379,PGSC0003DMP400029893,PGSC0003DMP400058148,PGSC0003DMP400011517,PGSC0003DMP400020907,PGSC0003DMP400045385,PGSC0003DMP400051283,PGSC0003DMP400023926,PGSC0003DMP400037774,PGSC0003DMP400039508,PGSC0003DMP400033493,PGSC0003DMP400035046,PGSC0003DMP400067047,PGSC0003DMP400008764,PGSC0003DMP400001023,PGSC0003DMP400051278,PGSC0003DMP400031300,PGSC0003DMP400038810,PGSC0003DMP400064918,PGSC0003DMP400033298,PGSC0003DMP400016452,PGSC0003DMP400011516,PGSC0003DMP400024482,PGSC0003DMP400010800,PGSC0003DMP400001024,PGSC0003DMP400033425,PGSC0003DMP400031299,PGSC0003DMP400010042,PGSC0003DMP400014885,PGSC0003DMP400014242,PGSC0003DMP400014886,PGSC0003DMP400043385,PGSC0003DMP400024273,PGSC0003DMP400045381,PGSC0003DMP400014967,PGSC0003DMP400024274,PGSC0003DMP400045433,PGSC0003DMP400024976,PGSC0003DMP400011896,PGSC0003DMP400033422,PGSC0003DMP400061022,PGSC0003DMP400069450,PGSC0003DMP400023346,PGSC0003DMP400045383,PGSC0003DMP400033498,PGSC0003DMP400014939,PGSC0003DMP400045435,PGSC0003DMP400057945,PGSC0003DMP400012233,PGSC0003DMP400038887,PGSC0003DMP400045434,PGSC0003DMP400024491,PGSC0003DMP400033435,PGSC0003DMP400049536,PGSC0003DMP400033424,PGSC0003DMP400038888,PGSC0003DMP400014887,PGSC0003DMP400010799,PGSC0003DMP400033421,PGSC0003DMP400029894,PGSC0003DMP400033433,PGSC0003DMP400010798,PGSC0003DMP400014968,PGSC0003DMP400023928,PGSC0003DMP400010801,PGSC0003DMP400045380,PGSC0003DMP400024492,PGSC0003DMP400049858,PGSC0003DMP400051282,PGSC0003DMP400026987,PGSC0003DMP400023929,PGSC0003DMP400033434,PGSC0003DMP400024488,PGSC0003DMP400024476,PGSC0003DMP400060418,PGSC0003DMP400033491,PGSC0003DMP400053479,PGSC0003DMP400039507,PGSC0003DMP400049530,PGSC0003DMP400033418,PGSC0003DMP400037082,PGSC0003DMP400033305,PGSC0003DMP400045438,PGSC0003DMP400033492,PGSC0003DMP400014969,PGSC0003DMP400008991,PGSC0003DMP400024475,PGSC0003DMP400002170,PGSC0003DMP400051279,PGSC0003DMP400038812,PGSC0003DMP400024970,PGSC0003DMP400045382,PGSC0003DMP400028706,PGSC0003DMP400014920,PGSC0003DMP400024975,PGSC0003DMP400033301,PGSC0003DMP400038889,PGSC0003DMP400018434,PGSC0003DMP400044477,PGSC0003DMP400008763,PGSC0003DMP400012235,PGSC0003DMP400008805,PGSC0003DMP400024486,PGSC0003DMP400019378,PGSC0003DMP400037773,PGSC0003DMP400024490,PGSC0003DMP400034728,PGSC0003DMP400003612,PGSC0003DMP400033495,PGSC0003DMP400049533,PGSC0003DMP400031306,PGSC0003DMP400033303,PGSC0003DMP400049859,PGSC0003DMP400012234,PGSC0003DMP400024973,PGSC0003DMP400008765,PGSC0003DMP400035096,PGSC0003DMP400033494,PGSC0003DMP400030889,PGSC0003DMP400033496,PGSC0003DMP400008803,PGSC0003DMP400008760,PGSC0003DMP400044476,PGSC0003DMP400031298,PGSC0003DMP400033427,PGSC0003DMP400033306,PGSC0003DMP400000385,PGSC0003DMP400038811,PGSC0003DMP400000386,PGSC0003DMP400049857,PGSC0003DMP400037772,PGSC0003DMP400008766,PGSC0003DMP400020909,PGSC0003DMP400056963,PGSC0003DMP400033423,PGSC0003DMP400024485,PGSC0003DMP400029773,PGSC0003DMP400033419,PGSC0003DMP400024974,PGSC0003DMP400033428,PGSC0003DMP400008762	Sopen02g020850.1,Sopen12g006120.1,Sopen02g034610.1,Sopen12g030920.1,Sopen02g009650.1,Sopen11g028340.1,Sopen04g030880.1,Sopen10g002630.3,Sopen02g024360.1,Sopen01g003520.1,Sopen02g020860.3,Sopen02g009620.2,Sopen04g030930.1,Sopen02g034600.1,Sopen01g003540.1,Sopen04g030890.1,Sopen02g024350.1,Sopen03g002780.1,Sopen04g030910.1,Sopen05g016420.1,Sopen08g031250.1,Sopen02g005540.1,Sopen02g024400.1,Sopen04g030960.1,Sopen04g030900.1,Sopen02g020780.2,Sopen10g018150.1,Sopen02g020860.1,Sopen03g036080.1,Sopen01g038610.1,Sopen07g031920.1,Sopen02g009650.2,Sopen04g003520.1,Sopen04g030980.1,Sopen05g001090.1,Sopen07g031910.1,Sopen07g026630.1,Sopen02g024450.1,Sopen09g032130.1,Sopen04g025900.1,Sopen11g029790.1,Sopen09g007570.1,Sopen04g030950.2,Sopen02g015720.1,Sopen03g002770.1,Sopen04g030910.2,Sopen07g031900.1,Sopen12g001270.1,Sopen04g030890.2,Sopen07g026670.1,Sopen09g008910.1,Sopen02g020810.1,Sopen09g007550.1,Sopen09g032120.1,Sopen10g002610.1,Sopen07g026640.1,Sopen01g003510.1,Sopen05g001070.1,Sopen02g038660.1,Sopen07g031910.2,Sopen02g009640.1,Sopen03g002750.2,Sopen07g031890.1,Sopen12g001270.2,Sopen02g024370.1,Sopen09g001150.2,Sopen10g028190.1,Sopen07g005210.2,Sopen02g024410.1,Sopen02g024790.1,Sopen02g017830.1,Sopen09g007580.1,Sopen02g024470.1,Sopen02g020860.2,Sopen02g016890.1,Sopen03g002740.1,Sopen04g003550.1,Sopen09g001150.1,Sopen02g020870.1,Sopen02g020790.1,Sopen02g020800.1,Sopen03g002740.2,Sopen02g020780.1,Sopen02g031350.1,Sopen09g008900.1,Sopen09g011740.1,Sopen10g002640.1,Sopen04g030950.1,Sopen07g026780.1,Sopen03g002750.1,Sopen07g034710.1,Sopen09g007560.1,Sopen02g024390.1,Sopen02g009620.1,Sopen07g031880.1,Sopen07g003090.1,Sopen03g001960.1,Sopen10g002630.2,Sopen07g005210.1,Sopen00g007450.1,Sopen04g030850.1,Sopen02g024760.1,Sopen04g030860.1,Sopen10g001420.1,Sopen10g028160.1,Sopen04g003540.1,Sopen10g002630.1	SPI04g04842.1,SPI02g02873.1,SPI07g06131.1,SPI09g00096.1,SPI12g00339.1,SPI09g01136.1,SPI10g03593.1,SPI04g04831.1,SPI04g00440.1,SPI03g04504.1,SPI02g02884.1,SPI04g04849.1,SPI11g04175.1,SPI10g00269.1,SPI02g04325.1,SPI04g04836.1,SPI02g00380.1,SPI05g00576.1,SPI05g02147.1,SPI02g03293.1,SPI04g04828.1,SPI04g04833.1,SPI04g04839.1,SPI04g04845.1,SPI03g00460.1,SPI07g05534.1,SPI02g03258.1,SPI07g06129.1,SPI02g02460.1,SPI02g02299.1,SPI02g03250.1,SPI03g00461.1,SPI03g00472.1,SPI04g04844.1,SPI02g03256.1,SPI09g01133.1,SPI06g03808.1,SPI07g06133.1,SPI04g02600.1,SPI07g06132.1,SPI09g01219.1,SPI03g00459.1,SPI01g00469.1,SPI02g03259.1,SPI03g00309.1,SPI12g00907.1,SPI02g02887.1,SPI07g06410.1,SPI07g00717.1,SPI02g04006.1,SPI01g07207.1,SPI02g03251.1,SPI05g00106.1,SPI07g06134.1,SPI03g00458.1,SPI02g02556.1,SPI07g00712.1,SPI02g01353.1,SPI05g02130.1,SPI02g02885.1,SPI02g03249.1,SPI04g04843.1,SPI09g01134.1,SPI04g04847.1,SPI04g04829.1,SPI04g03955.1,SPI04g00438.1,SPI09g04501.1,SPI02g04718.1,SPI12g04686.1,SPI03g04968.1,SPI02g02874.1,SPI07g06128.1,SPI10g00272.1,SPI04g04848.1,SPI11g04021.1,SPI04g04834.1,SPI07g05540.1,SPI10g00271.1,SPI07g00408.1,SPI02g03257.1,SPI04g04827.1,SPI04g00441.1	Solyc04g077310.3.1,Solyc02g079550.3.1,Solyc04g077370.2.1,Solyc01g007990.4.1,Solyc10g076530.2.1,Solyc09g014720.3.1,Solyc09g005170.3.1,Solyc04g077320.2.1,Solyc07g063720.1.1,Solyc03g006730.3.1,Solyc04g077340.3.1,Solyc04g077380.2.1,Solyc09g014730.3.1,Solyc02g071810.4.1,Solyc07g053220.2.1,Solyc10g076550.1.1,Solyc03g005960.3.1,Solyc04g077280.3.1,Solyc07g063780.2.1,Solyc02g071820.4.1,Solyc02g071880.3.1,Solyc05g005050.3.1,Solyc03g006770.4.1,Solyc02g086590.3.1,Solyc09g015240.1.1,Solyc07g063820.3.1,Solyc07g063730.3.1,Solyc12g089020.2.1,Solyc10g006690.4.1,Solyc07g063810.2.1,Solyc02g079570.4.1,Solyc07g063770.3.1,Solyc12g005290.2.1,Solyc05g017770.1.1,Solyc02g071800.3.1,Solyc02g030300.3.1,Solyc09g015230.1.1,Solyc02g079640.3.1,Solyc01g007960.3.1,Solyc07g066550.4.1,Solyc02g079710.4.1,Solyc04g077360.3.1,Solyc02g089900.1.1,Solyc07g063700.2.1,Solyc02g067780.3.1,Solyc02g065520.1.1,Solyc10g006710.4.1,Solyc02g094580.3.1,Solyc01g094830.4.1,Solyc07g063750.3.1,Solyc03g112730.4.1,Solyc07g053100.4.1,Solyc04g045600.4.1,Solyc02g068660.3.1,Solyc07g007020.3.1,Solyc11g072140.3.1,Solyc01g007970.2.1,Solyc07g053080.4.1,Solyc07g009440.2.1,Solyc02g079530.4.1,Solyc09g083210.3.1,Solyc05g005070.2.1,Solyc02g079690.1.1,Solyc05g018930.1.1,Solyc02g079540.2.1,Solyc02g094010.2.1,Solyc04g077300.3.1,Solyc07g009443.1.1,Solyc10g005440.3.1,Solyc03g006720.1.1,Solyc02g071860.4.1,Solyc02g030380.3.1,Solyc04g077390.3.1,Solyc02g089920.1.1,Solyc09g018490.4.1,Solyc01g007980.4.1,Solyc10g006720.4.1,Solyc09g083200.4.1,Solyc12g014350.3.1,Solyc03g006780.2.1,Solyc02g079590.3.1,Solyc03g117180.3.1,Solyc02g079620.3.1,Solyc04g077270.4.1,Solyc04g058110.3.1,Solyc07g063710.2.1,Solyc04g008400.1.1,Solyc02g071870.4.1,Solyc09g014740.3.1,Solyc04g008370.3.1,Solyc07g063800.2.1,Solyc09g014710.4.1,Solyc11g069630.1.1	SLYcer07g00674.1,SLYcer01g06959.1,SLYcer07g05413.1,SLYcer11g03007.1,SLYcer02g05796.1,SLYcer02g04360.1,SLYcer12g00858.1,SLYcer04g00468.1,SLYcer02g04359.1,SLYcer01g00442.1,SLYcer03g03052.1,SLYcer07g04814.1,SLYcer04g00466.1,SLYcer02g02441.1,SLYcer02g03992.1,SLYcer02g05402.1,SLYcer07g05410.1,SLYcer07g05416.1,SLYcer07g00682.1,SLYcer02g05069.1,SLYcer10g05108.1,SLYcer07g05411.1,SLYcer02g03410.1,SLYcer07g00685.1,SLYcer02g03655.1,SLYcer04g05337.1,SLYcer02g04355.1,SLYcer02g04358.1,SLYcer02g02459.1,SLYcer09g01695.1,SLYcer04g05335.1,SLYcer10g00403.1,SLYcer05g01642.1,SLYcer03g05219.1,SLYcer03g04913.1,SLYcer07g04818.1,SLYcer03g00259.1,SLYcer04g05351.1,SLYcer07g05414.1,SLYcer02g03989.1,SLYcer04g05344.1,SLYcer02g03988.1,SLYcer09g01259.1,SLYcer10g00268.1,SLYcer07g00679.1,SLYcer12g00312.1,SLYcer09g01258.1,SLYcer04g04320.1,SLYcer04g05334.1,SLYcer05g01627.1,SLYcer04g05347.1,SLYcer04g05339.1,SLYcer07g00340.1,SLYcer09g01365.1,SLYcer11g03955.1,SLYcer02g03563.1,SLYcer06g03936.1,SLYcer10g00400.1,SLYcer09g04840.1,SLYcer02g04362.1,SLYcer11g04108.1,SLYcer05g00095.1,SLYcer04g05346.1,SLYcer07g00681.1,SLYcer09g01263.1,SLYcer10g00402.1,SLYcer03g00260.1,SLYcer04g05348.1,SLYcer03g00261.1,SLYcer07g00684.1,SLYcer02g03982.1,SLYcer02g03983.1,SLYcer09g00206.1,SLYcer04g05333.1,SLYcer07g05093.1,SLYcer04g05353.1,SLYcer12g04727.1,SLYcer02g04357.1,SLYcer04g05341.1,SLYcer05g01929.1,SLYcer04g05352.1,SLYcer02g01418.1,SLYcer04g05350.1,SLYcer04g05342.1,SLYcer07g05693.1,SLYcer09g01085.1,SLYcer12g00112.1,SLYcer07g05415.1	Capang04g000706,Capang07g002276,Capang02g001911,Capang08g001005,Capang02g002892,Capang02g000909,Capang00g000836,Capang02g000172,Capang04g002367,Capang04g000705,Capang00g005408,Capang10g001139,Capang10g000038,Capang11g000274,Capang07g002458,Capang02g001514,Capang07g002273,Capang12g001881,Capang02g001510,Capang04g000699,Capang03g003547,Capang04g002250,Capang05g001653,Capang04g000708,Capang02g003351,Capang02g003247,Capang04g002232,Capang08g000054,Capang11g000059,Capang03g004377,Capang04g000396,Capang00g002665,Capang04g002243,Capang04g002364,Capang03g000464,Capang10g000426,Capang07g001721,Capang04g000701,Capang01g002861,Capang02g001506,Capang07g001567,Capang02g001513,Capang07g000277,Capang02g003114,Capang07g001569,Capang00g000792,Capang02g000165,Capang04g002360,Capang07g001590,Capang02g001507,Capang05g001652,Capang02g000164,Capang00g001442,Capang11g000495,Capang10g001138,Capang02g000708,Capang05g000655,Capang07g002274,Capang09g000392,Capang02g003249,Capang01g003530,Capang09g000693,Capang05g000661,Capang02g003407,Capang06g001611,Capang09g001408,Capang05g000662,Capang11g001243,Capang02g000013,Capang06g001840,Capang02g001908,Capang07g001570,Capang10g000041,Capang07g000275
OG27637	869	7	Capana04g002729,Capana04g001474,Capana04g002743,Capana00g002569,Capana00g001762,Capana04g002539,Capana10g001021,Capana00g001756,Capana04g002447,Capana02g000536,Capana04g002633,Capana04g002488,Capana06g001643,Capana00g002193,Capana00g000173,Capana04g002456,Capana10g000291,Capana04g002427,Capana07g001827,Capana05g000765,Capana02g003086,Capana00g002532,Capana04g002477,Capana04g002775,Capana00g002418,Capana00g002698,Capana03g001866,Capana03g000553,Capana00g003436,Capana04g002484,Capana00g002285,Capana02g001224,Capana00g002706,Capana00g003454,Capana06g002638,Capana00g002168,Capana00g001161,Capana04g002786,Capana04g002728,Capana07g000273,Capana07g000577,Capana04g002727,Capana03g003382,Capana07g000959,Capana04g002662,Capana06g002392,Capana04g002724,Capana04g002705,Capana04g002452,Capana06g002526,Capana04g002630,Capana05g000251,Capana00g004660,Capana04g002781,Capana06g001186,Capana04g002707,Capana03g002137,Capana04g002802,Capana04g002796,Capana04g002667,Capana04g002745,Capana04g002634,Capana04g002449,Capana04g002458,Capana07g002296,Capana00g002676,Capana04g002430,Capana00g002172,Capana04g002720,Capana07g001402,Capana05g000263,Capana00g002244,Capana01g003922,Capana04g002721,Capana06g001641,Capana01g002810,Capana01g000852,Capana04g002454,Capana04g002538,Capana03g000745,Capana07g000850,Capana10g000302,Capana02g001712,Capana06g002907,Capana04g002461,Capana02g001233,Capana05g000254,Capana04g002418,Capana04g001586,Capana04g002789,Capana03g003990,Capana06g002655,Capana04g002741,Capana00g002697,Capana03g004629,Capana10g000277,Capana02g001763,Capana09g000288,Capana04g002636,Capana05g000278,Capana05g000258,Capana04g002489,Capana04g002463,Capana02g002841,Capana05g000252,Capana04g002637,Capana00g002680,Capana04g002486,Capana00g000002,Capana05g000270,Capana04g002660,Capana04g002681,Capana02g003087,Capana04g002364,Capana04g002661,Capana04g002451,Capana08g001798,Capana04g002432,Capana03g001878,Capana07g000049,Capana04g002703,Capana00g001376,Capana06g001638,Capana04g002420,Capana09g000844,Capana04g002670,Capana05g000248,Capana00g002533,Capana04g002471,Capana04g002467,Capana00g002146,Capana00g002144,Capana04g002638,Capana04g002718,Capana06g002933,Capana02g001243,Capana04g002780,Capana07g001392,Capana02g001700,Capana12g001561,Capana03g002664,Capana06g001625,Capana04g002315,Capana12g000093,Capana04g002790,Capana12g000972,Capana07g002293,Capana02g000687,Capana04g002466,Capana05g000274,Capana02g001244,Capana00g002578,Capana04g002715,Capana03g002099,Capana00g002167,Capana00g001564,Capana04g002744,Capana04g002453,Capana04g002635,Capana03g001863,Capana06g002766,Capana06g001636,Capana04g002685,Capana00g002534,Capana04g002455,Capana09g001108,Capana01g001038,Capana04g002776,Capana03g001864,Capana04g002792,Capana04g002478,Capana02g001229,Capana01g004419,Capana05g000272,Capana03g001983,Capana01g001036,Capana10g001950,Capana04g002747,Capana00g000721,Capana00g001899,Capana04g002774,Capana06g002633,Capana00g001524,Capana00g002015,Capana06g002035,Capana07g002268,Capana04g002366,Capana10g000305,Capana03g002733,Capana02g000768,Capana12g002705,Capana06g002637,Capana00g001098,Capana00g004233,Capana05g000253,Capana00g001092,Capana02g003085,Capana00g002554,Capana04g002704,Capana04g002435,Capana00g002598,Capana00g001259,Capana06g001043,Capana06g002934,Capana04g002795,Capana00g001166,Capana06g002935,Capana08g000322,Capana00g000564,Capana00g002416,Capana04g002779,Capana02g001764,Capana00g002679,Capana04g002672,Capana05g000273,Capana04g002465	PGSC0003DMP400024363,PGSC0003DMP400024593,PGSC0003DMP400000598,PGSC0003DMP400021042,PGSC0003DMP400027728,PGSC0003DMP400045369,PGSC0003DMP400005852,PGSC0003DMP400009335,PGSC0003DMP400045363,PGSC0003DMP400036233,PGSC0003DMP400021051,PGSC0003DMP400024472,PGSC0003DMP400060295,PGSC0003DMP400026415,PGSC0003DMP400038071,PGSC0003DMP400024590,PGSC0003DMP400018385,PGSC0003DMP400030206,PGSC0003DMP400014715,PGSC0003DMP400050133,PGSC0003DMP400060362,PGSC0003DMP400032842,PGSC0003DMP400021052,PGSC0003DMP400018025,PGSC0003DMP400049469,PGSC0003DMP400040291,PGSC0003DMP400044425,PGSC0003DMP400040765,PGSC0003DMP400041196,PGSC0003DMP400001925,PGSC0003DMP400056635,PGSC0003DMP400049476,PGSC0003DMP400052146,PGSC0003DMP400045282,PGSC0003DMP400056502,PGSC0003DMP400033117,PGSC0003DMP400034747,PGSC0003DMP400015965,PGSC0003DMP400044175,PGSC0003DMP400045362,PGSC0003DMP400033119,PGSC0003DMP400043019,PGSC0003DMP400046471,PGSC0003DMP400024364,PGSC0003DMP400040899,PGSC0003DMP400026413,PGSC0003DMP400068815,PGSC0003DMP400012846,PGSC0003DMP400036232,PGSC0003DMP400044424,PGSC0003DMP400036470,PGSC0003DMP400027985,PGSC0003DMP400042151,PGSC0003DMP400012847,PGSC0003DMP400068564,PGSC0003DMP400051511,PGSC0003DMP400016390,PGSC0003DMP400016455,PGSC0003DMP400063696,PGSC0003DMP400018243,PGSC0003DMP400048685,PGSC0003DMP400021055,PGSC0003DMP400024357,PGSC0003DMP400026063,PGSC0003DMP400021777,PGSC0003DMP400042232,PGSC0003DMP400065292,PGSC0003DMP400041077,PGSC0003DMP400062250,PGSC0003DMP400026864,PGSC0003DMP400024358,PGSC0003DMP400043020,PGSC0003DMP400023871,PGSC0003DMP400043252,PGSC0003DMP400035528,PGSC0003DMP400019323,PGSC0003DMP400019345,PGSC0003DMP400063479,PGSC0003DMP400027987,PGSC0003DMP400047972,PGSC0003DMP400040900,PGSC0003DMP400053977,PGSC0003DMP400044423,PGSC0003DMP400021386,PGSC0003DMP400025003,PGSC0003DMP400040817,PGSC0003DMP400033728,PGSC0003DMP400040898,PGSC0003DMP400062328,PGSC0003DMP400027986,PGSC0003DMP400007205,PGSC0003DMP400045331,PGSC0003DMP400062651,PGSC0003DMP400034252,PGSC0003DMP400015940,PGSC0003DMP400040767,PGSC0003DMP400034579,PGSC0003DMP400034253,PGSC0003DMP400036215,PGSC0003DMP400050128,PGSC0003DMP400064862,PGSC0003DMP400045913,PGSC0003DMP400030205,PGSC0003DMP400058554,PGSC0003DMP400064081,PGSC0003DMP400000608,PGSC0003DMP400053279,PGSC0003DMP400010693,PGSC0003DMP400016391,PGSC0003DMP400024361,PGSC0003DMP400023237,PGSC0003DMP400037359,PGSC0003DMP400012848,PGSC0003DMP400009334,PGSC0003DMP400067876,PGSC0003DMP400056168,PGSC0003DMP400053277,PGSC0003DMP400046363,PGSC0003DMP400023341,PGSC0003DMP400051445,PGSC0003DMP400001889,PGSC0003DMP400041757,PGSC0003DMP400031433,PGSC0003DMP400040768,PGSC0003DMP400024592,PGSC0003DMP400033107,PGSC0003DMP400050917,PGSC0003DMP400035533,PGSC0003DMP400037781,PGSC0003DMP400064733,PGSC0003DMP400024362,PGSC0003DMP400060608,PGSC0003DMP400024594,PGSC0003DMP400041759,PGSC0003DMP400053278,PGSC0003DMP400024589,PGSC0003DMP400041758,PGSC0003DMP400015966,PGSC0003DMP400026412,PGSC0003DMP400025091,PGSC0003DMP400029865,PGSC0003DMP400035535,PGSC0003DMP400048390,PGSC0003DMP400026494,PGSC0003DMP400015471,PGSC0003DMP400045271,PGSC0003DMP400045272,PGSC0003DMP400026483,PGSC0003DMP400052731,PGSC0003DMP400047096,PGSC0003DMP400050918,PGSC0003DMP400068568,PGSC0003DMP400064231,PGSC0003DMP400024360,PGSC0003DMP400019347,PGSC0003DMP400026414,PGSC0003DMP400034724,PGSC0003DMP400007207,PGSC0003DMP400048397,PGSC0003DMP400062157,PGSC0003DMP400051585,PGSC0003DMP400013465,PGSC0003DMP400058878,PGSC0003DMP400065902,PGSC0003DMP400041756,PGSC0003DMP400007206,PGSC0003DMP400023870,PGSC0003DMP400021054,PGSC0003DMP400035555,PGSC0003DMP400034405,PGSC0003DMP400050129,PGSC0003DMP400040856,PGSC0003DMP400045281,PGSC0003DMP400029864	Sopen08g018850.1,Sopen08g030230.1,Sopen06g024620.1,Sopen12g004360.1,Sopen12g004310.1,Sopen01g046460.1,Sopen12g019830.1,Sopen01g041560.1,Sopen03g038110.1,Sopen02g014260.1,Sopen02g035800.2,Sopen07g025470.1,Sopen04g006300.2,Sopen03g040590.1,Sopen03g002110.1,Sopen06g014730.2,Sopen07g025510.1,Sopen12g019910.1,Sopen07g025520.1,Sopen06g026270.2,Sopen04g031750.1,Sopen04g014290.1,Sopen06g020810.1,Sopen04g026530.2,Sopen03g003440.1,Sopen09g025010.1,Sopen07g027100.3,Sopen03g038030.2,Sopen02g021680.1,Sopen08g022720.1,Sopen02g015020.1,Sopen02g014990.1,Sopen08g025080.1,Sopen10g033090.1,Sopen06g020910.1,Sopen06g014980.1,Sopen02g035630.1,Sopen00g012910.1,Sopen07g027100.2,Sopen03g002100.1,Sopen07g025490.1,Sopen06g012000.1,Sopen08g022740.1,Sopen03g025480.1,Sopen06g014730.1,Sopen06g024000.1,Sopen10g025090.1,Sopen06g026270.1,Sopen01g045660.1,Sopen03g024290.1,Sopen07g024340.1,Sopen06g024180.2,Sopen03g038030.1,Sopen09g026710.1,Sopen10g006190.1,Sopen02g035800.1,Sopen04g006300.1,Sopen07g025460.1,Sopen04g026530.1,Sopen10g034580.1,Sopen07g027100.1,Sopen12g019820.1,Sopen01g030990.1,Sopen04g030230.1,Sopen02g035620.1,Sopen12g008540.1,Sopen03g038030.3,Sopen02g015110.1,Sopen06g021830.1,Sopen01g030990.2,Sopen02g021400.1,Sopen06g001850.1,Sopen11g010560.1,Sopen12g005730.1,Sopen02g035640.1,Sopen02g015040.1,Sopen03g036550.1	SPI07g05397.1,SPI02g02931.1,SPI02g02222.1,SPI07g00732.1,SPI12g01013.1,SPI02g02942.1,SPI01g06341.1,SPI12g01016.1,SPI03g05169.1,SPI07g01171.1,SPI12g03701.1,SPI10g03272.1,SPI09g03543.1,SPI06g04136.1,SPI09g03546.1,SPI08g05227.1,SPI04g00981.1,SPI04g00975.1,SPI06g00160.1,SPI06g00193.1,SPI02g02223.1,SPI06g04128.1,SPI02g02218.1,SPI12g01022.1,SPI04g00992.1,SPI12g01138.1,SPI10g04195.1,SPI03g05437.1,SPI03g05012.1,SPI07g04923.1,SPI02g02968.1,SPI02g02217.1,SPI06g03820.1,SPI10g01778.1,SPI08g04780.1,SPI10g03274.1,SPI12g01135.1,SPI07g05402.1,SPI06g04175.1,SPI02g02940.1,SPI01g07511.1,SPI04g00976.1,SPI03g05083.1,SPI02g01466.1,SPI02g04435.1,SPI06g00157.1,SPI11g01391.1,SPI08g05753.1,SPI12g00168.1,SPI12g00528.1,SPI04g00993.1,SPI07g05396.1,SPI06g04394.1,SPI02g04422.1,SPI10g03591.1,SPI02g02224.1,SPI04g00794.1,SPI08g06319.1,SPI06g00149.1,SPI04g00861.1,SPI01g05838.1,SPI01g05988.1,SPI06g03120.1,SPI04g00994.1,SPI06g04139.1,SPI12g01128.1,SPI02g02225.1,SPI07g05401.1,SPI10g04354.1,SPI07g00883.1,SPI06g03094.1,SPI03g00562.1,SPI03g03770.1,SPI03g03591.1,SPI02g02221.1,SPI04g00973.1,SPI08g05230.1,SPI12g01127.1,SPI12g01018.1,SPI09g03371.1,SPI04g00974.1,SPI06g04177.1,SPI02g04421.1,SPI12g00526.1,SPI02g02575.1,SPI04g05266.1,SPI01g08019.1,SPI04g04026.1,SPI02g02233.1	Solyc06g065660.1.1,Solyc01g079210.3.1,Solyc10g055280.1.1,Solyc04g064590.3.1,Solyc02g021670.2.1,Solyc02g091160.4.1,Solyc08g075620.3.1,Solyc12g017740.1.1,Solyc07g051860.1.1,Solyc08g069090.1.1,Solyc02g076780.3.1,Solyc04g014883.1.1,Solyc12g016020.3.1,Solyc06g048560.2.1,Solyc01g014690.2.1,Solyc06g065750.1.1,Solyc02g068880.2.1,Solyc12g016040.3.1,Solyc03g093460.3.1,Solyc12g016120.3.1,Solyc03g007485.1.1,Solyc12g009370.3.1,Solyc02g090980.1.1,Solyc01g097980.3.1,Solyc02g064980.1.1,Solyc10g085110.3.1,Solyc07g051930.3.1,Solyc11g020270.1.1,Solyc07g051920.1.1,Solyc04g015000.2.1,Solyc07g055130.4.1,Solyc06g068980.4.1,Solyc07g051880.1.1,Solyc02g079670.1.1,Solyc12g040395.1.1,Solyc09g064950.1.1,Solyc12g017770.1.1,Solyc01g103240.4.1,Solyc01g104050.4.1,Solyc07g047910.2.1,Solyc09g061930.4.1,Solyc08g081940.3.1,Solyc02g064880.1.1,Solyc02g090990.1.1,Solyc02g064890.1.1,Solyc03g119140.4.1,Solyc04g014645.1.1,Solyc08g069070.3.1,Solyc06g060680.2.1,Solyc03g121780.1.1,Solyc07g063760.1.1,Solyc12g005360.3.1,Solyc06g060690.3.1,Solyc02g090970.1.1,Solyc10g045610.1.1,Solyc06g065790.1.1,Solyc04g012185.1.1,Solyc02g064920.1.1,Solyc08g076490.2.1,Solyc08g080457.1.1,Solyc10g083610.2.1,Solyc03g117640.1.1,Solyc07g051870.1.1,Solyc07g051890.1.1,Solyc02g064870.1.1,Solyc04g014887.1.1,Solyc03g118330.3.1,Solyc10g012140.2.1,Solyc12g017760.2.1,Solyc02g091170.4.1,Solyc05g013290.2.1,Solyc01g067320.1.1,Solyc06g066130.1.1,Solyc06g006017.1.1,Solyc12g017710.1.1,Solyc06g005880.4.1,Solyc10g055310.1.1,Solyc12g040365.1.1,Solyc12g013970.3.1,Solyc03g095490.3.1,Solyc02g064930.1.1	SLYcer04g00978.1,SLYcer09g03472.1,SLYcer08g05780.1,SLYcer02g03677.1,SLYcer06g00372.1,SLYcer07g04687.1,SLYcer06g04317.1,SLYcer12g01074.1,SLYcer12g01084.1,SLYcer03g05025.1,SLYcer02g02071.1,SLYcer08g05341.1,SLYcer02g03338.1,SLYcer04g04398.1,SLYcer12g00960.1,SLYcer06g00374.1,SLYcer02g03674.1,SLYcer04g01186.1,SLYcer02g03339.1,SLYcer03g05109.1,SLYcer07g04249.1,SLYcer01g06045.1,SLYcer12g03746.1,SLYcer07g04685.1,SLYcer03g03696.1,SLYcer06g03191.1,SLYcer02g05515.1,SLYcer09g03646.1,SLYcer06g04274.1,SLYcer12g00963.1,SLYcer12g00970.1,SLYcer03g03516.1,SLYcer08g05866.1,SLYcer08g04881.1,SLYcer10g05666.1,SLYcer04g00976.1,SLYcer04g01124.1,SLYcer01g07325.1,SLYcer06g03947.1,SLYcer06g04265.1,SLYcer08g05338.1,SLYcer11g01264.1,SLYcer04g01252.1,SLYcer10g05821.1,SLYcer03g00183.1,SLYcer06g00383.1,SLYcer09g03649.1,SLYcer07g01152.1,SLYcer02g03340.1,SLYcer12g01083.1,SLYcer04g01249.1,SLYcer07g00701.1,SLYcer01g07243.1,SLYcer08g06406.1,SLYcer02g05496.1,SLYcer03g05399.1,SLYcer11g03610.1,SLYcer06g03051.1,SLYcer03g04956.1,SLYcer02g04074.1,SLYcer04g00979.1,SLYcer12g01080.1,SLYcer12g00122.1,SLYcer06g04535.1,SLYcer07g04681.1,SLYcer10g04777.1,SLYcer12g00974.1,SLYcer06g00415.1,SLYcer10g04775.1,SLYcer04g02099.1,SLYcer06g04277.1,SLYcer06g03218.1,SLYcer06g04319.1,SLYcer04g02093.1,SLYcer03g00342.1,SLYcer01g07759.1,SLYcer02g03348.1,SLYcer04g01260.1,SLYcer04g00985.1,SLYcer12g00497.1,SLYcer02g03333.1,SLYcer02g03332.1,SLYcer02g03337.1,SLYcer12g00965.1,SLYcer04g01251.1,SLYcer02g05497.1,SLYcer06g00375.1,SLYcer07g00855.1,SLYcer04g01259.1,SLYcer10g04590.1,SLYcer01g05664.1,SLYcer04g01258.1,SLYcer01g05806.1,SLYcer02g03336.1	Capang01g001081,Capang04g002343,Capang00g002639,Capang00g004170,Capang01g003917,Capang05g000623,Capang04g002203,Capang07g001963,Capang03g001470,Capang00g004119,Capang07g000698,Capang02g002927,Capang00g000875,Capang11g001544,Capang06g001553,Capang00g004764,Capang00g001287,Capang04g002154,Capang00g005376,Capang00g004747,Capang04g002198,Capang00g003945,Capang02g001103,Capang02g001571,Capang12g002344,Capang07g001424,Capang07g000601,Capang01g000968,Capang00g004184,Capang02g001077,Capang04g002200,Capang00g005179,Capang02g002567,Capang01g002935,Capang07g001422,Capang07g001433,Capang00g004538,Capang12g001329,Capang01g001086,Capang02g002796,Capang00g001692,Capang00g000805,Capang04g002202,Capang02g000933,Capang03g003944,Capang06g001537,Capang03g002635,Capang00g004986,Capang12g000433,Capang02g002794,Capang07g002291,Capang06g002679,Capang10g001715,Capang05g000652,Capang10g000855,Capang00g000797,Capang09g000862,Capang04g002091,Capang00g002005,Capang03g002020,Capang00g004407,Capang03g003313,Capang04g002310,Capang00g002239,Capang00g005391,Capang01g004473,Capang04g002199,Capang06g001555,Capang04g002315,Capang00g004923,Capang02g001538,Capang00g000690,Capang05g000597,Capang03g003921,Capang02g002795,Capang07g001423,Capang00g004674,Capang03g002185,Capang03g001981,Capang04g002160,Capang00g004756,Capang10g000183,Capang07g001901,Capang06g001550,Capang07g000578,Capang00g000029,Capang07g001828,Capang01g004372,Capang09g001472,Capang04g002155,Capang07g001412,Capang04g002168,Capang06g002696,Capang00g001228,Capang00g003220,Capang02g001570,Capang04g002340,Capang01g002482,Capang04g002153,Capang00g003546,Capang06g001549,Capang02g000603,Capang10g000212,Capang07g001435,Capang00g000327,Capang08g000980,Capang00g002579,Capang01g001505,Capang00g000375,Capang10g001738,Capang04g001970,Capang04g002162,Capang01g001389,Capang09g000586,Capang03g002564,Capang03g001789,Capang04g002197,Capang04g001488,Capang09g000815,Capang02g000698,Capang04g001378,Capang09g000382,Capang06g000990,Capang00g004799,Capang05g001612,Capang12g001300,Capang04g002397,Capang04g002333,Capang10g000200,Capang02g000688,Capang04g002395,Capang06g002211,Capang04g002293,Capang04g001518,Capang02g000478,Capang00g003222,Capang01g001548,Capang00g000766
OG27638	903	7	Capana02g001899,Capana00g001882,Capana02g001900,Capana02g003097,Capana06g000481,Capana01g004448,Capana05g000206,Capana08g001183,Capana04g000577,Capana01g004444,Capana01g003506,Capana07g001714,Capana09g000250,Capana05g001948,Capana03g002389,Capana03g000629,Capana01g003505,Capana03g004500,Capana08g002389,Capana01g003507,Capana03g000560,Capana06g002553,Capana00g002230,Capana01g004445,Capana10g000499,Capana10g002437,Capana12g001343,Capana10g001776,Capana01g003705,Capana03g002392,Capana12g001883,Capana09g002352,Capana06g001094,Capana04g002650,Capana02g001897,Capana10g001789,Capana01g003496,Capana03g002059,Capana00g001546,Capana10g001958,Capana03g000500,Capana02g003060,Capana01g003492,Capana04g001206,Capana07g002313,Capana05g001729,Capana01g000160,Capana01g000591,Capana01g003464,Capana12g002726,Capana04g000283,Capana01g003495,Capana08g000576,Capana00g004363,Capana08g000001,Capana05g001949,Capana05g001616,Capana06g001264,Capana10g001022,Capana03g003313,Capana01g000331,Capana03g004499,Capana02g000700,Capana10g000161,Capana09g001880,Capana05g001701,Capana12g002081,Capana12g001159,Capana01g003504,Capana03g004524,Capana01g003502,Capana06g000269,Capana01g000589,Capana01g004446,Capana01g004449,Capana02g003062,Capana02g001907,Capana05g002386,Capana01g001775,Capana05g001951,Capana09g000595,Capana05g001638,Capana01g001795,Capana01g001776,Capana00g004506,Capana04g002841,Capana00g002530,Capana02g001851,Capana09g000023,Capana02g001850,Capana11g000645,Capana03g002388,Capana00g002529,Capana04g002842,Capana00g001366,Capana01g003503,Capana04g002651,Capana02g000496,Capana07g001365,Capana09g000596,Capana11g002196,Capana09g000106,Capana02g001903,Capana02g001898,Capana04g001803,Capana04g002188,Capana03g000268,Capana03g000438,Capana05g001791,Capana04g000712,Capana04g002719,Capana01g004447,Capana03g003309,Capana11g000561	PGSC0003DMP400034226,PGSC0003DMP400019514,PGSC0003DMP400039575,PGSC0003DMP400063022,PGSC0003DMP400007178,PGSC0003DMP400039349,PGSC0003DMP400063967,PGSC0003DMP400037141,PGSC0003DMP400012481,PGSC0003DMP400022715,PGSC0003DMP400011666,PGSC0003DMP400022160,PGSC0003DMP400025209,PGSC0003DMP400045201,PGSC0003DMP400016172,PGSC0003DMP400030113,PGSC0003DMP400018171,PGSC0003DMP400012445,PGSC0003DMP400060482,PGSC0003DMP400024338,PGSC0003DMP400059420,PGSC0003DMP400051760,PGSC0003DMP400031469,PGSC0003DMP400060470,PGSC0003DMP400028007,PGSC0003DMP400044038,PGSC0003DMP400058665,PGSC0003DMP400003986,PGSC0003DMP400022714,PGSC0003DMP400021367,PGSC0003DMP400027846,PGSC0003DMP400044183,PGSC0003DMP400007179,PGSC0003DMP400042225,PGSC0003DMP400008562,PGSC0003DMP400058804,PGSC0003DMP400024505,PGSC0003DMP400068776,PGSC0003DMP400038647,PGSC0003DMP400056687,PGSC0003DMP400019034,PGSC0003DMP400065905,PGSC0003DMP400049990,PGSC0003DMP400006122,PGSC0003DMP400001263,PGSC0003DMP400004193,PGSC0003DMP400045166,PGSC0003DMP400023385,PGSC0003DMP400045082,PGSC0003DMP400024337,PGSC0003DMP400067023,PGSC0003DMP400008014,PGSC0003DMP400007575,PGSC0003DMP400013982,PGSC0003DMP400045084,PGSC0003DMP400019511,PGSC0003DMP400024894,PGSC0003DMP400023722,PGSC0003DMP400040280,PGSC0003DMP400039350,PGSC0003DMP400024075,PGSC0003DMP400021290,PGSC0003DMP400040865,PGSC0003DMP400053030,PGSC0003DMP400043872,PGSC0003DMP400025705,PGSC0003DMP400011492,PGSC0003DMP400028905,PGSC0003DMP400019030,PGSC0003DMP400008564,PGSC0003DMP400024296,PGSC0003DMP400029930,PGSC0003DMP400028293,PGSC0003DMP400007140,PGSC0003DMP400014495,PGSC0003DMP400022109,PGSC0003DMP400024506,PGSC0003DMP400014476,PGSC0003DMP400062677,PGSC0003DMP400062150,PGSC0003DMP400007139,PGSC0003DMP400028008,PGSC0003DMP400018962,PGSC0003DMP400025207,PGSC0003DMP400061053,PGSC0003DMP400024969,PGSC0003DMP400052622,PGSC0003DMP400007988,PGSC0003DMP400025208,PGSC0003DMP400007137,PGSC0003DMP400019035,PGSC0003DMP400023446,PGSC0003DMP400050389,PGSC0003DMP400044184,PGSC0003DMP400038028,PGSC0003DMP400044718,PGSC0003DMP400025665,PGSC0003DMP400054524,PGSC0003DMP400023448,PGSC0003DMP400008563,PGSC0003DMP400025075,PGSC0003DMP400004788,PGSC0003DMP400023799,PGSC0003DMP400030111,PGSC0003DMP400059547,PGSC0003DMP400067146,PGSC0003DMP400025710,PGSC0003DMP400021291,PGSC0003DMP400021292,PGSC0003DMP400042590,PGSC0003DMP400058597,PGSC0003DMP400014496,PGSC0003DMP400058670,PGSC0003DMP400025076,PGSC0003DMP400011664,PGSC0003DMP400062960,PGSC0003DMP400061036,PGSC0003DMP400024835,PGSC0003DMP400045198,PGSC0003DMP400011665,PGSC0003DMP400008747,PGSC0003DMP400000207,PGSC0003DMP400032373,PGSC0003DMP400025709,PGSC0003DMP400058211,PGSC0003DMP400062358,PGSC0003DMP400063555,PGSC0003DMP400023447,PGSC0003DMP400004686,PGSC0003DMP400005210,PGSC0003DMP400058489,PGSC0003DMP400011494,PGSC0003DMP400025392,PGSC0003DMP400028294,PGSC0003DMP400056561,PGSC0003DMP400058856,PGSC0003DMP400062326,PGSC0003DMP400028010,PGSC0003DMP400018957,PGSC0003DMP400024503,PGSC0003DMP400063149,PGSC0003DMP400018208,PGSC0003DMP400041013,PGSC0003DMP400019512,PGSC0003DMP400045200,PGSC0003DMP400060119,PGSC0003DMP400061732,PGSC0003DMP400019510,PGSC0003DMP400021293,PGSC0003DMP400044037,PGSC0003DMP400025666,PGSC0003DMP400014652,PGSC0003DMP400026844,PGSC0003DMP400007138,PGSC0003DMP400022161,PGSC0003DMP400044186,PGSC0003DMP400068750,PGSC0003DMP400000881,PGSC0003DMP400022162,PGSC0003DMP400069253,PGSC0003DMP400011493,PGSC0003DMP400001342,PGSC0003DMP400025206,PGSC0003DMP400028292,PGSC0003DMP400021294,PGSC0003DMP400045958,PGSC0003DMP400039351,PGSC0003DMP400056374,PGSC0003DMP400025210,PGSC0003DMP400022163,PGSC0003DMP400048524,PGSC0003DMP400050388,PGSC0003DMP400006612,PGSC0003DMP400015357,PGSC0003DMP400039459,PGSC0003DMP400000728,PGSC0003DMP400012451,PGSC0003DMP400046571,PGSC0003DMP400021526,PGSC0003DMP400048525,PGSC0003DMP400031126	Sopen11g006580.1,Sopen01g009300.1,Sopen05g004980.1,Sopen03g039660.1,Sopen02g022680.1,Sopen01g009430.1,Sopen04g021690.1,Sopen01g004960.1,Sopen07g007440.2,Sopen08g003770.1,Sopen04g034520.1,Sopen05g029570.1,Sopen03g035520.1,Sopen09g034850.1,Sopen10g002080.1,Sopen01g039250.1,Sopen08g020590.1,Sopen06g033990.1,Sopen02g037700.1,Sopen09g002130.2,Sopen05g029780.1,Sopen03g024430.1,Sopen03g005140.1,Sopen03g008400.2,Sopen01g004380.1,Sopen12g018690.1,Sopen12g021250.1,Sopen09g028040.1,Sopen09g002130.1,Sopen01g036100.1,Sopen08g028640.1,Sopen11g018670.1,Sopen08g003740.1,Sopen01g001650.1,Sopen12g001920.1,Sopen10g028030.1,Sopen12g022660.1,Sopen05g030580.1,Sopen03g001520.1,Sopen04g020090.1,Sopen06g017870.1,Sopen02g022690.1,Sopen01g036130.1,Sopen03g005150.1,Sopen07g027720.1,Sopen03g024400.1,Sopen11g005510.1,Sopen04g032240.1,Sopen10g031190.1,Sopen11g006590.1,Sopen06g011450.1,Sopen05g030590.1,Sopen08g003750.1,Sopen02g022260.1,Sopen03g036630.1,Sopen10g004890.1,Sopen12g004490.1,Sopen10g004900.1,Sopen03g033540.1,Sopen04g028490.1,Sopen08g026900.1,Sopen05g029310.1,Sopen06g031890.1,Sopen03g024350.1,Sopen03g041210.1,Sopen06g025830.1,Sopen03g002330.1,Sopen09g028070.1,Sopen03g005160.1,Sopen01g036120.1,Sopen08g003760.1,Sopen09g003970.1,Sopen01g021420.1,Sopen05g030600.1,Sopen12g029020.1,Sopen03g024410.1,Sopen07g007440.1,Sopen09g032860.1,Sopen03g001530.1,Sopen07g021830.1,Sopen11g030250.2,Sopen01g050460.1,Sopen10g033790.1,Sopen01g036090.1,Sopen06g018310.1,Sopen01g036330.1,Sopen03g036040.1,Sopen05g004990.1,Sopen08g026910.1,Sopen04g006680.1,Sopen11g030250.1,Sopen03g037110.1,Sopen06g031890.2,Sopen02g035430.1,Sopen11g005520.1,Sopen03g024370.1,Sopen09g028060.1,Sopen11g006570.1,Sopen09g002150.1,Sopen02g035420.1,Sopen10g029240.1,Sopen04g031090.1,Sopen02g037720.1,Sopen02g015090.1,Sopen03g008400.3,Sopen10g022610.1,Sopen07g033090.1,Sopen02g022270.1,Sopen12g005500.1,Sopen07g024840.1,Sopen10g022600.1,Sopen12g003310.1,Sopen03g003410.1,Sopen02g022700.1,Sopen03g008400.1,Sopen10g008890.1,Sopen02g035400.1,Sopen11g018710.1,Sopen09g032850.1,Sopen06g024810.1,Sopen10g033030.1	SPI04g04969.1,SPI11g00848.1,SPI03g03603.1,SPI10g00530.1,SPI01g01904.1,SPI01g06951.1,SPI01g00769.1,SPI08g05964.1,SPI10g03709.1,SPI01g01919.1,SPI12g04102.1,SPI04g03429.1,SPI05g00604.1,SPI08g00475.1,SPI02g03076.1,SPI03g04964.1,SPI02g03073.1,SPI09g04578.1,SPI11g02967.1,SPI10g00213.1,SPI01g02986.1,SPI02g02229.1,SPI05g00605.1,SPI02g04629.1,SPI03g04913.1,SPI08g00474.1,SPI01g02914.1,SPI06g04350.1,SPI03g05501.1,SPI03g03609.1,SPI01g01917.1,SPI03g05072.1,SPI01g01918.1,SPI09g03770.1,SPI11g00737.1,SPI12g03511.1,SPI02g04405.1,SPI03g05345.1,SPI09g04576.1,SPI03g01348.1,SPI02g03025.1,SPI08g00476.1,SPI07g05618.1,SPI10g03925.1,SPI01g04822.1,SPI03g03600.1,SPI04g05194.1,SPI09g04577.1,SPI07g06247.1,SPI11g00847.1,SPI02g04631.1,SPI01g00586.1,SPI01g00585.1,SPI05g04366.1,SPI01g00587.1,SPI05g04501.1,SPI03g03601.1,SPI09g03767.1,SPI09g00454.1,SPI01g07277.1,SPI01g01884.1,SPI05g04500.1,SPI05g00601.1,SPI01g01882.1,SPI02g03026.1,SPI11g04232.1,SPI12g03518.1,SPI06g05207.1,SPI01g08442.1,SPI06g03516.1,SPI04g00900.1,SPI03g00743.1,SPI06g04981.1,SPI01g01885.1,SPI01g02912.1,SPI04g02961.1,SPI06g02848.1,SPI07g04429.1,SPI01g01923.1,SPI12g03915.1,SPI10g01127.1,SPI03g00269.1,SPI01g06953.1,SPI12g04440.1,SPI04g04401.1,SPI10g04275.1,SPI03g00559.1,SPI01g06979.1,SPI01g01897.1,SPI04g03238.1,SPI09g04813.1,SPI12g00408.1,SPI11g00738.1,SPI12g00544.1,SPI01g06954.1,SPI10g04189.1,SPI05g04502.1,SPI01g06950.1,SPI02g03072.1,SPI09g03771.1,SPI03g00347.1,SPI05g04319.1,SPI03g00270.1,SPI01g01887.1,SPI07g05062.1,SPI01g00238.1,SPI03g05021.1,SPI02g03068.1,SPI07g01207.1,SPI06g04235.1,SPI01g02928.1,SPI01g01894.1,SPI10g02772.1,SPI08g04963.1,SPI09g00214.1,SPI08g06155.1,SPI04g04858.1,SPI11g02973.1,SPI05g04391.1,SPI02g04407.1	Solyc02g077840.2.1,Solyc08g080290.4.1,Solyc03g006320.1.1,Solyc03g117720.3.1,Solyc03g123430.4.1,Solyc11g011750.1.1,Solyc02g090800.1.1,Solyc06g066540.1.1,Solyc03g093560.1.1,Solyc12g009490.3.1,Solyc03g093540.1.1,Solyc09g066340.1.1,Solyc11g042560.1.1,Solyc05g052040.1.1,Solyc02g090770.1.1,Solyc03g120840.3.1,Solyc04g077490.3.1,Solyc01g090300.2.1,Solyc01g095500.3.1,Solyc02g077360.1.1,Solyc03g026280.3.1,Solyc01g009440.3.1,Solyc01g008890.4.1,Solyc12g056430.1.1,Solyc09g007260.4.1,Solyc01g090310.3.1,Solyc01g090560.4.1,Solyc05g051200.1.1,Solyc10g076380.2.1,Solyc02g077790.1.1,Solyc07g018290.4.1,Solyc11g011740.1.1,Solyc08g007835.1.1,Solyc06g035700.1.1,Solyc04g051360.3.1,Solyc04g049800.3.1,Solyc05g052050.1.1,Solyc10g080310.3.1,Solyc07g064890.1.1,Solyc01g090340.3.1,Solyc01g005630.3.1,Solyc11g072600.3.1,Solyc02g077810.1.1,Solyc01g008880.3.1,Solyc10g084340.2.1,Solyc03g116610.3.1,Solyc08g078420.2.1,Solyc09g089910.1.1,Solyc10g078610.1.1,Solyc03g026270.3.1,Solyc10g006130.1.1,Solyc03g118190.4.1,Solyc02g093150.3.1,Solyc04g072300.1.1,Solyc02g077820.1.1,Solyc08g066660.1.1,Solyc07g053740.1.1,Solyc10g083560.1.1,Solyc11g010710.2.1,Solyc04g080910.1.1,Solyc09g089930.3.1,Solyc09g066350.1.1,Solyc09g066360.1.1,Solyc10g050970.1.1,Solyc01g014720.3.1,Solyc12g008350.3.1,Solyc04g014530.1.1,Solyc08g007830.1.1,Solyc02g093130.3.1,Solyc12g005960.3.1,Solyc03g093550.1.1,Solyc03g044300.3.1,Solyc03g124110.2.1,Solyc07g049490.3.1,Solyc06g075510.4.1,Solyc05g009250.1.1,Solyc01g090370.3.1,Solyc05g050830.3.1,Solyc05g052030.1.1,Solyc08g078410.2.1,Solyc05g050790.3.1,Solyc03g005510.2.1,Solyc02g077370.1.1,Solyc06g082590.1.1,Solyc08g007840.3.1,Solyc01g090345.1.1,Solyc03g007460.3.1,Solyc09g091950.1.1,Solyc08g007820.1.1,Solyc06g068570.4.1,Solyc03g005500.1.1,Solyc12g038450.1.1,Solyc02g090790.1.1,Solyc10g009110.1.1,Solyc11g042580.1.1,Solyc12g042210.2.1,Solyc12g044390.3.1,Solyc07g042230.1.1,Solyc12g010490.3.1,Solyc06g051840.1.1,Solyc03g117130.3.1,Solyc09g089920.1.1,Solyc12g038440.1.1,Solyc01g108240.3.1,Solyc03g114440.1.1,Solyc10g080650.3.1,Solyc01g057080.1.1,Solyc04g078640.3.1,Solyc05g051380.4.1,Solyc02g064960.3.1,Solyc03g093610.1.1,Solyc09g009240.1.1,Solyc04g050750.2.1	SLYcer06g03557.1,SLYcer09g03849.1,SLYcer08g05072.1,SLYcer12g00517.1,SLYcer01g00551.1,SLYcer03g04857.1,SLYcer11g00696.1,SLYcer03g00521.1,SLYcer02g04179.1,SLYcer01g01802.1,SLYcer01g07028.1,SLYcer02g04131.1,SLYcer01g01823.1,SLYcer10g05224.1,SLYcer11g00697.1,SLYcer01g01841.1,SLYcer04g01171.1,SLYcer10g02570.1,SLYcer01g06698.1,SLYcer10g02469.1,SLYcer09g05136.1,SLYcer07g04893.1,SLYcer04g03709.1,SLYcer03g00208.1,SLYcer12g00377.1,SLYcer04g03508.1,SLYcer01g08219.1,SLYcer09g04919.1,SLYcer06g02840.1,SLYcer01g00216.1,SLYcer01g01814.1,SLYcer01g01837.1,SLYcer12g03528.1,SLYcer08g06249.1,SLYcer03g05013.1,SLYcer11g04162.1,SLYcer01g02894.1,SLYcer01g06701.1,SLYcer03g00339.1,SLYcer07g01183.1,SLYcer10g05439.1,SLYcer02g05481.1,SLYcer01g01804.1,SLYcer10g02467.1,SLYcer07g03709.1,SLYcer01g01836.1,SLYcer02g05483.1,SLYcer03g01138.1,SLYcer03g00125.1,SLYcer01g01806.1,SLYcer08g06067.1,SLYcer02g04175.1,SLYcer02g03345.1,SLYcer02g04183.1,SLYcer03g03534.1,SLYcer03g03526.1,SLYcer02g04180.1,SLYcer08g00504.1,SLYcer09g00560.1,SLYcer10g02596.1,SLYcer01g00552.1,SLYcer01g01800.1,SLYcer06g04490.1,SLYcer10g04270.1,SLYcer06g04373.1,SLYcer10g00670.1,SLYcer08g00503.1,SLYcer06g05111.1,SLYcer11g02902.1,SLYcer01g06724.1,SLYcer03g04909.1,SLYcer08g06068.1,SLYcer01g01839.1,SLYcer10g05741.1,SLYcer01g01818.1,SLYcer09g04918.1,SLYcer09g03847.1,SLYcer06g05316.1,SLYcer01g02867.1,SLYcer08g00502.1,SLYcer03g05470.1,SLYcer01g02833.1,SLYcer03g00126.1,SLYcer04g05473.1,SLYcer03g04966.1,SLYcer01g04683.1,SLYcer10g02468.1,SLYcer01g06697.1,SLYcer05g02384.1,SLYcer01g06694.1,SLYcer01g00550.1,SLYcer01g06693.1,SLYcer04g05692.1,SLYcer07g04355.1,SLYcer11g00597.1,SLYcer12g00626.1,SLYcer06g03605.1,SLYcer04g05361.1,SLYcer11g02906.1,SLYcer10g04674.1,SLYcer05g00574.1,SLYcer10g02653.1,SLYcer10g05660.1,SLYcer07g05529.1,SLYcer09g00314.1,SLYcer01g00719.1,SLYcer02g04130.1,SLYcer02g05709.1,SLYcer01g06695.1,SLYcer03g03529.1,SLYcer09g03848.1,SLYcer12g03533.1,SLYcer02g05711.1,SLYcer12g03966.1,SLYcer04g04922.1,SLYcer09g04917.1,SLYcer03g05303.1,SLYcer12g04486.1,SLYcer04g03224.1,SLYcer05g00570.1	Capang10g001567,Capang08g000460,Capang09g000523,Capang08g000447,Capang05g000195,Capang03g004322,Capang00g002208,Capang10g001722,Capang01g000529,Capang03g002200,Capang05g001322,Capang05g001381,Capang03g004323,Capang09g000245,Capang03g000460,Capang12g001138,Capang11g000581,Capang04g000521,Capang04g001681,Capang02g001659,Capang02g001658,Capang09g000106,Capang02g000611,Capang01g001478,Capang08g001273,Capang08g000444,Capang08g000001,Capang04g002301,Capang03g000397,Capang04g002336,Capang12g001544,Capang04g002302,Capang02g000453,Capang00g003737,Capang04g002303,Capang01g004932,Capang06g002702,Capang06g001038,Capang04g002442,Capang04g002299,Capang06g002383,Capang03g003238,Capang11g000517,Capang03g003235,Capang00g002939,Capang02g001462,Capang03g000568,Capang03g003241,Capang03g001984,Capang10g000386,Capang03g002314,Capang00g000134,Capang01g001497,Capang01g000530,Capang06g001231,Capang08g001271,Capang12g001777,Capang01g000308,Capang04g002441,Capang02g002805,Capang00g005167,Capang06g001784,Capang08g000461,Capang03g000256,Capang03g004324,Capang06g000450,Capang01g003595,Capang04g000256,Capang06g000257,Capang07g001391,Capang00g002463,Capang02g002772,Capang09g001439,Capang03g000513,Capang02g001674,Capang02g001677,Capang10g001530,Capang02g001673,Capang08g000631,Capang11g001679,Capang04g001922,Capang08g000448,Capang02g000908,Capang05g001528,Capang08g000459,Capang10g002282,Capang00g004843,Capang10g000856,Capang00g004492,Capang01g003188,Capang12g002364,Capang00g000461,Capang05g001935,Capang11g001677,Capang08g000414,Capang07g001708,Capang05g001408,Capang03g002199,Capang08g001272,Capang00g000100,Capang02g001603,Capang11g002186,Capang04g001147,Capang03g002597,Capang03g004158,Capang11g001680,Capang08g000457,Capang08g000458,Capang00g000634,Capang03g002310,Capang00g002256,Capang04g000688,Capang06g002412,Capang02g001684,Capang00g002333,Capang11g001678,Capang08g001270,Capang00g003307,Capang04g002339,Capang03g002309,Capang09g000015,Capang03g000897,Capang07g002308,Capang12g000969,Capang01g001496,Capang05g001526,Capang02g002774,Capang09g001866,Capang05g001305,Capang10g002196,Capang09g001867,Capang08g000462,Capang10g001532,Capang02g001604
OG27639	985	7	Capana07g000364,Capana12g000671,Capana00g002804,Capana11g001496,Capana07g002225,Capana05g002410,Capana04g002611,Capana01g003696,Capana11g000536,Capana09g001109,Capana02g003523,Capana07g000022,Capana09g002176,Capana12g002723,Capana03g004390,Capana06g003045,Capana12g002725,Capana09g001828,Capana09g001867,Capana02g003266,Capana12g001270,Capana02g003264,Capana06g000478,Capana08g001720,Capana09g001782,Capana01g001021,Capana12g001471,Capana03g003473,Capana03g000243,Capana10g000593,Capana11g001236,Capana08g001724,Capana07g000275,Capana04g000788,Capana00g002122,Capana07g000066,Capana12g000388,Capana09g001784,Capana02g001706,Capana02g001107,Capana09g001638,Capana11g000622,Capana03g002265,Capana02g003427,Capana10g001678,Capana12g001029,Capana08g002002,Capana01g003640,Capana11g001588,Capana02g001983,Capana06g002500,Capana07g001669,Capana00g002030,Capana10g000142,Capana12g000389,Capana01g000980,Capana05g000537,Capana02g001678,Capana01g003181,Capana02g003168,Capana08g001722,Capana08g002695,Capana12g002664,Capana09g001631,Capana00g000484,Capana12g001800,Capana10g001365,Capana10g001348,Capana06g000053,Capana07g001819,Capana07g001547,Capana09g001637,Capana00g004901,Capana00g003375,Capana10g002193,Capana00g003978,Capana10g001693,Capana03g002433,Capana04g002675,Capana06g002393,Capana12g000546,Capana02g001209,Capana07g001581,Capana01g002031,Capana02g003265,Capana01g003141,Capana07g000256,Capana03g000116,Capana04g000075,Capana05g002196,Capana12g001591,Capana10g000638,Capana00g001099,Capana10g000061,Capana10g002194,Capana02g001100,Capana10g002195,Capana09g000822,Capana00g000664,Capana09g000147,Capana00g004818,Capana00g004480,Capana09g001623,Capana12g000092,Capana10g000898,Capana06g002720,Capana00g004762,Capana02g000994,Capana10g002184,Capana00g003409,Capana05g001266,Capana04g001249,Capana11g001678,Capana09g001538,Capana10g002429,Capana03g000819,Capana06g000234,Capana05g001817,Capana09g001866,Capana02g003263,Capana10g001193,Capana00g003828,Capana03g003119,Capana10g000566,Capana03g002048,Capana00g000449,Capana09g001158,Capana00g000485,Capana04g002495,Capana00g000395,Capana02g002512,Capana08g002140,Capana08g000932,Capana04g000455,Capana01g001165,Capana05g001109,Capana06g002808,Capana08g000142,Capana02g003627,Capana03g002147,Capana09g002159,Capana08g001721,Capana03g003844,Capana02g003524,Capana03g000221,Capana05g000344,Capana02g000114,Capana03g001316,Capana11g001539,Capana04g001610,Capana02g000943,Capana11g000963,Capana10g001495,Capana00g002160	PGSC0003DMP400051281,PGSC0003DMP400030908,PGSC0003DMP400047758,PGSC0003DMP400014906,PGSC0003DMP400013612,PGSC0003DMP400040948,PGSC0003DMP400005885,PGSC0003DMP400029698,PGSC0003DMP400059564,PGSC0003DMP400007821,PGSC0003DMP400029700,PGSC0003DMP400032007,PGSC0003DMP400066849,PGSC0003DMP400025679,PGSC0003DMP400007367,PGSC0003DMP400015667,PGSC0003DMP400053305,PGSC0003DMP400045699,PGSC0003DMP400028169,PGSC0003DMP400011602,PGSC0003DMP400057920,PGSC0003DMP400034201,PGSC0003DMP400026601,PGSC0003DMP400022307,PGSC0003DMP400005987,PGSC0003DMP400040693,PGSC0003DMP400032460,PGSC0003DMP400007369,PGSC0003DMP400050519,PGSC0003DMP400038906,PGSC0003DMP400026250,PGSC0003DMP400016642,PGSC0003DMP400019984,PGSC0003DMP400039714,PGSC0003DMP400040692,PGSC0003DMP400019321,PGSC0003DMP400030950,PGSC0003DMP400014752,PGSC0003DMP400031818,PGSC0003DMP400007368,PGSC0003DMP400023925,PGSC0003DMP400024950,PGSC0003DMP400019557,PGSC0003DMP400014907,PGSC0003DMP400029695,PGSC0003DMP400023398,PGSC0003DMP400008804,PGSC0003DMP400005988,PGSC0003DMP400031671,PGSC0003DMP400046649,PGSC0003DMP400011679,PGSC0003DMP400015651,PGSC0003DMP400052318,PGSC0003DMP400051125,PGSC0003DMP400024487,PGSC0003DMP400003109,PGSC0003DMP400029689,PGSC0003DMP400049735,PGSC0003DMP400063831,PGSC0003DMP400021776,PGSC0003DMP400062833,PGSC0003DMP400019377,PGSC0003DMP400054421,PGSC0003DMP400048619,PGSC0003DMP400002464,PGSC0003DMP400040796,PGSC0003DMP400000107,PGSC0003DMP400048141,PGSC0003DMP400023927,PGSC0003DMP400033499,PGSC0003DMP400033228,PGSC0003DMP400043439,PGSC0003DMP400022703,PGSC0003DMP400000866,PGSC0003DMP400065003,PGSC0003DMP400031289,PGSC0003DMP400023869,PGSC0003DMP400016644,PGSC0003DMP400031817,PGSC0003DMP400054433,PGSC0003DMP400004417,PGSC0003DMP400016804,PGSC0003DMP400015493,PGSC0003DMP400017741,PGSC0003DMP400030833,PGSC0003DMP400015666,PGSC0003DMP400024474,PGSC0003DMP400041966,PGSC0003DMP400007819,PGSC0003DMP400027703,PGSC0003DMP400058481,PGSC0003DMP400029699,PGSC0003DMP400020231,PGSC0003DMP400049526,PGSC0003DMP400028168,PGSC0003DMP400048365,PGSC0003DMP400014779,PGSC0003DMP400035300,PGSC0003DMP400010158,PGSC0003DMP400014932,PGSC0003DMP400016875,PGSC0003DMP400009071,PGSC0003DMP400041912,PGSC0003DMP400014934,PGSC0003DMP400000108,PGSC0003DMP400032856,PGSC0003DMP400003111,PGSC0003DMP400032462,PGSC0003DMP400029706,PGSC0003DMP400044451,PGSC0003DMP400016647,PGSC0003DMP400051124,PGSC0003DMP400048528,PGSC0003DMP400048245,PGSC0003DMP400030892,PGSC0003DMP400014933,PGSC0003DMP400050258,PGSC0003DMP400029697,PGSC0003DMP400036315,PGSC0003DMP400007044,PGSC0003DMP400021482,PGSC0003DMP400032555,PGSC0003DMP400039155,PGSC0003DMP400052463,PGSC0003DMP400042969,PGSC0003DMP400045384,PGSC0003DMP400002465,PGSC0003DMP400007820,PGSC0003DMP400033431,PGSC0003DMP400015669,PGSC0003DMP400010156,PGSC0003DMP400011678,PGSC0003DMP400017117,PGSC0003DMP400027254,PGSC0003DMP400019438,PGSC0003DMP400043438,PGSC0003DMP400041518,PGSC0003DMP400051280,PGSC0003DMP400029687,PGSC0003DMP400000109,PGSC0003DMP400023977,PGSC0003DMP400043527,PGSC0003DMP400014936,PGSC0003DMP400040797,PGSC0003DMP400048902,PGSC0003DMP400021465,PGSC0003DMP400047157,PGSC0003DMP400014778,PGSC0003DMP400035301,PGSC0003DMP400017641,PGSC0003DMP400035500,PGSC0003DMP400017740,PGSC0003DMP400001625,PGSC0003DMP400026813,PGSC0003DMP400029701,PGSC0003DMP400025758,PGSC0003DMP400004478,PGSC0003DMP400044002,PGSC0003DMP400038905,PGSC0003DMP400031304,PGSC0003DMP400032554,PGSC0003DMP400045386,PGSC0003DMP400046489,PGSC0003DMP400033737,PGSC0003DMP400051418,PGSC0003DMP400022894,PGSC0003DMP400029980,PGSC0003DMP400008145,PGSC0003DMP400018703,PGSC0003DMP400032008,PGSC0003DMP400015668,PGSC0003DMP400002468,PGSC0003DMP400032134,PGSC0003DMP400007798,PGSC0003DMP400049532,PGSC0003DMP400035298,PGSC0003DMP400052453,PGSC0003DMP400051645,PGSC0003DMP400033454,PGSC0003DMP400030730,PGSC0003DMP400036314,PGSC0003DMP400047156,PGSC0003DMP400033736,PGSC0003DMP400052377,PGSC0003DMP400030729,PGSC0003DMP400044669,PGSC0003DMP400029707,PGSC0003DMP400007825,PGSC0003DMP400002331,PGSC0003DMP400023865,PGSC0003DMP400022704,PGSC0003DMP400038060,PGSC0003DMP400008988,PGSC0003DMP400005229,PGSC0003DMP400002467,PGSC0003DMP400011680,PGSC0003DMP400028170,PGSC0003DMP400041519,PGSC0003DMP400063175,PGSC0003DMP400016923,PGSC0003DMP400027736,PGSC0003DMP400016643,PGSC0003DMP400030279,PGSC0003DMP400048366,PGSC0003DMP400051419,PGSC0003DMP400008852,PGSC0003DMP400017642,PGSC0003DMP400029705,PGSC0003DMP400023866,PGSC0003DMP400037360,PGSC0003DMP400020566,PGSC0003DMP400050259,PGSC0003DMP400045439,PGSC0003DMP400041017,PGSC0003DMP400048364,PGSC0003DMP400024493,PGSC0003DMP400020567,PGSC0003DMP400035299,PGSC0003DMP400062170,PGSC0003DMP400014935,PGSC0003DMP400013610,PGSC0003DMP400029688,PGSC0003DMP400043526,PGSC0003DMP400017195,PGSC0003DMP400032132,PGSC0003DMP400038885,PGSC0003DMP400047326,PGSC0003DMP400012295,PGSC0003DMP400035177,PGSC0003DMP400060501,PGSC0003DMP400016186,PGSC0003DMP400019343,PGSC0003DMP400041909,PGSC0003DMP400039234,PGSC0003DMP400037015,PGSC0003DMP400005230,PGSC0003DMP400033735,PGSC0003DMP400023397,PGSC0003DMP400037775	Sopen09g005820.1,Sopen05g008090.1,Sopen04g027840.1,Sopen01g042000.1,Sopen09g024090.1,Sopen01g016890.1,Sopen12g031580.1,Sopen02g033870.1,Sopen05g008030.2,Sopen04g033290.1,Sopen02g026970.1,Sopen07g002720.1,Sopen05g008050.1,Sopen04g017530.1,Sopen09g002590.2,Sopen08g023930.1,Sopen08g016100.1,Sopen11g030330.2,Sopen11g023400.1,Sopen09g002040.1,Sopen02g003690.1,Sopen05g019190.1,Sopen06g031930.1,Sopen06g034280.1,Sopen05g001910.2,Sopen11g005540.1,Sopen05g031530.1,Sopen09g006780.1,Sopen03g040970.1,Sopen09g005590.1,Sopen06g001210.1,Sopen06g003640.1,Sopen05g033330.1,Sopen07g007110.1,Sopen04g027660.1,Sopen07g028440.1,Sopen02g028200.1,Sopen02g033880.1,Sopen12g024190.1,Sopen12g032540.1,Sopen10g033830.2,Sopen11g030330.1,Sopen01g029290.1,Sopen05g002520.1,Sopen10g005930.2,Sopen11g009170.1,Sopen03g003860.1,Sopen03g005830.1,Sopen10g033830.1,Sopen03g002890.1,Sopen07g027050.1,Sopen10g002780.1,Sopen10g005930.1,Sopen12g032550.1,Sopen11g025690.1,Sopen04g019830.1,Sopen11g021050.1,Sopen03g017660.1,Sopen01g045130.1,Sopen06g022830.1,Sopen04g003020.4,Sopen11g030570.1,Sopen01g047490.1,Sopen05g020750.1,Sopen10g001290.1,Sopen05g008020.1,Sopen02g003740.1,Sopen10g031120.1,Sopen10g028400.1,Sopen03g013240.3,Sopen04g036130.1,Sopen02g017400.1,Sopen04g006550.1,Sopen01g045090.1,Sopen06g001480.3,Sopen04g003020.3,Sopen01g045110.1,Sopen09g034230.1,Sopen02g034800.1,Sopen10g029570.1,Sopen06g022830.2,Sopen10g031060.1,Sopen08g030710.1,Sopen05g010360.1,Sopen01g048860.1,Sopen08g020100.1,Sopen09g007270.1,Sopen10g035360.1,Sopen09g033120.1,Sopen09g002590.1,Sopen10g024210.1,Sopen03g013240.2,Sopen05g001910.1,Sopen03g039880.1,Sopen03g002500.1,Sopen03g021350.1,Sopen02g016690.1,Sopen05g002710.1,Sopen09g005810.1,Sopen02g032210.1,Sopen09g029060.1,Sopen09g001170.1,Sopen02g023380.1,Sopen10g027390.1,Sopen05g008030.1,Sopen01g004370.1,Sopen07g031660.1,Sopen10g017310.1,Sopen05g016410.1,Sopen05g008100.1,Sopen12g018640.1,Sopen01g038470.2,Sopen09g006810.1,Sopen12g004140.1,Sopen05g008080.1,Sopen01g038470.1,Sopen10g034300.1,Sopen06g001490.1,Sopen03g013240.1	SPI03g05368.1,SPI03g00364.1,SPI12g04900.1,SPI09g04608.1,SPI06g00524.1,SPI08g06342.1,SPI02g00384.1,SPI06g00046.1,SPI05g01016.1,SPI04g04975.1,SPI09g01082.1,SPI05g03052.1,SPI07g00401.1,SPI10g02104.1,SPI09g00991.1,SPI05g00192.1,SPI02g02436.1,SPI10g00675.1,SPI08g04919.1,SPI10g03910.1,SPI09g00887.1,SPI11g03706.1,SPI02g04343.1,SPI10g03487.1,SPI10g03747.1,SPI02g01203.1,SPI09g04049.1,SPI01g08122.1,SPI04g00887.1,SPI07g00081.1,SPI12g04782.1,SPI02g03646.1,SPI08g06372.1,SPI02g02512.1,SPI05g00273.1,SPI05g00324.1,SPI01g07881.1,SPI09g00855.1,SPI07g05900.1,SPI05g02493.1,SPI05g01013.1,SPI10g01777.1,SPI02g01121.1,SPI05g02866.1,SPI10g04327.1,SPI05g01154.1,SPI04g04841.1,SPI04g02926.1,SPI07g05777.1,SPI06g05423.1,SPI04g04338.1,SPI08g04252.1,SPI02g00389.1,SPI10g01988.1,SPI01g07882.1,SPI05g01011.1,SPI01g08272.1,SPI07g05703.1,SPI05g01680.1,SPI02g00392.1,SPI07g00137.1,SPI04g04799.1,SPI10g02166.1,SPI09g04724.1,SPI09g03242.1,SPI11g04273.1,SPI05g04819.1,SPI01g04271.1,SPI02g04242.1,SPI07g06106.1,SPI02g04243.1,SPI04g04244.1,SPI10g00286.1,SPI12g00505.1,SPI03g00484.1,SPI10g02123.1,SPI11g04244.1,SPI03g00605.1,SPI06g00083.1,SPI12g04353.1,SPI05g04608.1,SPI11g02781.1,SPI05g01017.1,SPI03g03175.1,SPI08g05630.1,SPI02g00383.1,SPI10g03616.1,SPI05g01014.1,SPI06g05240.1,SPI02g03147.1,SPI08g05140.1,SPI11g02113.1,SPI02g01182.1,SPI10g04280.1,SPI09g00274.1,SPI10g00128.1,SPI03g02387.1,SPI03g05479.1,SPI01g07884.1,SPI07g00364.1,SPI02g02709.1,SPI09g00204.1,SPI03g00853.1,SPI10g04437.1,SPI03g02841.1,SPI04g05064.1,SPI04g05364.1,SPI01g05998.1,SPI06g03989.1,SPI06g00368.1,SPI02g04089.1,SPI09g00992.1,SPI10g03917.1,SPI01g07187.1,SPI09g01215.1,SPI06g04986.1	Solyc04g008390.3.1,Solyc03g064010.4.1,Solyc03g031980.4.1,Solyc10g076560.1.1,Solyc01g094660.3.1,Solyc10g084860.1.1,Solyc04g050933.1.1,Solyc08g066310.3.1,Solyc11g010730.3.1,Solyc05g005060.3.1,Solyc09g007730.4.1,Solyc02g080020.1.1,Solyc05g013310.1.1,Solyc09g014460.1.1,Solyc12g096710.2.1,Solyc11g065950.3.1,Solyc02g089090.3.1,Solyc10g005300.3.1,Solyc03g122230.2.1,Solyc04g079710.4.1,Solyc06g082920.3.1,Solyc04g076990.3.1,Solyc03g007910.3.1,Solyc02g014070.2.1,Solyc10g080510.1.1,Solyc08g060950.3.1,Solyc07g006610.3.1,Solyc09g011070.1.1,Solyc08g150147.1.1,Solyc01g102700.4.1,Solyc03g121050.3.1,Solyc02g089760.3.1,Solyc10g006870.1.1,Solyc04g014410.4.1,Solyc05g005140.4.1,Solyc05g053010.1.1,Solyc09g010850.4.1,Solyc06g008890.4.1,Solyc02g087460.1.1,Solyc05g015150.3.1,Solyc10g080580.1.1,Solyc08g082460.4.1,Solyc02g079660.1.1,Solyc10g047140.2.1,Solyc09g011060.2.1,Solyc05g007230.4.1,Solyc04g007880.4.1,Solyc06g063360.4.1,Solyc09g012000.1.1,Solyc09g014470.2.1,Solyc09g091990.3.1,Solyc04g071870.1.1,Solyc09g091260.3.1,Solyc03g006500.3.1,Solyc10g085990.3.1,Solyc10g084390.2.1,Solyc05g054860.1.1,Solyc11g072910.1.1,Solyc12g009190.2.1,Solyc01g104970.3.1,Solyc09g015220.3.1,Solyc10g074900.2.1,Solyc10g047780.1.1,Solyc04g150137.1.1,Solyc12g055720.2.1,Solyc09g011990.1.1,Solyc10g076760.3.1,Solyc09g007170.4.1,Solyc01g067400.3.1,Solyc02g014030.3.1,Solyc05g006570.1.1,Solyc05g018910.2.1,Solyc01g101100.4.1,Solyc02g150103.1.1,Solyc02g014060.1.1,Solyc07g055430.1.1,Solyc07g006940.3.1,Solyc02g021780.3.1,Solyc06g005230.3.1,Solyc02g021660.2.1,Solyc07g055180.3.1,Solyc01g028830.3.1,Solyc11g072660.2.1,Solyc02g090110.3.1,Solyc03g059080.3.1,Solyc05g013270.2.1,Solyc10g047740.1.1,Solyc05g013300.1.1,Solyc02g082310.2.1,Solyc07g054500.4.1,Solyc03g006890.3.1,Solyc02g079700.1.1,Solyc06g075550.3.1,Solyc05g025780.4.1,Solyc09g090210.3.1,Solyc04g082510.3.1,Solyc07g063480.3.1,Solyc10g012170.3.1,Solyc02g067560.1.1,Solyc12g094680.3.1,Solyc02g078530.3.1,Solyc09g074240.1.1,Solyc09g005190.3.1,Solyc11g044370.1.1,Solyc01g102710.2.1,Solyc08g075330.3.1,Solyc05g006770.4.1,Solyc06g005520.4.1,Solyc10g078940.2.1,Solyc01g106500.4.1,Solyc02g068300.3.1,Solyc09g061330.3.1,Solyc05g013320.1.1,Solyc05g024290.3.1,Solyc07g150100.1.1,Solyc02g079560.1.1,Solyc01g102680.4.1	SLYcer04g05308.1,SLYcer12g04942.1,SLYcer09g05056.1,SLYcer07g05387.1,SLYcer09g00305.1,SLYcer10g00253.1,SLYcer10g03758.1,SLYcer09g04254.1,SLYcer02g01420.1,SLYcer03g00386.1,SLYcer01g08006.1,SLYcer04g05017.1,SLYcer05g00951.1,SLYcer05g01626.1,SLYcer08g06430.1,SLYcer10g05425.1,SLYcer01g07382.1,SLYcer10g00801.1,SLYcer02g04392.1,SLYcer10g05109.1,SLYcer10g03806.1,SLYcer02g01422.1,SLYcer08g05747.1,SLYcer02g03615.1,SLYcer01g04242.1,SLYcer02g04621.1,SLYcer10g05260.1,SLYcer02g03991.1,SLYcer07g05043.1,SLYcer10g05432.1,SLYcer02g05320.1,SLYcer10g04993.1,SLYcer04g05345.1,SLYcer08g04352.1,SLYcer03g05327.1,SLYcer10g02364.1,SLYcer10g04963.1,SLYcer07g04975.1,SLYcer02g04735.1,SLYcer10g05793.1,SLYcer03g00224.1,SLYcer06g00584.1,SLYcer10g03648.1,SLYcer03g02259.1,SLYcer02g02153.1,SLYcer08g05028.1,SLYcer03g00696.1,SLYcer02g01428.1,SLYcer12g04400.1,SLYcer06g00684.1,SLYcer09g00951.1,SLYcer11g03643.1,SLYcer07g00278.1,SLYcer05g00174.1,SLYcer10g05745.1,SLYcer05g00953.1,SLYcer04g05568.1,SLYcer05g01927.1,SLYcer07g00333.1,SLYcer10g02176.1,SLYcer10g02161.1,SLYcer09g01201.1,SLYcer06g00317.1,SLYcer02g04247.1,SLYcer06g05411.1,SLYcer05g00954.1,SLYcer03g05445.1,SLYcer04g05853.1,SLYcer07g03671.1,SLYcer12g00477.1,SLYcer09g00367.1,SLYcer05g00295.1,SLYcer01g08040.1,SLYcer07g00069.1,SLYcer02g05319.1,SLYcer10g00417.1,SLYcer09g04944.1,SLYcer09g00976.1,SLYcer06g00276.1,SLYcer02g05157.1,SLYcer01g05818.1,SLYcer06g03516.1,SLYcer04g04854.1,SLYcer01g07383.1,SLYcer06g05116.1,SLYcer03g02697.1,SLYcer11g04199.1,SLYcer11g02073.1,SLYcer07g00683.1,SLYcer09g01362.1,SLYcer08g06464.1,SLYcer05g00955.1,SLYcer04g04757.1,SLYcer11g02722.1,SLYcer01g08005.1,SLYcer06g04122.1,SLYcer10g03775.1,SLYcer01g06941.1,SLYcer04g01158.1,SLYcer03g04872.1,SLYcer12g04822.1,SLYcer05g02479.1,SLYcer10g03454.1,SLYcer03g03075.1,SLYcer11g00599.1,SLYcer02g02143.1,SLYcer03g05230.1,SLYcer02g03542.1,SLYcer03g00273.1,SLYcer05g00256.1,SLYcer01g07139.1,SLYcer05g01224.1,SLYcer10g05135.1	Capang04g000065,Capang09g001215,Capang12g000881,Capang00g002711,Capang02g001007,Capang04g002242,Capang06g000037,Capang11g001433,Capang11g002222,Capang07g001819,Capang07g001593,Capang05g000446,Capang03g001940,Capang00g000324,Capang00g001200,Capang07g000017,Capang07g001760,Capang02g001766,Capang03g002033,Capang03g002113,Capang11g001110,Capang07g001420,Capang03g003735,Capang02g002785,Capang07g000402,Capang06g002512,Capang04g002359,Capang12g000450,Capang06g000446,Capang10g001948,Capang00g004215,Capang02g003156,Capang10g000059,Capang10g000427,Capang01g003515,Capang00g000443,Capang12g000559,Capang02g003248,Capang00g000558,Capang03g000232,Capang10g001009,Capang11g000889,Capang07g000851,Capang01g001739,Capang09g001356,Capang04g000750,Capang00g002698,Capang01g004685,Capang02g000863,Capang01g004565,Capang11g000710,Capang11g000565,Capang09g001669,Capang09g001209,Capang12g001210,Capang10g002186,Capang02g002243,Capang05g001751,Capang11g000709,Capang06g000221,Capang01g004297,Capang10g000486,Capang12g002307,Capang01g002573,Capang09g000142,Capang00g003705,Capang03g003413,Capang11g000819,Capang05g000490,Capang00g005415,Capang03g004204,Capang12g000319,Capang12g002363,Capang00g003578,Capang05g001961,Capang12g001456,Capang00g001821,Capang00g005310,Capang05g000208,Capang03g002355,Capang12g001073,Capang01g004296,Capang00g000441,Capang00g005250,Capang02g003008,Capang10g000445,Capang04g002177,Capang02g001001,Capang10g001270,Capang04g000424,Capang02g003009,Capang07g001531,Capang10g001437,Capang07g002247,Capang10g000143,Capang05g001251,Capang04g000700,Capang03g000112,Capang00g002067,Capang09g001426,Capang09g001219,Capang05g000943,Capang12g000318,Capang02g001508,Capang07g001663,Capang06g002602,Capang03g001268,Capang09g001357,Capang10g001426,Capang10g001940,Capang10g001159,Capang09g001422,Capang00g001572,Capang06g002313,Capang12g001331,Capang09g001395,Capang00g005394,Capang09g001220,Capang07g000060,Capang10g002023,Capang03g003004,Capang09g001115,Capang06g002794,Capang01g004299,Capang01g004295,Capang01g004905,Capang02g000910
OG27645	1030	7	Capana02g003221,Capana11g002328,Capana00g002221,Capana09g002020,Capana02g002251,Capana01g003839,Capana02g002802,Capana04g002666,Capana00g002502,Capana07g000257,Capana06g001295,Capana08g000700,Capana07g001312,Capana02g003219,Capana08g001381,Capana02g002114,Capana07g000259,Capana07g001838,Capana07g000043,Capana02g002305,Capana12g001123,Capana04g002560,Capana01g001621,Capana02g002138,Capana01g002030,Capana04g000726,Capana03g000542,Capana09g001573,Capana00g002634,Capana00g003845,Capana04g002562,Capana09g000572,Capana07g001912,Capana07g001904,Capana00g002629,Capana02g002137,Capana00g003739,Capana06g000920,Capana01g003410,Capana03g001315,Capana04g000746,Capana00g002626,Capana09g001596,Capana02g001985,Capana02g002306,Capana00g003840,Capana00g002619,Capana03g001144,Capana09g000137,Capana00g004817,Capana00g001239,Capana07g002049,Capana10g000438,Capana12g001802,Capana04g001433,Capana00g002650,Capana00g004816,Capana03g001112,Capana03g001170,Capana00g002630,Capana03g001094,Capana04g000991,Capana02g001659,Capana03g000342,Capana09g000272,Capana03g002861,Capana01g001567,Capana00g004492,Capana06g001057,Capana00g002222,Capana02g002143,Capana09g001920,Capana12g002828,Capana01g003634,Capana03g001322,Capana03g000456,Capana00g002635,Capana12g000878,Capana08g002548,Capana10g000211,Capana02g002250,Capana07g001903,Capana02g001986,Capana07g001902,Capana03g001319,Capana12g001376,Capana11g000887,Capana03g000718,Capana11g002329,Capana02g002803,Capana04g002175,Capana00g002622,Capana00g002123,Capana08g000117,Capana00g002632,Capana00g003846,Capana09g002213,Capana01g004184,Capana07g000690,Capana00g002220,Capana02g002145,Capana03g001435,Capana12g000976,Capana08g000116,Capana06g001032,Capana00g004819,Capana12g002052,Capana00g000058,Capana01g002982,Capana00g002623,Capana09g002329,Capana07g001586,Capana03g001226,Capana12g002635,Capana00g003844,Capana02g002303,Capana04g000733,Capana04g002460,Capana11g000725,Capana07g001296,Capana00g002628,Capana02g002139,Capana03g000700,Capana07g000133,Capana03g001318,Capana02g002140,Capana04g002561,Capana00g004743,Capana02g001722,Capana07g001908,Capana08g001436,Capana07g001587,Capana04g000731,Capana04g000728,Capana02g002304,Capana01g001151,Capana03g001061,Capana07g001911,Capana02g002141,Capana03g001111,Capana07g000123,Capana03g002947,Capana09g002212,Capana02g001654,Capana03g001043,Capana02g002146,Capana03g000705,Capana02g002142,Capana09g000350,Capana00g004645,Capana04g001747,Capana07g002134,Capana01g003406,Capana06g002718,Capana04g000734,Capana03g001317,Capana02g002144,Capana02g003220,Capana07g000091,Capana00g002292,Capana00g002627,Capana01g000126,Capana11g002327,Capana08g001382,Capana02g002300,Capana10g000321,Capana02g002112,Capana00g002633,Capana07g001894	PGSC0003DMP400030187,PGSC0003DMP400064043,PGSC0003DMP400024489,PGSC0003DMP400023345,PGSC0003DMP400031544,PGSC0003DMP400040845,PGSC0003DMP400038138,PGSC0003DMP400037748,PGSC0003DMP400049549,PGSC0003DMP400007758,PGSC0003DMP400030278,PGSC0003DMP400051417,PGSC0003DMP400027761,PGSC0003DMP400017377,PGSC0003DMP400052451,PGSC0003DMP400024756,PGSC0003DMP400010613,PGSC0003DMP400025682,PGSC0003DMP400005765,PGSC0003DMP400030957,PGSC0003DMP400008627,PGSC0003DMP400044357,PGSC0003DMP400036316,PGSC0003DMP400008037,PGSC0003DMP400033430,PGSC0003DMP400049464,PGSC0003DMP400018584,PGSC0003DMP400043942,PGSC0003DMP400008625,PGSC0003DMP400036300,PGSC0003DMP400023396,PGSC0003DMP400024755,PGSC0003DMP400036301,PGSC0003DMP400053135,PGSC0003DMP400024314,PGSC0003DMP400002296,PGSC0003DMP400030909,PGSC0003DMP400017236,PGSC0003DMP400019968,PGSC0003DMP400058306,PGSC0003DMP400053073,PGSC0003DMP400053137,PGSC0003DMP400037357,PGSC0003DMP400052450,PGSC0003DMP400008038,PGSC0003DMP400039289,PGSC0003DMP400004820,PGSC0003DMP400045378,PGSC0003DMP400021470,PGSC0003DMP400053144,PGSC0003DMP400030894,PGSC0003DMP400050726,PGSC0003DMP400036293,PGSC0003DMP400008992,PGSC0003DMP400002455,PGSC0003DMP400045808,PGSC0003DMP400033429,PGSC0003DMP400030999,PGSC0003DMP400030198,PGSC0003DMP400033143,PGSC0003DMP400044361,PGSC0003DMP400066103,PGSC0003DMP400017237,PGSC0003DMP400053150,PGSC0003DMP400030890,PGSC0003DMP400036292,PGSC0003DMP400004821,PGSC0003DMP400024728,PGSC0003DMP400030282,PGSC0003DMP400042669,PGSC0003DMP400023312,PGSC0003DMP400017240,PGSC0003DMP400053136,PGSC0003DMP400065510,PGSC0003DMP400024473,PGSC0003DMP400053132,PGSC0003DMP400053142,PGSC0003DMP400021006,PGSC0003DMP400042668,PGSC0003DMP400030324,PGSC0003DMP400029128,PGSC0003DMP400037750,PGSC0003DMP400024750,PGSC0003DMP400054807,PGSC0003DMP400061075,PGSC0003DMP400001272,PGSC0003DMP400030281,PGSC0003DMP400034203,PGSC0003DMP400045437,PGSC0003DMP400026624,PGSC0003DMP400030891,PGSC0003DMP400049737,PGSC0003DMP400037353,PGSC0003DMP400030956,PGSC0003DMP400024752,PGSC0003DMP400052466,PGSC0003DMP400053148,PGSC0003DMP400052726,PGSC0003DMP400044363,PGSC0003DMP400053147,PGSC0003DMP400053182,PGSC0003DMP400002453,PGSC0003DMP400048363,PGSC0003DMP400053131,PGSC0003DMP400042589,PGSC0003DMP400021364,PGSC0003DMP400037355,PGSC0003DMP400018540,PGSC0003DMP400053146,PGSC0003DMP400021744,PGSC0003DMP400053149,PGSC0003DMP400009106,PGSC0003DMP400053138,PGSC0003DMP400031000,PGSC0003DMP400025260,PGSC0003DMP400027759,PGSC0003DMP400002668,PGSC0003DMP400024753,PGSC0003DMP400033490,PGSC0003DMP400048362,PGSC0003DMP400031515,PGSC0003DMP400047791,PGSC0003DMP400028238,PGSC0003DMP400052462,PGSC0003DMP400053145,PGSC0003DMP400021741,PGSC0003DMP400024749,PGSC0003DMP400021906,PGSC0003DMP400053151,PGSC0003DMP400052448,PGSC0003DMP400059584,PGSC0003DMP400018561,PGSC0003DMP400053240,PGSC0003DMP400053243,PGSC0003DMP400017238,PGSC0003DMP400052449,PGSC0003DMP400009104,PGSC0003DMP400028742,PGSC0003DMP400030193,PGSC0003DMP400000140,PGSC0003DMP400049531,PGSC0003DMP400031001,PGSC0003DMP400030893,PGSC0003DMP400033980,PGSC0003DMP400037352,PGSC0003DMP400025680,PGSC0003DMP400010170,PGSC0003DMP400013312,PGSC0003DMP400025683,PGSC0003DMP400053134,PGSC0003DMP400031495,PGSC0003DMP400053143,PGSC0003DMP400053139,PGSC0003DMP400018922,PGSC0003DMP400002456,PGSC0003DMP400036299,PGSC0003DMP400018541,PGSC0003DMP400031494,PGSC0003DMP400045809,PGSC0003DMP400053181,PGSC0003DMP400005218,PGSC0003DMP400021472,PGSC0003DMP400004024,PGSC0003DMP400047773,PGSC0003DMP400026616,PGSC0003DMP400049463,PGSC0003DMP400023683,PGSC0003DMP400033436,PGSC0003DMP400001332,PGSC0003DMP400053152,PGSC0003DMP400053242,PGSC0003DMP400030258,PGSC0003DMP400004022,PGSC0003DMP400052725,PGSC0003DMP400021471,PGSC0003DMP400053239,PGSC0003DMP400034275,PGSC0003DMP400030189,PGSC0003DMP400016043,PGSC0003DMP400030972,PGSC0003DMP400026617,PGSC0003DMP400030844,PGSC0003DMP400010663,PGSC0003DMP400009105,PGSC0003DMP400003658,PGSC0003DMP400030998,PGSC0003DMP400045379,PGSC0003DMP400010157,PGSC0003DMP400044321,PGSC0003DMP400036302,PGSC0003DMP400021365,PGSC0003DMP400009103,PGSC0003DMP400036298,PGSC0003DMP400001331,PGSC0003DMP400053140,PGSC0003DMP400016044,PGSC0003DMP400024484,PGSC0003DMP400030196,PGSC0003DMP400004023,PGSC0003DMP400018542,PGSC0003DMP400026620,PGSC0003DMP400045436,PGSC0003DMP400031493,PGSC0003DMP400003094,PGSC0003DMP400053153,PGSC0003DMP400028239,PGSC0003DMP400025681,PGSC0003DMP400028741,PGSC0003DMP400053241,PGSC0003DMP400002667,PGSC0003DMP400002454,PGSC0003DMP400031514,PGSC0003DMP400023311,PGSC0003DMP400030255,PGSC0003DMP400053809,PGSC0003DMP400026623,PGSC0003DMP400008989,PGSC0003DMP400010612,PGSC0003DMP400030195,PGSC0003DMP400052724,PGSC0003DMP400007826,PGSC0003DMP400065507,PGSC0003DMP400002669,PGSC0003DMP400045807,PGSC0003DMP400005217,PGSC0003DMP400037358,PGSC0003DMP400030280,PGSC0003DMP400053811,PGSC0003DMP400021907,PGSC0003DMP400026619,PGSC0003DMP400002295,PGSC0003DMP400034273,PGSC0003DMP400037749,PGSC0003DMP400031516,PGSC0003DMP400037356,PGSC0003DMP400018928,PGSC0003DMP400027760,PGSC0003DMP400017239,PGSC0003DMP400068428,PGSC0003DMP400033489,PGSC0003DMP400002294,PGSC0003DMP400024727,PGSC0003DMP400050727,PGSC0003DMP400026615,PGSC0003DMP400048615,PGSC0003DMP400041911,PGSC0003DMP400031642,PGSC0003DMP400018560,PGSC0003DMP400017378,PGSC0003DMP400058020,PGSC0003DMP400012560,PGSC0003DMP400049736,PGSC0003DMP400030188,PGSC0003DMP400030283,PGSC0003DMP400027762,PGSC0003DMP400025061,PGSC0003DMP400058208,PGSC0003DMP400001330,PGSC0003DMP400034276,PGSC0003DMP400033432	Sopen05g004700.1,Sopen02g026110.1,Sopen06g001480.2,Sopen03g021400.1,Sopen07g028850.1,Sopen08g020060.1,Sopen01g049150.1,Sopen02g021030.1,Sopen05g004790.2,Sopen04g003020.1,Sopen04g025070.1,Sopen01g041980.3,Sopen01g029160.1,Sopen08g023360.1,Sopen08g020090.1,Sopen05g004730.1,Sopen01g041980.1,Sopen02g026130.1,Sopen01g006570.1,Sopen03g031860.1,Sopen11g028640.1,Sopen12g006910.1,Sopen07g028840.1,Sopen02g023580.2,Sopen08g030610.1,Sopen07g005190.1,Sopen03g035680.1,Sopen05g006300.1,Sopen11g004740.1,Sopen02g024740.2,Sopen09g030730.1,Sopen02g030890.1,Sopen12g023840.1,Sopen02g023580.3,Sopen12g004290.1,Sopen01g029180.1,Sopen05g004830.1,Sopen01g041980.2,Sopen02g024420.1,Sopen04g002450.1,Sopen07g029050.1,Sopen04g008640.1,Sopen02g024740.1,Sopen07g030850.1,Sopen03g032500.1,Sopen03g030660.1,Sopen05g004780.1,Sopen02g024780.1,Sopen07g029000.1,Sopen02g025720.1,Sopen06g001480.1,Sopen02g023580.1,Sopen02g034070.1,Sopen02g024460.1,Sopen09g002810.1,Sopen05g018380.1,Sopen05g004710.1,Sopen08g024720.1,Sopen04g003020.2,Sopen07g030300.1,Sopen01g048440.1,Sopen05g004790.1,Sopen04g002440.1,Sopen09g021300.1,Sopen10g001600.1,Sopen03g038210.1,Sopen05g004740.1,Sopen02g025710.1,Sopen11g006700.1,Sopen03g005430.1,Sopen05g004750.1,Sopen07g028970.1,Sopen05g004140.1,Sopen11g003290.1,Sopen07g025160.1,Sopen08g020110.1,Sopen02g024800.1,Sopen07g026680.1,Sopen03g003200.1,Sopen12g029950.1,Sopen09g002810.2,Sopen07g029010.2,Sopen01g004040.1,Sopen04g029220.1,Sopen01g006600.1,Sopen05g004710.2,Sopen11g006710.1,Sopen05g004740.2,Sopen12g001650.1,Sopen02g024770.1,Sopen09g003650.1,Sopen01g048450.1,Sopen03g030670.1,Sopen07g029040.1,Sopen02g021300.1,Sopen07g029010.1,Sopen08g030590.1,Sopen07g028990.1,Sopen07g001250.1,Sopen03g032220.1,Sopen06g026910.1,Sopen07g001230.1,Sopen05g004720.1,Sopen07g028960.1,Sopen01g035530.1,Sopen05g004690.1,Sopen03g034420.1,Sopen04g029230.1	SPI04g00383.1,SPI09g00300.1,SPI12g00812.1,SPI03g04571.1,SPI02g03171.1,SPI02g03296.1,SPI11g00860.1,SPI08g04911.1,SPI09g00990.1,SPI10g02720.1,SPI04g01238.1,SPI07g05542.1,SPI10g02153.1,SPI07g05797.1,SPI07g05543.1,SPI07g05963.1,SPI07g05798.1,SPI02g01122.1,SPI03g05191.1,SPI07g00713.1,SPI10g02958.1,SPI02g02928.1,SPI05g00774.1,SPI07g05818.1,SPI03g00536.1,SPI10g02956.1,SPI04g04840.1,SPI02g02903.1,SPI05g00770.1,SPI02g04778.1,SPI02g03428.1,SPI10g00163.1,SPI08g04915.1,SPI10g02950.1,SPI11g00658.1,SPI01g01915.1,SPI08g06361.1,SPI03g04380.1,SPI07g05816.1,SPI05g00769.1,SPI05g00773.1,SPI03g02147.1,SPI04g01234.1,SPI12g00159.1,SPI10g03095.1,SPI05g00587.1,SPI12g04567.1,SPI05g00584.1,SPI05g02494.1,SPI06g03619.1,SPI04g00326.1,SPI12g00518.1,SPI02g04263.1,SPI01g00542.1,SPI05g00506.1,SPI01g01909.1,SPI07g05813.1,SPI09g04997.1,SPI05g00575.1,SPI09g00402.1,SPI03g04381.1,SPI01g08305.1,SPI03g00470.1,SPI08g05712.1,SPI02g01349.1,SPI07g06019.1,SPI04g04835.1,SPI10g02722.1,SPI06g04469.1,SPI03g00808.1,SPI01g00551.1,SPI02g03385.1,SPI02g01360.1,SPI05g00588.1,SPI02g03261.1,SPI03g04930.1,SPI07g00077.1,SPI01g08226.1,SPI01g07556.1,SPI04g03780.1,SPI06g00082.1,SPI12g04254.1,SPI01g06887.1,SPI05g02719.1,SPI04g03779.1,SPI11g04056.1,SPI08g05544.1,SPI07g05796.1,SPI03g03180.1,SPI08g06357.1,SPI02g01341.1,SPI12g00403.1,SPI12g00203.1,SPI02g03386.1,SPI10g02709.1,SPI07g05810.1,SPI01g07555.1,SPI10g02968.1,SPI02g01120.1,SPI03g04545.1,SPI12g04565.1,SPI02g03260.1,SPI08g04920.1,SPI02g01361.1,SPI07g05819.1,SPI02g00425.1,SPI01g01910.1,SPI07g05022.1,SPI04g01231.1,SPI03g04788.1,SPI07g05814.1,SPI12g03695.1,SPI01g01958.1,SPI10g02963.1,SPI07g05811.1,SPI08g04921.1,SPI02g03292.1,SPI03g00809.1,SPI02g03295.1,SPI03g04512.1	Solyc06g005500.4.1,Solyc07g049180.3.1,Solyc05g010530.3.1,Solyc05g008980.2.1,Solyc01g098410.4.1,Solyc05g009050.3.1,Solyc09g008010.3.1,Solyc08g066270.3.1,Solyc07g053120.4.1,Solyc05g008960.3.1,Solyc11g007410.3.1,Solyc11g008960.3.1,Solyc02g079680.1.1,Solyc02g080040.4.1,Solyc07g055400.2.1,Solyc08g074760.3.1,Solyc02g021190.1.1,Solyc02g080060.1.1,Solyc07g055690.1.1,Solyc11g069960.2.1,Solyc02g089750.4.1,Solyc07g055580.3.1,Solyc05g023760.3.1,Solyc02g081050.4.1,Solyc12g009310.2.1,Solyc05g008310.4.1,Solyc11g007430.3.1,Solyc02g079990.3.1,Solyc03g111530.4.1,Solyc05g009090.3.1,Solyc05g008950.4.1,Solyc07g009437.1.1,Solyc03g051800.1.1,Solyc12g087920.2.1,Solyc04g007390.4.1,Solyc02g089290.3.1,Solyc03g031540.2.1,Solyc01g098420.3.1,Solyc04g016580.1.1,Solyc05g008940.3.1,Solyc07g055650.2.1,Solyc07g055360.1.1,Solyc01g008570.1.1,Solyc07g062040.3.1,Solyc02g081470.4.1,Solyc01g014650.1.1,Solyc04g017610.2.1,Solyc02g080030.2.1,Solyc12g008330.3.1,Solyc02g079600.3.1,Solyc03g116760.3.1,Solyc08g066320.4.1,Solyc05g008990.3.1,Solyc07g055670.1.1,Solyc03g119340.3.1,Solyc01g106055.1.1,Solyc02g072070.4.1,Solyc07g055410.2.1,Solyc05g009100.4.1,Solyc07g055640.1.1,Solyc02g072310.3.1,Solyc07g053130.4.1,Solyc02g079580.4.1,Solyc07g009420.1.1,Solyc12g049360.2.1,Solyc07g062620.3.1,Solyc12g087910.1.1,Solyc03g113160.1.1,Solyc07g005110.4.1,Solyc02g030360.3.1,Solyc10g047770.1.1,Solyc02g078750.3.1,Solyc03g113450.4.1,Solyc02g014320.1.1,Solyc02g080080.3.1,Solyc02g081510.3.1,Solyc11g011880.2.1,Solyc10g005630.3.1,Solyc03g006790.3.1,Solyc03g007210.3.1,Solyc07g055420.1.1,Solyc05g009010.1.1,Solyc12g040370.1.1,Solyc03g078520.4.1,Solyc02g080010.2.1,Solyc04g007380.3.1,Solyc12g005720.1.1,Solyc02g080090.1.1,Solyc02g021180.1.1,Solyc03g111540.2.1,Solyc03g078470.3.1,Solyc02g150146.1.1,Solyc07g055570.1.1,Solyc03g115420.3.1,Solyc02g081040.4.1,Solyc05g009040.3.1,Solyc05g008970.1.1,Solyc06g069610.1.1,Solyc04g077330.4.1,Solyc07g055415.1.1,Solyc08g066300.3.1,Solyc05g008930.3.1,Solyc01g008500.4.1,Solyc08g082350.4.1,Solyc09g008860.4.1,Solyc02g079630.3.1,Solyc10g054300.1.1,Solyc02g080050.1.1,Solyc04g055220.2.1,Solyc02g080070.3.1,Solyc01g106870.4.1,Solyc05g010540.2.1,Solyc08g076070.1.1,Solyc11g011870.3.1,Solyc01g088690.3.1,Solyc07g055630.4.1	SLYcer03g04461.1,SLYcer02g02467.1,SLYcer02g04396.1,SLYcer07g05239.1,SLYcer02g01466.1,SLYcer10g04214.1,SLYcer05g02132.1,SLYcer07g04820.1,SLYcer04g04137.1,SLYcer07g05295.1,SLYcer05g00552.1,SLYcer07g00675.1,SLYcer07g05062.1,SLYcer02g04398.1,SLYcer02g04393.1,SLYcer10g04472.1,SLYcer08g05029.1,SLYcer07g04821.1,SLYcer12g00490.1,SLYcer08g06451.1,SLYcer05g00549.1,SLYcer02g04395.1,SLYcer12g00158.1,SLYcer10g04456.1,SLYcer02g04034.1,SLYcer09g01084.1,SLYcer07g05074.1,SLYcer02g04008.1,SLYcer10g05901.1,SLYcer08g05825.1,SLYcer08g05026.1,SLYcer02g04361.1,SLYcer03g03080.1,SLYcer07g05081.1,SLYcer07g05073.1,SLYcer12g03749.1,SLYcer07g05077.1,SLYcer04g02837.1,SLYcer09g00485.1,SLYcer05g00741.1,SLYcer07g05072.1,SLYcer04g01505.1,SLYcer03g04324.1,SLYcer08g05667.1,SLYcer10g04200.1,SLYcer06g04610.1,SLYcer12g04314.1,SLYcer02g02072.1,SLYcer04g01498.1,SLYcer11g00709.1,SLYcer03g04496.1,SLYcer06g03709.1,SLYcer01g01828.1,SLYcer01g06625.1,SLYcer07g05063.1,SLYcer02g04269.1,SLYcer04g00398.1,SLYcer11g03990.1,SLYcer07g00064.1,SLYcer01g01829.1,SLYcer07g05080.1,SLYcer05g00553.1,SLYcer10g04465.1,SLYcer07g05078.1,SLYcer07g00486.1,SLYcer07g00485.1,SLYcer08g05021.1,SLYcer04g01502.1,SLYcer09g05307.1,SLYcer05g00548.1,SLYcer05g00539.1,SLYcer04g04134.1,SLYcer02g04397.1,SLYcer07g05076.1,SLYcer01g00513.1,SLYcer01g00520.1,SLYcer01g07714.1,SLYcer10g04464.1,SLYcer02g02453.1,SLYcer01g08073.1,SLYcer02g02466.1,SLYcer07g00295.1,SLYcer02g04399.1,SLYcer06g00313.1,SLYcer02g04490.1,SLYcer01g01834.1,SLYcer04g00344.1,SLYcer03g04323.1,SLYcer10g04417.1,SLYcer04g03193.1,SLYcer03g05131.1,SLYcer11g00514.1,SLYcer09g00392.1,SLYcer02g04491.1,SLYcer10g04441.1,SLYcer03g00646.1,SLYcer05g00475.1,SLYcer04g01501.1,SLYcer10g03792.1,SLYcer03g05221.1,SLYcer06g03714.1,SLYcer05g00740.1,SLYcer03g04522.1,SLYcer10g04212.1,SLYcer02g05340.1,SLYcer02g04390.1,SLYcer10g00297.1,SLYcer02g04394.1,SLYcer03g04732.1,SLYcer03g02023.1,SLYcer12g04612.1,SLYcer08g06447.1,SLYcer05g00544.1,SLYcer01g07993.1,SLYcer12g04613.1	Capang01g000809,Capang03g001253,Capang03g002748,Capang01g002662,Capang01g004904,Capang03g001065,Capang01g003308,Capang07g001893,Capang07g002084,Capang07g001897,Capang01g000815,Capang02g001914,Capang04g001771,Capang00g000344,Capang09g000236,Capang04g002485,Capang04g002244,Capang07g001880,Capang00g005097,Capang09g000330,Capang02g001933,Capang03g000998,Capang09g001158,Capang12g002278,Capang02g001905,Capang00g003030,Capang00g001805,Capang06g002510,Capang07g000253,Capang07g001896,Capang02g001915,Capang03g003824,Capang03g002721,Capang04g001184,Capang09g000128,Capang03g002747,Capang02g002019,Capang03g000649,Capang04g000703,Capang12g001127,Capang02g001536,Capang02g002965,Capang06g001009,Capang12g000562,Capang07g001900,Capang08g000345,Capang06g000979,Capang07g001324,Capang04g002212,Capang09g001554,Capang02g001935,Capang00g005478,Capang02g002061,Capang00g005306,Capang09g000508,Capang01g000573,Capang04g000944,Capang12g000841,Capang02g002910,Capang07g000132,Capang03g001174,Capang02g001769,Capang07g002243,Capang01g003954,Capang07g001895,Capang12g001763,Capang09g001184,Capang01g005081,Capang09g001721,Capang07g001891,Capang00g002464,Capang03g001250,Capang11g001484,Capang04g002213,Capang07g001894,Capang02g002966,Capang00g001946,Capang06g001087,Capang12g001762,Capang03g001370,Capang02g002874,Capang03g001049,Capang01g001336,Capang01g003307,Capang08g000560,Capang03g001016,Capang02g001511,Capang00g000747,Capang04g002163,Capang09g001722,Capang03g000413,Capang01g001004,Capang07g002152,Capang03g000664,Capang02g002020,Capang12g002476,Capang07g001325,Capang07g001014,Capang04g001188,Capang02g002530,Capang08g001043,Capang09g000247,Capang00g005242,Capang04g001370,Capang01g000764,Capang12g001675,Capang02g001916,Capang11g001240,Capang04g001985,Capang04g002036,Capang02g001483,Capang00g000635,Capang01g000813,Capang08g000348,Capang01g000871,Capang01g000812,Capang07g000261,Capang00g000697,Capang10g000225,Capang10g000332,Capang03g001050,Capang06g001260,Capang07g001881,Capang02g002062,Capang07g000030,Capang02g002524,Capang03g000662,Capang02g001488,Capang01g003998,Capang11g000972,Capang02g001936,Capang07g000271,Capang09g001831,Capang07g000260,Capang02g001934,Capang00g005073,Capang09g001097,Capang11g002249,Capang07g000087,Capang12g001462,Capang03g001122,Capang00g005251
SG6110	1	1					Solyc01g090320.4.1		
SG13675	1	1					Solyc04g078230.1.1		
SG23196	1	1					Solyc08g008110.2.1		
SG24285	1	1					Solyc12g016000.1.1		
