OG	n_genes	n_species	Dom. pepper	Potato	S. Pennelli	S. pimp	Tomato	Tomato Cherry	Wild pepper
OG0	2	2			Sopen01g005060.1		Solyc01g009510.2.1		
OG420	2	2					Solyc05g025660.1.1	SLYcer05g02441.1	
OG10124	3	3				SPI04g04495.1	Solyc04g074050.4.1	SLYcer04g05022.1	
OG10565	3	3				SPI05g01982.1	Solyc08g044610.3.1	SLYcer05g01519.1	
OG10629	3	3				SPI05g04419.1	Solyc05g051540.3.1	SLYcer10g02544.1	
OG11092	3	3		PGSC0003DMP400006625	Sopen04g034700.1		Solyc04g081080.1.1		
OG11163	3	3		PGSC0003DMP400040148		SPI12g04496.1	Solyc12g056730.1.1		
OG11177	3	3		PGSC0003DMP400029483		SPI12g04938.1	Solyc12g098100.3.1		
OG12933	4	3				SPI06g00155.1	Solyc06g006020.3.1,Solyc06g006028.1.1	SLYcer08g03933.1	
OG12947	4	2					Solyc09g061570.1.1,Solyc09g061550.2.1	SLYcer09g03392.1,SLYcer09g03381.1	
OG12988	4	3			Sopen05g015040.1,Sopen05g015040.2	SPI05g02294.1	Solyc05g018300.3.1		
OG13126	4	4			Sopen03g029640.1	SPI03g04279.1	Solyc03g019980.2.1	SLYcer03g04220.1	
OG13170	4	3				SPI10g03729.1	Solyc10g078800.3.1	SLYcer10g05246.1,SLYcer10g05247.1	
OG13288	4	4			Sopen11g019340.1	SPI11g02848.1	Solyc11g042990.2.1	SLYcer11g02788.1	
OG13306	4	4		PGSC0003DMP400012600	Sopen07g030190.1	SPI07g05950.1	Solyc07g061910.1.1		
OG13388	4	4		PGSC0003DMP400054176	Sopen07g029780.1		Solyc07g056410.3.1	SLYcer07g05158.1	
OG13412	4	4		PGSC0003DMP400046364		SPI06g02713.1	Solyc06g036190.1.1	SLYcer06g02913.1	
OG13779	4	4	Capana01g002293		Sopen01g020840.1		Solyc01g056690.4.1		Capang01g001988
OG14421	5	5		PGSC0003DMP400020641	Sopen05g030820.1	SPI05g04528.1	Solyc05g052270.3.1	SLYcer10g02440.1	
OG14524	5	5		PGSC0003DMP400042968	Sopen04g026880.1	SPI04g04063.1	Solyc04g064940.3.1	SLYcer04g04433.1	
OG14727	5	4		PGSC0003DMP400011521,PGSC0003DMP400020383	Sopen04g004220.1		Solyc04g009040.4.1	SLYcer04g00530.1	
OG14899	5	5	Capana12g002053	PGSC0003DMP400027752	Sopen12g016660.1	SPI12g03215.1	Solyc12g036330.1.1		
OG14916	5	5	Capana04g001267			SPI04g04322.1	Solyc04g071680.2.1	SLYcer04g04833.1	Capang04g001211
OG15069	5	4	Capana07g000578	PGSC0003DMP400048344,PGSC0003DMP400048345			Solyc07g008790.3.1		Capang07g000602
OG15264	6	3		PGSC0003DMP400030947,PGSC0003DMP400030945		SPI04g04493.1	Solyc04g074000.3.1,Solyc04g074030.3.1,Solyc04g074020.2.1		
OG15589	6	6	Capana01g003862		Sopen08g004800.1	SPI08g00600.1	Solyc08g013940.3.1	SLYcer08g00629.1	Capang08g000782
OG15624	6	6	Capana03g000038	PGSC0003DMP400016150	Sopen03g041600.1	SPI03g05541.1	Solyc03g123860.4.1	SLYcer03g05514.1	
OG15648	6	6	Capana09g001097	PGSC0003DMP400015077	Sopen09g025680.1	SPI09g03467.1	Solyc09g064520.3.1	SLYcer09g03570.1	
OG15658	6	6		PGSC0003DMP400011126	Sopen01g030750.1	SPI01g06512.1	Solyc01g080770.3.1	SLYcer01g06212.1	Capang01g002773
OG15684	6	6	Capana09g002110		Sopen09g002380.1	SPI09g00245.1	Solyc09g007510.3.1	SLYcer09g00346.1	Capang09g001632
OG15775	6	6	Capana08g000570		Sopen08g020520.1	SPI08g04959.1	Solyc08g066650.3.1	SLYcer08g05067.1	Capang01g003184
OG15827	6	6	Capana00g002859		Sopen01g040220.1	SPI01g07374.1	Solyc01g096490.3.1	SLYcer01g07898.1	Capang00g003831
OG15843	6	6	Capana03g000648		Sopen03g037390.1	SPI03g05102.1	Solyc03g118510.3.1	SLYcer03g05043.1	Capang03g000674
OG15918	6	6	Capana07g002166		Sopen07g031130.1	SPI07g06049.1	Solyc07g062940.4.1	SLYcer07g05330.1	Capang07g002186
OG15923	6	6	Capana03g001696		Sopen03g028110.1	SPI03g04048.1	Solyc03g097350.4.1	SLYcer03g03990.1	Capang03g001638
OG15952	6	6	Capana11g000453	PGSC0003DMP400005382	Sopen11g029350.1	SPI11g04135.1	Solyc11g071680.2.1	SLYcer11g04068.1	
OG16037	6	6	Capana03g001763		Sopen03g027640.1	SPI03g03998.1	Solyc03g096890.3.1	SLYcer03g03939.1	Capang03g001691
OG16122	6	5		PGSC0003DMP400040263,PGSC0003DMP400040264		SPI11g01390.1	Solyc11g020260.3.1	SLYcer11g01263.1	Capang09g001690
OG16154	6	6	Capana07g001917	PGSC0003DMP400030204	Sopen07g029180.1	SPI07g05832.1	Solyc07g055810.3.1		Capang07g001909
OG16711	7	7	Capana03g002487	PGSC0003DMP400054040	Sopen03g003040.1	SPI03g00518.1	Solyc03g007050.3.1	SLYcer03g00300.1	Capang03g002403
OG16735	7	6	Capana08g000468	PGSC0003DMP400050749,PGSC0003DMP400050750	Sopen08g020310.1	SPI08g04943.1	Solyc08g066490.3.1	SLYcer08g05050.1	
OG16775	7	7	Capana00g002267	PGSC0003DMP400004764	Sopen09g004230.1	SPI09g00488.1	Solyc09g009490.4.1	SLYcer09g00600.1	Capang09g001901
OG16800	7	7	Capana01g002203	PGSC0003DMP400069225	Sopen01g006720.1	SPI01g01048.1	Solyc01g010900.3.1	SLYcer01g00990.1	Capang01g001908
OG16809	7	7	Capana10g000622	PGSC0003DMP400032896	Sopen10g005170.1	SPI10g00570.1	Solyc10g009390.3.1	SLYcer10g00705.1	Capang10g000475
OG16850	7	7	Capana07g000065	PGSC0003DMP400047759	Sopen07g002730.1	SPI07g00365.1	Solyc07g006620.4.1	SLYcer07g00296.1	Capang07g000018
OG16928	7	7	Capana05g000345	PGSC0003DMP400048246	Sopen04g005700.1	SPI04g00728.1	Solyc04g011520.3.1	SLYcer04g00914.1	Capang05g000301
OG16943	7	7	Capana03g002043	PGSC0003DMP400016037	Sopen03g003240.1	SPI03g00540.1	Solyc03g007270.3.1	SLYcer03g00321.1	Capang03g001936
OG16947	7	7	Capana09g002160	PGSC0003DMP400036310	Sopen09g002600.1	SPI09g00275.1	Solyc09g007750.4.1	SLYcer09g00368.1	Capang09g001668
OG17001	7	7	Capana12g001020	PGSC0003DMP400001410	Sopen01g051780.1	SPI01g08572.1	Solyc01g109590.3.1	SLYcer01g08350.1	Capang01g005060
OG17033	7	7	Capana09g000081	PGSC0003DMP400038085	Sopen09g011120.1	SPI09g01506.1	Solyc09g018280.1.1	SLYcer09g01644.1	Capang09g000078
OG17051	7	7	Capana09g001691	PGSC0003DMP400058986	Sopen09g005940.1	SPI09g00901.1	Solyc09g011200.2.1	SLYcer09g00991.1	Capang09g001270
OG17080	7	7	Capana09g000232	PGSC0003DMP400000707	Sopen12g003450.1	SPI12g00422.1	Solyc12g008500.2.1	SLYcer12g00391.1	Capang09g000225
OG17094	7	7	Capana05g002561	PGSC0003DMP400040590	Sopen05g034590.1	SPI05g04960.1	Solyc05g056200.1.1	SLYcer10g02017.1	Capang05g002109
OG17100	7	7	Capana01g003597	PGSC0003DMP400036980	Sopen01g002830.1	SPI01g00388.1	Solyc01g006840.3.1	SLYcer01g00366.1	Capang08g000525
OG17151	7	7	Capana00g001767	PGSC0003DMP400004771	Sopen09g004120.1	SPI09g00474.1	Solyc09g009380.3.1	SLYcer09g00586.1	Capang09g001878
OG17154	7	7	Capana06g001203	PGSC0003DMP400008609	Sopen06g022240.1	SPI06g03930.1	Solyc06g062790.3.1	SLYcer06g04063.1	Capang06g001160
OG17159	7	7	Capana03g000003	PGSC0003DMP400016225	Sopen03g041780.1	SPI03g05563.1	Solyc03g124050.3.1	SLYcer03g05535.1	Capang03g000002
OG17191	7	7	Capana04g002860	PGSC0003DMP400023695	Sopen03g001370.1	SPI03g00222.1	Solyc03g005330.1.1	SLYcer03g00059.1	Capang04g002463
OG17200	7	7	Capana00g004092	PGSC0003DMP400043506	Sopen04g028090.1	SPI04g04364.1	Solyc04g072037.1.1	SLYcer04g04881.1	Capang03g000034
OG17213	7	7	Capana06g002848	PGSC0003DMP400035710	Sopen06g002350.1	SPI06g00203.1	Solyc06g007430.3.1	SLYcer06g00425.1	Capang06g002628
OG17277	7	7	Capana01g001859	PGSC0003DMP400025949	Sopen01g004790.1	SPI01g00629.1	Solyc01g009300.3.1	SLYcer01g00596.1	Capang01g001577
OG17310	7	7	Capana09g000174	PGSC0003DMP400000549	Sopen12g003950.1	SPI12g00474.1	Solyc12g009020.2.1	SLYcer12g00445.1	Capang09g000169
OG17372	7	7	Capana03g000051	PGSC0003DMP400016192	Sopen03g041560.1	SPI03g05536.1	Solyc03g123800.3.1	SLYcer03g05509.1	Capang03g000047
OG17374	7	7	Capana09g002053	PGSC0003DMP400041348	Sopen09g001830.1	SPI09g00183.1	Solyc09g005970.1.1	SLYcer09g00279.1	Capang09g001588
OG17405	7	7	Capana06g001048	PGSC0003DMP400050167	Sopen06g026200.1	SPI06g04385.1	Solyc06g068910.3.1	SLYcer06g04527.1	Capang06g001003
OG17407	7	7	Capana07g000727	PGSC0003DMP400016897	Sopen07g005970.1	SPI07g00916.1	Solyc07g017230.3.1	SLYcer07g00892.1	Capang07g000761
OG17408	7	7	Capana01g003533	PGSC0003DMP400007415	Sopen04g020890.1	SPI04g03080.1	Solyc04g050170.4.1	SLYcer04g03355.1	Capang04g002316
OG17414	7	7	Capana06g001669	PGSC0003DMP400030704	Sopen06g020610.1	SPI06g03790.1	Solyc06g060490.3.1	SLYcer06g03913.1	Capang06g001567
OG17435	7	7	Capana06g000533	PGSC0003DMP400021240	Sopen06g031460.1	SPI06g04929.1	Solyc06g075030.1.1	SLYcer06g05068.1	Capang00g003855
OG17441	7	7	Capana04g001637	PGSC0003DMP400014026	Sopen04g032500.1	SPI04g04996.1	Solyc04g078900.3.1	SLYcer04g05500.1	Capang04g001552
OG17442	7	7	Capana01g003710	PGSC0003DMP400055675	Sopen08g009470.1	SPI08g04206.1	Solyc08g059730.1.1	SLYcer08g04302.1	Capang08g000629
OG17471	7	7	Capana04g000312	PGSC0003DMP400007945	Sopen08g020230.1	SPI08g04932.1	Solyc08g066420.1.1	SLYcer08g05038.1	Capang04g000286
OG17491	7	7	Capana03g003420	PGSC0003DMP400006759	Sopen09g028600.1	SPI09g03980.1	Solyc09g072810.3.1	SLYcer09g04190.1	Capang03g003359
OG17512	7	7	Capana02g003037	PGSC0003DMP400043303	Sopen02g037500.1	SPI02g04610.1	Solyc02g092940.3.1	SLYcer02g05689.1	Capang02g002750
OG17525	7	6	Capana06g000172	PGSC0003DMP400034849	Sopen06g034880.2,Sopen06g034880.1	SPI06g05303.1	Solyc06g083500.4.1		Capang06g000149
OG17560	7	7	Capana01g001325	PGSC0003DMP400000304	Sopen01g037840.1	SPI01g07126.1	Solyc01g094020.3.1	SLYcer01g06876.1	Capang01g001145
OG17580	7	7	Capana01g002720	PGSC0003DMP400012073	Sopen01g030210.1	SPI01g06250.1	Solyc01g068270.3.1	SLYcer01g05957.1	Capang01g002383
OG17593	7	7	Capana01g002897	PGSC0003DMP400059841	Sopen01g031250.1	SPI01g06370.1	Solyc01g079480.3.1	SLYcer01g06074.1	Capang01g002600
OG17604	7	7	Capana08g000962	PGSC0003DMP400000138	Sopen01g038720.1	SPI01g07220.1	Solyc01g094940.4.1	SLYcer01g06971.1	Capang01g003542
OG17742	7	7	Capana06g000421	PGSC0003DMP400052927	Sopen06g032510.1	SPI06g05047.1	Solyc06g076100.3.1	SLYcer06g05166.1	Capang06g000393
OG17743	7	7	Capana03g001520	PGSC0003DMP400054053	Sopen03g028850.1	SPI03g04200.1	Solyc03g098150.3.1	SLYcer03g04137.1	Capang03g001444
OG17828	7	7	Capana02g002330	PGSC0003DMP400030997	Sopen02g026300.1	SPI02g03452.1	Solyc02g081690.1.1	SLYcer02g04556.1	Capang02g002082
OG17841	7	7	Capana02g003057	PGSC0003DMP400017360	Sopen02g037670.1	SPI02g04625.1	Solyc02g093100.3.1	SLYcer02g05705.1	Capang02g002769
OG17848	7	7	Capana03g002352	PGSC0003DMP400025168	Sopen03g004870.1	SPI03g00714.1	Solyc03g026040.4.1	SLYcer03g00495.1	Capang03g002257
OG17849	7	7	Capana04g000253	PGSC0003DMP400006634	Sopen04g034800.1	SPI04g05224.1	Solyc04g081190.3.1	SLYcer04g05723.1	Capang04g000232
OG17852	7	7	Capana05g002466	PGSC0003DMP400040433	Sopen05g033840.1	SPI05g04882.1	Solyc05g055400.4.1	SLYcer10g02093.1	Capang05g002012
OG17886	7	7	Capana00g004875	PGSC0003DMP400054567	Sopen06g023530.1	SPI06g04058.1	Solyc06g065020.3.1	SLYcer06g04191.1	Capang06g000588
OG17903	7	7	Capana03g003076	PGSC0003DMP400003679	Sopen03g013070.1	SPI03g02375.1	Solyc03g059020.3.1	SLYcer03g02249.1	Capang03g002976
OG17952	7	7	Capana01g003182	PGSC0003DMP400006119	Sopen01g028710.1	SPI01g05949.1	Solyc01g067020.4.1	SLYcer01g05772.1	Capang08g000124
OG17966	7	7	Capana09g000631	PGSC0003DMP400013771	Sopen12g006170.1	SPI12g00692.1	Solyc12g010800.2.1	SLYcer12g00673.1	Capang09g000566
OG17982	7	7	Capana03g000681	PGSC0003DMP400010131	Sopen03g038340.1	SPI03g05211.1	Solyc03g119490.4.1	SLYcer03g05150.1	Capang03g000623
OG17985	7	7	Capana10g001966	PGSC0003DMP400048950	Sopen10g032970.1	SPI10g04183.1	Solyc10g083500.2.1	SLYcer10g05654.1	Capang10g001730
OG18067	7	7	Capana09g000355	PGSC0003DMP400001978	Sopen12g002830.1	SPI12g00342.1	Solyc12g006860.2.1	SLYcer12g00315.1	Capang09g000334
OG18069	7	7	Capana09g000444	PGSC0003DMP400050174	Sopen12g002370.1	SPI12g00296.1	Solyc12g006430.3.1	SLYcer12g00261.1	Capang09g000396
OG18073	7	7	Capana01g000206	PGSC0003DMP400021833	Sopen08g029590.1	SPI08g06251.1	Solyc08g081280.3.1	SLYcer08g06342.1	Capang01g000196
OG18108	7	7	Capana03g000831	PGSC0003DMP400042691	Sopen03g034600.1	SPI03g04808.1	Solyc03g115610.3.1	SLYcer03g04752.1	Capang03g000761
OG18154	7	7	Capana03g001299	PGSC0003DMP400026600	Sopen03g030790.1	SPI03g04396.1	Solyc03g111670.3.1	SLYcer03g04340.1	Capang03g001238
OG18196	7	7	Capana07g002306	PGSC0003DMP400038451	Sopen07g033010.1	SPI07g06239.1	Solyc07g064820.1.1	SLYcer07g05521.1	Capang07g002303
OG18230	7	7	Capana03g000543	PGSC0003DMP400024881	Sopen03g036460.1	SPI03g05006.1	Solyc03g117550.1.1	SLYcer03g04949.1	Capang03g000497
OG18252	7	7	Capana02g003640	PGSC0003DMP400035088	Sopen02g038730.1	SPI02g04728.1	Solyc02g094110.1.1	SLYcer02g05807.1	Capang02g003358
OG18278	7	7	Capana03g004479	PGSC0003DMP400029979	Sopen09g033180.1	SPI09g04614.1	Solyc09g090280.3.1	SLYcer09g04950.1	Capang00g001527
OG18337	7	7	Capana06g000830	PGSC0003DMP400046795	Sopen06g028710.1	SPI06g04649.1	Solyc06g072340.3.1	SLYcer06g04789.1	Capang06g000781
OG18362	7	7	Capana00g000992	PGSC0003DMP400046694	Sopen06g029930.1	SPI06g04769.1	Solyc06g073570.4.1	SLYcer06g04912.1	Capang04g000463
OG18368	7	7	Capana00g004747	PGSC0003DMP400055807	Sopen06g026950.1	SPI06g04473.1	Solyc06g069650.4.1	SLYcer06g04614.1	Capang06g000983
OG18411	7	7	Capana01g001377	PGSC0003DMP400045024	Sopen01g036930.1	SPI01g07073.1	Solyc01g091180.4.1	SLYcer01g06787.1	Capang01g001199
OG18439	7	7	Capana08g002016	PGSC0003DMP400022298	Sopen01g047620.1	SPI01g08132.1	Solyc01g105080.2.1	SLYcer01g07128.1	Capang01g004579
OG18456	7	7	Capana08g002789	PGSC0003DMP400032461	Sopen01g054000.1	SPI01g08802.1	Solyc01g111950.4.1	SLYcer01g08573.1	Capang01g005372
OG18464	7	7	Capana08g002492	PGSC0003DMP400043669	Sopen01g051340.1	SPI01g08525.1	Solyc01g109140.3.1	SLYcer01g08303.1	Capang01g005014
OG18525	7	7	Capana03g001062	PGSC0003DMP400043961	Sopen03g032490.1	SPI03g04570.1	Solyc03g113440.3.1	SLYcer03g04521.1	Capang03g001017
OG18534	7	7	Capana07g001399	PGSC0003DMP400033981	Sopen07g021030.1	SPI07g04321.1	Solyc07g041500.3.1	SLYcer07g03598.1	Capang07g001431
OG18575	7	7	Capana04g001750	PGSC0003DMP400021872	Sopen03g014400.1	SPI03g02472.1	Solyc03g059490.1.1	SLYcer03g02344.1	Capang04g001623
OG18636	7	7	Capana00g004627	PGSC0003DMP400022891	Sopen03g013500.1	SPI03g02544.1	Solyc03g062660.4.1	SLYcer03g02419.1	Capang07g001835
OG18639	7	7	Capana07g001945	PGSC0003DMP400030222	Sopen07g029320.1	SPI07g05847.1	Solyc07g055970.1.1	SLYcer07g05109.1	Capang07g001942
OG18674	7	7	Capana04g000571	PGSC0003DMP400013977	Sopen04g032170.1	SPI04g04964.1	Solyc04g078590.3.1	SLYcer04g05467.1	Capang04g000516
OG18735	7	7	Capana07g001768	PGSC0003DMP400016577	Sopen07g027550.1	SPI07g05603.1	Solyc07g053600.3.1	SLYcer07g04878.1	Capang07g001769
OG18775	7	7	Capana02g002875	PGSC0003DMP400053304	Sopen02g036090.1	SPI02g04464.1	Solyc02g091470.3.1	SLYcer02g05544.1	Capang02g002598
OG18783	7	7	Capana03g004639	PGSC0003DMP400052540	Sopen09g031650.1	SPI09g04437.1	Solyc09g082800.3.1	SLYcer09g04782.1	Capang03g004433
OG18810	7	6	Capana04g001931	PGSC0003DMP400050574	Sopen11g008260.2,Sopen11g008260.1	SPI11g01023.1	Solyc11g013240.3.1		Capang04g001721
OG18837	7	7	Capana08g001815	PGSC0003DMP400043140	Sopen01g045780.1	SPI01g07951.1	Solyc01g103430.4.1	SLYcer01g07313.1	Capang01g004383
OG18843	7	7	Capana12g002344	PGSC0003DMP400047538	Sopen11g003380.1	SPI11g00503.1	Solyc11g007540.2.1	SLYcer11g00355.1	Capang12g002020
OG18865	7	7	Capana12g000713	PGSC0003DMP400027009	Sopen12g030710.1	SPI12g04660.1	Solyc12g088820.2.1	SLYcer12g04701.1	Capang12g000597
OG18931	7	7	Capana03g001606	PGSC0003DMP400056215	Sopen03g028640.1	SPI03g04179.1	Solyc03g097920.1.1	SLYcer03g04116.1	Capang03g001553
OG18981	7	7	Capana02g001337	PGSC0003DMP400036642	Sopen02g018730.1	SPI02g02662.1	Solyc02g069600.3.1	SLYcer02g03766.1	Capang02g001174
OG18993	7	7	Capana05g002412	PGSC0003DMP400040689	Sopen05g033350.1	SPI05g04826.1	Solyc05g054890.4.1	SLYcer10g02158.1	Capang05g001962
OG18997	7	7	Capana07g002413	PGSC0003DMP400038574	Sopen07g034050.1	SPI07g06341.1	Solyc07g065860.3.1	SLYcer07g05622.1	Capang07g002411
OG19000	7	7	Capana07g001983	PGSC0003DMP400030323	Sopen07g029520.1	SPI07g05868.1	Solyc07g056160.4.1	SLYcer07g05129.1	Capang07g001979
OG19006	7	7	Capana07g001595	PGSC0003DMP400045361	Sopen07g026720.1	SPI07g05548.1	Solyc07g053170.4.1	SLYcer07g04826.1	Capang07g001580
OG19065	7	7	Capana03g002662	PGSC0003DMP400039797	Sopen03g025500.1	SPI03g03772.1	Solyc03g095510.3.1	SLYcer03g03698.1	Capang03g002562
OG19068	7	7	Capana03g004216	PGSC0003DMP400037466	Sopen09g036220.1	SPI09g04966.1	Solyc09g098290.3.1	SLYcer09g05277.1	Capang03g004044
OG19078	7	7	Capana07g002348	PGSC0003DMP400038406	Sopen07g033450.1	SPI07g06282.1	Solyc07g065240.3.1	SLYcer07g05566.1	Capang07g002342
OG19095	7	7	Capana11g000067	PGSC0003DMP400014236	Sopen11g028300.1	SPI11g04017.1	Solyc11g069590.2.1	SLYcer11g03951.1	Capang11g000063
OG19098	7	7	Capana11g000392	PGSC0003DMP400005400	Sopen11g029550.1	SPI11g04154.1	Solyc11g071880.3.1	SLYcer11g04088.1	Capang11g000381
OG19138	7	7	Capana08g002737	PGSC0003DMP400010976	Sopen01g053610.1	SPI01g08759.1	Solyc01g111570.3.1	SLYcer01g08533.1	Capang01g005321
OG19166	7	7	Capana08g002311	PGSC0003DMP400044646	Sopen01g049840.1	SPI01g08387.1	Solyc01g107650.3.1	SLYcer01g08159.1	Capang01g004859
OG19180	7	7	Capana12g001551	PGSC0003DMP400028983	Sopen04g023150.1	SPI04g03483.1	Solyc04g051800.3.1	SLYcer04g03767.1	Capang12g001290
OG19181	7	7	Capana12g002916	PGSC0003DMP400040315	Sopen05g034860.1	SPI05g04985.1	Solyc05g056470.1.1	SLYcer10g01992.1	Capang12g002560
OG19199	7	7	Capana12g001746	PGSC0003DMP400021220	Sopen04g022260.1	SPI04g03296.1	Solyc04g050970.3.1	SLYcer04g03572.1	Capang12g001365
OG19309	7	7	Capana12g001867	PGSC0003DMP400034235	Sopen04g022890.1	SPI04g03449.1	Solyc04g051510.1.1	SLYcer04g03730.1	Capang12g001528
OG19348	7	7	Capana00g004284	PGSC0003DMP400013529	Sopen11g015750.1	SPI11g02497.1	Solyc11g033270.2.1	SLYcer11g02466.1	Capang00g001524
OG19446	7	6	Capana01g000696	PGSC0003DMP400045563,PGSC0003DMP400045562	Sopen08g026500.1	SPI08g05914.1	Solyc08g077990.3.1		Capang01g000635
OG19474	7	6	Capana02g002957	PGSC0003DMP400037156,PGSC0003DMP400037157	Sopen02g036830.1	SPI02g04541.1	Solyc02g092250.3.1		Capang02g002682
OG19879	8	7	Capana06g001197	PGSC0003DMP400008693	Sopen06g022280.1,Sopen06g022280.2	SPI06g03934.1	Solyc06g062820.4.1	SLYcer06g04068.1	Capang06g001156
OG19913	8	7	Capana03g002850	PGSC0003DMP400058370	Sopen12g009980.1	SPI12g01310.1,SPI12g01306.1	Solyc12g019680.1.1	SLYcer12g01271.1	Capang03g002843
OG20008	8	7	Capana05g001071	PGSC0003DMP400003412	Sopen04g001180.1	SPI04g00088.1	Solyc04g005170.1.1	SLYcer04g00135.1	Capang05g000906,Capang05g000907
OG20009	8	7	Capana10g000787,Capana10g000788	PGSC0003DMP400032906	Sopen10g005140.1	SPI10g00565.1	Solyc10g009350.4.1	SLYcer10g00700.1	Capang10g000607
OG20015	8	6		PGSC0003DMP400013510,PGSC0003DMP400013509,PGSC0003DMP400056175	Sopen08g019890.1	SPI08g04904.1	Solyc08g066210.3.1	SLYcer08g05013.1	Capang08g000768
OG20020	8	7	Capana07g000113	PGSC0003DMP400019825,PGSC0003DMP400019826	Sopen07g002050.1	SPI07g00274.1	Solyc07g005920.3.1	SLYcer07g00207.1	Capang07g000121
OG20027	8	7	Capana08g000068	PGSC0003DMP400028659,PGSC0003DMP400028658	Sopen01g003660.1	SPI01g00482.1	Solyc01g008110.4.1	SLYcer01g00457.1	Capang08g000066
OG20036	8	7	Capana06g000623	PGSC0003DMP400010508,PGSC0003DMP400010507	Sopen06g030600.1	SPI06g04838.1	Solyc06g074180.3.1	SLYcer06g04971.1	Capang06g000572
OG20049	8	7	Capana05g000707	PGSC0003DMP400046488,PGSC0003DMP400046487	Sopen04g003810.1	SPI04g00467.1	Solyc04g008650.4.1	SLYcer04g00494.1	Capang05g000601
OG20074	8	7	Capana01g004107	PGSC0003DMP400026158,PGSC0003DMP400026159	Sopen08g002080.1	SPI08g00198.1	Solyc08g006110.4.1	SLYcer08g00262.1	Capang08g000993
OG20112	8	7	Capana00g002643	PGSC0003DMP400053228,PGSC0003DMP400053227	Sopen05g004620.1	SPI05g00565.1	Solyc05g008860.4.1	SLYcer05g00531.1	Capang01g000801
OG20123	8	6	Capana04g000785,Capana06g001359	PGSC0003DMP400008844	Sopen04g030680.1,Sopen00g008200.1		Solyc04g077010.4.1	SLYcer04g05310.1	Capang04g000748
OG20152	8	7	Capana01g001808	PGSC0003DMP400039369,PGSC0003DMP400039370	Sopen01g004470.1	SPI01g00596.1	Solyc01g008980.3.1	SLYcer01g00561.1	Capang01g001516
OG20168	8	7	Capana01g003194	PGSC0003DMP400020042,PGSC0003DMP400020043	Sopen01g028470.1	SPI01g05924.1	Solyc01g066870.3.1	SLYcer01g05750.1	Capang08g000136
OG20213	8	7	Capana06g000267	PGSC0003DMP400053034,PGSC0003DMP400053033	Sopen06g034010.1	SPI06g05209.1	Solyc06g082610.4.1	SLYcer06g05318.1	Capang06g000255
OG20219	8	7	Capana04g000551	PGSC0003DMP400014087,PGSC0003DMP400014086	Sopen04g032440.1	SPI04g04990.1	Solyc04g078840.3.1	SLYcer04g05494.1	Capang04g000502
OG20250	8	7	Capana09g000067	PGSC0003DMP400013915,PGSC0003DMP400013916	Sopen12g005110.1	SPI12g00629.1	Solyc12g010220.3.1	SLYcer12g00602.1	Capang09g000062
OG20257	8	7	Capana05g000833	PGSC0003DMP400027449,PGSC0003DMP400027450	Sopen11g005790.1	SPI11g00763.1	Solyc11g011020.2.1	SLYcer11g00623.1	Capang00g000308
OG20263	8	7	Capana08g001958	PGSC0003DMP400041078,PGSC0003DMP400041079	Sopen01g047040.1	SPI01g08076.1	Solyc01g104530.3.1	SLYcer01g07183.1	Capang01g004520
OG20280	8	7	Capana09g001727	PGSC0003DMP400041968,PGSC0003DMP400041967	Sopen09g006050.1	SPI09g00919.1	Solyc09g011330.3.1	SLYcer09g01009.1	Capang09g001293
OG20286	8	7	Capana11g001632	PGSC0003DMP400030825,PGSC0003DMP400030824	Sopen05g003080.1	SPI05g00382.1	Solyc05g007120.4.1	SLYcer05g00347.1	Capang11g001588
OG20298	8	7	Capana01g000062	PGSC0003DMP400021668,PGSC0003DMP400021667	Sopen08g031200.1	SPI08g06422.1	Solyc08g082980.2.1	SLYcer08g06517.1	Capang01g000055
OG20329	8	7	Capana02g002169	PGSC0003DMP400003722,PGSC0003DMP400003721	Sopen02g025030.1	SPI02g03321.1	Solyc02g080330.4.1	SLYcer02g04421.1	Capang04g002022
OG20349	8	7	Capana03g002403	PGSC0003DMP400025119,PGSC0003DMP400025120	Sopen03g005230.1	SPI03g00747.1	Solyc03g026340.4.1	SLYcer03g00525.1	Capang03g002325
OG20354	8	7	Capana00g003283	PGSC0003DMP400012930	Sopen06g004280.1	SPI06g00533.1	Solyc06g009640.2.1	SLYcer06g00694.1	Capang11g000762,Capang00g000656
OG20489	8	7	Capana08g000596	PGSC0003DMP400016973,PGSC0003DMP400016972	Sopen08g020850.1	SPI08g04992.1	Solyc08g066870.4.1	SLYcer08g05101.1	Capang09g000268
OG20510	8	7	Capana06g000398	PGSC0003DMP400052792,PGSC0003DMP400052793	Sopen06g032810.1	SPI06g05085.1	Solyc06g076400.3.1	SLYcer06g05199.1	Capang06g000371
OG20520	8	7	Capana03g002264	PGSC0003DMP400025195,PGSC0003DMP400058640	Sopen03g004460.1	SPI03g00663.1	Solyc03g025640.2.1	SLYcer03g00443.1	Capang03g002156
OG20686	8	7	Capana02g000866,Capana02g000858	PGSC0003DMP400043656	Sopen02g016150.1	SPI02g02370.1	Solyc02g066960.3.1	SLYcer02g03480.1	Capang02g000804
OG20724	8	7	Capana12g000136	PGSC0003DMP400008203,PGSC0003DMP400008204	Sopen12g034270.1	SPI12g05113.1	Solyc12g099600.2.1	SLYcer12g05163.1	Capang12g000109
OG20735	8	7	Capana08g002639	PGSC0003DMP400002986,PGSC0003DMP400002985	Sopen01g052610.1	SPI01g08661.1	Solyc01g110480.4.1	SLYcer01g08436.1	Capang01g005214
OG20773	8	7	Capana04g001382	PGSC0003DMP400063373,PGSC0003DMP400001525	Sopen04g027100.1	SPI04g04259.1	Solyc04g071150.3.1	SLYcer04g04778.1	Capang04g001316
OG20823	8	7	Capana03g001979	PGSC0003DMP400032317,PGSC0003DMP400032318	Sopen03g022770.1	SPI03g03387.1	Solyc03g082960.2.1	SLYcer03g03300.1	Capang03g001879
OG20873	8	7	Capana10g001837	PGSC0003DMP400018498,PGSC0003DMP400018497	Sopen10g033570.1	SPI10g04251.1	Solyc10g084110.2.1	SLYcer10g05718.1	Capang10g001606
OG21003	8	7	Capana11g000375	PGSC0003DMP400005350,PGSC0003DMP400005351	Sopen11g029640.1	SPI11g04163.1	Solyc11g071970.2.1	SLYcer11g04096.1	Capang11g000362
OG21047	8	7	Capana04g001193	PGSC0003DMP400047883,PGSC0003DMP400047882	Sopen04g028770.1	SPI04g04434.1	Solyc04g072570.3.1	SLYcer04g04956.1	Capang04g001139
OG21049	8	7	Capana06g001846	PGSC0003DMP400053628,PGSC0003DMP400053629	Sopen06g019550.1	SPI06g03659.1	Solyc06g054480.3.1	SLYcer06g03751.1	Capang06g001733
OG21069	8	7	Capana11g000098	PGSC0003DMP400014189,PGSC0003DMP400014188	Sopen11g027990.1	SPI11g03980.1	Solyc11g069260.2.1	SLYcer11g03918.1	Capang11g000092
OG21162	8	7	Capana11g002296	PGSC0003DMP400021194	Sopen02g027580.1	SPI07g04544.1	Solyc07g043120.1.1	SLYcer07g03828.1	Capang11g002189,Capang07g001129
OG21225	8	6	Capana02g001513,Capana01g001446	PGSC0003DMP400036683	Sopen02g019670.1		Solyc02g070580.1.1	SLYcer02g03859.1	Capang01g001268,Capang02g001330
OG21382	9	7	Capana02g002941	PGSC0003DMP400037144,PGSC0003DMP400009657	Sopen02g036670.1	SPI03g01257.1	Solyc03g043895.1.1,Solyc02g092090.3.1	SLYcer03g01057.1	Capang02g002666
OG21426	9	7	Capana08g000433	PGSC0003DMP400032803,PGSC0003DMP400032802	Sopen08g017000.2,Sopen08g017000.1	SPI08g04470.1	Solyc08g061560.3.1	SLYcer08g04572.1	Capang01g003044
OG21433	9	7	Capana05g000286	PGSC0003DMP400040822,PGSC0003DMP400040821	Sopen04g006260.1,Sopen04g006260.2	SPI04g00793.1	Solyc04g012170.4.1	SLYcer04g00983.1	Capang05g000243
OG21447	9	7	Capana01g003825	PGSC0003DMP400007947,PGSC0003DMP400007946	Sopen08g020260.1,Sopen08g020250.1	SPI08g04935.1	Solyc08g066430.1.1	SLYcer08g05043.1	Capang08g000760
OG21510	9	7	Capana08g002392	PGSC0003DMP400044714,PGSC0003DMP400044715	Sopen01g050440.2,Sopen01g050440.1	SPI01g08440.1	Solyc01g108210.4.1	SLYcer01g08215.1	Capang01g004936
OG21547	9	7	Capana12g000484	PGSC0003DMP400051013,PGSC0003DMP400051012	Sopen12g031900.1,Sopen12g031900.2	SPI12g04821.1	Solyc12g096010.3.1	SLYcer12g04862.1	Capang12g000404
OG21654	9	7	Capana02g000592	PGSC0003DMP400018403,PGSC0003DMP400018401,PGSC0003DMP400018402	Sopen02g014400.1	SPI02g02141.1	Solyc02g063330.3.1	SLYcer02g03260.1	Capang02g000515
OG21665	9	7	Capana02g003451	PGSC0003DMP400002521,PGSC0003DMP400002520,PGSC0003DMP400002522	Sopen02g032040.1	SPI02g04070.1	Solyc02g087280.3.1	SLYcer02g05135.1	Capang02g003175
OG21672	9	7	Capana02g002810	PGSC0003DMP400045799,PGSC0003DMP400045800,PGSC0003DMP400045801	Sopen02g030950.1	SPI02g03960.1	Solyc02g086270.4.1	SLYcer02g05034.1	Capang02g002537
OG21693	9	7	Capana04g000541	PGSC0003DMP400014020,PGSC0003DMP400014018,PGSC0003DMP400014019	Sopen04g032470.1	SPI04g04993.1	Solyc04g078870.4.1	SLYcer04g05497.1	Capang04g000498
OG21758	9	7	Capana00g004993	PGSC0003DMP400043920,PGSC0003DMP400043919,PGSC0003DMP400043918	Sopen04g025790.1	SPI04g03937.1	Solyc04g057930.4.1	SLYcer04g04300.1	Capang07g000815
OG21797	9	7	Capana08g000273	PGSC0003DMP400036125,PGSC0003DMP400036123,PGSC0003DMP400036126	Sopen08g016230.1	SPI08g04293.1	Solyc08g061130.3.1	SLYcer08g04393.1	Capang00g000806
OG21798	9	7	Capana07g001116	PGSC0003DMP400020833,PGSC0003DMP400020832,PGSC0003DMP400020831	Sopen07g023040.1	SPI07g04586.1	Solyc07g043460.3.1	SLYcer07g03874.1	Capang07g001156
OG21806	9	7	Capana03g003597	PGSC0003DMP400020170,PGSC0003DMP400020169,PGSC0003DMP400020168	Sopen09g029670.1	SPI09g04125.1	Solyc09g074830.3.1	SLYcer09g04318.1	Capang03g003497
OG22010	9	7	Capana03g001444	PGSC0003DMP400026685,PGSC0003DMP400026683,PGSC0003DMP400026684	Sopen03g029770.1	SPI03g04291.1	Solyc03g019850.3.1	SLYcer03g04232.1	Capang03g001376
OG22065	9	7	Capana04g001088,Capana04g002070	PGSC0003DMP400024562	Sopen11g010490.1	SPI11g01383.1	Solyc11g020230.1.1	SLYcer11g01253.1	Capang04g001017,Capang04g001016
OG22086	9	7	Capana02g003293,Capana02g003295	PGSC0003DMP400002624	Sopen02g033460.1	SPI02g04214.1	Solyc02g088750.2.1	SLYcer02g05289.1	Capang02g003037,Capang02g003036
OG22223	10	6	Capana00g002807	PGSC0003DMP400014552	Sopen02g019970.1,Sopen02g019990.1	SPI02g02795.1,SPI02g02793.1	Solyc02g070890.3.1,Solyc02g070910.3.1	SLYcer02g03893.1,SLYcer02g03895.1	
OG22420	10	7	Capana07g001954	PGSC0003DMP400030310,PGSC0003DMP400030312,PGSC0003DMP400030311	Sopen07g029730.1,Sopen07g029730.2	SPI07g05893.1	Solyc07g056350.3.1	SLYcer07g05151.1	Capang07g001948
OG22508	10	7	Capana06g000211	PGSC0003DMP400035014,PGSC0003DMP400035013,PGSC0003DMP400035016,PGSC0003DMP400035015	Sopen06g034600.1	SPI06g05268.1	Solyc06g083210.3.1	SLYcer06g05377.1	Capang06g000191
OG22527	10	7	Capana08g002359	PGSC0003DMP400044667,PGSC0003DMP400044666,PGSC0003DMP400044665,PGSC0003DMP400044668	Sopen01g050200.1	SPI01g08420.1	Solyc01g108000.3.1	SLYcer01g08194.1	Capang01g004903
OG22614	10	7	Capana04g002387,Capana04g002340	PGSC0003DMP400009480,PGSC0003DMP400009481	Sopen09g030530.1	SPI09g04209.1	Solyc09g075720.4.1	SLYcer09g04417.1	Capang04g002109,Capang04g002068
OG22647	10	7	Capana06g001102	PGSC0003DMP400049582,PGSC0003DMP400049581,PGSC0003DMP400049583	Sopen06g025770.1	SPI06g04341.1	Solyc06g068510.1.1	SLYcer06g04482.1	Capang06g001046,Capang00g002518
OG22658	10	7	Capana10g002154,Capana10g002153	PGSC0003DMP400048808,PGSC0003DMP400048809	Sopen10g031380.1	SPI10g03979.1	Solyc10g080870.3.1	SLYcer10g05479.1	Capang10g001910,Capang10g001909
OG22774	11	6	Capana05g002115		Sopen06g015200.3,Sopen06g015200.1,Sopen05g030740.1,Sopen06g015200.2	SPI05g04516.1	Solyc06g048890.4.1,Solyc05g052200.4.1	SLYcer10g02450.1,SLYcer06g03246.1	Capang05g001684
OG22828	11	7	Capana02g003210	PGSC0003DMP400002507	Sopen03g010660.1,Sopen02g034180.1	SPI03g01597.1,SPI02g04277.1	Solyc02g089420.1.1,Solyc03g046440.3.1	SLYcer03g01393.1,SLYcer02g05356.1	Capang02g002957
OG22837	11	7	Capana03g004588	PGSC0003DMP400010793	Sopen09g031970.1,Sopen09g031980.1	SPI09g04483.1,SPI09g04482.1	Solyc09g083090.4.1,Solyc09g083100.1.1	SLYcer09g04824.1,SLYcer09g04823.1	Capang03g004392
OG22990	11	7	Capana03g000145	PGSC0003DMP400004587,PGSC0003DMP400004586,PGSC0003DMP400004588,PGSC0003DMP400004589	Sopen03g040700.1,Sopen03g040700.2	SPI03g05448.1	Solyc03g121880.4.1	SLYcer03g05411.1	Capang03g000139
OG23014	11	7	Capana03g000716	PGSC0003DMP400010166,PGSC0003DMP400010168,PGSC0003DMP400010169,PGSC0003DMP400010167	Sopen03g038120.2,Sopen03g038120.3	SPI03g05179.1	Solyc03g119240.3.1	SLYcer12g03235.1	Capang03g000651
OG23134	11	7	Capana05g002332,Capana05g002339	PGSC0003DMP400029856,PGSC0003DMP400023155,PGSC0003DMP400029857	Sopen05g032360.1	SPI05g04709.1	Solyc05g053890.3.1	SLYcer10g02250.1	Capang05g001882,Capang05g001876
OG23201	12	7	Capana05g000419	PGSC0003DMP400020324,PGSC0003DMP400020301	Sopen04g005380.1,Sopen04g005390.1	SPI04g00634.1,SPI04g00635.1	Solyc04g010200.1.1,Solyc04g010210.1.1	SLYcer04g00660.1,SLYcer04g00659.1	Capang05g000338
OG23231	12	7	Capana03g002679	PGSC0003DMP400022697,PGSC0003DMP400054963	Sopen03g002310.1,Sopen02g022530.1	SPI03g00345.1,SPI02g03054.1	Solyc02g077630.3.1,Solyc03g006300.3.1	SLYcer03g00206.1,SLYcer02g04160.1	Capang03g002577
OG23239	12	7	Capana01g000961	PGSC0003DMP400034528,PGSC0003DMP400034529	Sopen08g023990.1,Sopen07g004230.1	SPI08g05636.1,SPI07g00576.1	Solyc07g008340.4.1,Solyc08g075360.3.1	SLYcer08g05751.1,SLYcer07g00526.1	Capang00g004220
OG23254	12	6	Capana02g002914	PGSC0003DMP400053338,PGSC0003DMP400053337,PGSC0003DMP400029173	Sopen03g007630.1,Sopen02g036420.1	SPI02g04496.1,SPI03g01237.1	Solyc02g091840.3.1,Solyc03g043770.4.1	SLYcer03g01038.1,SLYcer02g05580.1	
OG23266	12	7	Capana01g003516	PGSC0003DMP400046274,PGSC0003DMP400045211	Sopen10g012040.1,Sopen01g036040.1	SPI01g06943.1,SPI05g01276.1	Solyc10g038190.2.1,Solyc01g090240.3.1	SLYcer01g06687.1,SLYcer10g01845.1	Capang08g000471
OG23368	12	7	Capana08g001255,Capana03g004208	PGSC0003DMP400056551,PGSC0003DMP400033759	Sopen01g041100.1,Sopen09g036340.1	SPI01g07461.1,SPI09g04978.1	Solyc09g098410.3.1,Solyc01g097430.4.1	SLYcer09g05287.1	Capang01g003838
OG23383	12	7	Capana04g001611	PGSC0003DMP400016299,PGSC0003DMP400016298	Sopen11g009160.1	SPI11g01178.1,SPI11g01179.1	Solyc11g017280.2.1,Solyc11g017270.2.1	SLYcer11g01049.1,SLYcer11g01050.1	Capang04g001477,Capang04g001475
OG23394	12	7	Capana01g000795	PGSC0003DMP400003318,PGSC0003DMP400003316,PGSC0003DMP400003319	Sopen08g026130.1	SPI08g05866.1,SPI08g05875.1	Solyc08g077630.3.1,Solyc08g077560.4.1	SLYcer08g05977.1	Capang01g000718,Capang01g000717
OG23405	12	7	Capana04g002323,Capana02g002614	PGSC0003DMP400039127,PGSC0003DMP400006338	Sopen02g029080.1,Sopen03g006390.1	SPI03g01035.1	Solyc03g033610.1.1,Solyc02g084370.2.1	SLYcer03g00865.1	Capang02g002349,Capang04g002056
OG23421	12	7	Capana08g002837,Capana08g002299,Capana08g002836	PGSC0003DMP400025861,PGSC0003DMP400025860	Sopen01g054270.1	SPI01g08828.1,SPI02g00388.1	Solyc02g014040.1.1,Solyc01g112220.4.1	SLYcer01g08597.1	Capang01g005430
OG23425	12	7	Capana01g002936,Capana08g001459	PGSC0003DMP400015822	Sopen01g042540.1,Sopen01g031510.1	SPI01g07614.1,SPI01g06396.1	Solyc01g079750.3.1	SLYcer01g06101.1,SLYcer01g07655.1	Capang01g002639,Capang01g004022
OG23480	12	7	Capana04g000956,Capana07g000357	PGSC0003DMP400043859,PGSC0003DMP400043861,PGSC0003DMP400043860	Sopen06g011550.1,Sopen06g011560.1	SPI06g02836.1	Solyc06g035760.4.1	SLYcer06g02851.1	Capang04g000909,Capang07g000396
OG23509	12	7	Capana00g002159	PGSC0003DMP400011234,PGSC0003DMP400011235,PGSC0003DMP400011238,PGSC0003DMP400011239,PGSC0003DMP400011237,PGSC0003DMP400011236	Sopen01g033570.1	SPI01g06657.1	Solyc01g074010.4.1	SLYcer01g06389.1	Capang01g002574
OG23628	13	7	Capana10g002073	PGSC0003DMP400037016,PGSC0003DMP400048901	Sopen10g032420.1,Sopen01g003110.1	SPI10g04083.1,SPI01g00420.1	Solyc10g081910.2.1,Solyc01g007130.3.1	SLYcer10g05579.1,SLYcer01g00395.1	Capang08g000568,Capang10g001832
OG23655	13	6		PGSC0003DMP400040261,PGSC0003DMP400045239,PGSC0003DMP400045238,PGSC0003DMP400040262	Sopen11g010570.1,Sopen06g023760.1	SPI11g01392.1,SPI06g04084.1	Solyc06g065260.3.1,Solyc11g020280.2.1	SLYcer06g04218.1,SLYcer11g01265.1	Capang06g001294
OG23681	13	7	Capana05g002193	PGSC0003DMP400047272,PGSC0003DMP400029271,PGSC0003DMP400029272	Sopen05g031500.1,Sopen03g026890.1	SPI03g03968.1,SPI05g04605.1	Solyc05g052980.4.1,Solyc03g096670.3.1	SLYcer10g02367.1,SLYcer03g03908.1	Capang05g001748
OG23718	13	7	Capana04g000385,Capana03g002510	PGSC0003DMP400009132	Sopen04g033760.1,Sopen03g023400.1	SPI03g03457.1,SPI04g05111.1	Solyc03g083590.3.1,Solyc04g080170.3.1	SLYcer03g03371.1,SLYcer04g05615.1	Capang04g000358,Capang03g002429
OG23724	13	7	Capana02g002731,Capana04g000322	PGSC0003DMP400006450	Sopen02g029600.1,Sopen04g034240.1	SPI02g03817.1,SPI04g05167.1	Solyc04g080650.4.1,Solyc02g084930.3.1	SLYcer04g05667.1,SLYcer02g04892.1	Capang02g002454,Capang04g000294
OG23772	13	7	Capana11g000681,Capana08g001309	PGSC0003DMP400043995	Sopen11g030380.1,Sopen01g041370.1	SPI11g04249.1,SPI01g07492.1	Solyc11g072710.3.1,Solyc01g097770.4.1	SLYcer01g07781.1,SLYcer11g04177.1	Capang11g000617,Capang01g003894
OG23838	13	7	Capana11g000241	PGSC0003DMP400046134,PGSC0003DMP400046135,PGSC0003DMP400012617	Sopen11g026780.1,Sopen06g030940.1	SPI11g03836.1	Solyc06g074480.3.1,Solyc11g067070.1.1	SLYcer06g05005.1,SLYcer11g03771.1	Capang06g000538,Capang00g003524
OG23844	13	7	Capana05g001926,Capana03g002699	PGSC0003DMP400012829,PGSC0003DMP400032855	Sopen03g024120.1,Sopen05g030100.1	SPI05g04432.1	Solyc03g093330.4.1,Solyc05g051640.4.1	SLYcer10g02530.1,SLYcer03g03492.1	Capang05g001505,Capang03g002610
OG23855	13	7	Capana12g000730,Capana04g000591	PGSC0003DMP400027004,PGSC0003DMP400013993	Sopen12g030660.1,Sopen04g032300.1	SPI12g04655.1	Solyc04g078700.3.1,Solyc12g088750.2.1	SLYcer12g04696.1,SLYcer04g05479.1	Capang12g000611,Capang04g000534
OG23862	13	7	Capana01g000248,Capana08g000938	PGSC0003DMP400068917,PGSC0003DMP400021569	Sopen01g038530.1,Sopen08g029530.1	SPI08g06245.1,SPI01g07198.1	Solyc01g094750.4.1,Solyc08g081220.1.1	SLYcer08g06335.1	Capang01g000232,Capang01g003521
OG23873	13	7	Capana12g002105,Capana08g002466	PGSC0003DMP400049978,PGSC0003DMP400044974	Sopen01g051030.1,Sopen11g001980.1	SPI11g00354.1	Solyc11g006040.2.1,Solyc01g108840.3.1	SLYcer11g00198.1,SLYcer01g08278.1	Capang12g001795,Capang01g004992
OG23893	13	7	Capana02g002430,Capana02g000353	PGSC0003DMP400040115,PGSC0003DMP400002717,PGSC0003DMP400040114	Sopen02g012510.1,Sopen02g027180.1	SPI02g03556.1	Solyc02g038807.1.1,Solyc02g082490.4.1	SLYcer02g04639.1	Capang02g000298,Capang02g002171
OG23900	13	7	Capana04g001920,Capana05g000102	PGSC0003DMP400001732,PGSC0003DMP400047327	Sopen11g007810.1,Sopen04g007510.1	SPI04g01046.1,SPI11g01004.1	Solyc04g015460.4.1	SLYcer04g01315.1,SLYcer11g00858.1	Capang04g001715,Capang05g000105
OG23928	13	7	Capana07g000875	PGSC0003DMP400031389,PGSC0003DMP400031391,PGSC0003DMP400031390,PGSC0003DMP400031388,PGSC0003DMP400031387	Sopen07g020120.1,Sopen07g020120.3,Sopen07g020120.2	SPI07g04217.1	Solyc07g040990.4.1	SLYcer07g03497.1	Capang07g000992
OG23941	13	7	Capana00g000807	PGSC0003DMP400023558,PGSC0003DMP400030486,PGSC0003DMP400030484,PGSC0003DMP400030485,PGSC0003DMP400023557,PGSC0003DMP400030487	Sopen05g009940.2,Sopen05g009940.1	SPI05g01610.1	Solyc05g014760.3.1	SLYcer05g01159.1	Capang00g001339
OG24053	14	7	Capana05g001225,Capana07g000698	PGSC0003DMP400055690	Sopen05g013680.3,Sopen05g013680.2,Sopen07g019460.1	SPI07g04109.1,SPI05g01981.1	Solyc05g016410.3.1,Solyc07g040720.3.1	SLYcer05g01518.1,SLYcer07g03395.1	Capang07g000726,Capang05g001042
OG24137	14	7	Capana10g001888,Capana01g000634	PGSC0003DMP400039854,PGSC0003DMP400033687	Sopen10g005950.1,Sopen07g004550.1	SPI10g00682.1,SPI07g00624.1	Solyc07g008610.3.1,Solyc10g012190.3.1	SLYcer10g00807.1,SLYcer07g00576.1	Capang01g000575,Capang10g001667
OG24150	14	7	Capana02g002776	PGSC0003DMP400022442,PGSC0003DMP400022443,PGSC0003DMP400022444,PGSC0003DMP400022441	Sopen02g030560.1,Sopen02g030570.1	SPI02g03913.1,SPI02g03914.1	Solyc02g085880.3.1,Solyc02g094860.3.1	SLYcer02g04988.1,SLYcer02g04987.1	Capang02g002500
OG24183	14	7	Capana03g001258,Capana06g000921	PGSC0003DMP400026591,PGSC0003DMP400047018	Sopen06g028100.1,Sopen03g030900.1	SPI03g04410.1,SPI06g04592.1	Solyc03g111800.2.1,Solyc06g071810.1.1	SLYcer03g04353.1,SLYcer06g04731.1	Capang06g000863,Capang03g001205
OG24218	14	7	Capana02g000811,Capana02g003254	PGSC0003DMP400059682,PGSC0003DMP400002478	Sopen02g015970.1,Sopen02g033950.1	SPI02g02324.1,SPI02g04250.1	Solyc02g089160.3.1,Solyc02g065750.3.1	SLYcer02g05327.1,SLYcer02g03431.1	Capang02g000746,Capang02g003000
OG24236	14	7	Capana01g001047,Capana06g001547	PGSC0003DMP400003768,PGSC0003DMP400030588	Sopen06g021380.1,Sopen08g025540.1	SPI08g05803.1,SPI06g03866.1	Solyc06g061180.2.1,Solyc08g076960.1.1	SLYcer06g03992.1,SLYcer08g05912.1	Capang00g005212,Capang01g000897
OG24269	14	7	Capana12g000483,Capana08g000504	PGSC0003DMP400051011,PGSC0003DMP400051010	Sopen12g031910.1,Sopen08g018160.1	SPI08g04665.1,SPI12g04822.1	Solyc12g096020.3.1,Solyc08g062650.2.1	SLYcer12g04863.1,SLYcer08g04761.1	Capang12g000403,Capang01g003099
OG24281	14	7	Capana02g000357,Capana02g002436	PGSC0003DMP400002723,PGSC0003DMP400030528	Sopen02g027230.1,Sopen02g012570.1	SPI02g01887.1,SPI02g03561.1	Solyc02g082550.3.1,Solyc02g038813.1.1	SLYcer02g02974.1,SLYcer02g04644.1	Capang02g000301,Capang02g002177
OG24289	14	7	Capana06g001417,Capana05g002038	PGSC0003DMP400047116,PGSC0003DMP400048769	Sopen05g031120.1,Sopen06g017520.1	SPI06g03431.1,SPI05g04564.1	Solyc05g052590.1.1,Solyc06g051540.4.1	SLYcer10g02407.1,SLYcer06g03517.1	Capang05g001619,Capang06g001350
OG24303	14	7	Capana08g001263,Capana03g003227	PGSC0003DMP400033625,PGSC0003DMP400033626	Sopen01g041160.1,Sopen09g027320.1	SPI01g07466.1,SPI09g03675.1	Solyc01g097500.4.1,Solyc09g065570.4.1	SLYcer01g07808.1,SLYcer09g03752.1	Capang01g003846,Capang03g003139
OG24313	14	7	Capana04g001243,Capana12g001870	PGSC0003DMP400043496,PGSC0003DMP400034231	Sopen04g027900.1,Sopen04g022840.1	SPI04g04343.1,SPI04g03441.1	Solyc04g071920.2.1,Solyc04g051460.4.1	SLYcer04g04858.1,SLYcer04g03720.1	Capang12g001517,Capang04g001178
OG24354	14	7	Capana05g002156,Capana00g002485	PGSC0003DMP400005014,PGSC0003DMP400018221,PGSC0003DMP400018220	Sopen09g028200.1,Sopen01g044350.1	SPI01g07802.1,SPI09g03787.1	Solyc01g100850.3.1,Solyc09g066470.4.1	SLYcer01g07467.1	Capang01g004225,Capang03g003251
OG24359	14	7	Capana03g001913,Capana03g001911,Capana03g001912	PGSC0003DMP400005801,PGSC0003DMP400005799,PGSC0003DMP400005800	Sopen03g022170.1,Sopen03g022190.1	SPI03g03332.1,SPI03g03334.1	Solyc03g082470.4.1,Solyc03g082450.3.1	SLYcer03g03243.1	Capang03g001823
OG24382	14	7	Capana05g001622,Capana01g001237	PGSC0003DMP400024199,PGSC0003DMP400051459,PGSC0003DMP400051460	Sopen05g027880.1	SPI08g05238.1,SPI05g04111.1	Solyc05g047570.2.1,Solyc08g069170.3.1	SLYcer10g02855.1,SLYcer08g05352.1	Capang01g001074,Capang05g001311
OG24399	14	7	Capana08g002084	PGSC0003DMP400003193,PGSC0003DMP400056035,PGSC0003DMP400003192,PGSC0003DMP400056036	Sopen01g032870.1,Sopen01g048120.1	SPI01g06580.1,SPI01g08191.1	Solyc01g105670.3.1	SLYcer01g07952.1,SLYcer01g06304.1	Capang01g004640,Capang08g000217
OG24416	14	7	Capana05g001327,Capana00g002121	PGSC0003DMP400055215,PGSC0003DMP400055217,PGSC0003DMP400055216	Sopen01g032210.1,Sopen01g032210.3,Sopen01g032210.2	SPI05g02295.1,SPI01g06473.1	Solyc01g080400.3.1	SLYcer01g06173.1	Capang00g002610,Capang01g002735
OG24546	15	7	Capana07g002396,Capana09g001041	PGSC0003DMP400023342,PGSC0003DMP400031290	Sopen09g008450.1,Sopen09g013590.1,Sopen09g008450.2	SPI09g02076.1,SPI09g01209.1	Solyc09g015170.4.1,Solyc09g030450.3.1	SLYcer09g02168.1,SLYcer09g01355.1	Capang00g001324,Capang07g002394
OG24559	15	7	Capana06g001046,Capana03g000647,Capana06g001044	PGSC0003DMP400050138	Sopen06g026210.2,Sopen06g026210.3,Sopen03g037470.1	SPI06g04386.1,SPI03g05107.1	Solyc06g068920.3.1,Solyc03g118530.3.1	SLYcer03g05047.1,SLYcer06g04529.1	Capang06g001002,Capang03g000675
OG24586	15	7	Capana10g000402,Capana00g004572	PGSC0003DMP400031912,PGSC0003DMP400031913,PGSC0003DMP400037589	Sopen10g004310.1,Sopen07g028250.1	SPI07g05681.1,SPI10g00455.1	Solyc10g008490.3.1,Solyc07g054300.3.1	SLYcer07g04954.1,SLYcer10g00593.1	Capang04g002009,Capang10g000300
OG24614	15	7	Capana07g000852,Capana09g001992	PGSC0003DMP400015520,PGSC0003DMP400015519,PGSC0003DMP400033280	Sopen10g035870.1,Sopen09g005500.1	SPI09g00847.1,SPI10g04504.1	Solyc09g010780.3.1,Solyc10g086490.2.1	SLYcer10g05951.1,SLYcer09g00943.1	Capang09g001532,Capang07g000967
OG24641	15	7	Capana06g000284,Capana09g001339,Capana06g002849	PGSC0003DMP400035735,PGSC0003DMP400053003	Sopen06g033820.1,Sopen06g002360.1	SPI06g05193.1,SPI06g00204.1	Solyc06g082440.1.1,Solyc06g007440.4.1	SLYcer06g00426.1,SLYcer06g05302.1	Capang09g001057,Capang06g000274
OG24665	15	7	Capana10g002513,Capana00g004754	PGSC0003DMP400048856,PGSC0003DMP400012782,PGSC0003DMP400048857	Sopen10g031850.1,Sopen10g028610.1	SPI10g03637.1,SPI10g04030.1	Solyc10g081350.2.1,Solyc10g076920.3.1	SLYcer10g05154.1,SLYcer10g05525.1	Capang00g005463,Capang00g004069
OG24678	15	7	Capana12g002655,Capana05g000287	PGSC0003DMP400040891,PGSC0003DMP400040892,PGSC0003DMP400028221	Sopen04g006250.1,Sopen11g004930.1	SPI04g00792.1,SPI11g00677.1	Solyc11g010130.3.1,Solyc04g012160.4.1	SLYcer11g00536.1,SLYcer04g00982.1	Capang05g000242,Capang12g002297
OG24679	15	7	Capana03g003116,Capana12g002308	PGSC0003DMP400029551,PGSC0003DMP400047568,PGSC0003DMP400029552	Sopen11g003620.1,Sopen03g020030.1	SPI11g00526.1,SPI03g02071.1	Solyc11g007760.2.1,Solyc03g071750.3.1	SLYcer11g00382.1,SLYcer03g01946.1	Capang12g002048,Capang03g003002
OG24705	15	7	Capana07g002145,Capana07g001787	PGSC0003DMP400021997,PGSC0003DMP400021996,PGSC0003DMP400016592	Sopen07g027410.1,Sopen07g030940.1	SPI07g05586.1,SPI07g06028.1	Solyc07g053450.4.1,Solyc07g062710.4.1	SLYcer07g05305.1,SLYcer07g04863.1	Capang07g002167,Capang07g001786
OG24715	15	7	Capana08g002854,Capana03g003498	PGSC0003DMP400029383,PGSC0003DMP400029384,PGSC0003DMP400029382	Sopen01g054340.1,Sopen10g027060.1	SPI10g03448.1,SPI01g08833.1	Solyc01g112250.4.1,Solyc10g074570.2.1	SLYcer10g04946.1,SLYcer01g08603.1	Capang00g003951,Capang01g005424
OG24719	15	7	Capana06g000575,Capana11g000187	PGSC0003DMP400012692,PGSC0003DMP400012690,PGSC0003DMP400012691	Sopen11g026380.1,Sopen06g031110.1	SPI06g04893.1,SPI11g03792.1	Solyc11g066650.3.1,Solyc06g074700.4.1	SLYcer06g05032.1,SLYcer11g03728.1	Capang06g000524,Capang11g000186
OG24720	15	7	Capana12g000760	PGSC0003DMP400020527,PGSC0003DMP400026993,PGSC0003DMP400020526,PGSC0003DMP400026994	Sopen12g030480.1,Sopen12g030440.1	SPI12g04632.1,SPI12g04626.1	Solyc12g088510.1.1,Solyc12g088460.3.1	SLYcer12g04676.1,SLYcer12g04670.1	Capang12g000665,Capang12g000639
OG24789	15	7	Capana11g001270,Capana05g001388	PGSC0003DMP400013609,PGSC0003DMP400023854,PGSC0003DMP400013611,PGSC0003DMP400023855	Sopen04g016110.1,Sopen05g001150.1	SPI04g01719.1,SPI05g00112.1	Solyc04g039730.3.1	SLYcer04g01943.1,SLYcer05g00101.1	Capang05g000917,Capang11g001248
OG24793	15	7	Capana02g003324,Capana02g003327,Capana02g003323	PGSC0003DMP400002603,PGSC0003DMP400061093,PGSC0003DMP400062021	Sopen02g033210.1,Sopen02g033250.1	SPI02g04193.1,SPI02g04191.1	Solyc02g088500.1.1	SLYcer02g05268.1,SLYcer02g05266.1	Capang02g003060,Capang02g003063
OG24903	16	7	Capana06g000273,Capana06g000272	PGSC0003DMP400024202,PGSC0003DMP400053024,PGSC0003DMP400053026	Sopen06g033950.1,Sopen05g027840.1,Sopen06g033940.1	SPI05g04107.1,SPI06g05203.1	Solyc05g047530.3.1,Solyc06g150137.1.1	SLYcer10g02859.1,SLYcer06g05312.1	Capang06g000261,Capang06g000260
OG24905	16	7	Capana05g000502,Capana12g002139	PGSC0003DMP400044118,PGSC0003DMP400001885,PGSC0003DMP400044117	Sopen11g002270.1,Sopen11g002270.2,Sopen04g004930.1	SPI11g00384.1,SPI04g00579.1	Solyc04g009800.3.1,Solyc11g006370.2.1	SLYcer04g00604.1,SLYcer11g00235.1	Capang12g001828,Capang05g000414
OG24938	16	7	Capana02g000880,Capana03g000820	PGSC0003DMP400042507,PGSC0003DMP400042508,PGSC0003DMP400042509,PGSC0003DMP400042510	Sopen02g016220.1,Sopen03g034680.1	SPI02g02379.1,SPI03g04816.1	Solyc03g115700.3.1,Solyc02g067030.4.1	SLYcer02g03486.1,SLYcer03g04760.1	Capang03g000750,Capang02g000793
OG24942	16	7	Capana06g001078,Capana03g000573	PGSC0003DMP400050412,PGSC0003DMP400050410,PGSC0003DMP400025020,PGSC0003DMP400050411	Sopen06g025860.1,Sopen03g036720.1	SPI03g05030.1,SPI06g04353.1	Solyc03g117810.4.1,Solyc06g068600.3.1	SLYcer03g04975.1,SLYcer06g04493.1	Capang06g001031,Capang03g000524
OG24950	16	7	Capana01g004230,Capana01g000984	PGSC0003DMP400003519,PGSC0003DMP400032188,PGSC0003DMP400032189,PGSC0003DMP400003521	Sopen08g023920.1,Sopen08g001650.1	SPI08g05626.1,SPI08g00137.1	Solyc08g005610.3.1,Solyc08g075320.4.1	SLYcer08g00213.1,SLYcer08g05744.1	Capang01g000970,Capang08g001094
OG24965	16	7	Capana03g003475,Capana08g001384,Capana06g000052	PGSC0003DMP400006789,PGSC0003DMP400006788,PGSC0003DMP400006790	Sopen09g029070.1,Sopen01g042010.1	SPI09g04050.1,SPI01g07559.1	Solyc01g098440.3.1,Solyc09g074250.3.1	SLYcer01g07711.1,SLYcer09g04255.1	Capang03g003415,Capang06g000036
OG24967	16	7	Capana01g004367,Capana06g002439	PGSC0003DMP400030566,PGSC0003DMP400035657,PGSC0003DMP400035656,PGSC0003DMP400030567	Sopen08g002970.1,Sopen08g025710.1	SPI08g05818.1,SPI08g00301.1	Solyc08g077150.3.1,Solyc08g007000.3.1	SLYcer08g00365.1,SLYcer08g05927.1	Capang08g001234,Capang06g002267
OG24973	16	7	Capana04g002342,Capana02g002584	PGSC0003DMP400006362,PGSC0003DMP400039124,PGSC0003DMP400039123,PGSC0003DMP400006361	Sopen02g028640.1,Sopen03g006320.1	SPI02g03692.1,SPI03g01025.1	Solyc02g083850.3.1,Solyc03g033540.3.1	SLYcer03g00856.1,SLYcer02g04780.1	Capang04g002071,Capang02g002320
OG24983	16	7	Capana01g001441,Capana05g001555	PGSC0003DMP400048283,PGSC0003DMP400012378,PGSC0003DMP400012379,PGSC0003DMP400012380	Sopen05g029500.1,Sopen01g037390.1	SPI01g07029.1,SPI05g04343.1	Solyc01g091620.3.1,Solyc05g051050.3.1	SLYcer01g06831.1,SLYcer10g02630.1	Capang05g000825,Capang01g001262
OG24993	16	7	Capana01g000828,Capana01g000822,Capana01g004368	PGSC0003DMP400035652,PGSC0003DMP400035653	Sopen08g003010.1,Sopen08g025720.1	SPI08g00308.1,SPI08g05821.1	Solyc08g007060.4.1,Solyc08g077170.3.1	SLYcer08g05930.1,SLYcer08g00372.1	Capang01g000748,Capang01g000752,Capang08g001229
OG25133	17	7	Capana03g002202,Capana00g005109	PGSC0003DMP400027723,PGSC0003DMP400021570	Sopen08g029520.1,Sopen03g004200.1,Sopen06g011840.1	SPI03g00638.1,SPI06g02695.1	Solyc06g036080.4.1,Solyc03g025360.3.1,Solyc08g081210.4.1	SLYcer03g00419.1,SLYcer08g06334.1,SLYcer06g02898.1	Capang03g002093,Capang06g002326
OG25179	17	7	Capana07g002054,Capana10g000124	PGSC0003DMP400036823,PGSC0003DMP400012516,PGSC0003DMP400012518,PGSC0003DMP400012517	Sopen10g003440.1,Sopen07g030340.2,Sopen10g003440.2,Sopen07g030340.1	SPI07g05967.1	Solyc10g007500.4.1,Solyc07g062080.4.1	SLYcer10g00490.1,SLYcer07g05243.1	Capang10g000122,Capang07g002089
OG25196	17	7	Capana02g003131,Capana00g003026	PGSC0003DMP400001453,PGSC0003DMP400017816,PGSC0003DMP400017815,PGSC0003DMP400001454	Sopen02g015270.2,Sopen02g035130.1,Sopen02g015270.1	SPI02g02252.1,SPI02g04371.1	Solyc02g090430.3.1,Solyc02g065110.3.1	SLYcer02g05449.1,SLYcer02g03364.1	Capang02g000641,Capang02g002840
OG25208	17	7	Capana04g000632,Capana04g000629	PGSC0003DMP400037342,PGSC0003DMP400037341,PGSC0003DMP400037339	Sopen04g031880.1,Sopen04g031860.1,Sopen04g031870.1	SPI04g04936.1,SPI04g04935.1	Solyc04g078270.3.1,Solyc04g078290.4.1	SLYcer04g05437.1,SLYcer04g05438.1	Capang04g000596,Capang04g000595,Capang04g000594
OG25216	17	7	Capana04g000499	PGSC0003DMP400027064,PGSC0003DMP400014148,PGSC0003DMP400027065,PGSC0003DMP400014144,PGSC0003DMP400027063,PGSC0003DMP400027066,PGSC0003DMP400014145	Sopen04g033010.1,Sopen00g008140.1,Sopen12g030840.1	SPI12g04677.1,SPI04g05042.1	Solyc04g079400.3.1,Solyc12g088940.3.1	SLYcer12g04718.1	Capang04g000457
OG25233	17	7	Capana02g002542,Capana02g000583,Capana02g000584	PGSC0003DMP400041309,PGSC0003DMP400006530,PGSC0003DMP400041307,PGSC0003DMP400041308	Sopen02g012950.1,Sopen02g028310.1	SPI02g01950.1,SPI02g03657.1	Solyc02g083520.2.1,Solyc02g061990.3.1	SLYcer02g03076.1,SLYcer02g04743.1	Capang02g000504,Capang02g002279
OG25270	17	7	Capana07g001253,Capana09g001996,Capana07g001254	PGSC0003DMP400052704,PGSC0003DMP400052703,PGSC0003DMP400010874	Sopen07g024420.1,Sopen05g025400.1	SPI07g04930.1,SPI05g03643.1	Solyc07g047990.1.1,Solyc05g041420.4.1	SLYcer05g03019.1,SLYcer07g04256.1	Capang07g001283,Capang07g001282,Capang09g001536
OG25275	17	7	Capana06g001388,Capana00g000302,Capana06g001391,Capana06g001389	PGSC0003DMP400045252,PGSC0003DMP400045315	Sopen06g023900.1,Sopen06g023910.1	SPI06g04100.1,SPI06g04101.1	Solyc06g065420.2.1,Solyc06g065430.3.1	SLYcer06g04237.1,SLYcer06g04236.1	Capang06g001325,Capang06g001322,Capang06g001323
OG25283	17	7	Capana12g000209,Capana05g002243	PGSC0003DMP400008141,PGSC0003DMP400047178,PGSC0003DMP400008142,PGSC0003DMP400008137,PGSC0003DMP400047179,PGSC0003DMP400008140	Sopen12g033660.1,Sopen05g031720.1	SPI05g04634.1	Solyc05g053210.4.1,Solyc12g098910.2.1	SLYcer06g03311.1,SLYcer10g02327.1	Capang12g000186,Capang05g001795
OG25339	18	7	Capana02g000662,Capana02g002993,Capana04g002121	PGSC0003DMP400043268	Sopen02g014800.1,Sopen03g008050.1,Sopen02g037190.1	SPI03g01308.1,SPI02g02185.1,SPI02g04579.1	Solyc03g044140.3.1,Solyc02g064700.3.1,Solyc02g092640.4.1	SLYcer02g05660.1,SLYcer03g01102.1,SLYcer02g03305.1	Capang02g000580,Capang10g001542
OG25399	18	7	Capana06g000922	PGSC0003DMP400031704,PGSC0003DMP400046858,PGSC0003DMP400046859,PGSC0003DMP400031702,PGSC0003DMP400031701,PGSC0003DMP400031703	Sopen03g031230.1,Sopen06g028090.1,Sopen03g031230.2	SPI03g04439.1,SPI06g04589.1	Solyc03g112140.4.1,Solyc06g071800.4.1	SLYcer03g04383.1,SLYcer06g04730.1	Capang06g000864,Capang03g001184
OG25406	18	7	Capana08g000339,Capana12g000511	PGSC0003DMP400051186,PGSC0003DMP400050573,PGSC0003DMP400044155,PGSC0003DMP400044154,PGSC0003DMP400044157	Sopen08g019710.1,Sopen12g031770.1	SPI08g04889.1,SPI12g04808.1	Solyc12g095870.3.1,Solyc08g066050.3.1	SLYcer12g04850.1,SLYcer11g00873.1,SLYcer08g04999.1	Capang12g000422,Capang01g002957
OG25412	18	7	Capana06g000098,Capana06g000087	PGSC0003DMP400031156,PGSC0003DMP400031154,PGSC0003DMP400034941,PGSC0003DMP400031157,PGSC0003DMP400031158,PGSC0003DMP400031159,PGSC0003DMP400031155	Sopen08g001150.1,Sopen06g035540.1	SPI08g00077.1,SPI06g05371.1	Solyc06g084160.4.1,Solyc08g005140.3.1	SLYcer08g00157.1,SLYcer06g05479.1	Capang06g000072
OG25590	19	7	Capana09g001726,Capana10g001659	PGSC0003DMP400015616,PGSC0003DMP400019449,PGSC0003DMP400015618,PGSC0003DMP400015617,PGSC0003DMP400015620,PGSC0003DMP400019448,PGSC0003DMP400019450	Sopen09g006040.1,Sopen10g034390.1	SPI09g00918.1,SPI10g04335.1	Solyc10g084930.2.1,Solyc09g011320.3.1	SLYcer09g01008.1,SLYcer10g05801.1	Capang10g001410,Capang09g001292
OG25694	20	7	Capana08g000071,Capana03g000053,Capana07g002172	PGSC0003DMP400028596,PGSC0003DMP400022012,PGSC0003DMP400016187	Sopen01g003690.1,Sopen03g041540.1,Sopen07g031190.1	SPI01g00485.1,SPI07g06055.1,SPI03g05534.1	Solyc01g008140.4.1,Solyc03g123780.4.1,Solyc07g063000.4.1	SLYcer01g00460.1,SLYcer07g05337.1	Capang08g000069,Capang03g000049,Capang07g002191
OG25719	20	7	Capana10g000295,Capana08g002493,Capana08g002494,Capana10g000294	PGSC0003DMP400043671,PGSC0003DMP400018673	Sopen01g051350.1,Sopen01g051360.1,Sopen10g003830.1	SPI01g08526.1,SPI10g00400.1	Solyc01g109160.4.1,Solyc10g007960.1.1,Solyc01g109150.4.1	SLYcer01g08304.1,SLYcer10g00536.1	Capang10g000204,Capang01g005015,Capang01g005016,Capang10g000205
OG25726	20	7	Capana04g001400,Capana10g001833,Capana07g002383	PGSC0003DMP400001509,PGSC0003DMP400018510,PGSC0003DMP400003168	Sopen04g026950.1,Sopen10g033690.1,Sopen07g033820.1	SPI07g06317.1,SPI10g04265.1	Solyc10g084250.1.1,Solyc07g065610.1.1,Solyc04g071000.1.1	SLYcer10g05732.1,SLYcer07g05599.1	Capang07g002383,Capang08g000945,Capang10g001603,Capang00g004324
OG25764	20	7	Capana01g000837,Capana11g002037,Capana11g002039,Capana11g002038	PGSC0003DMP400049202,PGSC0003DMP400049205,PGSC0003DMP400049204,PGSC0003DMP400049201,PGSC0003DMP400049303	Sopen05g006680.1,Sopen05g006710.3,Sopen05g006710.1,Sopen05g006710.2	SPI05g00849.1	Solyc05g011940.4.1,Solyc05g011970.3.1	SLYcer05g00807.1	Capang06g002258,Capang11g001970,Capang11g001971
OG25772	20	7	Capana06g000523,Capana11g000125,Capana05g001652	PGSC0003DMP400012657,PGSC0003DMP400012656,PGSC0003DMP400014286,PGSC0003DMP400012655,PGSC0003DMP400012654	Sopen11g027810.1,Sopen06g031340.1	SPI11g03938.1,SPI06g04918.1	Solyc11g069090.2.1,Solyc06g074940.4.1	SLYcer06g05058.1,SLYcer11g03875.1	Capang11g000120,Capang00g003866,Capang05g001333,Capang11g002251
OG25807	21	7	Capana06g003010,Capana00g002483,Capana03g003843	PGSC0003DMP400044245,PGSC0003DMP400044244,PGSC0003DMP400044246	Sopen06g003180.1,Sopen09g033110.1,Sopen09g028190.2,Sopen09g028190.1	SPI09g04607.1,SPI09g03786.1,SPI06g00305.1	Solyc09g090200.4.1,Solyc09g066460.4.1,Solyc06g008330.2.1	SLYcer06g00520.1,SLYcer09g03861.1,SLYcer09g04943.1	Capang03g003734,Capang06g002770
OG25858	21	7	Capana10g000766,Capana03g004398	PGSC0003DMP400018167,PGSC0003DMP400037686,PGSC0003DMP400040890,PGSC0003DMP400018168,PGSC0003DMP400018166	Sopen08g017660.1,Sopen10g006310.1	SPI08g04580.1,SPI10g00744.1,SPI11g03169.1	Solyc11g039810.3.1,Solyc10g017490.3.1,Solyc08g062140.1.1	SLYcer11g03099.1,SLYcer08g04681.1,SLYcer10g00875.1	Capang03g004211,Capang10g000587,Capang00g004937
OG25883	21	7	Capana08g001660,Capana12g000193,Capana07g001969	PGSC0003DMP400031789,PGSC0003DMP400030319,PGSC0003DMP400041910,PGSC0003DMP400031790,PGSC0003DMP400031788	Sopen07g029630.1,Sopen12g033710.1,Sopen01g044550.1	SPI01g07828.1,SPI07g05882.1,SPI12g05050.1	Solyc12g098960.2.1,Solyc07g056270.3.1	SLYcer07g05140.1,SLYcer12g05098.1	Capang07g001966,Capang01g004241,Capang12g000168
OG25886	21	7	Capana03g003706,Capana08g001318	PGSC0003DMP400052400,PGSC0003DMP400052399,PGSC0003DMP400039027,PGSC0003DMP400039026,PGSC0003DMP400052403,PGSC0003DMP400039025,PGSC0003DMP400052401,PGSC0003DMP400052402	Sopen01g041440.1,Sopen09g030830.1,Sopen00g008270.1	SPI01g07500.1,SPI09g04234.1	Solyc09g076000.3.1,Solyc01g097840.3.1	SLYcer09g04442.1,SLYcer01g07771.1	Capang03g003608,Capang01g003904
OG25887	21	7	Capana11g000045,Capana06g000544	PGSC0003DMP400021237,PGSC0003DMP400012707,PGSC0003DMP400021235,PGSC0003DMP400021234,PGSC0003DMP400034162,PGSC0003DMP400012705,PGSC0003DMP400021238,PGSC0003DMP400021236	Sopen11g028570.1,Sopen06g031360.1,Sopen06g031370.1	SPI11g04027.1,SPI06g04920.1	Solyc11g069710.2.1,Solyc06g074960.4.1	SLYcer06g05060.1,SLYcer11g03961.1	Capang00g003863,Capang11g000039
OG25891	21	7	Capana10g001551,Capana11g000962	PGSC0003DMP400014756,PGSC0003DMP400014758,PGSC0003DMP400011688,PGSC0003DMP400011690,PGSC0003DMP400011692,PGSC0003DMP400011691,PGSC0003DMP400011689,PGSC0003DMP400014757	Sopen10g035100.1,Sopen12g011270.1	SPI10g04410.1,SPI12g01485.1,SPI12g01486.1	Solyc10g085680.2.1,Solyc12g021280.2.1	SLYcer10g05873.1,SLYcer12g01451.1	Capang10g001323,Capang11g000887
OG25895	21	7	Capana00g004995,Capana01g001967,Capana08g001978,Capana04g001306	PGSC0003DMP400051871,PGSC0003DMP400051870,PGSC0003DMP400051872	Sopen01g047160.2,Sopen04g027480.1,Sopen01g047160.1	SPI01g08091.1,SPI04g04303.1	Solyc04g071510.3.1,Solyc01g104650.3.1	SLYcer04g04820.1,SLYcer01g07170.1	Capang04g001246,Capang01g001677,Capang12g001325,Capang11g001526,Capang01g004541
OG25896	21	7	Capana11g002084,Capana11g002167,Capana11g002165,Capana11g002333,Capana12g001537	PGSC0003DMP400007340,PGSC0003DMP400009423,PGSC0003DMP400018913,PGSC0003DMP400053971	Sopen05g001660.1	SPI05g00166.1,SPI04g03290.1,SPI04g03289.1	Solyc04g050937.1.1,Solyc05g005660.1.1	SLYcer04g03565.1,SLYcer05g00150.1,SLYcer04g03564.1	Capang11g002079,Capang12g001225,Capang11g002085
OG25967	22	7	Capana05g000105,Capana06g000981,Capana10g001196	PGSC0003DMP400055625,PGSC0003DMP400054424,PGSC0003DMP400055827,PGSC0003DMP400003905	Sopen10g027420.1,Sopen04g004450.1,Sopen06g027520.1	SPI04g00534.1,SPI06g04527.1,SPI10g03490.1	Solyc04g009330.4.1,Solyc06g071210.3.1,Solyc10g074930.1.1	SLYcer10g04996.1,SLYcer06g04667.1,SLYcer04g00558.1	Capang05g000108,Capang10g001011,Capang06g000928
OG25970	22	7	Capana00g001152,Capana08g002366	PGSC0003DMP400039766,PGSC0003DMP400011014,PGSC0003DMP400039768,PGSC0003DMP400044913,PGSC0003DMP400039769,PGSC0003DMP400039767	Sopen01g050310.1,Sopen11g020170.1,Sopen10g021360.1	SPI10g02520.1,SPI01g08425.1,SPI11g02759.1	Solyc10g050210.3.1,Solyc11g044560.3.1,Solyc01g108080.4.1	SLYcer10g04152.1,SLYcer11g02700.1,SLYcer01g08203.1	Capang01g004912,Capang11g000945
OG25998	22	7	Capana11g001057,Capana00g001149	PGSC0003DMP400055531,PGSC0003DMP400055527,PGSC0003DMP400067585,PGSC0003DMP400039352,PGSC0003DMP400055528,PGSC0003DMP400055530,PGSC0003DMP400055529	Sopen11g024390.2,Sopen11g024390.1	SPI01g00583.1,SPI11g03500.1,SPI01g00584.1	Solyc01g008870.1.1,Solyc01g008860.1.1,Solyc11g062400.2.1	SLYcer11g03426.1,SLYcer01g00548.1,SLYcer01g00549.1	Capang00g000769,Capang11g001044
OG26018	22	7	Capana10g001986,Capana09g002398	PGSC0003DMP400015612,PGSC0003DMP400048942,PGSC0003DMP400048943,PGSC0003DMP400048946,PGSC0003DMP400048947,PGSC0003DMP400048945,PGSC0003DMP400015611,PGSC0003DMP400048940,PGSC0003DMP400048944	Sopen10g032880.2,Sopen10g032880.1,Sopen09g004520.1	SPI09g00739.1,SPI10g04171.1	Solyc10g083380.2.1,Solyc09g009760.1.1	SLYcer10g05643.1,SLYcer09g00808.1	Capang10g001750,Capang00g001901
OG26047	23	7	Capana10g000278,Capana10g000271	PGSC0003DMP400018634,PGSC0003DMP400014501,PGSC0003DMP400018670	Sopen10g003800.1,Sopen10g003790.1,Sopen10g022710.1	SPI10g02781.1,SPI10g00395.1,SPI10g00397.1,SPI10g00396.1	Solyc10g051020.2.1,Solyc10g007900.4.1,Solyc10g007930.4.1,Solyc10g007890.4.1	SLYcer10g00533.1,SLYcer10g00532.1,SLYcer10g04280.1	Capang10g000184,Capang10g000181,Capang10g000182,Capang10g000180
OG26076	23	7	Capana10g000012,Capana00g004165,Capana03g003075,Capana01g001088	PGSC0003DMP400002030,PGSC0003DMP400024543,PGSC0003DMP400025340,PGSC0003DMP400002029	Sopen07g032490.1,Sopen12g001150.1,Sopen10g002290.1	SPI07g06183.1,SPI10g00234.1,SPI12g00146.1	Solyc12g005160.3.1,Solyc07g064340.3.1,Solyc10g006340.3.1	SLYcer10g00366.1,SLYcer12g00100.1,SLYcer07g05470.1	Capang10g000012,Capang03g002937,Capang00g002440
OG26085	23	7	Capana04g000076,Capana04g002408,Capana02g000366	PGSC0003DMP400017640,PGSC0003DMP400032542,PGSC0003DMP400030534,PGSC0003DMP400017639,PGSC0003DMP400032541	Sopen02g012610.1,Sopen03g006000.1,Sopen04g036120.2,Sopen04g036120.1	SPI03g00876.1,SPI02g01891.1	Solyc04g082500.4.1,Solyc02g038817.1.1,Solyc03g032150.3.1	SLYcer04g05852.1,SLYcer03g00717.1,SLYcer02g02978.1	Capang04g000066,Capang02g000309,Capang04g002124
OG26088	23	7	Capana12g001565,Capana05g000300	PGSC0003DMP400054362,PGSC0003DMP400054361,PGSC0003DMP400040829,PGSC0003DMP400040831,PGSC0003DMP400040830	Sopen04g023100.1,Sopen04g023120.1,Sopen04g006070.1	SPI04g00776.1,SPI04g00774.1,SPI04g03474.1	Solyc04g011920.3.1,Solyc04g051730.1.1,Solyc04g011940.3.1	SLYcer04g03756.1,SLYcer04g00961.1,SLYcer04g00963.1	Capang01g003451,Capang12g001304,Capang05g000252,Capang05g000253
OG26098	23	7	Capana00g004696,Capana03g000933,Capana12g001336	PGSC0003DMP400001288,PGSC0003DMP400007241,PGSC0003DMP400007242,PGSC0003DMP400042401,PGSC0003DMP400001289	Sopen03g033660.1,Sopen12g019100.1,Sopen06g026590.1	SPI12g03618.1,SPI06g04433.1,SPI03g04705.1	Solyc12g038920.2.1,Solyc06g069330.3.1,Solyc03g114590.3.1	SLYcer03g04650.1,SLYcer12g03616.1,SLYcer06g04574.1	Capang00g001092,Capang03g000872,Capang03g000846
OG26117	23	7	Capana01g001011	PGSC0003DMP400013467,PGSC0003DMP400038069,PGSC0003DMP400064379,PGSC0003DMP400038067,PGSC0003DMP400034396,PGSC0003DMP400038070,PGSC0003DMP400013468,PGSC0003DMP400034397	Sopen08g024290.1,Sopen08g024270.1,Sopen00g003410.1,Sopen00g003420.1,Sopen08g024280.1	SPI08g05663.1,SPI08g05662.1	Solyc08g075590.2.1,Solyc08g075593.1.1	SLYcer08g05779.1,SLYcer08g05778.1	Capang00g001981,Capang00g001979,Capang01g000882
OG26126	23	7	Capana02g000964,Capana02g000846,Capana03g000979,Capana03g000978	PGSC0003DMP400012311,PGSC0003DMP400012312,PGSC0003DMP400042568,PGSC0003DMP400012225,PGSC0003DMP400012307,PGSC0003DMP400042569,PGSC0003DMP400012310,PGSC0003DMP400012226	Sopen03g033250.1,Sopen02g016800.1	SPI02g02453.1,SPI03g04652.1	Solyc02g067690.3.1,Solyc03g114175.1.1	SLYcer02g03556.1,SLYcer03g04598.1	Capang02g000772,Capang03g000930,Capang02g000878
OG26127	23	7	Capana09g000526,Capana03g000884,Capana03g000886,Capana09g002324,Capana07g000347,Capana04g002056	PGSC0003DMP400014735,PGSC0003DMP400004826,PGSC0003DMP400004827	Sopen09g003580.1,Sopen10g035140.1	SPI10g04414.1,SPI09g00395.1	Solyc09g008790.4.1,Solyc10g085720.2.1	SLYcer10g05877.1,SLYcer09g00478.1	Capang07g000371,Capang07g001603,Capang00g003647,Capang09g000463,Capang03g000806,Capang09g001823
OG26148	24	7	Capana03g002824	PGSC0003DMP400040961,PGSC0003DMP400040962,PGSC0003DMP400056331,PGSC0003DMP400056333,PGSC0003DMP400024051,PGSC0003DMP400040960,PGSC0003DMP400056332	Sopen11g023760.1,Sopen03g013600.1,Sopen10g030930.1	SPI03g02420.1,SPI10g03894.1,SPI11g03451.1,SPI11g03452.1	Solyc11g061960.2.1,Solyc03g059250.3.1,Solyc11g150140.1.1,Solyc10g080390.2.1	SLYcer11g03385.1,SLYcer03g02293.1,SLYcer11g03386.1,SLYcer10g05409.1	Capang12g000741
OG26158	24	7	Capana11g000478,Capana02g001399,Capana12g001788	PGSC0003DMP400003605,PGSC0003DMP400036462,PGSC0003DMP400036730,PGSC0003DMP400022941	Sopen09g001980.1,Sopen02g006650.1,Sopen04g023670.1,Sopen02g019160.1	SPI09g00198.1,SPI02g01282.1	Solyc02g023950.3.1,Solyc09g007110.3.1,Solyc04g054200.3.1,Solyc02g070000.4.1	SLYcer02g02382.1,SLYcer02g03807.1,SLYcer09g00299.1,SLYcer04g03868.1	Capang02g001236,Capang11g000451,Capang12g001444
OG26178	24	7	Capana03g000186,Capana06g002277,Capana02g002751	PGSC0003DMP400006310,PGSC0003DMP400041202,PGSC0003DMP400041203,PGSC0003DMP400004426,PGSC0003DMP400006311	Sopen03g040320.2,Sopen03g040320.1,Sopen06g017700.1,Sopen02g029410.1	SPI03g05412.1,SPI02g03795.1,SPI06g03452.1	Solyc03g121510.4.1,Solyc06g051750.3.1,Solyc02g084740.4.1	SLYcer02g04872.1,SLYcer03g05374.1,SLYcer06g03541.1	Capang06g002134,Capang03g000177,Capang02g002471
OG26185	24	7	Capana05g001412,Capana11g002155,Capana09g002302	PGSC0003DMP400005185,PGSC0003DMP400005184,PGSC0003DMP400013310,PGSC0003DMP400005183,PGSC0003DMP400013311,PGSC0003DMP400022995	Sopen05g006200.2,Sopen05g006200.1,Sopen04g001960.1,Sopen09g003440.1	SPI04g04802.1,SPI05g00752.1,SPI04g00248.1	Solyc04g005910.3.1,Solyc05g010400.3.1,Solyc09g008640.1.1	SLYcer04g00275.1,SLYcer05g00724.1	Capang05g001112,Capang11g002069,Capang09g001805
OG26202	24	7	Capana10g001051,Capana02g001099,Capana01g003355,Capana01g001481	PGSC0003DMP400041720,PGSC0003DMP400002994,PGSC0003DMP400002995	Sopen10g025770.1,Sopen01g032460.1,Sopen01g002430.1	SPI01g06538.1,SPI01g04353.1,SPI01g00335.1	Solyc10g024490.2.1,Solyc01g006440.2.1,Solyc01g080870.3.1	SLYcer01g00316.1,SLYcer10g01465.1,SLYcer01g06255.1	Capang01g001293,Capang00g005029,Capang08g000303,Capang02g001000,Capang10g000867
OG26258	25	7	Capana12g002134,Capana05g000598	PGSC0003DMP400026802,PGSC0003DMP400009669,PGSC0003DMP400021139,PGSC0003DMP400001888,PGSC0003DMP400052975,PGSC0003DMP400001890,PGSC0003DMP400036067	Sopen07g007280.1,Sopen03g026290.1,Sopen06g033300.1,Sopen03g029140.1	SPI06g05135.1,SPI03g04225.1	Solyc03g098400.2.1,Solyc06g076910.3.1,Solyc03g096190.2.1,Solyc07g018180.3.1	SLYcer03g03844.1,SLYcer06g05246.1,SLYcer03g04163.1	Capang03g000581,Capang05g000509,Capang12g001823
OG26556	29	7	Capana02g003148,Capana02g003149,Capana02g003150,Capana03g004616	PGSC0003DMP400049921,PGSC0003DMP400017841,PGSC0003DMP400017843,PGSC0003DMP400010772,PGSC0003DMP400017845,PGSC0003DMP400017844,PGSC0003DMP400010774,PGSC0003DMP400017840	Sopen02g034980.1,Sopen02g034960.1,Sopen02g034990.1	SPI02g04356.1,SPI02g04357.1,SPI02g04358.1	Solyc02g090300.3.1,Solyc09g098610.2.1,Solyc02g090290.3.1	SLYcer02g05433.1,SLYcer02g05434.1,SLYcer09g04797.1	Capang03g004419,Capang02g002857,Capang00g001229,Capang02g002855,Capang02g002856
OG26583	30	7	Capana04g001383,Capana06g002309,Capana06g002349,Capana06g002072	PGSC0003DMP400029126,PGSC0003DMP400050715,PGSC0003DMP400001527,PGSC0003DMP400050716,PGSC0003DMP400029125,PGSC0003DMP400047996	Sopen06g014840.1,Sopen04g027110.1,Sopen07g027590.1,Sopen06g018410.1	SPI04g04260.1,SPI06g03100.1,SPI06g03526.1,SPI06g03177.1	Solyc06g049040.4.1,Solyc04g071160.3.1,Solyc06g048630.3.1,Solyc06g053350.3.1	SLYcer06g03617.1,SLYcer06g03197.1,SLYcer06g03272.1,SLYcer04g04779.1	Capang04g001317,Capang06g001952,Capang06g001914,Capang06g002183
OG26594	30	7	Capana00g001292,Capana07g002063,Capana02g001183,Capana07g000115,Capana07g000090,Capana07g000120	PGSC0003DMP400019808,PGSC0003DMP400031095,PGSC0003DMP400019702,PGSC0003DMP400024460,PGSC0003DMP400023348,PGSC0003DMP400024315,PGSC0003DMP400019807,PGSC0003DMP400012576	Sopen12g001440.1,Sopen07g030450.1,Sopen04g001380.1	SPI12g00178.1,SPI04g00187.1,SPI07g05975.1	Solyc12g005450.1.1,Solyc04g005390.3.1,Solyc07g062170.3.1	SLYcer04g00216.1,SLYcer12g00132.1,SLYcer07g05251.1	Capang07g000144,Capang00g003232,Capang07g000127,Capang07g002099
OG26623	31	7	Capana04g000533,Capana08g001575,Capana00g002620	PGSC0003DMP400024745,PGSC0003DMP400014110,PGSC0003DMP400042941,PGSC0003DMP400014109,PGSC0003DMP400024744,PGSC0003DMP400024746,PGSC0003DMP400024747,PGSC0003DMP400042942,PGSC0003DMP400024748	Sopen00g009010.1,Sopen05g004800.1,Sopen07g012250.1,Sopen04g032730.1	SPI01g07732.1,SPI04g05015.1,SPI05g00585.1,SPI07g03183.1	Solyc07g024020.2.1,Solyc01g100110.4.1,Solyc05g009070.4.1,Solyc04g079120.3.1	SLYcer07g01835.1,SLYcer04g05518.1,SLYcer05g00550.1,SLYcer01g07540.1	Capang01g000814,Capang01g004122,Capang04g000488
OG26632	31	7	Capana01g003359,Capana01g000832,Capana06g001562,Capana06g002433	PGSC0003DMP400046672,PGSC0003DMP400046671,PGSC0003DMP400003270,PGSC0003DMP400035613,PGSC0003DMP400041994,PGSC0003DMP400019220,PGSC0003DMP400003269	Sopen12g002400.1,Sopen10g003760.1,Sopen01g032490.1	SPI10g00392.1,SPI12g00299.1,SPI01g06541.1,SPI08g00307.1	Solyc08g007050.2.1,Solyc12g006460.2.1,Solyc01g080900.4.1,Solyc10g007860.3.1	SLYcer12g00264.1,SLYcer01g06258.1,SLYcer08g00370.1,SLYcer10g00528.1	Capang08g001230,Capang06g002253,Capang06g002261,Capang08g000294,Capang06g001476
OG26653	32	7	Capana09g000252,Capana01g001620,Capana09g000254,Capana01g001581,Capana01g001580,Capana09g000273,Capana09g000242	PGSC0003DMP400052091,PGSC0003DMP400007094,PGSC0003DMP400068101,PGSC0003DMP400055133	Sopen01g002500.1,Sopen01g009210.1,Sopen01g002580.1,Sopen01g002510.1	SPI01g01873.1,SPI01g00344.1,SPI01g01914.1,SPI01g01890.1	Solyc01g006530.1.1,Solyc01g014550.3.1,Solyc01g006520.3.1,Solyc01g014520.1.1,Solyc01g006590.3.1,Solyc01g014510.2.1	SLYcer01g00325.1,SLYcer01g01791.1,SLYcer01g00334.1,SLYcer01g01809.1,SLYcer01g01833.1	Capang01g001359,Capang01g001348
OG26714	33	7	Capana03g003724,Capana03g003725,Capana12g001989,Capana03g002330,Capana03g002331	PGSC0003DMP400032146,PGSC0003DMP400032145,PGSC0003DMP400007096,PGSC0003DMP400007131,PGSC0003DMP400032151,PGSC0003DMP400007093,PGSC0003DMP400055135,PGSC0003DMP400007130,PGSC0003DMP400055136	Sopen09g030710.1,Sopen09g030720.1,Sopen03g021160.1,Sopen03g021150.1,Sopen11g001590.1,Sopen09g030750.1	SPI09g04225.1,SPI11g00310.1,SPI03g03154.1	Solyc09g075910.1.1,Solyc03g078370.1.1,Solyc11g005630.1.1,Solyc03g078360.1.1,Solyc09g075920.1.1	SLYcer09g04434.1,SLYcer09g04433.1,SLYcer11g00153.1	Capang03g003617,Capang03g002240
OG26721	33	7	Capana12g002651,Capana08g002051,Capana08g002050,Capana05g001759,Capana08g002055,Capana05g001760,Capana08g002054	PGSC0003DMP400028338,PGSC0003DMP400029348,PGSC0003DMP400022199	Sopen11g004890.1,Sopen05g029950.1,Sopen01g047930.1,Sopen01g047920.1,Sopen01g047950.1,Sopen05g029960.1	SPI05g04418.1,SPI11g00672.1,SPI01g08170.1	Solyc11g009100.2.1,Solyc05g051530.4.1,Solyc01g105387.1.1,Solyc01g105450.4.1	SLYcer11g00530.1,SLYcer10g02545.1,SLYcer01g07932.1,SLYcer01g07927.1	Capang12g002291,Capang01g004609,Capang05g001436,Capang01g004614,Capang01g004612,Capang05g001438
OG26726	33	7	Capana01g002710,Capana04g000919,Capana12g000810,Capana03g002229,Capana08g001875	PGSC0003DMP400012106,PGSC0003DMP400027704,PGSC0003DMP400022855,PGSC0003DMP400027702,PGSC0003DMP400027701,PGSC0003DMP400043179	Sopen01g034930.1,Sopen01g046190.1,Sopen00g003220.1,Sopen03g004290.2,Sopen03g004290.1	SPI04g04587.1,SPI03g00646.1,SPI01g06805.1,SPI01g07984.1	Solyc01g088050.3.1,Solyc04g075000.1.1,Solyc03g025450.4.1	SLYcer01g07278.1,SLYcer03g00427.1,SLYcer01g06538.1,SLYcer04g05110.1	Capang11g001064,Capang01g004436,Capang01g002358,Capang12g000688,Capang03g002127,Capang04g000879
OG26815	36	7	Capana01g001685,Capana03g004108,Capana08g002174	PGSC0003DMP400007802,PGSC0003DMP400007800,PGSC0003DMP400007801,PGSC0003DMP400007797,PGSC0003DMP400052502,PGSC0003DMP400052506,PGSC0003DMP400064078,PGSC0003DMP400007809,PGSC0003DMP400069317	Sopen10g018110.1,Sopen03g007550.1,Sopen01g048540.1	SPI10g02138.1,SPI10g02089.1,SPI03g01231.1,SPI10g02155.1,SPI10g02156.1,SPI01g08236.1,SPI10g02103.1	Solyc03g043710.1.1,Solyc01g106160.3.1,Solyc10g047700.3.1,Solyc10g047810.3.1,Solyc10g047680.3.1	SLYcer10g03757.1,SLYcer10g03794.1,SLYcer10g03793.1,SLYcer03g01032.1,SLYcer10g03745.1	Capang01g004720,Capang03g003959,Capang01g001391,Capang04g001911
OG26828	36	7	Capana02g002302,Capana00g003859,Capana02g002915	PGSC0003DMP400034718,PGSC0003DMP400034280,PGSC0003DMP400034281,PGSC0003DMP400015985,PGSC0003DMP400018583,PGSC0003DMP400054808,PGSC0003DMP400034274,PGSC0003DMP400034719,PGSC0003DMP400053339,PGSC0003DMP400018572,PGSC0003DMP400034283,PGSC0003DMP400034282	Sopen01g004030.1,Sopen02g026120.1,Sopen03g023240.1,Sopen02g036430.1,Sopen02g026140.1	SPI02g03431.1,SPI01g00543.1,SPI02g03429.1,SPI02g04498.1,SPI03g03438.1	Solyc02g081500.3.1,Solyc02g091860.3.1,Solyc02g081480.4.1,Solyc03g083470.3.1	SLYcer03g03355.1,SLYcer01g00512.1,SLYcer02g04535.1,SLYcer02g05582.1	Capang00g003343,Capang01g002663,Capang02g002060
OG26852	37	7	Capana06g002474,Capana04g002883,Capana03g002082,Capana07g000478,Capana04g000608,Capana04g001884	PGSC0003DMP400052589,PGSC0003DMP400005946,PGSC0003DMP400050355,PGSC0003DMP400050356,PGSC0003DMP400023684	Sopen03g001140.1,Sopen06g012450.1,Sopen04g032020.1,Sopen11g008800.1,Sopen03g003720.1	SPI04g04949.1,SPI11g01109.1,SPI06g02759.1,SPI03g00593.1,SPI03g00199.1	Solyc03g005130.3.1,Solyc11g013880.1.1,Solyc03g007790.3.1,Solyc06g036470.3.1,Solyc04g078410.4.1	SLYcer06g02958.1,SLYcer03g00036.1,SLYcer11g00981.1,SLYcer03g00358.1,SLYcer04g05451.1	Capang04g000555,Capang07g000524,Capang00g002315,Capang06g002291,Capang07g001052,Capang03g001967
OG26906	39	7	Capana00g000942,Capana06g002115,Capana01g000056,Capana02g003501,Capana06g001076,Capana03g000569	PGSC0003DMP400021419,PGSC0003DMP400025019,PGSC0003DMP400025017,PGSC0003DMP400025018,PGSC0003DMP400050390,PGSC0003DMP400028536	Sopen06g018840.1,Sopen03g036700.1,Sopen08g031260.1,Sopen06g025850.1,Sopen02g031560.1,Sopen08g004390.1,Sopen06g025850.2	SPI06g03570.1,SPI02g04027.1,SPI03g05028.1,SPI06g04352.1	Solyc03g117790.2.1,Solyc06g068590.4.1,Solyc08g083040.4.1,Solyc06g053730.1.1,Solyc02g086790.4.1,Solyc08g008550.4.1	SLYcer02g05089.1,SLYcer03g04973.1,SLYcer06g04492.1,SLYcer06g03661.1	Capang02g003224,Capang08g001332,Capang01g000048,Capang06g001945,Capang06g001033,Capang03g000521
OG26950	41	7	Capana02g000725,Capana08g002421,Capana03g001919,Capana10g002461,Capana02g003127,Capana08g001102	PGSC0003DMP400017807,PGSC0003DMP400005804,PGSC0003DMP400014703,PGSC0003DMP400017808,PGSC0003DMP400001460,PGSC0003DMP400001461,PGSC0003DMP400044738	Sopen01g050620.1,Sopen10g029050.1,Sopen05g015230.1,Sopen02g035180.1,Sopen03g022230.1,Sopen01g040100.1	SPI02g02248.1,SPI10g03686.1,SPI02g04377.1,SPI01g08457.1,SPI01g07357.1	Solyc10g078390.3.1,Solyc03g082500.4.1,Solyc01g108400.3.1,Solyc02g065070.3.1,Solyc02g090510.3.1,Solyc01g096350.3.1	SLYcer01g08235.1,SLYcer02g05455.1,SLYcer10g05202.1,SLYcer01g07916.1,SLYcer02g03360.1	Capang03g001828,Capang10g002225,Capang01g003687,Capang02g000628,Capang02g002836,Capang01g004960
OG26973	42	7	Capana00g002882,Capana11g002188,Capana03g000276,Capana01g001958,Capana08g000757,Capana05g001267	PGSC0003DMP400028018,PGSC0003DMP400004510,PGSC0003DMP400025579,PGSC0003DMP400025578,PGSC0003DMP400004511,PGSC0003DMP400017893,PGSC0003DMP400043552,PGSC0003DMP400013218,PGSC0003DMP400043551	Sopen01g005590.1,Sopen08g022110.1,Sopen04g001980.1,Sopen05g005910.1,Sopen03g039580.2,Sopen02g034460.1,Sopen03g039580.1	SPI05g00706.1,SPI04g00253.1,SPI03g05337.1,SPI02g04311.1	Solyc08g068250.4.1,Solyc03g120760.4.1,Solyc05g010140.3.1,Solyc04g006930.3.1,Solyc01g010030.3.1	SLYcer04g00280.1,SLYcer03g05297.1,SLYcer05g00674.1,SLYcer01g00817.1,SLYcer02g05386.1,SLYcer08g05251.1	Capang03g000265,Capang01g003359,Capang11g002098,Capang05g001104,Capang01g001710
OG26988	43	7	Capana06g002438,Capana07g001084,Capana01g000315,Capana02g003575,Capana02g002685,Capana05g000454	PGSC0003DMP400063451,PGSC0003DMP400026222,PGSC0003DMP400026221,PGSC0003DMP400026224,PGSC0003DMP400010316,PGSC0003DMP400026223,PGSC0003DMP400005453	Sopen02g030050.1,Sopen02g038110.1,Sopen08g028760.1,Sopen08g003800.3,Sopen08g003800.2,Sopen08g003800.1	SPI02g03860.1,SPI08g00479.1,SPI08g06170.1,SPI08g00481.1,SPI04g00599.1,SPI02g04668.1	Solyc08g007900.3.1,Solyc08g007863.1.1,Solyc02g093540.4.1,Solyc08g080430.2.1,Solyc02g085360.4.1,Solyc04g009930.3.1	SLYcer08g00507.1,SLYcer02g04936.1,SLYcer02g05748.1,SLYcer08g00508.1,SLYcer04g00623.1,SLYcer08g06262.1	Capang02g003296,Capang05g000368,Capang01g000292,Capang07g001138,Capang06g002266,Capang02g002413
OG26992	43	7	Capana01g001569,Capana11g000850,Capana03g001067,Capana06g002496,Capana06g000719,Capana10g002358,Capana09g001430	PGSC0003DMP400023323,PGSC0003DMP400014335,PGSC0003DMP400055981,PGSC0003DMP400018934,PGSC0003DMP400046709,PGSC0003DMP400014336	Sopen09g001460.1,Sopen03g032440.1,Sopen06g029730.1,Sopen11g025390.1,Sopen01g003960.1,Sopen10g029780.1	SPI11g03667.1,SPI06g04750.1,SPI09g00124.1,SPI03g04566.1,SPI10g03771.1,SPI01g00527.1	Solyc09g005550.3.1,Solyc03g113390.3.1,Solyc01g008440.3.1,Solyc11g065660.2.1,Solyc10g079130.2.1	SLYcer06g04892.1,SLYcer10g05281.1,SLYcer09g00234.1,SLYcer01g00499.1,SLYcer03g04517.1,SLYcer11g03603.1	Capang03g001022,Capang06g000671,Capang11g000778,Capang01g001337,Capang00g003107,Capang06g002308,Capang10g002105
OG27006	44	7	Capana01g004096,Capana12g001525,Capana05g001688,Capana06g002273,Capana01g001235	PGSC0003DMP400022792,PGSC0003DMP400024200,PGSC0003DMP400035444,PGSC0003DMP400052061,PGSC0003DMP400024201,PGSC0003DMP400052059,PGSC0003DMP400052060	Sopen05g027860.1,Sopen12g008640.1,Sopen06g013830.1,Sopen12g008640.2,Sopen08g002100.1,Sopen08g002100.2,Sopen08g022810.1,Sopen04g019380.1,Sopen05g027860.2,Sopen06g013830.2	SPI08g05239.1,SPI06g02615.1,SPI04g02883.1,SPI08g00201.1,SPI05g04109.1	Solyc12g017840.2.1,Solyc05g047550.4.1,Solyc08g006140.3.1,Solyc04g049400.3.1,Solyc06g043250.4.1,Solyc08g069180.3.1	SLYcer12g01121.1,SLYcer06g03052.1,SLYcer08g00265.1,SLYcer10g02857.1,SLYcer08g05354.1,SLYcer04g03129.1	Capang05g001369,Capang08g000979,Capang01g001073,Capang06g002130,Capang00g005466
OG27012	44	7	Capana05g001795,Capana12g000516,Capana01g003832,Capana12g000018,Capana10g002178,Capana01g001715	PGSC0003DMP400032372,PGSC0003DMP400032371,PGSC0003DMP400055293,PGSC0003DMP400007613,PGSC0003DMP400051190,PGSC0003DMP400032370,PGSC0003DMP400051191,PGSC0003DMP400040934	Sopen12g031730.1,Sopen08g020220.1,Sopen01g002120.1,Sopen10g031240.1,Sopen11g028840.1,Sopen12g034940.1	SPI12g05181.1,SPI08g04930.1,SPI10g03930.1,SPI11g04076.1,SPI12g04803.1,SPI01g00293.1	Solyc12g100310.2.1,Solyc11g070170.2.1,Solyc10g080700.2.1,Solyc01g006120.4.1,Solyc12g095830.3.1,Solyc08g066400.3.1	SLYcer10g05445.1,SLYcer08g05036.1,SLYcer01g00271.1,SLYcer11g04011.1,SLYcer12g05236.1,SLYcer12g04845.1	Capang01g001415,Capang10g001935,Capang08g000765,Capang12g000427,Capang00g000138,Capang12g000018
OG27064	47	7	Capana05g001556,Capana10g000797,Capana10g000805,Capana02g001544,Capana10g000794,Capana02g001546,Capana10g000798	PGSC0003DMP400068089,PGSC0003DMP400018137,PGSC0003DMP400018152,PGSC0003DMP400057199,PGSC0003DMP400018136,PGSC0003DMP400012409,PGSC0003DMP400012411,PGSC0003DMP400057789,PGSC0003DMP400057442	Sopen05g028890.1,Sopen10g006670.1,Sopen10g006630.1,Sopen05g028870.1,Sopen05g029080.1,Sopen10g006620.1,Sopen05g028880.1	SPI10g00807.1,SPI05g04272.1,SPI05g04273.1	Solyc05g050490.4.1,Solyc10g017690.1.1,Solyc10g017830.1.1,Solyc10g017700.1.1,Solyc05g050670.2.1,Solyc05g050480.1.1,Solyc05g050470.1.1,Solyc10g017710.1.1	SLYcer10g00935.1,SLYcer10g02699.1,SLYcer10g02698.1,SLYcer10g02700.1,SLYcer10g00898.1,SLYcer10g02678.1	Capang10g000625,Capang02g001372,Capang10g000624,Capang10g000615,Capang02g001374,Capang10g000612,Capang05g001260
OG27091	49	7	Capana08g001015,Capana00g002726,Capana01g004290,Capana02g002659,Capana02g000410,Capana01g000848	PGSC0003DMP400056253,PGSC0003DMP400000201,PGSC0003DMP400056252,PGSC0003DMP400022428,PGSC0003DMP400022429,PGSC0003DMP400032176,PGSC0003DMP400056251,PGSC0003DMP400056250,PGSC0003DMP400022424,PGSC0003DMP400013327	Sopen02g013990.2,Sopen08g024750.1,Sopen05g006290.1,Sopen02g030280.1,Sopen01g039210.1,Sopen02g013990.1,Sopen08g001310.1	SPI05g04235.1,SPI05g00766.1,SPI08g05715.1,SPI02g03886.1,SPI08g00094.1,SPI01g07272.1,SPI02g02094.1	Solyc08g076100.4.1,Solyc02g062950.3.1,Solyc05g050220.3.1,Solyc01g095460.3.1,Solyc02g085610.4.1,Solyc08g005290.3.1,Solyc05g010516.1.1	SLYcer08g00174.1,SLYcer01g07024.1,SLYcer08g05828.1,SLYcer02g03209.1,SLYcer10g02736.1,SLYcer05g00738.1,SLYcer02g04961.1	Capang08g001160,Capang11g001681,Capang02g000415,Capang01g000760,Capang02g002388
OG27101	49	7	Capana07g002349,Capana06g000035,Capana07g002502,Capana00g001687,Capana11g002367,Capana08g001122,Capana04g000006,Capana06g000280,Capana00g001915,Capana07g000006,Capana03g001234,Capana00g001911,Capana11g002385	PGSC0003DMP400005349,PGSC0003DMP400000268,PGSC0003DMP400053006,PGSC0003DMP400053005,PGSC0003DMP400053004,PGSC0003DMP400038402,PGSC0003DMP400007837,PGSC0003DMP400038403,PGSC0003DMP400007838,PGSC0003DMP400038404	Sopen01g039910.1,Sopen07g033460.2,Sopen06g033850.1,Sopen07g033460.1,Sopen09g010830.1	SPI06g04590.1,SPI06g05196.1,SPI07g06283.1,SPI09g01464.1,SPI01g07340.1	Solyc01g096170.4.1,Solyc09g018170.4.1,Solyc06g082470.3.1,Solyc07g065250.3.1	SLYcer01g07090.1,SLYcer06g05305.1,SLYcer07g05567.1,SLYcer09g01603.1	Capang09g001954,Capang01g003630,Capang05g002043,Capang07g002343,Capang06g000269,Capang06g000028,Capang00g003991,Capang04g000002
OG27130	52	7	Capana03g001105,Capana06g001014,Capana03g001103,Capana06g001011,Capana06g001013,Capana03g001104,Capana06g001015,Capana03g001107	PGSC0003DMP400055846,PGSC0003DMP400055847,PGSC0003DMP400031614,PGSC0003DMP400031613,PGSC0003DMP400055792	Sopen03g032140.1,Sopen06g027230.1,Sopen06g027220.1,Sopen03g032140.2,Sopen03g032150.1,Sopen03g032120.1,Sopen06g027210.1,Sopen06g027200.1,Sopen03g032140.4,Sopen03g032140.3	SPI06g04499.1,SPI03g04537.1,SPI03g04535.1,SPI06g04500.1,SPI03g04538.1,SPI06g04498.1,SPI06g04501.1	Solyc06g070920.3.1,Solyc06g070940.4.1,Solyc03g113060.3.1,Solyc06g070960.3.1,Solyc03g113040.4.1,Solyc06g070950.2.1,Solyc03g113070.4.1,Solyc06g070930.3.1	SLYcer03g04486.1,SLYcer03g04488.1,SLYcer06g04639.1,SLYcer06g04642.1,SLYcer06g04641.1,SLYcer03g04489.1,SLYcer06g04640.1	Capang06g000960,Capang06g000956,Capang03g001061,Capang06g000958,Capang03g001058,Capang03g001059,Capang06g000959
OG27163	54	7	Capana00g001142,Capana04g000812,Capana09g000029,Capana05g001681,Capana02g000296,Capana00g000075,Capana11g001010,Capana00g001150	PGSC0003DMP400054587,PGSC0003DMP400011320,PGSC0003DMP400005201,PGSC0003DMP400039380,PGSC0003DMP400011322,PGSC0003DMP400039381,PGSC0003DMP400011321,PGSC0003DMP400024195,PGSC0003DMP400011325,PGSC0003DMP400011324,PGSC0003DMP400011323,PGSC0003DMP400055547,PGSC0003DMP400055546	Sopen00g004210.2,Sopen05g027910.1,Sopen02g005920.1,Sopen12g004550.1,Sopen00g004210.1,Sopen01g004360.1,Sopen11g024680.1	SPI11g03503.1,SPI04g04779.1,SPI11g03168.1,SPI12g00557.1,SPI01g00582.1,SPI02g01156.1	Solyc11g062410.3.1,Solyc11g039835.1.1,Solyc01g008850.3.1,Solyc12g009570.3.1,Solyc04g076810.4.1,Solyc02g021440.4.1	SLYcer12g00529.1,SLYcer01g00547.1,SLYcer02g02107.1,SLYcer11g03098.1,SLYcer11g03429.1	Capang04g001757,Capang00g001760,Capang09g000019,Capang08g000105,Capang06g002629,Capang05g001358,Capang00g000768,Capang07g000868,Capang11g000976
OG27172	55	7	Capana00g004177,Capana07g000557,Capana10g000289,Capana00g004180,Capana05g001991,Capana01g002017,Capana05g001471,Capana01g002018,Capana00g002505	PGSC0003DMP400024018,PGSC0003DMP400065616,PGSC0003DMP400013378,PGSC0003DMP400005857,PGSC0003DMP400025972,PGSC0003DMP400025973,PGSC0003DMP400025979,PGSC0003DMP400038479,PGSC0003DMP400002268,PGSC0003DMP400038477,PGSC0003DMP400025978,PGSC0003DMP400038142	Sopen07g032650.1,Sopen01g018010.1,Sopen07g022480.1,Sopen11g023450.1,Sopen05g017610.1	SPI11g03406.1,SPI11g03695.1,SPI07g04520.1,SPI07g06198.1,SPI07g06199.1,SPI01g04286.1,SPI05g02632.1	Solyc07g064450.4.1,Solyc05g021390.4.1,Solyc07g042880.1.1,Solyc11g056670.2.1,Solyc01g028803.1.1	SLYcer11g03632.1,SLYcer01g04257.1,SLYcer07g05484.1,SLYcer11g03340.1,SLYcer05g02051.1,SLYcer07g05483.1,SLYcer07g03808.1	Capang00g005373,Capang07g000576,Capang01g005121,Capang01g001728,Capang05g001564,Capang07g000592,Capang07g000961,Capang10g000197,Capang05g001194,Capang01g005118
OG27193	57	7	Capana05g000479,Capana08g001161,Capana03g000195,Capana11g001603,Capana00g004439,Capana01g002212	PGSC0003DMP400001657,PGSC0003DMP400004627,PGSC0003DMP400033649,PGSC0003DMP400001658,PGSC0003DMP400005909,PGSC0003DMP400033650,PGSC0003DMP400044379,PGSC0003DMP400016922,PGSC0003DMP400056149,PGSC0003DMP400016924,PGSC0003DMP400044380,PGSC0003DMP400016921	Sopen07g014930.2,Sopen04g026290.1,Sopen12g023200.1,Sopen03g040260.1,Sopen12g027790.1,Sopen01g006300.1,Sopen12g027790.2,Sopen01g040400.3,Sopen05g003100.1,Sopen07g014930.1	SPI01g00999.1,SPI05g00387.1,SPI03g05406.1,SPI01g07390.1,SPI12g04181.1,SPI12g01906.1,SPI04g03989.1	Solyc01g096690.3.1,Solyc04g063370.3.1,Solyc03g121440.4.1,Solyc07g027020.4.1,Solyc12g044840.2.1,Solyc05g007140.3.1,Solyc01g010660.3.1,Solyc12g077390.3.1	SLYcer01g07882.1,SLYcer01g00935.1,SLYcer05g00353.1,SLYcer03g05368.1,SLYcer12g04243.1,SLYcer12g01828.1,SLYcer04g04349.1	Capang03g000186,Capang01g001915,Capang11g001558,Capang05g000393,Capang01g003735,Capang00g005480,Capang03g003333
OG27202	58	7	Capana12g000086,Capana00g000412,Capana10g002515,Capana00g004799,Capana00g004822,Capana01g001772,Capana01g001698,Capana00g004804,Capana00g004807	PGSC0003DMP400048877,PGSC0003DMP400016709,PGSC0003DMP400012783,PGSC0003DMP400008218,PGSC0003DMP400049071,PGSC0003DMP400036988,PGSC0003DMP400008217,PGSC0003DMP400010340,PGSC0003DMP400008216	Sopen10g032150.1,Sopen12g034420.1,Sopen08g004020.1,Sopen10g032250.1,Sopen01g002720.1,Sopen01g004260.1,Sopen10g028590.1,Sopen11g024420.1	SPI08g00511.1,SPI11g03569.1,SPI01g00570.1,SPI10g04061.1,SPI01g00377.1,SPI12g05131.1,SPI10g03635.1,SPI10g04071.1	Solyc11g064900.2.1,Solyc08g008170.4.1,Solyc10g081640.3.1,Solyc10g081740.3.1,Solyc01g008740.2.1,Solyc12g099790.3.1,Solyc01g006730.4.1,Solyc10g076900.3.1	SLYcer11g03498.1,SLYcer10g05557.1,SLYcer10g05567.1,SLYcer12g05182.1,SLYcer01g00353.1,SLYcer10g05152.1,SLYcer08g00537.1,SLYcer01g00535.1	Capang12g000830,Capang01g001806,Capang07g000773,Capang08g001300,Capang07g000770,Capang01g001406,Capang12g000076,Capang01g001476
OG27234	62	7	Capana00g004511,Capana08g000456,Capana04g000305,Capana08g001245,Capana08g001614,Capana04g000700,Capana08g002567,Capana02g002738	PGSC0003DMP400006602,PGSC0003DMP400039149,PGSC0003DMP400057234,PGSC0003DMP400004976,PGSC0003DMP400027154,PGSC0003DMP400053892,PGSC0003DMP400033825,PGSC0003DMP400006285,PGSC0003DMP400008735,PGSC0003DMP400029542	Sopen01g041000.1,Sopen01g043980.1,Sopen08g007600.1,Sopen04g031190.1,Sopen02g013540.1,Sopen03g006520.1,Sopen02g029530.1,Sopen10g023850.1,Sopen04g034330.1,Sopen01g052070.1	SPI08g03769.1,SPI04g04867.1,SPI10g03022.1,SPI02g02030.1,SPI01g08608.1,SPI01g07767.1,SPI02g03808.1,SPI04g05178.1,SPI01g07453.1	Solyc10g054010.1.1,Solyc01g100460.3.1,Solyc04g080740.1.1,Solyc01g097330.3.1,Solyc08g022080.4.1,Solyc01g109880.3.1,Solyc02g084860.1.1	SLYcer10g04525.1,SLYcer01g07503.1,SLYcer01g07824.1,SLYcer01g08382.1,SLYcer02g04884.1,SLYcer04g05370.1,SLYcer02g03150.1,SLYcer04g05676.1,SLYcer03g00877.1,SLYcer08g03809.1	Capang02g002461,Capang01g005099,Capang04g000276,Capang06g001788,Capang02g000420,Capang01g003828,Capang01g004183,Capang04g000673
OG27250	64	7	Capana10g002450,Capana11g000271,Capana11g000265,Capana00g002469,Capana06g000908,Capana06g000365,Capana06g001248,Capana07g000027,Capana07g000317,Capana03g003377,Capana11g000264,Capana11g000263,Capana11g000273,Capana11g001911	PGSC0003DMP400012761,PGSC0003DMP400054719,PGSC0003DMP400054718,PGSC0003DMP400012760,PGSC0003DMP400052827,PGSC0003DMP400018704,PGSC0003DMP400032667,PGSC0003DMP400004278,PGSC0003DMP400049242,PGSC0003DMP400013001,PGSC0003DMP400012759	Sopen10g028940.2,Sopen11g025540.1,Sopen09g027910.1,Sopen02g004100.1,Sopen10g028940.3,Sopen07g002990.1,Sopen06g033190.1	SPI07g00396.1,SPI02g00532.1,SPI06g05125.1,SPI10g03674.1,SPI11g03687.1,SPI09g03740.1	Solyc02g014730.3.1,Solyc07g006890.1.1,Solyc06g076800.3.1,Solyc10g078280.3.1,Solyc09g066150.2.1,Solyc11g065770.1.1	SLYcer02g01554.1,SLYcer10g05190.1,SLYcer11g03625.1,SLYcer07g00328.1,SLYcer06g05235.1	Capang11g000245,Capang07g000055,Capang11g000551,Capang11g001863,Capang06g000332,Capang11g000241,Capang07g000054,Capang11g000246,Capang07g000329,Capang11g000242,Capang03g003303,Capang10g002214,Capang06g000852,Capang06g001207,Capang11g000243
OG27274	68	7	Capana01g002623,Capana00g003114,Capana11g000021,Capana01g002624,Capana01g004038,Capana01g000946,Capana11g000005,Capana01g000948,Capana05g002276,Capana08g000589,Capana01g003704,Capana00g000349	PGSC0003DMP400048044,PGSC0003DMP400026516,PGSC0003DMP400007669,PGSC0003DMP400003536,PGSC0003DMP400003539,PGSC0003DMP400032199,PGSC0003DMP400007668,PGSC0003DMP400003533,PGSC0003DMP400033290,PGSC0003DMP400032200,PGSC0003DMP400003535,PGSC0003DMP400007666,PGSC0003DMP400007667	Sopen11g028910.1,Sopen08g001600.1,Sopen08g007150.1,Sopen01g034310.2,Sopen07g029920.1,Sopen08g020690.1,Sopen08g024130.1,Sopen01g034300.1,Sopen01g034310.1,Sopen05g032050.1,Sopen08g024140.1	SPI08g05652.1,SPI07g05911.1,SPI05g04671.1,SPI08g00947.1,SPI11g04089.1,SPI01g06734.1,SPI08g04972.1,SPI08g05651.1	Solyc11g071227.1.1,Solyc05g053530.1.1,Solyc08g075480.4.1,Solyc01g087260.4.1,Solyc07g056570.1.1,Solyc01g087250.3.1,Solyc08g016720.1.1,Solyc08g066720.3.1,Solyc08g075490.4.1	SLYcer08g05082.1,SLYcer07g05169.1,SLYcer08g05766.1,SLYcer08g00984.1,SLYcer08g05767.1,SLYcer01g06466.1,SLYcer01g06465.1,SLYcer10g02290.1	Capang11g000022,Capang00g002048,Capang05g001826,Capang01g003199,Capang00g003561,Capang01g002285,Capang07g002066
OG27356	83	7	Capana03g000976,Capana02g003408,Capana05g002493,Capana00g002576,Capana05g001858,Capana07g000016,Capana05g001442,Capana10g002311,Capana04g001853,Capana02g002782,Capana03g003783,Capana04g001851,Capana07g000666,Capana06g000961,Capana12g001564,Capana02g002783	PGSC0003DMP400048762,PGSC0003DMP400046878,PGSC0003DMP400069358,PGSC0003DMP400039578,PGSC0003DMP400046877,PGSC0003DMP400048761,PGSC0003DMP400068900,PGSC0003DMP400058281,PGSC0003DMP400038405,PGSC0003DMP400048763,PGSC0003DMP400055438,PGSC0003DMP400055439,PGSC0003DMP400042572,PGSC0003DMP400042573,PGSC0003DMP400048760	Sopen03g033290.1,Sopen06g027690.1,Sopen10g004840.1,Sopen09g031330.1,Sopen09g031330.2,Sopen12g025190.1,Sopen10g014440.1	SPI06g04550.1,SPI10g00524.1,SPI02g04103.1,SPI03g04655.1,SPI11g03243.1,SPI12g02418.1,SPI10g01641.1,SPI06g03529.1,SPI04g01885.1,SPI07g05771.1,SPI04g01881.1,SPI09g04405.1	Solyc10g045270.2.1,Solyc02g087590.3.1,Solyc04g026210.3.1,Solyc06g053375.1.1,Solyc09g082470.4.1,Solyc10g009060.1.1,Solyc03g114210.3.1,Solyc06g071410.3.1,Solyc12g062280.2.1,Solyc04g026230.1.1,Solyc11g039590.3.1	SLYcer12g02640.1,SLYcer06g04689.1,SLYcer03g04601.1,SLYcer07g05036.1,SLYcer09g04749.1,SLYcer12g03753.1,SLYcer11g03181.1,SLYcer02g05172.1,SLYcer10g00665.1	Capang12g000660,Capang02g002505,Capang05g001178,Capang06g000908,Capang05g001213,Capang07g000659,Capang00g004948,Capang10g002065,Capang00g001278,Capang12g001303,Capang03g003692,Capang03g000927,Capang02g002504
OG27357	84	7	Capana03g002049,Capana08g001051,Capana02g001761,Capana00g003406,Capana12g000499,Capana05g002062,Capana10g001629,Capana12g001078	PGSC0003DMP400047101,PGSC0003DMP400019485,PGSC0003DMP400035814,PGSC0003DMP400041401,PGSC0003DMP400018101,PGSC0003DMP400008947,PGSC0003DMP400041402,PGSC0003DMP400050836,PGSC0003DMP400052190,PGSC0003DMP400021479,PGSC0003DMP400008948,PGSC0003DMP400000459,PGSC0003DMP400051018,PGSC0003DMP400035815,PGSC0003DMP400027854,PGSC0003DMP400016034,PGSC0003DMP400016033,PGSC0003DMP400035800	Sopen05g030970.1,Sopen06g016000.1,Sopen10g034760.1,Sopen08g018950.1,Sopen12g031860.1,Sopen12g028510.1,Sopen01g039440.1,Sopen09g009070.1,Sopen03g025710.1,Sopen10g028060.1,Sopen08g030470.1,Sopen06g016000.2,Sopen03g003270.1	SPI05g04548.1,SPI10g04376.1,SPI09g01252.1,SPI01g07299.1,SPI03g00544.1,SPI12g04385.1,SPI08g04802.1,SPI02g02967.1,SPI08g06345.1,SPI03g03811.1,SPI12g04818.1,SPI06g03269.1	Solyc02g076770.1.1,Solyc10g085310.1.1,Solyc03g095780.3.1,Solyc06g050500.2.1,Solyc03g007310.3.1,Solyc09g015380.1.1,Solyc08g065410.3.1,Solyc12g095970.3.1,Solyc10g076410.1.1,Solyc08g082180.3.1,Solyc01g095700.3.1,Solyc12g055990.2.1	SLYcer08g04903.1,SLYcer03g03739.1,SLYcer12g04431.1,SLYcer12g04859.1,SLYcer06g03351.1,SLYcer09g01394.1,SLYcer08g06433.1,SLYcer10g02423.1,SLYcer03g00324.1,SLYcer01g07047.1,SLYcer02g04073.1,SLYcer10g05840.1	Capang02g001569,Capang01g003621,Capang10g001389,Capang12g000411,Capang05g001636,Capang03g001941,Capang12g000928,Capang00g001818,Capang00g004146
OG27395	93	7	Capana07g002001,Capana07g002400,Capana05g000157,Capana02g001003,Capana07g002401,Capana09g000783,Capana06g000588,Capana00g000769,Capana09g000383,Capana10g000197,Capana02g003423,Capana02g003552,Capana11g000240	PGSC0003DMP400038328,PGSC0003DMP400015270,PGSC0003DMP400015267,PGSC0003DMP400017062,PGSC0003DMP400054153,PGSC0003DMP400022323,PGSC0003DMP400015268,PGSC0003DMP400010412,PGSC0003DMP400036492,PGSC0003DMP400034305,PGSC0003DMP400002538,PGSC0003DMP400038327,PGSC0003DMP400012240,PGSC0003DMP400022321,PGSC0003DMP400012241,PGSC0003DMP400015266,PGSC0003DMP400035950,PGSC0003DMP400046103,PGSC0003DMP400038326,PGSC0003DMP400012618,PGSC0003DMP400038325,PGSC0003DMP400022322,PGSC0003DMP400015269,PGSC0003DMP400048951	Sopen11g023570.1,Sopen02g016940.1,Sopen02g037930.1,Sopen10g001740.1,Sopen02g032260.1,Sopen04g007150.1,Sopen07g029770.1,Sopen11g026790.1,Sopen12g002640.1,Sopen12g008170.1,Sopen07g033920.1	SPI04g01010.1,SPI12g00325.1,SPI02g02465.1,SPI11g03837.1,SPI02g04094.1,SPI12g01071.1,SPI11g03424.1,SPI06g04876.1,SPI10g00178.1,SPI07g06327.1,SPI02g04650.1	Solyc02g067830.3.1,Solyc12g017390.3.1,Solyc04g015130.3.1,Solyc07g065710.3.1,Solyc10g005770.4.1,Solyc02g087510.3.1,Solyc11g067080.3.1,Solyc12g006690.2.1,Solyc11g061720.1.1,Solyc07g056400.1.1,Solyc02g093360.3.1	SLYcer02g05730.1,SLYcer12g00298.1,SLYcer07g05157.1,SLYcer07g05609.1,SLYcer02g05162.1,SLYcer02g03568.1,SLYcer04g01276.1,SLYcer11g03772.1,SLYcer12g01023.1,SLYcer11g03357.1,SLYcer10g00314.1	Capang05g000153,Capang02g003152,Capang09g000361,Capang00g003187,Capang02g000919,Capang07g002012,Capang12g001894,Capang07g000982,Capang02g003274,Capang07g002398,Capang00g003525,Capang03g002878
OG27398	94	7	Capana02g001280,Capana06g002635,Capana10g000127,Capana10g000113,Capana02g001710,Capana09g000244,Capana02g001716,Capana00g004458,Capana02g001278,Capana02g001282,Capana06g002652	PGSC0003DMP400007448,PGSC0003DMP400000597,PGSC0003DMP400018283,PGSC0003DMP400031193,PGSC0003DMP400049566,PGSC0003DMP400036214,PGSC0003DMP400018288,PGSC0003DMP400049471,PGSC0003DMP400049477,PGSC0003DMP400009672,PGSC0003DMP400047977,PGSC0003DMP400049564,PGSC0003DMP400049473,PGSC0003DMP400049472,PGSC0003DMP400018287,PGSC0003DMP400036234,PGSC0003DMP400049470	Sopen07g007300.1,Sopen02g021350.1,Sopen06g001870.1,Sopen02g021410.1,Sopen06g002000.1,Sopen10g034570.1,Sopen06g001990.1,Sopen12g003360.1,Sopen06g001860.1,Sopen02g021420.2,Sopen06g002020.1,Sopen02g021450.1,Sopen10g034590.1,Sopen02g010100.1,Sopen02g021420.1,Sopen06g002010.1	SPI06g00151.1,SPI02g02934.1,SPI12g00413.1,SPI07g01175.1,SPI10g04355.1,SPI02g02573.1,SPI06g00135.1,SPI02g02943.1,SPI06g00159.1,SPI04g00978.1,SPI02g02937.1,SPI06g00154.1	Solyc10g085120.3.1,Solyc06g006024.1.1,Solyc02g072480.4.1,Solyc07g018190.4.1,Solyc02g072400.1.1,Solyc06g048740.3.1,Solyc06g006022.1.1,Solyc06g006010.3.1,Solyc02g031790.3.1,Solyc02g150128.1.1,Solyc12g008400.2.1,Solyc02g068820.3.1,Solyc02g072440.4.1	SLYcer06g00371.1,SLYcer02g04039.1,SLYcer12g00382.1,SLYcer02g02567.1,SLYcer02g03673.1,SLYcer06g00376.1,SLYcer07g01156.1,SLYcer06g00357.1,SLYcer02g03676.1,SLYcer06g00380.1,SLYcer02g04044.1,SLYcer06g00382.1	Capang00g002650,Capang06g002455,Capang02g001533,Capang00g002200,Capang02g001107,Capang10g000125,Capang06g002432,Capang10g000109,Capang09g000238,Capang00g000132,Capang02g001531,Capang06g002431,Capang03g003928
OG27454	117	7	Capana08g001346,Capana10g000901,Capana09g001849,Capana04g000701,Capana08g001376,Capana00g002504,Capana08g002612,Capana08g001460,Capana06g001749,Capana04g000705,Capana09g001989,Capana04g000862,Capana11g000685,Capana08g002613,Capana06g000474,Capana01g002392	PGSC0003DMP400008740,PGSC0003DMP400052899,PGSC0003DMP400009818,PGSC0003DMP400009817,PGSC0003DMP400008739,PGSC0003DMP400003631,PGSC0003DMP400049827,PGSC0003DMP400027250,PGSC0003DMP400003632,PGSC0003DMP400006082,PGSC0003DMP400003633,PGSC0003DMP400038945,PGSC0003DMP400031142,PGSC0003DMP400027249,PGSC0003DMP400033047,PGSC0003DMP400015518,PGSC0003DMP400008738,PGSC0003DMP400008737,PGSC0003DMP400008736,PGSC0003DMP400049825,PGSC0003DMP400005329	Sopen01g042210.2,Sopen01g042210.1,Sopen09g001890.1,Sopen00g008700.2,Sopen10g006400.1,Sopen01g042550.1,Sopen04g031170.1,Sopen03g011650.1,Sopen09g005540.1,Sopen06g020260.1,Sopen00g008700.1,Sopen01g041650.1,Sopen01g052350.2,Sopen10g023930.1,Sopen11g020380.1,Sopen11g030490.1,Sopen06g031970.1,Sopen01g052350.1	SPI11g04263.1,SPI01g07519.1,SPI09g00850.1,SPI09g00189.1,SPI04g01660.1,SPI10g03033.1,SPI01g07615.1,SPI01g07580.1,SPI07g04477.1,SPI04g04865.1,SPI11g02717.1,SPI01g04523.1,SPI01g04920.1,SPI06g03733.1,SPI06g04990.1,SPI03g02210.1,SPI01g08636.1	Solyc11g044880.3.1,Solyc11g072820.3.1,Solyc01g110190.4.1,Solyc09g010810.3.1,Solyc06g075580.4.1,Solyc01g098670.3.1,Solyc01g057320.3.1,Solyc06g060140.4.1,Solyc01g098080.3.1,Solyc04g077540.4.1,Solyc03g053080.3.1,Solyc01g098980.4.1,Solyc10g054080.3.1,Solyc01g049820.2.1,Solyc09g007030.3.1	SLYcer10g04540.1,SLYcer11g04189.1,SLYcer01g08409.1,SLYcer01g07654.1,SLYcer01g04467.1,SLYcer09g00946.1,SLYcer06g03830.1,SLYcer01g04772.1,SLYcer01g07686.1,SLYcer03g02082.1,SLYcer04g05368.1,SLYcer09g00290.1,SLYcer01g07752.1,SLYcer11g02659.1,SLYcer06g05120.1	Capang04g000678,Capang11g000632,Capang00g002128,Capang04g000826,Capang10g000714,Capang01g003942,Capang01g005188,Capang09g001409,Capang06g000442,Capang06g001643,Capang04g000674,Capang01g004023,Capang00g002060,Capang09g001529,Capang01g002059
OG27482	128	7	Capana04g002426,Capana05g000284,Capana01g004418,Capana03g001859,Capana04g002711,Capana00g001159,Capana04g002723,Capana05g000260,Capana05g000276,Capana04g002765,Capana00g001443,Capana04g002468,Capana05g000247,Capana05g000517,Capana04g002639,Capana04g002804,Capana04g002658,Capana00g001160,Capana04g002791,Capana09g002355,Capana04g002706,Capana04g002794,Capana00g000717,Capana07g000851,Capana05g000275,Capana04g002431,Capana04g002778,Capana05g000266,Capana04g002632,Capana04g002534,Capana05g000255,Capana00g002677,Capana04g002462,Capana04g002367,Capana03g001862,Capana12g002263,Capana05g000256,Capana04g002785,Capana05g000704,Capana07g000169,Capana03g000993,Capana04g002782,Capana05g000261,Capana04g002663,Capana04g002419	PGSC0003DMP400040855,PGSC0003DMP400022139,PGSC0003DMP400035977,PGSC0003DMP400028022,PGSC0003DMP400040897,PGSC0003DMP400040906,PGSC0003DMP400040764,PGSC0003DMP400036469,PGSC0003DMP400028021,PGSC0003DMP400040902,PGSC0003DMP400057245,PGSC0003DMP400046472,PGSC0003DMP400042347,PGSC0003DMP400046474,PGSC0003DMP400040896,PGSC0003DMP400040901,PGSC0003DMP400026544,PGSC0003DMP400024591,PGSC0003DMP400010766,PGSC0003DMP400040857,PGSC0003DMP400032677,PGSC0003DMP400040769,PGSC0003DMP400040858,PGSC0003DMP400040818,PGSC0003DMP400019322,PGSC0003DMP400040766	Sopen04g006760.1,Sopen02g021440.1,Sopen04g007020.1,Sopen03g002040.1,Sopen02g017970.1,Sopen04g004790.1,Sopen00g009730.1,Sopen04g007010.1,Sopen04g008000.1,Sopen07g005840.1,Sopen03g033140.1,Sopen04g006200.1,Sopen07g002870.1	SPI03g00316.1,SPI04g00911.1,SPI04g00565.1,SPI03g00324.1,SPI03g04641.1,SPI03g00325.1,SPI04g01136.1,SPI02g03741.1,SPI07g00381.1,SPI07g00882.1	Solyc03g006080.4.1,Solyc03g006030.4.1,Solyc07g015990.2.1,Solyc02g072470.4.1,Solyc04g012110.2.1,Solyc03g006100.4.1,Solyc07g006770.2.1,Solyc03g114080.2.1	SLYcer03g04587.1,SLYcer03g00189.1,SLYcer04g00589.1,SLYcer07g00312.1,SLYcer03g00174.1,SLYcer02g04047.1,SLYcer04g00977.1,SLYcer07g00854.1,SLYcer04g01399.1,SLYcer02g04832.1	Capang04g002372,Capang12g001943,Capang04g002164,Capang07g000038,Capang01g001325,Capang07g000966,Capang04g002170,Capang00g001772,Capang04g002396,Capang04g002383,Capang00g003009,Capang03g000940,Capang05g000598,Capang00g002738,Capang00g002024,Capang05g000434
OG27486	132	7	Capana12g002810,Capana10g001137,Capana07g000692,Capana11g001559,Capana03g000967,Capana02g002524,Capana02g003556,Capana05g000160,Capana09g000812,Capana12g000605,Capana05g001490,Capana07g000844,Capana02g001948,Capana04g001374,Capana04g002627,Capana08g002776,Capana09g000019	PGSC0003DMP400005268,PGSC0003DMP400032486,PGSC0003DMP400022690,PGSC0003DMP400032487,PGSC0003DMP400040851,PGSC0003DMP400005269,PGSC0003DMP400005270,PGSC0003DMP400001518,PGSC0003DMP400015249,PGSC0003DMP400005265,PGSC0003DMP400022330,PGSC0003DMP400032978,PGSC0003DMP400051724,PGSC0003DMP400023464,PGSC0003DMP400042375,PGSC0003DMP400051723	Sopen09g024870.1,Sopen01g053920.1,Sopen07g022490.1,Sopen10g025490.1,Sopen09g010510.1,Sopen12g004330.1,Sopen07g022370.2,Sopen12g004320.1,Sopen02g028090.1,Sopen11g006840.1,Sopen03g002410.1,Sopen04g006790.1,Sopen04g027060.2,Sopen02g038000.1,Sopen03g033410.1,Sopen04g027060.1,Sopen07g022370.1,Sopen02g022970.1	SPI02g01475.1,SPI07g04494.1,SPI12g01019.1,SPI03g04674.1,SPI11g00881.1,SPI12g00525.1,SPI12g04745.1,SPI04g00914.1,SPI12g01015.1,SPI12g01012.1,SPI07g04522.1,SPI01g08796.1,SPI12g00522.1,SPI04g04256.1,SPI09g01434.1,SPI10g03329.1,SPI02g03632.1,SPI02g03105.1,SPI12g01020.1,SPI12g00862.1,SPI02g04655.1	Solyc03g006400.3.1,Solyc04g071120.3.1,Solyc12g009350.1.1,Solyc12g016100.1.1,Solyc07g042890.3.1,Solyc12g009340.2.1,Solyc09g018060.4.1,Solyc11g012050.1.1,Solyc12g015980.1.1,Solyc07g042680.3.1,Solyc12g016060.1.1,Solyc12g094410.3.1,Solyc12g016030.3.1,Solyc02g078140.3.1,Solyc01g111880.4.1,Solyc04g014690.3.1,Solyc02g083290.4.1,Solyc12g016140.1.1,Solyc10g055720.2.1,Solyc03g114310.3.1,Solyc02g093410.4.1	SLYcer02g04206.1,SLYcer12g04780.1,SLYcer02g05735.1,SLYcer12g00967.1,SLYcer10g04838.1,SLYcer07g03810.1,SLYcer07g03781.1,SLYcer12g00495.1,SLYcer12g00972.1,SLYcer04g01189.1,SLYcer02g04722.1,SLYcer03g04621.1,SLYcer12g00976.1,SLYcer12g00816.1,SLYcer03g00214.1,SLYcer12g00962.1,SLYcer01g08566.1,SLYcer04g04775.1,SLYcer11g00731.1,SLYcer09g01573.1,SLYcer12g00959.1,SLYcer12g00493.1	Capang01g005359,Capang11g001500,Capang05g001212,Capang05g000157,Capang07g000717,Capang10g000956,Capang09g000012,Capang12g002458,Capang02g001729,Capang12g000502,Capang04g001309,Capang02g003278,Capang07g000956,Capang04g002292,Capang03g000917,Capang02g002261,Capang09g000735
OG27531	169	7	Capana03g002466,Capana06g000911,Capana01g001315,Capana01g001307,Capana11g000272,Capana12g002259,Capana10g001985,Capana01g001311,Capana10g002155,Capana08g000854,Capana10g002157,Capana08g000857,Capana06g000906,Capana06g000907,Capana03g001377,Capana03g001347,Capana06g002157,Capana06g000592,Capana05g000299,Capana01g002300,Capana01g001318,Capana03g001346,Capana06g000910,Capana10g002163,Capana11g000266,Capana12g001568,Capana10g002156,Capana12g001567,Capana10g002162,Capana08g000856,Capana10g002160,Capana10g002161,Capana08g000855,Capana10g002158,Capana01g001306,Capana01g001317,Capana11g000270	PGSC0003DMP400031138,PGSC0003DMP400000327,PGSC0003DMP400033853,PGSC0003DMP400000332,PGSC0003DMP400054023,PGSC0003DMP400054022,PGSC0003DMP400015613,PGSC0003DMP400048997,PGSC0003DMP400048513,PGSC0003DMP400040922,PGSC0003DMP400059948,PGSC0003DMP400054025,PGSC0003DMP400026459,PGSC0003DMP400000331,PGSC0003DMP400026645,PGSC0003DMP400026732,PGSC0003DMP400000330,PGSC0003DMP400000326,PGSC0003DMP400000329,PGSC0003DMP400048998,PGSC0003DMP400061895,PGSC0003DMP400015770,PGSC0003DMP400040996,PGSC0003DMP400000324,PGSC0003DMP400000328,PGSC0003DMP400054021,PGSC0003DMP400040921,PGSC0003DMP400000325,PGSC0003DMP400040832,PGSC0003DMP400026643,PGSC0003DMP400055956,PGSC0003DMP400012613,PGSC0003DMP400054020,PGSC0003DMP400026644,PGSC0003DMP400015771	Sopen01g037890.1,Sopen01g037940.1,Sopen03g030430.1,Sopen09g004480.1,Sopen10g031370.1,Sopen01g037910.1,Sopen00g007980.1,Sopen10g031360.1,Sopen01g037940.2,Sopen09g004470.1,Sopen10g031350.1,Sopen03g030410.1,Sopen03g030420.1,Sopen10g031330.1,Sopen10g028940.1,Sopen10g031340.1,Sopen06g030900.1,Sopen01g037920.1,Sopen01g037930.1	SPI10g03975.1,SPI10g04174.1,SPI09g00519.1,SPI04g00775.1,SPI03g04354.1,SPI10g03977.1,SPI09g00518.1,SPI10g03971.1,SPI01g07135.1,SPI12g01307.1,SPI06g04870.1,SPI01g07136.1,SPI01g07134.1,SPI08g06244.1,SPI10g03973.1,SPI04g03480.1,SPI03g04355.1,SPI10g03972.1,SPI01g07132.1	Solyc10g080840.1.1,Solyc09g009707.1.1,Solyc01g094130.2.1,Solyc01g094120.3.1,Solyc10g083400.1.1,Solyc06g074420.1.1,Solyc10g150143.1.1,Solyc03g111280.1.1,Solyc09g009703.1.1,Solyc01g094140.3.1,Solyc01g094080.4.1,Solyc10g150144.1.1,Solyc03g111290.2.1,Solyc04g150109.1.1,Solyc03g111300.1.1,Solyc10g087040.3.1,Solyc01g094100.2.1	SLYcer04g03764.1,SLYcer11g03044.1,SLYcer01g06882.1,SLYcer10g05646.1,SLYcer06g05000.1,SLYcer09g00634.1,SLYcer10g05470.1,SLYcer03g04296.1,SLYcer12g01276.1,SLYcer03g04295.1,SLYcer12g01272.1,SLYcer10g05477.1,SLYcer03g04294.1,SLYcer01g06884.1,SLYcer10g05472.1,SLYcer10g05473.1,SLYcer02g01553.1,SLYcer10g05475.1,SLYcer01g06950.1,SLYcer09g00635.1,SLYcer01g06885.1,SLYcer04g00962.1	Capang10g001920,Capang03g002425,Capang01g001139,Capang01g001690,Capang10g001915,Capang03g001283,Capang10g001917,Capang10g001916,Capang10g001911,Capang01g001138,Capang10g001912,Capang06g000541,Capang01g001689,Capang03g001281,Capang10g001918,Capang06g001993,Capang10g001749,Capang03g001282,Capang10g001919,Capang12g001940
OG27564	241	7	Capana06g001151,Capana04g000391,Capana02g001818,Capana07g002109,Capana07g001875,Capana07g002108,Capana07g001874,Capana07g001882,Capana06g001578,Capana07g001876,Capana01g003420,Capana07g002110,Capana03g002775,Capana07g001879,Capana10g000288,Capana09g000685,Capana07g002123,Capana07g002107,Capana07g001872,Capana07g001880,Capana01g003924,Capana07g001877,Capana07g001883,Capana07g001889,Capana07g001873,Capana07g001878,Capana07g002039,Capana06g000260,Capana07g001397,Capana00g003663,Capana10g000268,Capana07g002117,Capana07g002111,Capana03g000348,Capana07g002106,Capana06g001577,Capana10g000275,Capana07g002116,Capana07g001022,Capana06g001838,Capana07g001870,Capana07g001881,Capana07g001884	PGSC0003DMP400021891,PGSC0003DMP400046202,PGSC0003DMP400010777,PGSC0003DMP400030273,PGSC0003DMP400003040,PGSC0003DMP400012546,PGSC0003DMP400030254,PGSC0003DMP400042214,PGSC0003DMP400009137,PGSC0003DMP400059738,PGSC0003DMP400018636,PGSC0003DMP400020830,PGSC0003DMP400010053,PGSC0003DMP400012541,PGSC0003DMP400067800,PGSC0003DMP400019851,PGSC0003DMP400018633,PGSC0003DMP400021897,PGSC0003DMP400010779,PGSC0003DMP400021892,PGSC0003DMP400009343,PGSC0003DMP400012547,PGSC0003DMP400009345,PGSC0003DMP400013421,PGSC0003DMP400030259,PGSC0003DMP400003041,PGSC0003DMP400018734,PGSC0003DMP400030276,PGSC0003DMP400030191,PGSC0003DMP400021893,PGSC0003DMP400009344,PGSC0003DMP400004194,PGSC0003DMP400012542,PGSC0003DMP400049206,PGSC0003DMP400021898,PGSC0003DMP400004195,PGSC0003DMP400012545,PGSC0003DMP400003039,PGSC0003DMP400046213,PGSC0003DMP400012603,PGSC0003DMP400010776,PGSC0003DMP400010848,PGSC0003DMP400030272,PGSC0003DMP400021890,PGSC0003DMP400004197,PGSC0003DMP400012511,PGSC0003DMP400004196,PGSC0003DMP400030192,PGSC0003DMP400021896,PGSC0003DMP400008959,PGSC0003DMP400030274,PGSC0003DMP400030275,PGSC0003DMP400042213,PGSC0003DMP400021894,PGSC0003DMP400009346,PGSC0003DMP400018635,PGSC0003DMP400018735,PGSC0003DMP400012543,PGSC0003DMP400010052	Sopen07g028910.1,Sopen07g013300.1,Sopen00g009630.1,Sopen07g028930.1,Sopen06g017920.1,Sopen07g025710.1,Sopen06g021210.1,Sopen07g028870.1,Sopen07g028880.1,Sopen07g025640.1,Sopen07g028900.1,Sopen03g025330.1,Sopen07g030750.1,Sopen07g002250.1,Sopen07g025720.1,Sopen07g030250.1,Sopen01g035600.3,Sopen07g028940.1,Sopen07g026870.1,Sopen03g038930.1,Sopen06g017920.2,Sopen01g035600.1,Sopen04g033690.1,Sopen07g028860.1,Sopen01g035600.2,Sopen06g034090.1,Sopen07g028890.1,Sopen07g030740.1,Sopen10g003780.1,Sopen06g025210.1,Sopen07g028920.1,Sopen07g028950.1	SPI06g03471.1,SPI03g05274.1,SPI07g05800.1,SPI07g05423.1,SPI07g06007.1,SPI03g03748.1,SPI07g05806.1,SPI07g05418.1,SPI07g05799.1,SPI01g06894.1,SPI10g00394.1,SPI06g04279.1,SPI07g05956.1,SPI07g05801.1,SPI07g05794.1,SPI06g05221.1,SPI07g05802.1,SPI07g05807.1,SPI07g06009.1,SPI07g05804.1,SPI07g05421.1,SPI07g05420.1,SPI07g03313.1,SPI07g06008.1,SPI06g03849.1,SPI07g05805.1,SPI04g05101.1,SPI07g00306.1,SPI06g03848.1	Solyc07g055560.4.1,Solyc07g055530.3.1,Solyc07g055440.2.1,Solyc07g052075.1.1,Solyc06g061023.1.1,Solyc07g062520.3.1,Solyc07g052070.3.1,Solyc04g080100.3.1,Solyc07g062500.3.1,Solyc07g062510.2.1,Solyc07g055350.4.1,Solyc07g055550.2.1,Solyc03g095310.3.1,Solyc06g061027.1.1,Solyc07g061980.2.1,Solyc06g067930.2.1,Solyc07g055460.3.1,Solyc07g055480.2.1,Solyc06g082730.2.1,Solyc07g150149.1.1,Solyc07g055450.2.1,Solyc07g025370.3.1,Solyc03g120060.2.1,Solyc01g088760.4.1,Solyc10g007880.4.1,Solyc07g006140.4.1,Solyc07g055470.3.1,Solyc07g055490.4.1	SLYcer07g05067.1,SLYcer06g05329.1,SLYcer07g05232.1,SLYcer07g05285.1,SLYcer07g05064.1,SLYcer03g03674.1,SLYcer06g03560.1,SLYcer07g05069.1,SLYcer10g00530.1,SLYcer04g05608.1,SLYcer06g03974.1,SLYcer07g05066.1,SLYcer07g02036.1,SLYcer03g05214.1,SLYcer06g03975.1,SLYcer07g05065.1,SLYcer10g00531.1,SLYcer07g05070.1,SLYcer01g06633.1,SLYcer07g05060.1,SLYcer07g04711.1,SLYcer07g04710.1,SLYcer07g05068.1,SLYcer07g05071.1,SLYcer07g04708.1,SLYcer07g05286.1,SLYcer07g00237.1	Capang00g003144,Capang04g002389,Capang07g001878,Capang07g001882,Capang07g001877,Capang04g002344,Capang00g004470,Capang03g002668,Capang07g001875,Capang07g001429,Capang09g000613,Capang07g002077,Capang00g003837,Capang07g001873,Capang06g001722,Capang00g003974,Capang06g001492,Capang03g000323,Capang07g001110,Capang06g000248,Capang06g001250,Capang08g000359,Capang07g002138
OG27605	425	7	Capana01g000185,Capana12g000512,Capana04g000306,Capana03g002879,Capana02g003340,Capana01g003836,Capana08g001804,Capana03g000824,Capana09g000290,Capana06g002341,Capana01g003780,Capana01g002437,Capana07g000762,Capana07g002185,Capana05g001152,Capana00g000724,Capana06g000690,Capana04g000033,Capana03g001650,Capana12g001705,Capana04g001916,Capana07g001744,Capana12g001602,Capana04g001770,Capana04g001823,Capana00g000452,Capana05g001103,Capana11g001145,Capana01g004284,Capana05g002173,Capana11g002375,Capana08g000964,Capana03g001250,Capana07g001815,Capana02g003513,Capana03g001521,Capana10g000908,Capana09g002024,Capana00g004661,Capana05g001032,Capana01g003003,Capana01g000927,Capana10g000361,Capana04g000307,Capana02g002737,Capana08g001336,Capana02g001723,Capana12g001601,Capana11g000743,Capana04g001702,Capana01g003102,Capana01g003835,Capana11g001993,Capana10g002107,Capana05g001798,Capana06g000831,Capana04g001958,Capana11g000632,Capana11g002271,Capana07g000931,Capana00g000628,Capana06g002562	PGSC0003DMP400046796,PGSC0003DMP400007750,PGSC0003DMP400010552,PGSC0003DMP400052034,PGSC0003DMP400031711,PGSC0003DMP400004921,PGSC0003DMP400032172,PGSC0003DMP400027639,PGSC0003DMP400035899,PGSC0003DMP400044283,PGSC0003DMP400022020,PGSC0003DMP400000610,PGSC0003DMP400001029,PGSC0003DMP400035903,PGSC0003DMP400004339,PGSC0003DMP400006283,PGSC0003DMP400052454,PGSC0003DMP400050064,PGSC0003DMP400031953,PGSC0003DMP400000143,PGSC0003DMP400048161,PGSC0003DMP400023269,PGSC0003DMP400052344,PGSC0003DMP400046463,PGSC0003DMP400043130,PGSC0003DMP400031712,PGSC0003DMP400018850,PGSC0003DMP400017679,PGSC0003DMP400020784,PGSC0003DMP400063697,PGSC0003DMP400022979,PGSC0003DMP400052345,PGSC0003DMP400000144,PGSC0003DMP400042496,PGSC0003DMP400055902,PGSC0003DMP400035497,PGSC0003DMP400022982,PGSC0003DMP400020783,PGSC0003DMP400029610,PGSC0003DMP400007748,PGSC0003DMP400021542,PGSC0003DMP400049461,PGSC0003DMP400010572,PGSC0003DMP400035900,PGSC0003DMP400031709,PGSC0003DMP400000609,PGSC0003DMP400010570,PGSC0003DMP400051026,PGSC0003DMP400007717,PGSC0003DMP400006284,PGSC0003DMP400036824,PGSC0003DMP400050047,PGSC0003DMP400023268,PGSC0003DMP400041321,PGSC0003DMP400038942,PGSC0003DMP400048346,PGSC0003DMP400006601,PGSC0003DMP400002594,PGSC0003DMP400058551,PGSC0003DMP400041324,PGSC0003DMP400035902,PGSC0003DMP400054674,PGSC0003DMP400042497,PGSC0003DMP400020785,PGSC0003DMP400032336,PGSC0003DMP400044003,PGSC0003DMP400022019,PGSC0003DMP400050046,PGSC0003DMP400050161,PGSC0003DMP400038941,PGSC0003DMP400031954,PGSC0003DMP400046461,PGSC0003DMP400050051,PGSC0003DMP400046462,PGSC0003DMP400050048,PGSC0003DMP400032171,PGSC0003DMP400037535,PGSC0003DMP400029609,PGSC0003DMP400049462,PGSC0003DMP400002596,PGSC0003DMP400035898,PGSC0003DMP400002595,PGSC0003DMP400042495,PGSC0003DMP400050066,PGSC0003DMP400006600,PGSC0003DMP400043129,PGSC0003DMP400053050,PGSC0003DMP400010571,PGSC0003DMP400035901,PGSC0003DMP400054054,PGSC0003DMP400031955,PGSC0003DMP400050052,PGSC0003DMP400032335,PGSC0003DMP400010573	Sopen08g001510.1,Sopen02g029540.1,Sopen02g033020.1,Sopen06g017480.1,Sopen04g025170.1,Sopen01g041730.1,Sopen01g045720.1,Sopen04g002800.2,Sopen12g013310.1,Sopen04g036480.1,Sopen04g034320.1,Sopen06g030040.1,Sopen07g004730.1,Sopen06g026280.2,Sopen05g005350.1,Sopen05g028330.1,Sopen11g030300.1,Sopen01g032020.1,Sopen03g031150.2,Sopen05g008690.1,Sopen01g029590.1,Sopen07g031320.1,Sopen12g026630.1,Sopen05g003870.1,Sopen08g020130.1,Sopen08g005410.1,Sopen07g027030.1,Sopen01g044460.1,Sopen07g004680.1,Sopen08g001510.2,Sopen06g002630.1,Sopen06g001160.1,Sopen11g023490.1,Sopen10g027210.1,Sopen06g023140.1,Sopen08g024530.1,Sopen08g029820.1,Sopen03g002080.1,Sopen10g003440.3,Sopen01g038740.1,Sopen02g021290.1,Sopen11g021440.1,Sopen11g028810.1,Sopen06g026280.1,Sopen05g006920.1,Sopen04g002800.1,Sopen12g020260.1,Sopen10g004140.1,Sopen02g031430.1,Sopen03g028440.1,Sopen07g027890.1,Sopen03g034650.1,Sopen03g031150.1,Sopen12g031760.1,Sopen12g009740.1,Sopen08g021380.1,Sopen12g003180.1	SPI07g06067.1,SPI05g00644.1,SPI12g02280.1,SPI08g06272.1,SPI10g00354.1,SPI12g00385.1,SPI08g04923.1,SPI01g07222.1,SPI04g03789.1,SPI06g04024.1,SPI07g00644.1,SPI04g02915.1,SPI04g00362.1,SPI01g06452.1,SPI02g04016.1,SPI03g00323.1,SPI12g01281.1,SPI02g02927.1,SPI06g03427.1,SPI03g04431.1,SPI01g07818.1,SPI03g04088.1,SPI04g05176.1,SPI11g04239.1,SPI07g05779.1,SPI05g04187.1,SPI12g03777.1,SPI07g00637.1,SPI06g04784.1,SPI08g00120.1,SPI05g00870.1,SPI11g04073.1,SPI03g04813.1,SPI05g01512.1,SPI02g03810.1,SPI01g06051.1,SPI05g00475.1,SPI06g00039.1,SPI11g02560.1,SPI07g00645.1,SPI08g05056.1,SPI06g04395.1,SPI12g04806.1,SPI01g07942.1,SPI06g05213.1,SPI08g00687.1,SPI07g05637.1,SPI01g07528.1,SPI05g01078.1,SPI12g02573.1,SPI10g00435.1,SPI10g03469.1	Solyc12g062870.2.1,Solyc08g005470.4.1,Solyc01g094960.3.1,Solyc07g063130.4.1,Solyc10g037910.3.1,Solyc05g012130.4.1,Solyc01g067640.3.1,Solyc01g080240.4.1,Solyc07g053910.3.1,Solyc12g027870.1.1,Solyc04g056280.4.1,Solyc03g104790.3.1,Solyc04g007710.3.1,Solyc05g008020.4.1,Solyc04g049530.1.1,Solyc06g082640.3.1,Solyc02g084870.3.1,Solyc12g019460.2.1,Solyc02g072300.4.1,Solyc11g070140.2.1,Solyc01g103350.3.1,Solyc03g112050.4.1,Solyc10g008280.3.1,Solyc03g097690.3.1,Solyc05g009540.3.1,Solyc08g014420.4.1,Solyc07g008740.3.1,Solyc02g086670.4.1,Solyc06g051510.2.1,Solyc03g115660.3.1,Solyc08g067450.1.1,Solyc11g045610.2.1,Solyc06g064660.4.1,Solyc04g080730.3.1,Solyc05g013770.4.1,Solyc12g040680.2.1,Solyc04g082840.4.1,Solyc03g006070.3.1,Solyc08g081490.4.1,Solyc12g095860.2.1,Solyc05g049970.3.1,Solyc02g088330.2.1,Solyc08g075890.3.1,Solyc06g005170.3.1,Solyc06g073630.3.1,Solyc08g066330.3.1,Solyc07g055200.4.1,Solyc01g098160.3.1,Solyc12g007200.2.1,Solyc10g074720.3.1,Solyc06g068990.4.1,Solyc11g072630.2.1,Solyc01g101000.3.1	SLYcer06g04536.1,SLYcer01g06148.1,SLYcer06g00269.1,SLYcer07g05045.1,SLYcer06g03512.1,SLYcer08g06364.1,SLYcer04g05674.1,SLYcer12g01240.1,SLYcer05g00610.1,SLYcer08g05031.1,SLYcer01g07321.1,SLYcer04g00378.1,SLYcer03g04374.1,SLYcer12g02798.1,SLYcer06g04918.1,SLYcer12g00355.1,SLYcer12g04848.1,SLYcer12g03831.1,SLYcer01g06973.1,SLYcer12g02510.1,SLYcer05g00442.1,SLYcer02g04033.1,SLYcer10g01617.1,SLYcer08g05171.1,SLYcer07g05348.1,SLYcer03g04033.1,SLYcer10g00574.1,SLYcer07g04911.1,SLYcer06g04158.1,SLYcer04g04146.1,SLYcer01g07742.1,SLYcer02g04886.1,SLYcer07g00601.1,SLYcer11g04169.1,SLYcer10g04967.1,SLYcer07g00600.1,SLYcer11g02508.1,SLYcer10g02782.1,SLYcer05g00826.1,SLYcer08g00707.1,SLYcer02g05078.1,SLYcer03g04757.1,SLYcer03g00181.1,SLYcer04g03182.1,SLYcer07g00594.1,SLYcer05g01017.1	Capang01g004033,Capang00g002334,Capang08g000767,Capang07g001815,Capang04g001758,Capang03g002770,Capang01g000172,Capang06g002355,Capang08g001153,Capang11g001160,Capang05g000985,Capang08g001293,Capang10g000259,Capang11g002259,Capang01g002832,Capang02g001537,Capang06g000643,Capang04g001711,Capang11g000571,Capang08g000115,Capang11g002170,Capang06g000782,Capang08g000689,Capang01g003544,Capang09g000275,Capang10g000721,Capang02g003075,Capang04g000277,Capang07g001738,Capang02g003238,Capang06g001978,Capang00g000141,Capang00g000880,Capang11g001918,Capang04g000025,Capang11g001478,Capang11g000681,Capang05g000857,Capang05g001732,Capang04g001652,Capang07g000960,Capang07g001055,Capang07g002206,Capang09g001264,Capang03g001202,Capang01g000858,Capang04g001692,Capang00g004020,Capang02g002460,Capang03g000754,Capang01g004376,Capang03g001588,Capang01g002104,Capang09g001559,Capang10g001865,Capang03g002423,Capang00g001448,Capang03g001445,Capang05g000941,Capang12g000423,Capang00g003630
OG27606	437	7	Capana08g002036,Capana00g001086,Capana01g001216,Capana01g004116,Capana08g002260,Capana06g001407,Capana00g004311,Capana03g002491,Capana09g000110,Capana10g000210,Capana03g002801,Capana12g001671,Capana06g002511,Capana04g000063,Capana05g002045,Capana07g002353,Capana07g000296,Capana10g001593,Capana01g002629,Capana10g001793,Capana07g001716,Capana01g002355,Capana10g001525,Capana12g000411,Capana12g001487,Capana08g002755,Capana04g001053,Capana06g000342,Capana01g002685,Capana05g002543,Capana07g002492,Capana10g001276,Capana06g001428,Capana05g002544,Capana12g001489,Capana08g002037,Capana00g002273,Capana07g002169,Capana04g001052,Capana01g002929,Capana04g002371,Capana10g002391,Capana02g003002,Capana08g001566,Capana00g004940,Capana00g003839,Capana00g001790,Capana00g003396,Capana09g001857,Capana02g002511,Capana04g001485,Capana06g000105,Capana10g001807,Capana05g002228	PGSC0003DMP400020271,PGSC0003DMP400042934,PGSC0003DMP400035693,PGSC0003DMP400017647,PGSC0003DMP400047192,PGSC0003DMP400009265,PGSC0003DMP400053458,PGSC0003DMP400020267,PGSC0003DMP400053457,PGSC0003DMP400010195,PGSC0003DMP400052895,PGSC0003DMP400024526,PGSC0003DMP400006409,PGSC0003DMP400066209,PGSC0003DMP400043278,PGSC0003DMP400012923,PGSC0003DMP400046424,PGSC0003DMP400009636,PGSC0003DMP400009635,PGSC0003DMP400018609,PGSC0003DMP400047218,PGSC0003DMP400034056,PGSC0003DMP400034058,PGSC0003DMP400040365,PGSC0003DMP400046423,PGSC0003DMP400031455,PGSC0003DMP400016039,PGSC0003DMP400040625,PGSC0003DMP400038266,PGSC0003DMP400019522,PGSC0003DMP400046425,PGSC0003DMP400062775,PGSC0003DMP400044605,PGSC0003DMP400020268,PGSC0003DMP400047191,PGSC0003DMP400011062,PGSC0003DMP400031456,PGSC0003DMP400013786,PGSC0003DMP400019966,PGSC0003DMP400035694,PGSC0003DMP400034057,PGSC0003DMP400011061,PGSC0003DMP400013785,PGSC0003DMP400045260,PGSC0003DMP400019965,PGSC0003DMP400003625,PGSC0003DMP400052847,PGSC0003DMP400050965,PGSC0003DMP400044604,PGSC0003DMP400022279,PGSC0003DMP400036773,PGSC0003DMP400011060,PGSC0003DMP400009264,PGSC0003DMP400003624,PGSC0003DMP400021944,PGSC0003DMP400053459,PGSC0003DMP400010193,PGSC0003DMP400004585,PGSC0003DMP400047219,PGSC0003DMP400039101,PGSC0003DMP400016038,PGSC0003DMP400028432,PGSC0003DMP400034055,PGSC0003DMP400015823,PGSC0003DMP400039100,PGSC0003DMP400013374,PGSC0003DMP400061824,PGSC0003DMP400038268,PGSC0003DMP400011059,PGSC0003DMP400014440,PGSC0003DMP400022280,PGSC0003DMP400042936,PGSC0003DMP400020266,PGSC0003DMP400038267,PGSC0003DMP400020269,PGSC0003DMP400019609,PGSC0003DMP400019964,PGSC0003DMP400003938,PGSC0003DMP400010194,PGSC0003DMP400009634,PGSC0003DMP400045352,PGSC0003DMP400021032,PGSC0003DMP400055724,PGSC0003DMP400022278,PGSC0003DMP400038420,PGSC0003DMP400052848,PGSC0003DMP400040623,PGSC0003DMP400031454,PGSC0003DMP400045259,PGSC0003DMP400006410,PGSC0003DMP400042935	Sopen06g033470.1,Sopen08g030530.1,Sopen01g047780.1,Sopen03g002940.1,Sopen05g031070.1,Sopen03g003210.1,Sopen06g024070.1,Sopen08g002030.1,Sopen10g029420.1,Sopen07g034440.1,Sopen01g049550.1,Sopen04g026440.1,Sopen08g019150.1,Sopen03g002950.3,Sopen05g031800.1,Sopen06g002170.1,Sopen00g008820.1,Sopen12g021710.1,Sopen12g005470.1,Sopen10g027960.1,Sopen10g001610.1,Sopen07g003270.1,Sopen03g002960.1,Sopen10g025450.1,Sopen06g024390.1,Sopen02g028210.1,Sopen05g034390.1,Sopen04g025490.1,Sopen10g029440.1,Sopen07g031160.1,Sopen01g029930.1,Sopen03g002930.1,Sopen06g017980.1,Sopen03g002960.2,Sopen10g033850.1,Sopen01g053770.1,Sopen07g027740.1,Sopen09g001940.1,Sopen03g037830.1,Sopen12g032350.1,Sopen01g034390.1,Sopen09g027400.1,Sopen10g017540.1,Sopen03g006120.1,Sopen10g034820.1,Sopen08g019380.1,Sopen04g036230.1,Sopen04g029370.1,Sopen01g031490.1,Sopen01g043560.1,Sopen06g035490.1,Sopen10g029450.1,Sopen03g002950.2,Sopen01g049550.2,Sopen02g037290.1,Sopen03g002950.1,Sopen10g020910.1,Sopen03g010100.1,Sopen03g037830.2,Sopen10g029430.1,Sopen06g004120.1,Sopen08g022880.1,Sopen01g027100.1,Sopen08g019130.1	SPI08g04853.1,SPI01g08151.1,SPI04g04509.1,SPI10g03318.1,SPI07g05620.1,SPI03g03053.1,SPI07g00427.1,SPI01g08349.1,SPI09g03685.1,SPI03g00507.1,SPI10g02014.1,SPI03g00509.1,SPI03g05146.1,SPI10g03555.1,SPI06g00176.1,SPI09g00193.1,SPI08g05467.1,SPI12g03985.1,SPI01g06745.1,SPI08g04855.1,SPI03g00537.1,SPI08g03859.1,SPI01g08776.1,SPI08g00193.1,SPI02g04591.1,SPI08g04833.1,SPI07g06380.1,SPI06g04151.1,SPI10g03732.1,SPI01g05698.1,SPI10g03730.1,SPI01g06105.1,SPI06g05155.1,SPI07g06052.1,SPI02g03647.1,SPI08g03157.1,SPI03g00508.1,SPI12g04880.1,SPI12g00647.1,SPI06g05366.1,SPI03g03031.1,SPI06g04120.1,SPI08g06351.1,SPI04g03870.1,SPI10g02377.1,SPI05g04641.1,SPI01g06393.1,SPI10g04282.1,SPI10g04381.1,SPI05g04940.1,SPI04g04510.1,SPI03g03045.1,SPI05g04558.1,SPI06g00429.1,SPI10g00164.1,SPI03g00997.1,SPI01g07720.1,SPI04g05374.1,SPI08g04825.1,SPI03g03044.1	Solyc01g111730.3.1,Solyc03g006930.3.1,Solyc08g006060.3.1,Solyc03g006950.3.1,Solyc12g042570.2.1,Solyc03g033340.3.1,Solyc06g051940.4.1,Solyc10g085370.3.1,Solyc10g078820.2.1,Solyc04g056560.4.1,Solyc03g006940.3.1,Solyc07g062970.3.1,Solyc05g016415.1.1,Solyc12g096520.3.1,Solyc01g107300.4.1,Solyc08g065680.3.1,Solyc10g047290.2.1,Solyc10g005640.4.1,Solyc03g006960.4.1,Solyc09g007080.3.1,Solyc01g065700.3.1,Solyc10g084410.2.1,Solyc05g052520.3.1,Solyc10g076320.3.1,Solyc08g062640.3.1,Solyc01g100040.3.1,Solyc05g053290.3.1,Solyc03g013100.1.1,Solyc03g007230.4.1,Solyc08g065670.4.1,Solyc03g013140.1.1,Solyc09g065650.3.1,Solyc02g083420.3.1,Solyc04g074190.3.1,Solyc04g082600.3.1,Solyc10g055650.2.1,Solyc10g049630.2.1,Solyc01g105280.3.1,Solyc01g068000.4.1,Solyc08g065540.3.1,Solyc06g009390.3.1,Solyc08g065500.2.1,Solyc06g082080.3.1,Solyc05g055980.4.1,Solyc06g007190.4.1,Solyc10g078810.1.1,Solyc06g065920.4.1,Solyc01g079720.3.1,Solyc03g118890.4.1,Solyc01g087460.3.1,Solyc07g007220.3.1,Solyc06g065610.3.1,Solyc08g074230.1.1,Solyc07g066260.3.1,Solyc04g064500.4.1,Solyc08g082260.2.1,Solyc12g010450.3.1,Solyc06g082700.1.1,Solyc02g092750.3.1,Solyc07g053760.4.1	SLYcer04g04229.1,SLYcer03g05087.1,SLYcer03g02955.1,SLYcer03g02948.1,SLYcer03g02937.1,SLYcer04g05862.1,SLYcer02g04736.1,SLYcer04g04386.1,SLYcer10g02320.1,SLYcer06g00399.1,SLYcer09g00294.1,SLYcer08g04962.1,SLYcer07g04895.1,SLYcer08g05586.1,SLYcer07g05334.1,SLYcer06g05474.1,SLYcer10g05845.1,SLYcer08g03940.1,SLYcer08g03326.1,SLYcer10g05747.1,SLYcer01g05927.1,SLYcer03g00831.1,SLYcer06g05264.1,SLYcer08g04938.1,SLYcer07g00360.1,SLYcer10g03673.1,SLYcer10g04008.1,SLYcer03g00318.1,SLYcer01g07551.1,SLYcer12g04922.1,SLYcer01g06098.1,SLYcer06g00647.1,SLYcer02g05671.1,SLYcer08g06441.1,SLYcer01g08550.1,SLYcer10g00298.1,SLYcer06g05326.1,SLYcer01g06479.1,SLYcer12g04030.1,SLYcer01g07108.1,SLYcer03g00289.1,SLYcer03g00290.1,SLYcer08g00257.1,SLYcer10g04827.1,SLYcer01g08118.1,SLYcer08g04930.1,SLYcer10g05070.1,SLYcer08g04959.1,SLYcer03g00291.1,SLYcer01g05541.1,SLYcer06g04293.1,SLYcer07g05663.1,SLYcer10g02413.1,SLYcer04g05037.1,SLYcer10g02036.1,SLYcer06g03565.1	Capang00g005482,Capang07g002347,Capang04g002094,Capang06g000089,Capang12g000342,Capang05g001781,Capang09g001417,Capang03g002389,Capang00g001212,Capang01g002344,Capang01g004813,Capang10g000955,Capang05g001625,Capang00g000667,Capang03g002700,Capang00g001295,Capang06g002333,Capang07g000301,Capang01g001054,Capang01g004114,Capang04g000989,Capang07g001015,Capang00g001811,Capang01g002292,Capang09g000110,Capang00g002986,Capang10g001360,Capang07g002189,Capang06g000309,Capang02g002723,Capang00g005353,Capang07g002487,Capang00g003087,Capang10g001536,Capang06g001340,Capang10g001077,Capang07g001710,Capang03g003159,Capang01g005339,Capang05g002090,Capang02g003399,Capang02g002242,Capang01g002507,Capang10g001575,Capang10g001298,Capang00g003029,Capang08g000997,Capang04g001442,Capang04g001389,Capang01g004597,Capang04g000054,Capang01g002632
OG27607	441	7	Capana11g001034,Capana01g001410,Capana02g001705,Capana02g002878,Capana00g002480,Capana08g001177,Capana06g001594,Capana04g001993,Capana00g004800,Capana05g001682,Capana00g001703,Capana06g001383,Capana10g001241,Capana00g002651,Capana03g000151,Capana12g000710,Capana11g000636,Capana03g002928,Capana05g002100,Capana03g003849,Capana05g000457,Capana05g000930,Capana02g003135,Capana04g002483,Capana01g000732,Capana03g003848,Capana03g003826,Capana08g002441,Capana00g000271,Capana06g003009,Capana01g001172,Capana11g000094,Capana02g001704,Capana09g000175,Capana03g003847,Capana00g002391,Capana08g000678,Capana04g000996,Capana04g002702,Capana04g002316,Capana04g002552,Capana00g002393,Capana00g000125,Capana04g002701,Capana02g000597,Capana00g004193,Capana06g000141,Capana05g000028,Capana09g000133,Capana07g000216,Capana03g002925,Capana06g001111,Capana06g001047,Capana10g001609,Capana08g001898,Capana00g003558,Capana02g000332,Capana08g000513,Capana06g002102,Capana09g000281	PGSC0003DMP400017174,PGSC0003DMP400018793,PGSC0003DMP400020369,PGSC0003DMP400034810,PGSC0003DMP400045485,PGSC0003DMP400041188,PGSC0003DMP400047567,PGSC0003DMP400029987,PGSC0003DMP400018215,PGSC0003DMP400017428,PGSC0003DMP400044922,PGSC0003DMP400046708,PGSC0003DMP400049479,PGSC0003DMP400022622,PGSC0003DMP400022623,PGSC0003DMP400051340,PGSC0003DMP400040555,PGSC0003DMP400031432,PGSC0003DMP400000644,PGSC0003DMP400024653,PGSC0003DMP400045487,PGSC0003DMP400007129,PGSC0003DMP400044242,PGSC0003DMP400004599,PGSC0003DMP400017427,PGSC0003DMP400001884,PGSC0003DMP400027988,PGSC0003DMP400040554,PGSC0003DMP400004600,PGSC0003DMP400013924,PGSC0003DMP400053705,PGSC0003DMP400014262,PGSC0003DMP400001687,PGSC0003DMP400026481,PGSC0003DMP400050642,PGSC0003DMP400049574,PGSC0003DMP400019613,PGSC0003DMP400027989,PGSC0003DMP400018217,PGSC0003DMP400001688,PGSC0003DMP400008136,PGSC0003DMP400044243,PGSC0003DMP400017175,PGSC0003DMP400028222,PGSC0003DMP400019755,PGSC0003DMP400028462,PGSC0003DMP400000741,PGSC0003DMP400026482,PGSC0003DMP400020317,PGSC0003DMP400028464,PGSC0003DMP400000740,PGSC0003DMP400053703,PGSC0003DMP400033660,PGSC0003DMP400053702,PGSC0003DMP400028463,PGSC0003DMP400018400,PGSC0003DMP400020318,PGSC0003DMP400013082,PGSC0003DMP400007127,PGSC0003DMP400039887,PGSC0003DMP400000643,PGSC0003DMP400040479,PGSC0003DMP400045247,PGSC0003DMP400049480,PGSC0003DMP400007126,PGSC0003DMP400028471,PGSC0003DMP400053704,PGSC0003DMP400001689,PGSC0003DMP400038684,PGSC0003DMP400050826,PGSC0003DMP400031047,PGSC0003DMP400048479,PGSC0003DMP400049596,PGSC0003DMP400045488,PGSC0003DMP400028465,PGSC0003DMP400049575,PGSC0003DMP400050647,PGSC0003DMP400014263,PGSC0003DMP400000645,PGSC0003DMP400046460,PGSC0003DMP400007128,PGSC0003DMP400034809,PGSC0003DMP400020368	Sopen02g014430.1,Sopen05g034950.1,Sopen06g018650.1,Sopen00g007430.1,Sopen03g005530.1,Sopen12g027760.1,Sopen09g033140.1,Sopen12g003940.1,Sopen09g033150.1,Sopen06g015800.1,Sopen04g009340.1,Sopen07g001350.1,Sopen07g032800.1,Sopen06g015760.1,Sopen08g018200.1,Sopen01g050500.1,Sopen02g011130.1,Sopen12g003240.1,Sopen12g005010.1,Sopen04g018630.1,Sopen04g029510.1,Sopen11g001610.1,Sopen10g034890.1,Sopen06g023860.1,Sopen08g026290.1,Sopen08g019940.1,Sopen06g018720.1,Sopen05g034970.1,Sopen01g046330.1,Sopen03g002120.1,Sopen03g040630.1,Sopen11g001610.2,Sopen09g033000.1,Sopen01g022940.1,Sopen04g003140.1,Sopen02g021500.1,Sopen06g003170.1,Sopen05g033510.1,Sopen11g028030.1,Sopen06g025680.1,Sopen08g021270.1,Sopen04g005050.1,Sopen01g037210.1,Sopen04g005040.1,Sopen12g001040.1,Sopen06g035240.1,Sopen01g028180.1,Sopen01g001390.1,Sopen11g009580.1,Sopen11g014540.1,Sopen02g021510.1,Sopen05g013680.1,Sopen09g028160.1,Sopen09g011340.1,Sopen01g006490.1,Sopen02g035090.1	SPI09g01835.1,SPI07g06213.1,SPI05g04995.1,SPI03g00820.1,SPI01g05084.1,SPI06g03218.1,SPI10g01340.1,SPI06g03557.1,SPI01g00208.1,SPI05g04843.1,SPI06g04096.1,SPI06g03552.1,SPI09g04609.1,SPI11g02395.1,SPI01g08004.1,SPI06g05336.1,SPI04g01481.1,SPI12g01909.1,SPI02g02144.1,SPI12g00007.1,SPI03g00326.1,SPI12g00473.1,SPI06g00361.1,SPI02g01664.1,SPI09g04594.1,SPI09g03784.1,SPI04g04537.1,SPI04g00595.1,SPI02g04366.1,SPI06g04332.1,SPI12g00619.1,SPI09g04610.1,SPI06g00304.1,SPI04g02776.1,SPI12g05044.1,SPI03g05440.1,SPI08g04667.1,SPI05g04997.1,SPI08g04734.1,SPI06g03220.1,SPI09g01116.1,SPI11g03984.1,SPI01g07045.1,SPI04g02760.1,SPIUNg00015.1,SPI11g01260.1,SPI09g04611.1,SPI08g05892.1,SPI04g00597.1,SPI12g00392.1,SPI05g04118.1,SPI11g00311.1,SPI01g08445.1,SPI07g00193.1,SPI06g03219.1,SPI10g04387.1,SPI08g05039.1,SPI06g03225.1,SPI02g02950.1,SPI10g03839.1,SPI10g02480.1	Solyc06g053560.4.1,Solyc10g085450.3.1,Solyc12g007280.3.1,Solyc11g032010.1.1,Solyc08g067310.1.1,Solyc06g050300.3.1,Solyc06g068450.3.1,Solyc05g055050.3.1,Solyc12g010130.1.1,Solyc12g009010.2.1,Solyc01g103940.3.1,Solyc03g031670.3.1,Solyc01g057700.1.1,Solyc02g090390.4.1,Solyc06g050280.1.1,Solyc12g005030.3.1,Solyc09g090250.4.1,Solyc12g005040.2.1,Solyc04g009900.4.1,Solyc03g006110.3.1,Solyc05g041110.3.1,Solyc09g090230.2.1,Solyc04g009910.3.1,Solyc09g042660.4.1,Solyc04g018110.1.1,Solyc03g121820.3.1,Solyc02g072530.3.1,Solyc04g049100.1.1,Solyc08g077780.3.1,Solyc06g008830.1.1,Solyc09g066440.4.1,Solyc04g008000.3.1,Solyc07g005440.1.1,Solyc05g056550.3.1,Solyc06g008320.4.1,Solyc06g050290.1.1,Solyc04g074500.3.1,Solyc06g083830.4.1,Solyc02g072540.3.1,Solyc05g056570.3.1,Solyc08g062670.3.1,Solyc01g005370.3.1,Solyc12g077370.3.1,Solyc06g050270.1.1,Solyc07g064610.3.1,Solyc10g061860.1.1,Solyc02g063350.1.1,Solyc08g062990.1.1,Solyc09g090090.2.1,Solyc02g032820.3.1,Solyc01g108280.3.1,Solyc11g018610.2.1,Solyc06g065380.4.1,Solyc06g053620.4.1,Solyc05g047600.4.1,Solyc10g050080.3.1,Solyc11g005660.2.1,Solyc04g049160.3.1	SLYcer10g05852.1,SLYcer08g05156.1,SLYcer07g00124.1,SLYcer10g05349.1,SLYcer06g03646.1,SLYcer11g03922.1,SLYcer04g01694.1,SLYcer10g02963.1,SLYcer09g03859.1,SLYcer02g05444.1,SLYcer03g00659.1,SLYcer01g07258.1,SLYcer01g00187.1,SLYcer06g03310.1,SLYcer02g02775.1,SLYcer05g02908.1,SLYcer11g01131.1,SLYcer10g02847.1,SLYcer07g05498.1,SLYcer06g03316.1,SLYcer08g04838.1,SLYcer12g00070.1,SLYcer09g04931.1,SLYcer09g04947.1,SLYcer04g03010.1,SLYcer12g05092.1,SLYcer03g05403.1,SLYcer10g01980.1,SLYcer12g00444.1,SLYcer11g02368.1,SLYcer11g00152.1,SLYcer10g02140.1,SLYcer10g04110.1,SLYcer01g04942.1,SLYcer04g03027.1,SLYcer04g05063.1,SLYcer12g00589.1,SLYcer02g04052.1,SLYcer06g04473.1,SLYcer01g06815.1,SLYcer09g01951.1,SLYcer08g05999.1,SLYcer12g01833.1,SLYcer09g04946.1,SLYcer06g05445.1,SLYcer04g00619.1,SLYcer06g00519.1,SLYcer02g04054.1,SLYcer08g04763.1,SLYcer02g03263.1,SLYcer06g03642.1,SLYcer06g04232.1,SLYcer04g00410.1,SLYcer02g04053.1,SLYcer06g00578.1,SLYcer04g00621.1,SLYcer10g01982.1,SLYcer11g02696.1,SLYcer01g08223.1,SLYcer12g00362.1	Capang02g000667,Capang01g005134,Capang09g001164,Capang01g001231,Capang11g000575,Capang00g002632,Capang02g000510,Capang07g000013,Capang09g000070,Capang02g001526,Capang01g004977,Capang00g005072,Capang06g001936,Capang02g002844,Capang12g001672,Capang04g000948,Capang01g003751,Capang03g002819,Capang05g000371,Capang11g000089,Capang05g001359,Capang01g004459,Capang04g002331,Capang10g000641,Capang06g001055,Capang04g001808,Capang06g000119,Capang06g001057,Capang05g000748,Capang07g000015,Capang01g003103,Capang03g004300,Capang02g000275,Capang12g000595,Capang03g003739,Capang09g000798,Capang01g000511,Capang00g003581,Capang04g002332,Capang03g003245,Capang03g003740,Capang09g000170,Capang07g000218,Capang04g002230,Capang02g000519,Capang00g005455,Capang05g000025,Capang03g000161,Capang00g000858,Capang02g002602,Capang01g001018,Capang05g001671,Capang04g000248,Capang06g001318,Capang06g002769,Capang00g005333,Capang02g000511,Capang01g000665,Capang01g003282,Capang03g003738,Capang00g002834,Capang06g001507,Capang10g001371
OG27618	528	7	Capana01g000534,Capana10g001658,Capana04g000482,Capana00g003952,Capana03g003427,Capana11g001614,Capana12g000531,Capana10g000249,Capana00g003989,Capana03g003426,Capana00g000693,Capana09g000286,Capana03g001532,Capana12g000530,Capana03g003895,Capana07g000910,Capana11g001384,Capana02g000341,Capana06g000996,Capana12g000520,Capana11g000651,Capana11g001561,Capana06g000940,Capana05g001209,Capana11g001269,Capana11g000653,Capana10g001656,Capana02g001403,Capana04g002761,Capana11g001613,Capana02g000342,Capana03g001064,Capana07g001324,Capana02g001402,Capana09g000500,Capana01g004403,Capana12g000532,Capana10g001657,Capana08g001771,Capana09g001595,Capana12g001497,Capana10g000549,Capana06g000371,Capana11g000654,Capana03g001063,Capana00g003984,Capana00g000139,Capana00g003510,Capana03g001083,Capana03g003899,Capana05g000536,Capana08g001693,Capana06g000488,Capana06g000997,Capana05g001239,Capana06g000303,Capana11g001593,Capana00g004312,Capana00g003980,Capana09g001572,Capana00g003982,Capana04g000483,Capana06g000305,Capana01g000541,Capana06g002702,Capana06g000306,Capana12g000518,Capana06g001341,Capana07g000550,Capana06g002585	PGSC0003DMP400013297,PGSC0003DMP400047815,PGSC0003DMP400050824,PGSC0003DMP400020728,PGSC0003DMP400048707,PGSC0003DMP400005174,PGSC0003DMP400027319,PGSC0003DMP400043950,PGSC0003DMP400019575,PGSC0003DMP400051198,PGSC0003DMP400050657,PGSC0003DMP400020729,PGSC0003DMP400013300,PGSC0003DMP400064739,PGSC0003DMP400030771,PGSC0003DMP400044034,PGSC0003DMP400027360,PGSC0003DMP400055702,PGSC0003DMP400024740,PGSC0003DMP400045945,PGSC0003DMP400044049,PGSC0003DMP400025609,PGSC0003DMP400011675,PGSC0003DMP400052966,PGSC0003DMP400030052,PGSC0003DMP400020732,PGSC0003DMP400045946,PGSC0003DMP400007389,PGSC0003DMP400055839,PGSC0003DMP400048706,PGSC0003DMP400036729,PGSC0003DMP400036121,PGSC0003DMP400038208,PGSC0003DMP400044047,PGSC0003DMP400020707,PGSC0003DMP400043951,PGSC0003DMP400043949,PGSC0003DMP400052684,PGSC0003DMP400039865,PGSC0003DMP400020730,PGSC0003DMP400008498,PGSC0003DMP400044048,PGSC0003DMP400030769,PGSC0003DMP400019578,PGSC0003DMP400043952,PGSC0003DMP400027320,PGSC0003DMP400025503,PGSC0003DMP400030772,PGSC0003DMP400001316,PGSC0003DMP400035282,PGSC0003DMP400024739,PGSC0003DMP400020731,PGSC0003DMP400027322,PGSC0003DMP400011674,PGSC0003DMP400043958,PGSC0003DMP400044035,PGSC0003DMP400050910,PGSC0003DMP400050658,PGSC0003DMP400025448,PGSC0003DMP400050659,PGSC0003DMP400004535,PGSC0003DMP400001318,PGSC0003DMP400052967,PGSC0003DMP400052969,PGSC0003DMP400027323,PGSC0003DMP400030807,PGSC0003DMP400019579,PGSC0003DMP400044051,PGSC0003DMP400027324,PGSC0003DMP400005176,PGSC0003DMP400011673,PGSC0003DMP400025610,PGSC0003DMP400025505,PGSC0003DMP400044050,PGSC0003DMP400008499,PGSC0003DMP400041982,PGSC0003DMP400025611,PGSC0003DMP400007637,PGSC0003DMP400043957,PGSC0003DMP400005175,PGSC0003DMP400043959,PGSC0003DMP400011676,PGSC0003DMP400061189,PGSC0003DMP400027325,PGSC0003DMP400051197,PGSC0003DMP400013296,PGSC0003DMP400044032,PGSC0003DMP400027291,PGSC0003DMP400007698,PGSC0003DMP400019576,PGSC0003DMP400024820,PGSC0003DMP400007390,PGSC0003DMP400048381,PGSC0003DMP400000603,PGSC0003DMP400003437,PGSC0003DMP400027318,PGSC0003DMP400022078,PGSC0003DMP400052968,PGSC0003DMP400050909,PGSC0003DMP400006800,PGSC0003DMP400031768,PGSC0003DMP400013298,PGSC0003DMP400027317,PGSC0003DMP400039986,PGSC0003DMP400006801,PGSC0003DMP400030770,PGSC0003DMP400013299,PGSC0003DMP400054566,PGSC0003DMP400036006,PGSC0003DMP400019574,PGSC0003DMP400044033,PGSC0003DMP400035651,PGSC0003DMP400001317,PGSC0003DMP400007697,PGSC0003DMP400036005,PGSC0003DMP400047041,PGSC0003DMP400055873,PGSC0003DMP400027321,PGSC0003DMP400050660,PGSC0003DMP400039866,PGSC0003DMP400055838	Sopen05g001950.1,Sopen11g017120.1,Sopen05g002960.1,Sopen11g030210.1,Sopen03g039410.1,Sopen02g002840.1,Sopen05g002000.1,Sopen03g039430.1,Sopen08g027440.1,Sopen04g033110.1,Sopen10g034410.1,Sopen07g015340.1,Sopen03g032470.1,Sopen06g027860.1,Sopen06g033130.1,Sopen12g002020.1,Sopen07g004440.1,Sopen05g002020.1,Sopen06g027390.1,Sopen05g001930.1,Sopen05g002950.2,Sopen12g014970.2,Sopen11g030230.1,Sopen06g001060.1,Sopen05g001970.1,Sopen01g044810.1,Sopen06g031880.1,Sopen09g033390.1,Sopen03g039440.1,Sopen09g007100.1,Sopen12g014970.1,Sopen03g032310.1,Sopen10g034400.1,Sopen06g031840.1,Sopen05g002040.1,Sopen01g040590.1,Sopen12g022550.1,Sopen05g005300.1,Sopen04g001090.1,Sopen12g031710.1,Sopen10g012140.1,Sopen06g016590.1,Sopen09g006120.1,Sopen05g002030.1,Sopen03g039450.1,Sopen07g024620.1,Sopen00g013960.1,Sopen08g020900.1,Sopen06g031860.1,Sopen01g045440.1,Sopen08g003380.1,Sopen06g031830.1,Sopen12g014960.1,Sopen04g001840.1,Sopen03g032310.2,Sopen06g023530.2,Sopen06g031830.2,Sopen09g001330.1,Sopen04g033100.1,Sopen06g027380.2,Sopen06g027380.1,Sopen09g028550.1,Sopen05g002010.1,Sopen05g001930.2,Sopen11g030220.1,Sopen05g001940.1,Sopen03g001950.1,Sopen11g019220.1,Sopen05g001980.1,Sopen05g002880.1,Sopen03g039420.1,Sopen03g032480.1,Sopen09g007110.1,Sopen05g001990.1	SPI01g07409.1,SPI06g03333.1,SPI05g00201.1,SPI08g06022.1,SPI06g00030.1,SPI05g00358.1,SPI07g00611.1,SPI05g00370.1,SPI12g03920.1,SPI01g07916.1,SPI03g05319.1,SPI05g00194.1,SPI05g01240.1,SPI12g04095.1,SPI09g01054.1,SPI11g04229.1,SPI06g05118.1,SPI05g00203.1,SPI12g03924.1,SPI05g00198.1,SPI12g03922.1,SPI06g04513.1,SPI12g00387.1,SPI12g03923.1,SPI03g05320.1,SPI12g03925.1,SPI05g00200.1,SPI06g04977.1,SPI12g00244.1,SPI05g00202.1,SPI03g00307.1,SPI03g04569.1,SPI10g04336.1,SPI06g04567.1,SPI11g02880.1,SPI05g00199.1,SPI05g00369.1,SPI02g01132.1,SPI05g00635.1,SPI04g00230.1,SPI08g00348.1,SPI11g02516.1,SPI09g03977.1,SPI05g00197.1,SPI05g00196.1,SPI01g07857.1,SPI12g04801.1,SPI11g04230.1,SPI03g04554.1,SPI10g04337.1,SPI09g04637.1,SPI08g04999.1,SPI12g04714.1,SPI07g03616.1,SPI11g01777.1,SPI08g04266.1,SPI06g04978.1,SPI12g03921.1,SPI07g05037.1,SPI04g00079.1,SPI06g04980.1,SPI09g00925.1,SPI09g00116.1	Solyc01g102360.3.1,Solyc06g075460.4.1,Solyc05g009500.3.1,Solyc12g044310.2.1,Solyc01g103030.3.1,Solyc12g042260.3.1,Solyc05g005960.3.1,Solyc04g079520.3.1,Solyc09g014230.2.1,Solyc12g042270.3.1,Solyc05g006920.4.1,Solyc06g076750.3.1,Solyc05g005980.4.1,Solyc12g089230.2.1,Solyc04g079530.3.1,Solyc02g021240.3.1,Solyc08g066940.4.1,Solyc11g050790.1.1,Solyc12g042240.2.1,Solyc05g005920.4.1,Solyc05g006990.3.1,Solyc09g005380.2.1,Solyc03g113430.3.1,Solyc10g084940.3.1,Solyc05g005950.3.1,Solyc08g061010.4.1,Solyc06g071090.3.1,Solyc11g042820.2.1,Solyc05g005970.3.1,Solyc05g005990.3.1,Solyc06g075450.2.1,Solyc11g072560.3.1,Solyc04g005070.3.1,Solyc10g084950.3.1,Solyc09g014220.3.1,Solyc11g033283.1.1,Solyc05g007000.4.1,Solyc03g120570.3.1,Solyc04g079510.2.1,Solyc05g005910.4.1,Solyc12g042300.2.1,Solyc05g006000.3.1,Solyc01g096880.4.1,Solyc04g005790.3.1,Solyc05g005940.3.1,Solyc06g005070.3.1,Solyc07g032490.3.1,Solyc09g090470.3.1,Solyc12g042250.3.1,Solyc12g007220.3.1,Solyc06g050900.3.1,Solyc03g113250.4.1,Solyc06g075480.4.1,Solyc06g075490.1.1,Solyc06g075500.4.1,Solyc06g075440.3.1,Solyc08g061020.1.1,Solyc07g008520.3.1,Solyc05g006010.4.1,Solyc12g042280.3.1,Solyc06g071570.3.1,Solyc11g072570.2.1,Solyc09g072775.1.1,Solyc12g006050.2.1,Solyc03g113420.4.1,Solyc10g039290.2.1,Solyc03g120560.3.1,Solyc12g095810.2.1,Solyc07g049290.3.1,Solyc08g078950.3.1,Solyc08g007430.2.1,Solyc11g072580.2.1	SLYcer12g00357.1,SLYcer05g00177.1,SLYcer01g07348.1,SLYcer07g04326.1,SLYcer10g01882.1,SLYcer07g00562.1,SLYcer06g03413.1,SLYcer11g04159.1,SLYcer08g05109.1,SLYcer05g00176.1,SLYcer03g05280.1,SLYcer08g04366.1,SLYcer05g00178.1,SLYcer05g00326.1,SLYcer11g04157.1,SLYcer06g00258.1,SLYcer03g04505.1,SLYcer11g02818.1,SLYcer03g05276.1,SLYcer03g04520.1,SLYcer05g00180.1,SLYcer02g02080.1,SLYcer12g03971.1,SLYcer07g02115.1,SLYcer06g05110.1,SLYcer05g00333.1,SLYcer12g03970.1,SLYcer01g07410.1,SLYcer09g04969.1,SLYcer11g01620.1,SLYcer08g00411.1,SLYcer12g03972.1,SLYcer12g04843.1,SLYcer05g00601.1,SLYcer04g00128.1,SLYcer03g05279.1,SLYcer09g01169.1,SLYcer06g04706.1,SLYcer10g05802.1,SLYcer09g04187.1,SLYcer03g05275.1,SLYcer12g04751.1,SLYcer12g03973.1,SLYcer12g00196.1,SLYcer06g04654.1,SLYcer11g04158.1,SLYcer05g00179.1,SLYcer06g05109.1,SLYcer03g00164.1,SLYcer05g00334.1,SLYcer06g05229.1,SLYcer09g00226.1,SLYcer09g01015.1,SLYcer06g05108.1,SLYcer04g00259.1,SLYcer05g00182.1,SLYcer05g00181.1,SLYcer11g02489.1,SLYcer01g07864.1,SLYcer08g06128.1,SLYcer12g04154.1	Capang07g001344,Capang00g004105,Capang11g001942,Capang03g003783,Capang12g000437,Capang01g000469,Capang00g002747,Capang11g000588,Capang06g000338,Capang11g000747,Capang08g001265,Capang04g000447,Capang06g002404,Capang10g000416,Capang11g001548,Capang03g001039,Capang00g002195,Capang06g000889,Capang11g001364,Capang00g002709,Capang12g000428,Capang01g004338,Capang06g001118,Capang03g001457,Capang08g000872,Capang10g001409,Capang04g001441,Capang09g001183,Capang00g002196,Capang10g001408,Capang01g002489,Capang11g001249,Capang03g003782,Capang00g001144,Capang04g001931,Capang06g000455,Capang11g000586,Capang02g000292,Capang11g001370,Capang12g000556,Capang00g000125,Capang11g000799,Capang04g000448,Capang00g005386,Capang12g000429,Capang01g001826,Capang05g001033,Capang06g000943,Capang09g001157,Capang03g001018,Capang01g000481,Capang03g001019,Capang07g000588,Capang02g001238,Capang05g000445,Capang03g003363,Capang05g001135,Capang00g002097,Capang11g001566,Capang11g001502,Capang04g002368,Capang06g002499,Capang11g001567,Capang01g001685,Capang05g000407,Capang09g000444,Capang09g000273
OG27628	643	7	Capana02g001086,Capana04g000630,Capana03g001272,Capana04g000621,Capana01g000367,Capana12g002424,Capana08g000193,Capana06g000416,Capana04g001298,Capana01g001035,Capana04g000616,Capana02g003023,Capana05g000827,Capana04g001495,Capana01g000891,Capana12g002445,Capana03g001252,Capana09g001646,Capana01g000486,Capana02g001087,Capana12g001320,Capana12g001774,Capana06g002797,Capana12g002430,Capana12g002427,Capana05g001954,Capana02g003025,Capana08g000194,Capana00g000615,Capana11g000624,Capana12g001496,Capana03g001270,Capana11g000602,Capana12g001480,Capana02g003028,Capana12g001018,Capana12g002433,Capana03g001275,Capana03g002068,Capana03g001273,Capana03g001278,Capana02g002375,Capana01g000668,Capana03g000101,Capana04g001256,Capana02g000543,Capana05g000631,Capana00g002424,Capana01g000485,Capana02g002632,Capana03g001274,Capana06g001492,Capana01g001750,Capana12g002420,Capana04g000472,Capana09g000082,Capana09g001911,Capana03g000100,Capana02g001090,Capana06g001481,Capana01g001748,Capana03g001454,Capana01g001670,Capana02g001810,Capana12g002736,Capana10g001996,Capana03g004351,Capana02g002378,Capana00g004344,Capana10g000761,Capana03g000102,Capana04g000619,Capana12g002421,Capana11g000516,Capana04g000622,Capana01g000374,Capana02g003027,Capana01g000889,Capana12g001773,Capana12g001779,Capana06g002796,Capana04g001257,Capana04g001255,Capana12g002441,Capana02g001094,Capana11g000425,Capana12g000759,Capana01g000368,Capana12g001979,Capana04g000617,Capana01g001608,Capana04g000618	PGSC0003DMP400001287,PGSC0003DMP400046237,PGSC0003DMP400061789,PGSC0003DMP400016428,PGSC0003DMP400031379,PGSC0003DMP400044494,PGSC0003DMP400027342,PGSC0003DMP400007050,PGSC0003DMP400005935,PGSC0003DMP400016432,PGSC0003DMP400031483,PGSC0003DMP400013519,PGSC0003DMP400052932,PGSC0003DMP400027454,PGSC0003DMP400023392,PGSC0003DMP400017315,PGSC0003DMP400039697,PGSC0003DMP400024686,PGSC0003DMP400031482,PGSC0003DMP400010021,PGSC0003DMP400008561,PGSC0003DMP400035554,PGSC0003DMP400034279,PGSC0003DMP400017283,PGSC0003DMP400034352,PGSC0003DMP400017232,PGSC0003DMP400068619,PGSC0003DMP400031608,PGSC0003DMP400011296,PGSC0003DMP400016993,PGSC0003DMP400017285,PGSC0003DMP400026701,PGSC0003DMP400008560,PGSC0003DMP400027456,PGSC0003DMP400043288,PGSC0003DMP400058127,PGSC0003DMP400005936,PGSC0003DMP400004180,PGSC0003DMP400009835,PGSC0003DMP400051479,PGSC0003DMP400009777,PGSC0003DMP400033566,PGSC0003DMP400022927,PGSC0003DMP400022656,PGSC0003DMP400043290,PGSC0003DMP400017286,PGSC0003DMP400037410,PGSC0003DMP400018146,PGSC0003DMP400034353,PGSC0003DMP400021297,PGSC0003DMP400016434,PGSC0003DMP400031600,PGSC0003DMP400011274,PGSC0003DMP400035527,PGSC0003DMP400005939,PGSC0003DMP400013521,PGSC0003DMP400052076,PGSC0003DMP400024687,PGSC0003DMP400017316,PGSC0003DMP400026580,PGSC0003DMP400054101,PGSC0003DMP400003720,PGSC0003DMP400016431,PGSC0003DMP400054843,PGSC0003DMP400005934,PGSC0003DMP400031716,PGSC0003DMP400050870,PGSC0003DMP400005937,PGSC0003DMP400031382,PGSC0003DMP400036173,PGSC0003DMP400010022,PGSC0003DMP400039699,PGSC0003DMP400011260,PGSC0003DMP400024107,PGSC0003DMP400008998,PGSC0003DMP400017235,PGSC0003DMP400039698,PGSC0003DMP400029316,PGSC0003DMP400016996,PGSC0003DMP400018616,PGSC0003DMP400022660,PGSC0003DMP400034350,PGSC0003DMP400002116,PGSC0003DMP400010020,PGSC0003DMP400044492,PGSC0003DMP400043294,PGSC0003DMP400024679,PGSC0003DMP400031595,PGSC0003DMP400062203,PGSC0003DMP400024563,PGSC0003DMP400022673,PGSC0003DMP400026700,PGSC0003DMP400022659,PGSC0003DMP400019420,PGSC0003DMP400022672,PGSC0003DMP400018209,PGSC0003DMP400006328,PGSC0003DMP400019416,PGSC0003DMP400017234,PGSC0003DMP400026578,PGSC0003DMP400024677,PGSC0003DMP400026579,PGSC0003DMP400009833,PGSC0003DMP400008476,PGSC0003DMP400024684,PGSC0003DMP400034351,PGSC0003DMP400024685,PGSC0003DMP400029317,PGSC0003DMP400025441,PGSC0003DMP400031609,PGSC0003DMP400057873,PGSC0003DMP400031607,PGSC0003DMP400016433,PGSC0003DMP400005938,PGSC0003DMP400017231,PGSC0003DMP400043289,PGSC0003DMP400041233,PGSC0003DMP400029315,PGSC0003DMP400054845,PGSC0003DMP400002115,PGSC0003DMP400044493,PGSC0003DMP400025442,PGSC0003DMP400019414,PGSC0003DMP400010024,PGSC0003DMP400017336,PGSC0003DMP400016997,PGSC0003DMP400052218,PGSC0003DMP400002317,PGSC0003DMP400046654,PGSC0003DMP400017287,PGSC0003DMP400022658,PGSC0003DMP400029917,PGSC0003DMP400013523,PGSC0003DMP400024678,PGSC0003DMP400031606,PGSC0003DMP400013520,PGSC0003DMP400034354,PGSC0003DMP400003411,PGSC0003DMP400011295,PGSC0003DMP400016430,PGSC0003DMP400034355,PGSC0003DMP400041301,PGSC0003DMP400013524,PGSC0003DMP400027455,PGSC0003DMP400010023,PGSC0003DMP400041234,PGSC0003DMP400019419,PGSC0003DMP400017337,PGSC0003DMP400035524,PGSC0003DMP400056122,PGSC0003DMP400029916,PGSC0003DMP400017000,PGSC0003DMP400001406	Sopen10g006320.1,Sopen02g037430.1,Sopen12g023380.1,Sopen12g023330.1,Sopen07g005530.1,Sopen03g031030.1,Sopen06g021790.1,Sopen04g023750.1,Sopen06g020320.1,Sopen03g031010.1,Sopen08g022910.1,Sopen06g032560.1,Sopen03g031090.1,Sopen04g021480.1,Sopen01g004190.1,Sopen02g037410.1,Sopen06g020110.1,Sopen02g012990.1,Sopen12g023350.1,Sopen10g007240.1,Sopen04g022650.1,Sopen11g023190.1,Sopen08g001740.1,Sopen03g031080.1,Sopen09g026080.1,Sopen04g027810.1,Sopen08g001010.2,Sopen02g026720.1,Sopen01g051760.1,Sopen01g004170.1,Sopen12g023370.1,Sopen06g020140.1,Sopen08g024880.1,Sopen11g013770.1,Sopen06g020120.1,Sopen03g037550.1,Sopen04g021470.1,Sopen03g031000.1,Sopen12g034890.1,Sopen03g041130.1,Sopen06g020160.1,Sopen03g031060.1,Sopen04g023710.1,Sopen10g033990.1,Sopen10g034020.1,Sopen10g034000.1,Sopen09g028100.1,Sopen04g027780.1,Sopen04g027770.1,Sopen08g027780.1,Sopen04g027800.1,Sopen04g023810.1,Sopen04g027790.1,Sopen06g021780.1,Sopen03g031040.1,Sopen08g001010.1,Sopen04g023770.1,Sopen10g034010.1,Sopen04g023850.1,Sopen04g031930.1,Sopen04g025580.1,Sopen03g031050.1,Sopen01g004160.1,Sopen08g024890.1,Sopen03g041120.1,Sopen02g029240.1,Sopen12g021540.1,Sopen04g027760.1,Sopen04g021540.1,Sopen03g031020.1,Sopen02g037410.2,Sopen08g027740.1,Sopen04g026180.1,Sopen09g007810.1,Sopen04g005860.1,Sopen04g025660.1,Sopen08g027790.1,Sopen09g028080.1,Sopen03g031100.1,Sopen04g031960.1,Sopen08g027750.1,Sopen03g041130.2,Sopen03g031110.1,Sopen04g026170.1	SPI09g03772.1,SPI12g04204.1,SPI12g04199.1,SPI06g02908.1,SPI09g01159.1,SPI12g04200.1,SPI04g04334.1,SPI03g04422.1,SPI06g03738.1,SPI02g04603.1,SPI04g03924.1,SPI01g00559.1,SPI03g05113.1,SPI04g03914.1,SPI04g00753.1,SPI04g03409.1,SPI06g04201.1,SPI02g02213.1,SPI03g04425.1,SPI08g06066.1,SPI03g05492.1,SPI02g03492.1,SPI07g00785.1,SPI01g00556.1,SPI02g01956.1,SPI12g03663.1,SPI03g04418.1,SPI04g03883.1,SPI09g03774.1,SPI01g08570.1,SPI11g00552.1,SPI03g04417.1,SPI04g04943.1,SPI10g04298.1,SPI08g05731.1,SPI03g04423.1,SPI04g04941.1,SPI08g03975.1,SPI12g03964.1,SPI04g03975.1,SPI01g00557.1,SPI04g03911.1,SPI06g02682.1,SPI04g04942.1,SPI03g01615.1,SPI09g04889.1,SPI04g03593.1,SPI06g03719.1,SPI03g04428.1,SPI04g03172.1,SPI04g03592.1,SPI08g06065.1,SPI12g03315.1,SPI03g04429.1,SPI03g04426.1,SPI04g03582.1,SPI08g00141.1,SPI08g00050.1,SPI04g04333.1,SPI10g00867.1,SPI11g02338.1,SPI08g05472.1,SPI04g02963.1,SPI03g04419.1,SPI03g04427.1,SPI08g05732.1,SPI04g03169.1,SPI06g04190.1,SPI04g03181.1,SPI08g05730.1,SPI03g04420.1,SPI08g06061.1,SPI04g03590.1,SPI04g03916.1,SPI04g03589.1,SPI04g04332.1,SPI02g03777.1,SPI10g00747.1	Solyc02g092860.3.1,Solyc04g049807.1.1,Solyc02g064850.2.1,Solyc04g150131.1.1,Solyc04g071805.1.1,Solyc04g150164.1.1,Solyc10g018150.2.1,Solyc10g087030.1.1,Solyc04g054258.1.1,Solyc03g111997.1.1,Solyc09g014900.3.1,Solyc10g087015.1.1,Solyc12g045020.2.1,Solyc04g054260.4.1,Solyc06g060190.3.1,Solyc10g087035.1.1,Solyc03g111940.2.1,Solyc12g044956.1.1,Solyc11g030730.2.1,Solyc02g084570.4.1,Solyc08g005650.3.1,Solyc08g074260.3.1,Solyc01g008640.4.1,Solyc03g112010.4.1,Solyc06g150121.1.1,Solyc03g150151.1.1,Solyc03g058855.1.1,Solyc04g083150.2.1,Solyc04g054220.3.1,Solyc08g005000.4.1,Solyc03g111930.4.1,Solyc03g150149.1.1,Solyc12g044954.1.1,Solyc03g046496.1.1,Solyc04g011680.3.1,Solyc06g066240.4.1,Solyc04g051244.1.1,Solyc09g066370.1.1,Solyc04g054250.4.1,Solyc06g060015.1.1,Solyc04g078360.1.1,Solyc02g082070.4.1,Solyc01g008670.4.1,Solyc12g042480.3.1,Solyc03g122360.3.1,Solyc09g150147.1.1,Solyc03g150150.1.1,Solyc01g008650.3.1,Solyc08g079420.3.1,Solyc08g076250.3.1,Solyc04g011690.4.1,Solyc04g078325.1.1,Solyc07g014670.3.1,Solyc03g122350.3.1,Solyc04g083140.2.1,Solyc06g034255.1.1,Solyc04g078370.3.1,Solyc10g087010.3.1,Solyc03g111990.4.1,Solyc04g050575.1.1,Solyc04g071780.3.1,Solyc01g109570.4.1,Solyc04g078340.3.1,Solyc02g062030.1.1,Solyc06g076160.4.1,Solyc03g111970.4.1,Solyc03g111885.1.1,Solyc10g084590.2.1,Solyc03g111950.3.1,Solyc04g071800.3.1,Solyc08g076235.1.1,Solyc04g051246.1.1,Solyc06g066230.4.1,Solyc04g054256.1.1,Solyc04g050620.3.1,Solyc08g150102.1.1,Solyc11g007980.2.1,Solyc09g066400.2.1,Solyc03g111920.2.1,Solyc09g150119.1.1,Solyc03g111880.3.1,Solyc04g071790.3.1,Solyc03g046494.1.1,Solyc10g017510.3.1,Solyc03g111957.1.1	SLYcer03g04371.1,SLYcer11g02302.1,SLYcer06g04345.1,SLYcer08g06168.1,SLYcer04g04244.1,SLYcer08g00139.1,SLYcer04g03880.1,SLYcer06g03835.1,SLYcer04g05444.1,SLYcer04g00936.1,SLYcer04g04294.1,SLYcer08g06167.1,SLYcer01g00525.1,SLYcer04g00937.1,SLYcer04g04285.1,SLYcer12g03341.1,SLYcer12g04261.1,SLYcer04g03226.1,SLYcer04g04277.1,SLYcer04g03881.1,SLYcer01g00526.1,SLYcer08g05733.1,SLYcer03g04367.1,SLYcer03g01411.1,SLYcer06g02885.1,SLYcer08g04071.1,SLYcer06g05171.1,SLYcer03g04362.1,SLYcer04g03885.1,SLYcer08g05844.1,SLYcer03g04370.1,SLYcer03g04361.1,SLYcer08g06169.1,SLYcer07g04746.1,SLYcer03g04369.1,SLYcer06g02784.1,SLYcer08g00217.1,SLYcer10g00990.1,SLYcer07g00755.1,SLYcer02g03328.1,SLYcer02g04853.1,SLYcer08g05843.1,SLYcer04g03884.1,SLYcer04g04850.1,SLYcer08g05592.1,SLYcer04g04847.1,SLYcer12g04262.1,SLYcer08g05842.1,SLYcer04g05443.1,SLYcer02g04593.1,SLYcer12g04260.1,SLYcer11g00405.1,SLYcer04g04275.1,SLYcer08g06170.1,SLYcer04g03455.1,SLYcer04g03443.1,SLYcer10g00876.1,SLYcer01g08348.1,SLYcer02g05683.1,SLYcer03g04364.1,SLYcer09g01296.1,SLYcer04g04848.1,SLYcer04g05445.1,SLYcer06g03816.1,SLYcer08g00226.1,SLYcer03g04360.1,SLYcer04g04282.1,SLYcer01g00528.1,SLYcer04g04846.1,SLYcer06g04341.1,SLYcer03g05052.1,SLYcer02g05623.1,SLYcer09g03850.1,SLYcer04g04338.1,SLYcer04g03872.1,SLYcer12g04008.1,SLYcer03g05460.1,SLYcer06g04333.1,SLYcer04g04849.1,SLYcer04g03688.1,SLYcer03g04366.1,SLYcer10g05762.1,SLYcer12g03653.1	Capang00g000931,Capang12g001661,Capang02g000997,Capang00g002759,Capang12g002100,Capang01g001446,Capang03g001959,Capang00g002746,Capang06g002584,Capang04g001241,Capang02g002743,Capang03g004178,Capang12g002088,Capang01g000435,Capang02g002364,Capang03g000681,Capang10g000585,Capang01g004159,Capang06g000389,Capang05g000284,Capang04g000563,Capang12g002098,Capang02g000591,Capang05g001924,Capang01g000339,Capang00g001458,Capang04g001398,Capang00g004406,Capang01g000433,Capang01g000607,Capang01g001485,Capang12g002086,Capang09g001228,Capang04g000588,Capang12g002095,Capang12g002375,Capang02g002741,Capang04g001201,Capang08g000792,Capang03g002002,Capang01g000881,Capang03g001220,Capang01g005058,Capang07g001421,Capang10g002210,Capang03g001223,Capang00g002081,Capang12g002085,Capang04g001200,Capang03g001221,Capang04g001202,Capang03g004165,Capang00g001800,Capang04g000590,Capang09g001464,Capang00g002038,Capang01g000340,Capang00g001515,Capang08g001089,Capang02g000996,Capang00g004745,Capang00g005447,Capang06g001411,Capang12g002084,Capang03g001218,Capang01g001449,Capang04g001199,Capang03g000097
OG27631	709	7	Capana10g000565,Capana04g000738,Capana02g002111,Capana07g002262,Capana07g001729,Capana02g003188,Capana02g002115,Capana11g000300,Capana05g002084,Capana07g001909,Capana02g002116,Capana04g000745,Capana10g001349,Capana03g004575,Capana02g002120,Capana04g000725,Capana02g001679,Capana04g000739,Capana04g002760,Capana07g001585,Capana00g001988,Capana04g002758,Capana04g002753,Capana09g000758,Capana07g000281,Capana04g000730,Capana05g000771,Capana07g002260,Capana02g002109,Capana01g004124,Capana02g001677,Capana07g002251,Capana10g001366,Capana02g000162,Capana04g000747,Capana11g000063,Capana05g002087,Capana04g002585,Capana06g001960,Capana07g002253,Capana02g003525,Capana04g000737,Capana02g001682,Capana00g000372,Capana00g001094,Capana00g002124,Capana02g000074,Capana09g000349,Capana02g001207,Capana09g001848,Capana12g002195,Capana02g002117,Capana11g001240,Capana02g003377,Capana07g002269,Capana02g001676,Capana00g002225,Capana02g000175,Capana04g002581,Capana07g001598,Capana10g000042,Capana00g002125,Capana04g000740,Capana07g001584,Capana02g002110,Capana02g002123,Capana11g000537,Capana04g000426,Capana03g000341,Capana07g002252,Capana02g000166,Capana04g000723,Capana01g004044,Capana03g000504,Capana04g000729,Capana05g000792,Capana02g002122,Capana05g002086,Capana07g002465,Capana07g002257,Capana04g000743,Capana04g002708,Capana02g003187,Capana02g003684,Capana10g000044,Capana07g002259,Capana02g001681,Capana04g000724,Capana12g000681,Capana04g002752,Capana07g000274,Capana07g001582,Capana07g002464,Capana04g000732,Capana02g002113,Capana02g002119,Capana07g002254,Capana02g000783,Capana09g000429,Capana07g002255,Capana10g000040,Capana02g001686,Capana08g000947,Capana04g002757,Capana03g003639,Capana02g000993,Capana02g001684,Capana02g003631,Capana02g002108,Capana07g002261,Capana04g000742,Capana02g001687,Capana04g000727	PGSC0003DMP400031307,PGSC0003DMP400051277,PGSC0003DMP400031305,PGSC0003DMP400012232,PGSC0003DMP400019915,PGSC0003DMP400020905,PGSC0003DMP400024471,PGSC0003DMP400047630,PGSC0003DMP400051284,PGSC0003DMP400033420,PGSC0003DMP400019379,PGSC0003DMP400029893,PGSC0003DMP400058148,PGSC0003DMP400011517,PGSC0003DMP400020907,PGSC0003DMP400045385,PGSC0003DMP400051283,PGSC0003DMP400023926,PGSC0003DMP400037774,PGSC0003DMP400039508,PGSC0003DMP400033493,PGSC0003DMP400035046,PGSC0003DMP400067047,PGSC0003DMP400008764,PGSC0003DMP400001023,PGSC0003DMP400051278,PGSC0003DMP400031300,PGSC0003DMP400038810,PGSC0003DMP400064918,PGSC0003DMP400033298,PGSC0003DMP400016452,PGSC0003DMP400011516,PGSC0003DMP400024482,PGSC0003DMP400010800,PGSC0003DMP400001024,PGSC0003DMP400033425,PGSC0003DMP400031299,PGSC0003DMP400010042,PGSC0003DMP400014885,PGSC0003DMP400014242,PGSC0003DMP400014886,PGSC0003DMP400043385,PGSC0003DMP400024273,PGSC0003DMP400045381,PGSC0003DMP400014967,PGSC0003DMP400024274,PGSC0003DMP400045433,PGSC0003DMP400024976,PGSC0003DMP400011896,PGSC0003DMP400033422,PGSC0003DMP400061022,PGSC0003DMP400069450,PGSC0003DMP400023346,PGSC0003DMP400045383,PGSC0003DMP400033498,PGSC0003DMP400014939,PGSC0003DMP400045435,PGSC0003DMP400057945,PGSC0003DMP400012233,PGSC0003DMP400038887,PGSC0003DMP400045434,PGSC0003DMP400024491,PGSC0003DMP400033435,PGSC0003DMP400049536,PGSC0003DMP400033424,PGSC0003DMP400038888,PGSC0003DMP400014887,PGSC0003DMP400010799,PGSC0003DMP400033421,PGSC0003DMP400029894,PGSC0003DMP400033433,PGSC0003DMP400010798,PGSC0003DMP400014968,PGSC0003DMP400023928,PGSC0003DMP400010801,PGSC0003DMP400045380,PGSC0003DMP400024492,PGSC0003DMP400049858,PGSC0003DMP400051282,PGSC0003DMP400026987,PGSC0003DMP400023929,PGSC0003DMP400033434,PGSC0003DMP400024488,PGSC0003DMP400024476,PGSC0003DMP400060418,PGSC0003DMP400033491,PGSC0003DMP400053479,PGSC0003DMP400039507,PGSC0003DMP400049530,PGSC0003DMP400033418,PGSC0003DMP400037082,PGSC0003DMP400033305,PGSC0003DMP400045438,PGSC0003DMP400033492,PGSC0003DMP400014969,PGSC0003DMP400008991,PGSC0003DMP400024475,PGSC0003DMP400002170,PGSC0003DMP400051279,PGSC0003DMP400038812,PGSC0003DMP400024970,PGSC0003DMP400045382,PGSC0003DMP400028706,PGSC0003DMP400014920,PGSC0003DMP400024975,PGSC0003DMP400033301,PGSC0003DMP400038889,PGSC0003DMP400018434,PGSC0003DMP400044477,PGSC0003DMP400008763,PGSC0003DMP400012235,PGSC0003DMP400008805,PGSC0003DMP400024486,PGSC0003DMP400019378,PGSC0003DMP400037773,PGSC0003DMP400024490,PGSC0003DMP400034728,PGSC0003DMP400003612,PGSC0003DMP400033495,PGSC0003DMP400049533,PGSC0003DMP400031306,PGSC0003DMP400033303,PGSC0003DMP400049859,PGSC0003DMP400012234,PGSC0003DMP400024973,PGSC0003DMP400008765,PGSC0003DMP400035096,PGSC0003DMP400033494,PGSC0003DMP400030889,PGSC0003DMP400033496,PGSC0003DMP400008803,PGSC0003DMP400008760,PGSC0003DMP400044476,PGSC0003DMP400031298,PGSC0003DMP400033427,PGSC0003DMP400033306,PGSC0003DMP400000385,PGSC0003DMP400038811,PGSC0003DMP400000386,PGSC0003DMP400049857,PGSC0003DMP400037772,PGSC0003DMP400008766,PGSC0003DMP400020909,PGSC0003DMP400056963,PGSC0003DMP400033423,PGSC0003DMP400024485,PGSC0003DMP400029773,PGSC0003DMP400033419,PGSC0003DMP400024974,PGSC0003DMP400033428,PGSC0003DMP400008762	Sopen02g020850.1,Sopen12g006120.1,Sopen02g034610.1,Sopen12g030920.1,Sopen02g009650.1,Sopen11g028340.1,Sopen04g030880.1,Sopen10g002630.3,Sopen02g024360.1,Sopen01g003520.1,Sopen02g020860.3,Sopen02g009620.2,Sopen04g030930.1,Sopen02g034600.1,Sopen01g003540.1,Sopen04g030890.1,Sopen02g024350.1,Sopen03g002780.1,Sopen04g030910.1,Sopen05g016420.1,Sopen08g031250.1,Sopen02g005540.1,Sopen02g024400.1,Sopen04g030960.1,Sopen04g030900.1,Sopen02g020780.2,Sopen10g018150.1,Sopen02g020860.1,Sopen03g036080.1,Sopen01g038610.1,Sopen07g031920.1,Sopen02g009650.2,Sopen04g003520.1,Sopen04g030980.1,Sopen05g001090.1,Sopen07g031910.1,Sopen07g026630.1,Sopen02g024450.1,Sopen09g032130.1,Sopen04g025900.1,Sopen11g029790.1,Sopen09g007570.1,Sopen04g030950.2,Sopen02g015720.1,Sopen03g002770.1,Sopen04g030910.2,Sopen07g031900.1,Sopen12g001270.1,Sopen04g030890.2,Sopen07g026670.1,Sopen09g008910.1,Sopen02g020810.1,Sopen09g007550.1,Sopen09g032120.1,Sopen10g002610.1,Sopen07g026640.1,Sopen01g003510.1,Sopen05g001070.1,Sopen02g038660.1,Sopen07g031910.2,Sopen02g009640.1,Sopen03g002750.2,Sopen07g031890.1,Sopen12g001270.2,Sopen02g024370.1,Sopen09g001150.2,Sopen10g028190.1,Sopen07g005210.2,Sopen02g024410.1,Sopen02g024790.1,Sopen02g017830.1,Sopen09g007580.1,Sopen02g024470.1,Sopen02g020860.2,Sopen02g016890.1,Sopen03g002740.1,Sopen04g003550.1,Sopen09g001150.1,Sopen02g020870.1,Sopen02g020790.1,Sopen02g020800.1,Sopen03g002740.2,Sopen02g020780.1,Sopen02g031350.1,Sopen09g008900.1,Sopen09g011740.1,Sopen10g002640.1,Sopen04g030950.1,Sopen07g026780.1,Sopen03g002750.1,Sopen07g034710.1,Sopen09g007560.1,Sopen02g024390.1,Sopen02g009620.1,Sopen07g031880.1,Sopen07g003090.1,Sopen03g001960.1,Sopen10g002630.2,Sopen07g005210.1,Sopen00g007450.1,Sopen04g030850.1,Sopen02g024760.1,Sopen04g030860.1,Sopen10g001420.1,Sopen10g028160.1,Sopen04g003540.1,Sopen10g002630.1	SPI04g04842.1,SPI02g02873.1,SPI07g06131.1,SPI09g00096.1,SPI12g00339.1,SPI09g01136.1,SPI10g03593.1,SPI04g04831.1,SPI04g00440.1,SPI03g04504.1,SPI02g02884.1,SPI04g04849.1,SPI11g04175.1,SPI10g00269.1,SPI02g04325.1,SPI04g04836.1,SPI02g00380.1,SPI05g00576.1,SPI05g02147.1,SPI02g03293.1,SPI04g04828.1,SPI04g04833.1,SPI04g04839.1,SPI04g04845.1,SPI03g00460.1,SPI07g05534.1,SPI02g03258.1,SPI07g06129.1,SPI02g02460.1,SPI02g02299.1,SPI02g03250.1,SPI03g00461.1,SPI03g00472.1,SPI04g04844.1,SPI02g03256.1,SPI09g01133.1,SPI06g03808.1,SPI07g06133.1,SPI04g02600.1,SPI07g06132.1,SPI09g01219.1,SPI03g00459.1,SPI01g00469.1,SPI02g03259.1,SPI03g00309.1,SPI12g00907.1,SPI02g02887.1,SPI07g06410.1,SPI07g00717.1,SPI02g04006.1,SPI01g07207.1,SPI02g03251.1,SPI05g00106.1,SPI07g06134.1,SPI03g00458.1,SPI02g02556.1,SPI07g00712.1,SPI02g01353.1,SPI05g02130.1,SPI02g02885.1,SPI02g03249.1,SPI04g04843.1,SPI09g01134.1,SPI04g04847.1,SPI04g04829.1,SPI04g03955.1,SPI04g00438.1,SPI09g04501.1,SPI02g04718.1,SPI12g04686.1,SPI03g04968.1,SPI02g02874.1,SPI07g06128.1,SPI10g00272.1,SPI04g04848.1,SPI11g04021.1,SPI04g04834.1,SPI07g05540.1,SPI10g00271.1,SPI07g00408.1,SPI02g03257.1,SPI04g04827.1,SPI04g00441.1	Solyc04g077310.3.1,Solyc02g079550.3.1,Solyc04g077370.2.1,Solyc01g007990.4.1,Solyc10g076530.2.1,Solyc09g014720.3.1,Solyc09g005170.3.1,Solyc04g077320.2.1,Solyc07g063720.1.1,Solyc03g006730.3.1,Solyc04g077340.3.1,Solyc04g077380.2.1,Solyc09g014730.3.1,Solyc02g071810.4.1,Solyc07g053220.2.1,Solyc10g076550.1.1,Solyc03g005960.3.1,Solyc04g077280.3.1,Solyc07g063780.2.1,Solyc02g071820.4.1,Solyc02g071880.3.1,Solyc05g005050.3.1,Solyc03g006770.4.1,Solyc02g086590.3.1,Solyc09g015240.1.1,Solyc07g063820.3.1,Solyc07g063730.3.1,Solyc12g089020.2.1,Solyc10g006690.4.1,Solyc07g063810.2.1,Solyc02g079570.4.1,Solyc07g063770.3.1,Solyc12g005290.2.1,Solyc05g017770.1.1,Solyc02g071800.3.1,Solyc02g030300.3.1,Solyc09g015230.1.1,Solyc02g079640.3.1,Solyc01g007960.3.1,Solyc07g066550.4.1,Solyc02g079710.4.1,Solyc04g077360.3.1,Solyc02g089900.1.1,Solyc07g063700.2.1,Solyc02g067780.3.1,Solyc02g065520.1.1,Solyc10g006710.4.1,Solyc02g094580.3.1,Solyc01g094830.4.1,Solyc07g063750.3.1,Solyc03g112730.4.1,Solyc07g053100.4.1,Solyc04g045600.4.1,Solyc02g068660.3.1,Solyc07g007020.3.1,Solyc11g072140.3.1,Solyc01g007970.2.1,Solyc07g053080.4.1,Solyc07g009440.2.1,Solyc02g079530.4.1,Solyc09g083210.3.1,Solyc05g005070.2.1,Solyc02g079690.1.1,Solyc05g018930.1.1,Solyc02g079540.2.1,Solyc02g094010.2.1,Solyc04g077300.3.1,Solyc07g009443.1.1,Solyc10g005440.3.1,Solyc03g006720.1.1,Solyc02g071860.4.1,Solyc02g030380.3.1,Solyc04g077390.3.1,Solyc02g089920.1.1,Solyc09g018490.4.1,Solyc01g007980.4.1,Solyc10g006720.4.1,Solyc09g083200.4.1,Solyc12g014350.3.1,Solyc03g006780.2.1,Solyc02g079590.3.1,Solyc03g117180.3.1,Solyc02g079620.3.1,Solyc04g077270.4.1,Solyc04g058110.3.1,Solyc07g063710.2.1,Solyc04g008400.1.1,Solyc02g071870.4.1,Solyc09g014740.3.1,Solyc04g008370.3.1,Solyc07g063800.2.1,Solyc09g014710.4.1,Solyc11g069630.1.1	SLYcer07g00674.1,SLYcer01g06959.1,SLYcer07g05413.1,SLYcer11g03007.1,SLYcer02g05796.1,SLYcer02g04360.1,SLYcer12g00858.1,SLYcer04g00468.1,SLYcer02g04359.1,SLYcer01g00442.1,SLYcer03g03052.1,SLYcer07g04814.1,SLYcer04g00466.1,SLYcer02g02441.1,SLYcer02g03992.1,SLYcer02g05402.1,SLYcer07g05410.1,SLYcer07g05416.1,SLYcer07g00682.1,SLYcer02g05069.1,SLYcer10g05108.1,SLYcer07g05411.1,SLYcer02g03410.1,SLYcer07g00685.1,SLYcer02g03655.1,SLYcer04g05337.1,SLYcer02g04355.1,SLYcer02g04358.1,SLYcer02g02459.1,SLYcer09g01695.1,SLYcer04g05335.1,SLYcer10g00403.1,SLYcer05g01642.1,SLYcer03g05219.1,SLYcer03g04913.1,SLYcer07g04818.1,SLYcer03g00259.1,SLYcer04g05351.1,SLYcer07g05414.1,SLYcer02g03989.1,SLYcer04g05344.1,SLYcer02g03988.1,SLYcer09g01259.1,SLYcer10g00268.1,SLYcer07g00679.1,SLYcer12g00312.1,SLYcer09g01258.1,SLYcer04g04320.1,SLYcer04g05334.1,SLYcer05g01627.1,SLYcer04g05347.1,SLYcer04g05339.1,SLYcer07g00340.1,SLYcer09g01365.1,SLYcer11g03955.1,SLYcer02g03563.1,SLYcer06g03936.1,SLYcer10g00400.1,SLYcer09g04840.1,SLYcer02g04362.1,SLYcer11g04108.1,SLYcer05g00095.1,SLYcer04g05346.1,SLYcer07g00681.1,SLYcer09g01263.1,SLYcer10g00402.1,SLYcer03g00260.1,SLYcer04g05348.1,SLYcer03g00261.1,SLYcer07g00684.1,SLYcer02g03982.1,SLYcer02g03983.1,SLYcer09g00206.1,SLYcer04g05333.1,SLYcer07g05093.1,SLYcer04g05353.1,SLYcer12g04727.1,SLYcer02g04357.1,SLYcer04g05341.1,SLYcer05g01929.1,SLYcer04g05352.1,SLYcer02g01418.1,SLYcer04g05350.1,SLYcer04g05342.1,SLYcer07g05693.1,SLYcer09g01085.1,SLYcer12g00112.1,SLYcer07g05415.1	Capang04g000706,Capang07g002276,Capang02g001911,Capang08g001005,Capang02g002892,Capang02g000909,Capang00g000836,Capang02g000172,Capang04g002367,Capang04g000705,Capang00g005408,Capang10g001139,Capang10g000038,Capang11g000274,Capang07g002458,Capang02g001514,Capang07g002273,Capang12g001881,Capang02g001510,Capang04g000699,Capang03g003547,Capang04g002250,Capang05g001653,Capang04g000708,Capang02g003351,Capang02g003247,Capang04g002232,Capang08g000054,Capang11g000059,Capang03g004377,Capang04g000396,Capang00g002665,Capang04g002243,Capang04g002364,Capang03g000464,Capang10g000426,Capang07g001721,Capang04g000701,Capang01g002861,Capang02g001506,Capang07g001567,Capang02g001513,Capang07g000277,Capang02g003114,Capang07g001569,Capang00g000792,Capang02g000165,Capang04g002360,Capang07g001590,Capang02g001507,Capang05g001652,Capang02g000164,Capang00g001442,Capang11g000495,Capang10g001138,Capang02g000708,Capang05g000655,Capang07g002274,Capang09g000392,Capang02g003249,Capang01g003530,Capang09g000693,Capang05g000661,Capang02g003407,Capang06g001611,Capang09g001408,Capang05g000662,Capang11g001243,Capang02g000013,Capang06g001840,Capang02g001908,Capang07g001570,Capang10g000041,Capang07g000275
OG27634	785	7	Capana09g001348,Capana11g000303,Capana11g001083,Capana09g001753,Capana06g000839,Capana07g000371,Capana01g002074,Capana00g003935,Capana02g001595,Capana06g002473,Capana11g000302,Capana04g002008,Capana02g003380,Capana09g002424,Capana04g002608,Capana00g004148,Capana02g001057,Capana06g002380,Capana00g000195,Capana08g001165,Capana06g000764,Capana12g000800,Capana09g000914,Capana04g001407,Capana01g001697,Capana02g003433,Capana09g000832,Capana05g000408,Capana00g002920,Capana12g001750,Capana04g002032,Capana00g003600,Capana07g002135,Capana03g003186,Capana06g000916,Capana04g002036,Capana08g001166,Capana12g000323,Capana04g001198,Capana12g002281,Capana11g002390,Capana03g002854,Capana03g000902,Capana07g002357,Capana06g000857,Capana02g001593,Capana04g002006,Capana02g001600,Capana03g001458,Capana01g003904,Capana04g002609,Capana00g003079,Capana05g002458,Capana02g000694,Capana11g000312,Capana11g000224,Capana07g002218,Capana12g000367,Capana11g000785,Capana05g002266,Capana06g001338,Capana03g002032,Capana08g000765,Capana05g002456,Capana12g000858,Capana12g002283,Capana04g001404,Capana12g002300,Capana12g000032,Capana12g002282,Capana03g000127,Capana03g002092,Capana02g002352,Capana01g000154,Capana06g000139,Capana01g000966,Capana03g001034,Capana02g002282,Capana10g000944,Capana06g002767,Capana00g003546,Capana02g001602,Capana01g002483,Capana07g002406,Capana11g000311,Capana08g000419,Capana12g000038,Capana12g000726,Capana05g002268,Capana12g000798,Capana09g002235,Capana06g000355,Capana03g002685,Capana09g001350,Capana12g002046,Capana10g000926,Capana02g003432,Capana11g001166,Capana09g000830,Capana01g003068,Capana12g000039,Capana06g000856,Capana01g001066,Capana04g002807,Capana07g000370,Capana05g002267,Capana00g001964,Capana12g002302,Capana04g002607,Capana03g002125,Capana01g003075,Capana08g001167,Capana01g004235,Capana00g002921,Capana10g000878,Capana03g004014,Capana03g000541,Capana03g003620,Capana01g002893,Capana12g001420,Capana03g004013,Capana01g003898,Capana01g002484,Capana05g002459,Capana05g002457,Capana08g000766,Capana03g002400,Capana03g000253,Capana12g000040,Capana02g002353,Capana12g000324	PGSC0003DMP400013021,PGSC0003DMP400042445,PGSC0003DMP400037962,PGSC0003DMP400033861,PGSC0003DMP400039733,PGSC0003DMP400017296,PGSC0003DMP400004038,PGSC0003DMP400026905,PGSC0003DMP400001666,PGSC0003DMP400036989,PGSC0003DMP400005531,PGSC0003DMP400026780,PGSC0003DMP400012998,PGSC0003DMP400016014,PGSC0003DMP400062414,PGSC0003DMP400030495,PGSC0003DMP400006917,PGSC0003DMP400011133,PGSC0003DMP400033295,PGSC0003DMP400033860,PGSC0003DMP400056135,PGSC0003DMP400056134,PGSC0003DMP400052248,PGSC0003DMP400054453,PGSC0003DMP400021239,PGSC0003DMP400032198,PGSC0003DMP400013129,PGSC0003DMP400053076,PGSC0003DMP400012958,PGSC0003DMP400013095,PGSC0003DMP400001505,PGSC0003DMP400004675,PGSC0003DMP400035518,PGSC0003DMP400038391,PGSC0003DMP400045340,PGSC0003DMP400032196,PGSC0003DMP400016015,PGSC0003DMP400051612,PGSC0003DMP400015070,PGSC0003DMP400032197,PGSC0003DMP400013235,PGSC0003DMP400047990,PGSC0003DMP400020609,PGSC0003DMP400021989,PGSC0003DMP400011653,PGSC0003DMP400021502,PGSC0003DMP400026779,PGSC0003DMP400053075,PGSC0003DMP400021233,PGSC0003DMP400050766,PGSC0003DMP400011652,PGSC0003DMP400052246,PGSC0003DMP400012920,PGSC0003DMP400023214,PGSC0003DMP400046927,PGSC0003DMP400030462,PGSC0003DMP400020140,PGSC0003DMP400033294,PGSC0003DMP400002560,PGSC0003DMP400036286,PGSC0003DMP400032760,PGSC0003DMP400004040,PGSC0003DMP400011134,PGSC0003DMP400020610,PGSC0003DMP400013237,PGSC0003DMP400002561,PGSC0003DMP400001665,PGSC0003DMP400042299,PGSC0003DMP400041247,PGSC0003DMP400046817,PGSC0003DMP400004676,PGSC0003DMP400009670,PGSC0003DMP400002531,PGSC0003DMP400013236,PGSC0003DMP400013019,PGSC0003DMP400008122,PGSC0003DMP400015068,PGSC0003DMP400007794,PGSC0003DMP400007796,PGSC0003DMP400033463,PGSC0003DMP400046818,PGSC0003DMP400003531,PGSC0003DMP400005914,PGSC0003DMP400023753,PGSC0003DMP400050764,PGSC0003DMP400052247,PGSC0003DMP400030466,PGSC0003DMP400056133,PGSC0003DMP400013020,PGSC0003DMP400029466,PGSC0003DMP400033296,PGSC0003DMP400021501,PGSC0003DMP400005916,PGSC0003DMP400024880,PGSC0003DMP400002562,PGSC0003DMP400023219,PGSC0003DMP400031791,PGSC0003DMP400021500,PGSC0003DMP400040660,PGSC0003DMP400012921,PGSC0003DMP400036990,PGSC0003DMP400019053,PGSC0003DMP400032813,PGSC0003DMP400015066,PGSC0003DMP400008291,PGSC0003DMP400026904,PGSC0003DMP400013234,PGSC0003DMP400016013,PGSC0003DMP400054454,PGSC0003DMP400050342,PGSC0003DMP400046125,PGSC0003DMP400060265,PGSC0003DMP400015593,PGSC0003DMP400011135,PGSC0003DMP400022198,PGSC0003DMP400013130,PGSC0003DMP400040659,PGSC0003DMP400003530,PGSC0003DMP400051611,PGSC0003DMP400030606,PGSC0003DMP400042448,PGSC0003DMP400033525,PGSC0003DMP400015591,PGSC0003DMP400040443,PGSC0003DMP400047828,PGSC0003DMP400024879,PGSC0003DMP400015067,PGSC0003DMP400001504,PGSC0003DMP400015592,PGSC0003DMP400020141,PGSC0003DMP400004674,PGSC0003DMP400030607,PGSC0003DMP400050378,PGSC0003DMP400033862,PGSC0003DMP400051609	Sopen01g030860.1,Sopen08g030180.1,Sopen11g026710.1,Sopen07g032260.2,Sopen02g017280.1,Sopen06g012460.1,Sopen08g021570.1,Sopen06g024190.1,Sopen09g034570.1,Sopen06g029310.1,Sopen05g009510.1,Sopen07g007050.1,Sopen05g033770.1,Sopen11g025460.1,Sopen12g023550.1,Sopen06g004030.1,Sopen12g022860.1,Sopen03g003620.1,Sopen04g026900.1,Sopen05g008830.1,Sopen01g044530.1,Sopen10g009550.1,Sopen06g028380.1,Sopen05g032110.1,Sopen08g002840.1,Sopen12g027430.1,Sopen02g020400.1,Sopen12g009950.1,Sopen06g033330.1,Sopen11g026980.1,Sopen06g028390.1,Sopen09g029840.1,Sopen10g009540.1,Sopen12g034820.1,Sopen06g004020.1,Sopen07g033520.1,Sopen03g005200.3,Sopen04g025570.2,Sopen12g023180.1,Sopen00g008460.1,Sopen03g039810.1,Sopen04g005490.1,Sopen11g003170.1,Sopen11g009680.1,Sopen07g032260.1,Sopen12g016590.1,Sopen09g025580.1,Sopen11g025140.3,Sopen01g040450.1,Sopen12g006980.1,Sopen05g014090.1,Sopen05g015600.1,Sopen03g034030.1,Sopen01g040430.1,Sopen11g003180.1,Sopen05g004180.1,Sopen04g026900.2,Sopen07g030860.1,Sopen11g003190.1,Sopen09g034580.1,Sopen03g001870.1,Sopen00g010410.1,Sopen01g032440.1,Sopen02g032590.1,Sopen12g033590.1,Sopen01g040440.1,Sopen05g032100.1,Sopen04g025570.1,Sopen09g004660.1,Sopen09g017780.1,Sopen12g033620.1,Sopen11g025470.1,Sopen05g032130.1,Sopen03g024530.1,Sopen07g031560.1,Sopen07g027260.1,Sopen04g002010.1,Sopen08g024060.1,Sopen06g014710.1,Sopen00g003360.1,Sopen12g023190.1,Sopen02g026490.1,Sopen03g040850.1,Sopen02g032160.1,Sopen08g025270.1,Sopen03g005200.4,Sopen08g001610.1,Sopen11g025140.2,Sopen09g003060.1,Sopen01g002710.1,Sopen12g033030.1,Sopen11g027010.1,Sopen03g036450.2,Sopen08g021560.1,Sopen11g025140.1,Sopen05g032120.1,Sopen12g034810.1,Sopen06g028390.2,Sopen03g029870.1,Sopen01g002710.2,Sopen12g016260.2,Sopen03g032740.1,Sopen11g025110.1,Sopen03g003490.1	SPI12g03165.1,SPI03g04745.1,SPI01g07394.1,SPI08g00288.1,SPI03g05357.1,SPI12g00822.1,SPI03g05005.1,SPI11g03678.1,SPI12g05037.1,SPI02g00008.1,SPI09g00754.1,SPI07g06020.1,SPI06g03090.1,SPI06g02723.1,SPI10g01222.1,SPI06g00424.1,SPI05g01098.1,SPI09g03453.1,SPI03g04593.1,SPI12g03453.1,SPI11g03628.1,SPI08g05074.1,SPI05g04677.1,SPI03g00300.1,SPI05g04874.1,SPI11g00484.1,SPI06g00423.1,SPI07g01121.1,SPI08g05646.1,SPI11g01374.1,SPI11g03857.1,SPI11g03629.1,SPI09g04780.1,SPI06g02724.1,SPI04g00259.1,SPI01g07825.1,SPI12g04221.1,SPI03g00568.1,SPI03g05465.1,SPI06g04620.1,SPI09g00337.1,SPI07g06290.1,SPI02g04125.1,SPI02g00058.1,SPI04g04718.1,SPI06g04713.1,SPI02g03466.1,SPI05g04679.1,SPI05g01099.1,SPI02g02830.1,SPI01g07396.1,SPI03g00196.1,SPI11g03858.1,SPI08g06314.1,SPI07g05570.1,SPI11g03829.1,SPI12g04179.1,SPI04g03880.1,SPI05g04678.1,SPI03g00581.1,SPI04g04237.1,SPI07g06161.1,SPI03g03627.1,SPI12g01303.1,SPI02g02500.1,SPI12g05170.1,SPI12g04955.1,SPI12g04178.1,SPI01g06503.1,SPI06g05138.1,SPI12g03164.1,SPI09g01791.1,SPI03g04300.1,SPI06g00887.1,SPI07g06097.1,SPI07g06333.1,SPI01g04416.1,SPI12g05040.1,SPI01g00374.1,SPI12g02351.1,SPI02g04084.1,SPI09g04776.1,SPI12g03163.1,SPI08g00132.1,SPI09g04148.1,SPI09g04779.1,SPI05g01178.1,SPI01g05266.1,SPI06g04127.1,SPI08g05075.1,SPI01g08166.1,SPI05g00510.1,SPI08g05777.1,SPI09g02349.1,SPI10g01223.1,SPI05g02381.1,SPI11g03679.1,SPI11g01278.1,SPI06g02760.1,SPI08g05073.1,SPI04g00648.1	Solyc03g117540.4.1,Solyc06g009290.4.1,Solyc06g072090.3.1,Solyc08g081890.4.1,Solyc09g075020.3.1,Solyc07g063400.3.1,Solyc08g067610.3.1,Solyc12g049120.2.1,Solyc05g008350.3.1,Solyc02g087410.4.1,Solyc07g062630.1.1,Solyc03g007690.1.1,Solyc05g053600.3.1,Solyc09g064440.4.1,Solyc08g006880.3.1,Solyc05g014390.4.1,Solyc09g042280.1.1,Solyc12g098210.3.1,Solyc02g055530.4.1,Solyc09g008240.3.1,Solyc12g049130.1.1,Solyc05g013890.3.1,Solyc03g114950.2.1,Solyc01g101070.3.1,Solyc08g075430.3.1,Solyc05g055330.3.1,Solyc11g007280.3.1,Solyc12g013640.2.1,Solyc12g044820.3.1,Solyc11g007300.2.1,Solyc05g018510.3.1,Solyc12g013630.1.1,Solyc12g038220.3.1,Solyc10g019270.3.1,Solyc06g076930.2.1,Solyc08g067620.2.1,Solyc12g098870.3.1,Solyc01g006720.4.1,Solyc02g071350.3.1,Solyc06g009280.1.1,Solyc12g100180.2.1,Solyc08g005580.3.1,Solyc10g024420.3.1,Solyc03g026310.4.1,Solyc12g098840.3.1,Solyc03g007530.3.1,Solyc09g091660.3.1,Solyc06g072100.3.1,Solyc06g065670.4.1,Solyc11g067300.2.1,Solyc04g010310.4.1,Solyc05g053570.4.1,Solyc01g096730.2.1,Solyc11g065720.2.1,Solyc07g064120.2.1,Solyc03g122050.1.1,Solyc04g070970.4.1,Solyc07g065320.4.1,Solyc02g068180.3.1,Solyc04g076170.1.1,Solyc06g036240.2.1,Solyc11g067000.3.1,Solyc01g096740.4.1,Solyc03g093650.3.1,Solyc12g036150.1.1,Solyc04g006960.3.1,Solyc05g053610.2.1,Solyc12g019620.2.1,Solyc12g036160.3.1,Solyc12g070270.2.1,Solyc07g065770.3.1,Solyc09g009910.4.1,Solyc03g019760.4.1,Solyc09g150122.1.1,Solyc11g065350.2.1,Solyc07g065780.2.1,Solyc12g044810.3.1,Solyc02g044050.1.1,Solyc03g113690.1.1,Solyc02g081870.4.1,Solyc06g048540.3.1,Solyc06g036490.3.1,Solyc01g080640.3.1,Solyc02g055540.1.1,Solyc09g055350.3.1,Solyc09g042300.2.1,Solyc07g018130.2.1,Solyc06g072960.1.1,Solyc03g122070.3.1,Solyc04g056650.4.1,Solyc06g011660.3.1,Solyc09g091670.3.1,Solyc03g120980.3.1,Solyc11g065360.2.1,Solyc12g100190.2.1,Solyc01g096720.4.1,Solyc11g018680.1.1,Solyc02g087870.3.1,Solyc11g065710.3.1,Solyc01g058360.1.1,Solyc12g044580.3.1,Solyc06g036480.2.1,Solyc02g071340.2.1,Solyc11g067310.3.1,Solyc11g018690.2.1,Solyc07g053300.1.1,Solyc08g076720.4.1,Solyc12g019640.2.1,Solyc03g005860.4.1,Solyc11g007290.1.1,Solyc05g053590.4.1	SLYcer09g03560.1,SLYcer01g07878.1,SLYcer07g05296.1,SLYcer11g00334.1,SLYcer12g04240.1,SLYcer02g00011.1,SLYcer12g00777.1,SLYcer08g05187.1,SLYcer12g03465.1,SLYcer06g01071.1,SLYcer12g04185.1,SLYcer03g03551.1,SLYcer06g02959.1,SLYcer09g05103.1,SLYcer09g02432.1,SLYcer11g03616.1,SLYcer12g05219.1,SLYcer02g00052.1,SLYcer03g04241.1,SLYcer12g05085.1,SLYcer11g01147.1,SLYcer07g05574.1,SLYcer12g04280.1,SLYcer03g00371.1,SLYcer01g07443.1,SLYcer08g00352.1,SLYcer03g00348.1,SLYcer12g04241.1,SLYcer04g00675.1,SLYcer11g03764.1,SLYcer01g07815.1,SLYcer03g04689.1,SLYcer12g05088.1,SLYcer02g03934.1,SLYcer05g01823.1,SLYcer04g04242.1,SLYcer12g01266.1,SLYcer11g03793.1,SLYcer08g05761.1,SLYcer12g04281.1,SLYcer08g06401.1,SLYcer06g04757.1,SLYcer12g03178.1,SLYcer03g05429.1,SLYcer10g02284.1,SLYcer09g05104.1,SLYcer08g05890.1,SLYcer06g04266.1,SLYcer06g03186.1,SLYcer12g03176.1,SLYcer06g02922.1,SLYcer12g04184.1,SLYcer10g02283.1,SLYcer10g01364.1,SLYcer11g03558.1,SLYcer07g04847.1,SLYcer08g00206.1,SLYcer11g03617.1,SLYcer03g05317.1,SLYcer11g03557.1,SLYcer07g01101.1,SLYcer09g00823.1,SLYcer09g04339.1,SLYcer03g04948.1,SLYcer01g00348.1,SLYcer04g04749.1,SLYcer07g05378.1,SLYcer09g01904.1,SLYcer02g04572.1,SLYcer07g05449.1,SLYcer11g03794.1,SLYcer11g01241.1,SLYcer05g00479.1,SLYcer04g00283.1,SLYcer11g00333.1,SLYcer05g01105.1,SLYcer02g05195.1,SLYcer12g02578.1,SLYcer02g03603.1,SLYcer06g00642.1,SLYcer05g01036.1,SLYcer10g01363.1,SLYcer10g02107.1,SLYcer01g07877.1,SLYcer03g04543.1,SLYcer09g00424.1,SLYcer06g05248.1,SLYcer08g05186.1,SLYcer03g00157.1,SLYcer12g03177.1,SLYcer10g02282.1,SLYcer01g06203.1,SLYcer10g01402.1,SLYcer06g04854.1,SLYcer12g04997.1,SLYcer08g05188.1,SLYcer01g05123.1	Capang04g001131,Capang09g001747,Capang11g000282,Capang02g001415,Capang03g000496,Capang00g005297,Capang01g002270,Capang02g003117,Capang01g004239,Capang06g002298,Capang01g002143,Capang00g005434,Capang12g000042,Capang00g004237,Capang09g000936,Capang00g000774,Capang00g005458,Capang09g000934,Capang12g000899,Capang02g003161,Capang06g000717,Capang08g001100,Capang03g002841,Capang11g000772,Capang01g003370,Capang00g000954,Capang10g000690,Capang03g001976,Capang04g001841,Capang01g000146,Capang07g002404,Capang03g003528,Capang02g001416,Capang11g000283,Capang02g001417,Capang02g000120,Capang07g002239,Capang02g001425,Capang11g000231,Capang05g001817,Capang04g001820,Capang01g000916,Capang03g003082,Capang03g002322,Capang12g001981,Capang11g000275,Capang04g001818,Capang01g003739,Capang06g002201,Capang02g000609,Capang07g002351,Capang03g000120,Capang03g000829,Capang05g001816,Capang10g000738,Capang03g002007,Capang00g005471,Capang04g002405,Capang06g000321,Capang00g000757,Capang00g002422,Capang01g002753,Capang00g002217,Capang12g000034,Capang01g004238,Capang03g003678,Capang06g002290,Capang11g000773,Capang04g001340,Capang02g001422,Capang01g003740,Capang01g002750,Capang00g001723,Capang00g000672,Capang00g001729,Capang05g000328,Capang05g002004,Capang11g001169,Capang06g001221,Capang04g002279,Capang03g000992,Capang11g002266,Capang06g002551,Capang06g000805,Capang12g000607,Capang03g000241,Capang03g001386,Capang08g000818,Capang09g000756,Capang00g000186,Capang12g000266,Capang05g001818,Capang12g001979,Capang03g002471,Capang00g005033,Capang08g000822,Capang00g004884,Capang01g001405,Capang12g001220,Capang12g000180,Capang09g001924,Capang07g002153,Capang06g000859,Capang05g002003,Capang03g002587,Capang02g000977
OG27637	869	7	Capana04g002729,Capana04g001474,Capana04g002743,Capana00g002569,Capana00g001762,Capana04g002539,Capana10g001021,Capana00g001756,Capana04g002447,Capana02g000536,Capana04g002633,Capana04g002488,Capana06g001643,Capana00g002193,Capana00g000173,Capana04g002456,Capana10g000291,Capana04g002427,Capana07g001827,Capana05g000765,Capana02g003086,Capana00g002532,Capana04g002477,Capana04g002775,Capana00g002418,Capana00g002698,Capana03g001866,Capana03g000553,Capana00g003436,Capana04g002484,Capana00g002285,Capana02g001224,Capana00g002706,Capana00g003454,Capana06g002638,Capana00g002168,Capana00g001161,Capana04g002786,Capana04g002728,Capana07g000273,Capana07g000577,Capana04g002727,Capana03g003382,Capana07g000959,Capana04g002662,Capana06g002392,Capana04g002724,Capana04g002705,Capana04g002452,Capana06g002526,Capana04g002630,Capana05g000251,Capana00g004660,Capana04g002781,Capana06g001186,Capana04g002707,Capana03g002137,Capana04g002802,Capana04g002796,Capana04g002667,Capana04g002745,Capana04g002634,Capana04g002449,Capana04g002458,Capana07g002296,Capana00g002676,Capana04g002430,Capana00g002172,Capana04g002720,Capana07g001402,Capana05g000263,Capana00g002244,Capana01g003922,Capana04g002721,Capana06g001641,Capana01g002810,Capana01g000852,Capana04g002454,Capana04g002538,Capana03g000745,Capana07g000850,Capana10g000302,Capana02g001712,Capana06g002907,Capana04g002461,Capana02g001233,Capana05g000254,Capana04g002418,Capana04g001586,Capana04g002789,Capana03g003990,Capana06g002655,Capana04g002741,Capana00g002697,Capana03g004629,Capana10g000277,Capana02g001763,Capana09g000288,Capana04g002636,Capana05g000278,Capana05g000258,Capana04g002489,Capana04g002463,Capana02g002841,Capana05g000252,Capana04g002637,Capana00g002680,Capana04g002486,Capana00g000002,Capana05g000270,Capana04g002660,Capana04g002681,Capana02g003087,Capana04g002364,Capana04g002661,Capana04g002451,Capana08g001798,Capana04g002432,Capana03g001878,Capana07g000049,Capana04g002703,Capana00g001376,Capana06g001638,Capana04g002420,Capana09g000844,Capana04g002670,Capana05g000248,Capana00g002533,Capana04g002471,Capana04g002467,Capana00g002146,Capana00g002144,Capana04g002638,Capana04g002718,Capana06g002933,Capana02g001243,Capana04g002780,Capana07g001392,Capana02g001700,Capana12g001561,Capana03g002664,Capana06g001625,Capana04g002315,Capana12g000093,Capana04g002790,Capana12g000972,Capana07g002293,Capana02g000687,Capana04g002466,Capana05g000274,Capana02g001244,Capana00g002578,Capana04g002715,Capana03g002099,Capana00g002167,Capana00g001564,Capana04g002744,Capana04g002453,Capana04g002635,Capana03g001863,Capana06g002766,Capana06g001636,Capana04g002685,Capana00g002534,Capana04g002455,Capana09g001108,Capana01g001038,Capana04g002776,Capana03g001864,Capana04g002792,Capana04g002478,Capana02g001229,Capana01g004419,Capana05g000272,Capana03g001983,Capana01g001036,Capana10g001950,Capana04g002747,Capana00g000721,Capana00g001899,Capana04g002774,Capana06g002633,Capana00g001524,Capana00g002015,Capana06g002035,Capana07g002268,Capana04g002366,Capana10g000305,Capana03g002733,Capana02g000768,Capana12g002705,Capana06g002637,Capana00g001098,Capana00g004233,Capana05g000253,Capana00g001092,Capana02g003085,Capana00g002554,Capana04g002704,Capana04g002435,Capana00g002598,Capana00g001259,Capana06g001043,Capana06g002934,Capana04g002795,Capana00g001166,Capana06g002935,Capana08g000322,Capana00g000564,Capana00g002416,Capana04g002779,Capana02g001764,Capana00g002679,Capana04g002672,Capana05g000273,Capana04g002465	PGSC0003DMP400024363,PGSC0003DMP400024593,PGSC0003DMP400000598,PGSC0003DMP400021042,PGSC0003DMP400027728,PGSC0003DMP400045369,PGSC0003DMP400005852,PGSC0003DMP400009335,PGSC0003DMP400045363,PGSC0003DMP400036233,PGSC0003DMP400021051,PGSC0003DMP400024472,PGSC0003DMP400060295,PGSC0003DMP400026415,PGSC0003DMP400038071,PGSC0003DMP400024590,PGSC0003DMP400018385,PGSC0003DMP400030206,PGSC0003DMP400014715,PGSC0003DMP400050133,PGSC0003DMP400060362,PGSC0003DMP400032842,PGSC0003DMP400021052,PGSC0003DMP400018025,PGSC0003DMP400049469,PGSC0003DMP400040291,PGSC0003DMP400044425,PGSC0003DMP400040765,PGSC0003DMP400041196,PGSC0003DMP400001925,PGSC0003DMP400056635,PGSC0003DMP400049476,PGSC0003DMP400052146,PGSC0003DMP400045282,PGSC0003DMP400056502,PGSC0003DMP400033117,PGSC0003DMP400034747,PGSC0003DMP400015965,PGSC0003DMP400044175,PGSC0003DMP400045362,PGSC0003DMP400033119,PGSC0003DMP400043019,PGSC0003DMP400046471,PGSC0003DMP400024364,PGSC0003DMP400040899,PGSC0003DMP400026413,PGSC0003DMP400068815,PGSC0003DMP400012846,PGSC0003DMP400036232,PGSC0003DMP400044424,PGSC0003DMP400036470,PGSC0003DMP400027985,PGSC0003DMP400042151,PGSC0003DMP400012847,PGSC0003DMP400068564,PGSC0003DMP400051511,PGSC0003DMP400016390,PGSC0003DMP400016455,PGSC0003DMP400063696,PGSC0003DMP400018243,PGSC0003DMP400048685,PGSC0003DMP400021055,PGSC0003DMP400024357,PGSC0003DMP400026063,PGSC0003DMP400021777,PGSC0003DMP400042232,PGSC0003DMP400065292,PGSC0003DMP400041077,PGSC0003DMP400062250,PGSC0003DMP400026864,PGSC0003DMP400024358,PGSC0003DMP400043020,PGSC0003DMP400023871,PGSC0003DMP400043252,PGSC0003DMP400035528,PGSC0003DMP400019323,PGSC0003DMP400019345,PGSC0003DMP400063479,PGSC0003DMP400027987,PGSC0003DMP400047972,PGSC0003DMP400040900,PGSC0003DMP400053977,PGSC0003DMP400044423,PGSC0003DMP400021386,PGSC0003DMP400025003,PGSC0003DMP400040817,PGSC0003DMP400033728,PGSC0003DMP400040898,PGSC0003DMP400062328,PGSC0003DMP400027986,PGSC0003DMP400007205,PGSC0003DMP400045331,PGSC0003DMP400062651,PGSC0003DMP400034252,PGSC0003DMP400015940,PGSC0003DMP400040767,PGSC0003DMP400034579,PGSC0003DMP400034253,PGSC0003DMP400036215,PGSC0003DMP400050128,PGSC0003DMP400064862,PGSC0003DMP400045913,PGSC0003DMP400030205,PGSC0003DMP400058554,PGSC0003DMP400064081,PGSC0003DMP400000608,PGSC0003DMP400053279,PGSC0003DMP400010693,PGSC0003DMP400016391,PGSC0003DMP400024361,PGSC0003DMP400023237,PGSC0003DMP400037359,PGSC0003DMP400012848,PGSC0003DMP400009334,PGSC0003DMP400067876,PGSC0003DMP400056168,PGSC0003DMP400053277,PGSC0003DMP400046363,PGSC0003DMP400023341,PGSC0003DMP400051445,PGSC0003DMP400001889,PGSC0003DMP400041757,PGSC0003DMP400031433,PGSC0003DMP400040768,PGSC0003DMP400024592,PGSC0003DMP400033107,PGSC0003DMP400050917,PGSC0003DMP400035533,PGSC0003DMP400037781,PGSC0003DMP400064733,PGSC0003DMP400024362,PGSC0003DMP400060608,PGSC0003DMP400024594,PGSC0003DMP400041759,PGSC0003DMP400053278,PGSC0003DMP400024589,PGSC0003DMP400041758,PGSC0003DMP400015966,PGSC0003DMP400026412,PGSC0003DMP400025091,PGSC0003DMP400029865,PGSC0003DMP400035535,PGSC0003DMP400048390,PGSC0003DMP400026494,PGSC0003DMP400015471,PGSC0003DMP400045271,PGSC0003DMP400045272,PGSC0003DMP400026483,PGSC0003DMP400052731,PGSC0003DMP400047096,PGSC0003DMP400050918,PGSC0003DMP400068568,PGSC0003DMP400064231,PGSC0003DMP400024360,PGSC0003DMP400019347,PGSC0003DMP400026414,PGSC0003DMP400034724,PGSC0003DMP400007207,PGSC0003DMP400048397,PGSC0003DMP400062157,PGSC0003DMP400051585,PGSC0003DMP400013465,PGSC0003DMP400058878,PGSC0003DMP400065902,PGSC0003DMP400041756,PGSC0003DMP400007206,PGSC0003DMP400023870,PGSC0003DMP400021054,PGSC0003DMP400035555,PGSC0003DMP400034405,PGSC0003DMP400050129,PGSC0003DMP400040856,PGSC0003DMP400045281,PGSC0003DMP400029864	Sopen08g018850.1,Sopen08g030230.1,Sopen06g024620.1,Sopen12g004360.1,Sopen12g004310.1,Sopen01g046460.1,Sopen12g019830.1,Sopen01g041560.1,Sopen03g038110.1,Sopen02g014260.1,Sopen02g035800.2,Sopen07g025470.1,Sopen04g006300.2,Sopen03g040590.1,Sopen03g002110.1,Sopen06g014730.2,Sopen07g025510.1,Sopen12g019910.1,Sopen07g025520.1,Sopen06g026270.2,Sopen04g031750.1,Sopen04g014290.1,Sopen06g020810.1,Sopen04g026530.2,Sopen03g003440.1,Sopen09g025010.1,Sopen07g027100.3,Sopen03g038030.2,Sopen02g021680.1,Sopen08g022720.1,Sopen02g015020.1,Sopen02g014990.1,Sopen08g025080.1,Sopen10g033090.1,Sopen06g020910.1,Sopen06g014980.1,Sopen02g035630.1,Sopen00g012910.1,Sopen07g027100.2,Sopen03g002100.1,Sopen07g025490.1,Sopen06g012000.1,Sopen08g022740.1,Sopen03g025480.1,Sopen06g014730.1,Sopen06g024000.1,Sopen10g025090.1,Sopen06g026270.1,Sopen01g045660.1,Sopen03g024290.1,Sopen07g024340.1,Sopen06g024180.2,Sopen03g038030.1,Sopen09g026710.1,Sopen10g006190.1,Sopen02g035800.1,Sopen04g006300.1,Sopen07g025460.1,Sopen04g026530.1,Sopen10g034580.1,Sopen07g027100.1,Sopen12g019820.1,Sopen01g030990.1,Sopen04g030230.1,Sopen02g035620.1,Sopen12g008540.1,Sopen03g038030.3,Sopen02g015110.1,Sopen06g021830.1,Sopen01g030990.2,Sopen02g021400.1,Sopen06g001850.1,Sopen11g010560.1,Sopen12g005730.1,Sopen02g035640.1,Sopen02g015040.1,Sopen03g036550.1	SPI07g05397.1,SPI02g02931.1,SPI02g02222.1,SPI07g00732.1,SPI12g01013.1,SPI02g02942.1,SPI01g06341.1,SPI12g01016.1,SPI03g05169.1,SPI07g01171.1,SPI12g03701.1,SPI10g03272.1,SPI09g03543.1,SPI06g04136.1,SPI09g03546.1,SPI08g05227.1,SPI04g00981.1,SPI04g00975.1,SPI06g00160.1,SPI06g00193.1,SPI02g02223.1,SPI06g04128.1,SPI02g02218.1,SPI12g01022.1,SPI04g00992.1,SPI12g01138.1,SPI10g04195.1,SPI03g05437.1,SPI03g05012.1,SPI07g04923.1,SPI02g02968.1,SPI02g02217.1,SPI06g03820.1,SPI10g01778.1,SPI08g04780.1,SPI10g03274.1,SPI12g01135.1,SPI07g05402.1,SPI06g04175.1,SPI02g02940.1,SPI01g07511.1,SPI04g00976.1,SPI03g05083.1,SPI02g01466.1,SPI02g04435.1,SPI06g00157.1,SPI11g01391.1,SPI08g05753.1,SPI12g00168.1,SPI12g00528.1,SPI04g00993.1,SPI07g05396.1,SPI06g04394.1,SPI02g04422.1,SPI10g03591.1,SPI02g02224.1,SPI04g00794.1,SPI08g06319.1,SPI06g00149.1,SPI04g00861.1,SPI01g05838.1,SPI01g05988.1,SPI06g03120.1,SPI04g00994.1,SPI06g04139.1,SPI12g01128.1,SPI02g02225.1,SPI07g05401.1,SPI10g04354.1,SPI07g00883.1,SPI06g03094.1,SPI03g00562.1,SPI03g03770.1,SPI03g03591.1,SPI02g02221.1,SPI04g00973.1,SPI08g05230.1,SPI12g01127.1,SPI12g01018.1,SPI09g03371.1,SPI04g00974.1,SPI06g04177.1,SPI02g04421.1,SPI12g00526.1,SPI02g02575.1,SPI04g05266.1,SPI01g08019.1,SPI04g04026.1,SPI02g02233.1	Solyc06g065660.1.1,Solyc01g079210.3.1,Solyc10g055280.1.1,Solyc04g064590.3.1,Solyc02g021670.2.1,Solyc02g091160.4.1,Solyc08g075620.3.1,Solyc12g017740.1.1,Solyc07g051860.1.1,Solyc08g069090.1.1,Solyc02g076780.3.1,Solyc04g014883.1.1,Solyc12g016020.3.1,Solyc06g048560.2.1,Solyc01g014690.2.1,Solyc06g065750.1.1,Solyc02g068880.2.1,Solyc12g016040.3.1,Solyc03g093460.3.1,Solyc12g016120.3.1,Solyc03g007485.1.1,Solyc12g009370.3.1,Solyc02g090980.1.1,Solyc01g097980.3.1,Solyc02g064980.1.1,Solyc10g085110.3.1,Solyc07g051930.3.1,Solyc11g020270.1.1,Solyc07g051920.1.1,Solyc04g015000.2.1,Solyc07g055130.4.1,Solyc06g068980.4.1,Solyc07g051880.1.1,Solyc02g079670.1.1,Solyc12g040395.1.1,Solyc09g064950.1.1,Solyc12g017770.1.1,Solyc01g103240.4.1,Solyc01g104050.4.1,Solyc07g047910.2.1,Solyc09g061930.4.1,Solyc08g081940.3.1,Solyc02g064880.1.1,Solyc02g090990.1.1,Solyc02g064890.1.1,Solyc03g119140.4.1,Solyc04g014645.1.1,Solyc08g069070.3.1,Solyc06g060680.2.1,Solyc03g121780.1.1,Solyc07g063760.1.1,Solyc12g005360.3.1,Solyc06g060690.3.1,Solyc02g090970.1.1,Solyc10g045610.1.1,Solyc06g065790.1.1,Solyc04g012185.1.1,Solyc02g064920.1.1,Solyc08g076490.2.1,Solyc08g080457.1.1,Solyc10g083610.2.1,Solyc03g117640.1.1,Solyc07g051870.1.1,Solyc07g051890.1.1,Solyc02g064870.1.1,Solyc04g014887.1.1,Solyc03g118330.3.1,Solyc10g012140.2.1,Solyc12g017760.2.1,Solyc02g091170.4.1,Solyc05g013290.2.1,Solyc01g067320.1.1,Solyc06g066130.1.1,Solyc06g006017.1.1,Solyc12g017710.1.1,Solyc06g005880.4.1,Solyc10g055310.1.1,Solyc12g040365.1.1,Solyc12g013970.3.1,Solyc03g095490.3.1,Solyc02g064930.1.1	SLYcer04g00978.1,SLYcer09g03472.1,SLYcer08g05780.1,SLYcer02g03677.1,SLYcer06g00372.1,SLYcer07g04687.1,SLYcer06g04317.1,SLYcer12g01074.1,SLYcer12g01084.1,SLYcer03g05025.1,SLYcer02g02071.1,SLYcer08g05341.1,SLYcer02g03338.1,SLYcer04g04398.1,SLYcer12g00960.1,SLYcer06g00374.1,SLYcer02g03674.1,SLYcer04g01186.1,SLYcer02g03339.1,SLYcer03g05109.1,SLYcer07g04249.1,SLYcer01g06045.1,SLYcer12g03746.1,SLYcer07g04685.1,SLYcer03g03696.1,SLYcer06g03191.1,SLYcer02g05515.1,SLYcer09g03646.1,SLYcer06g04274.1,SLYcer12g00963.1,SLYcer12g00970.1,SLYcer03g03516.1,SLYcer08g05866.1,SLYcer08g04881.1,SLYcer10g05666.1,SLYcer04g00976.1,SLYcer04g01124.1,SLYcer01g07325.1,SLYcer06g03947.1,SLYcer06g04265.1,SLYcer08g05338.1,SLYcer11g01264.1,SLYcer04g01252.1,SLYcer10g05821.1,SLYcer03g00183.1,SLYcer06g00383.1,SLYcer09g03649.1,SLYcer07g01152.1,SLYcer02g03340.1,SLYcer12g01083.1,SLYcer04g01249.1,SLYcer07g00701.1,SLYcer01g07243.1,SLYcer08g06406.1,SLYcer02g05496.1,SLYcer03g05399.1,SLYcer11g03610.1,SLYcer06g03051.1,SLYcer03g04956.1,SLYcer02g04074.1,SLYcer04g00979.1,SLYcer12g01080.1,SLYcer12g00122.1,SLYcer06g04535.1,SLYcer07g04681.1,SLYcer10g04777.1,SLYcer12g00974.1,SLYcer06g00415.1,SLYcer10g04775.1,SLYcer04g02099.1,SLYcer06g04277.1,SLYcer06g03218.1,SLYcer06g04319.1,SLYcer04g02093.1,SLYcer03g00342.1,SLYcer01g07759.1,SLYcer02g03348.1,SLYcer04g01260.1,SLYcer04g00985.1,SLYcer12g00497.1,SLYcer02g03333.1,SLYcer02g03332.1,SLYcer02g03337.1,SLYcer12g00965.1,SLYcer04g01251.1,SLYcer02g05497.1,SLYcer06g00375.1,SLYcer07g00855.1,SLYcer04g01259.1,SLYcer10g04590.1,SLYcer01g05664.1,SLYcer04g01258.1,SLYcer01g05806.1,SLYcer02g03336.1	Capang01g001081,Capang04g002343,Capang00g002639,Capang00g004170,Capang01g003917,Capang05g000623,Capang04g002203,Capang07g001963,Capang03g001470,Capang00g004119,Capang07g000698,Capang02g002927,Capang00g000875,Capang11g001544,Capang06g001553,Capang00g004764,Capang00g001287,Capang04g002154,Capang00g005376,Capang00g004747,Capang04g002198,Capang00g003945,Capang02g001103,Capang02g001571,Capang12g002344,Capang07g001424,Capang07g000601,Capang01g000968,Capang00g004184,Capang02g001077,Capang04g002200,Capang00g005179,Capang02g002567,Capang01g002935,Capang07g001422,Capang07g001433,Capang00g004538,Capang12g001329,Capang01g001086,Capang02g002796,Capang00g001692,Capang00g000805,Capang04g002202,Capang02g000933,Capang03g003944,Capang06g001537,Capang03g002635,Capang00g004986,Capang12g000433,Capang02g002794,Capang07g002291,Capang06g002679,Capang10g001715,Capang05g000652,Capang10g000855,Capang00g000797,Capang09g000862,Capang04g002091,Capang00g002005,Capang03g002020,Capang00g004407,Capang03g003313,Capang04g002310,Capang00g002239,Capang00g005391,Capang01g004473,Capang04g002199,Capang06g001555,Capang04g002315,Capang00g004923,Capang02g001538,Capang00g000690,Capang05g000597,Capang03g003921,Capang02g002795,Capang07g001423,Capang00g004674,Capang03g002185,Capang03g001981,Capang04g002160,Capang00g004756,Capang10g000183,Capang07g001901,Capang06g001550,Capang07g000578,Capang00g000029,Capang07g001828,Capang01g004372,Capang09g001472,Capang04g002155,Capang07g001412,Capang04g002168,Capang06g002696,Capang00g001228,Capang00g003220,Capang02g001570,Capang04g002340,Capang01g002482,Capang04g002153,Capang00g003546,Capang06g001549,Capang02g000603,Capang10g000212,Capang07g001435,Capang00g000327,Capang08g000980,Capang00g002579,Capang01g001505,Capang00g000375,Capang10g001738,Capang04g001970,Capang04g002162,Capang01g001389,Capang09g000586,Capang03g002564,Capang03g001789,Capang04g002197,Capang04g001488,Capang09g000815,Capang02g000698,Capang04g001378,Capang09g000382,Capang06g000990,Capang00g004799,Capang05g001612,Capang12g001300,Capang04g002397,Capang04g002333,Capang10g000200,Capang02g000688,Capang04g002395,Capang06g002211,Capang04g002293,Capang04g001518,Capang02g000478,Capang00g003222,Capang01g001548,Capang00g000766
OG27639	985	7	Capana07g000364,Capana12g000671,Capana00g002804,Capana11g001496,Capana07g002225,Capana05g002410,Capana04g002611,Capana01g003696,Capana11g000536,Capana09g001109,Capana02g003523,Capana07g000022,Capana09g002176,Capana12g002723,Capana03g004390,Capana06g003045,Capana12g002725,Capana09g001828,Capana09g001867,Capana02g003266,Capana12g001270,Capana02g003264,Capana06g000478,Capana08g001720,Capana09g001782,Capana01g001021,Capana12g001471,Capana03g003473,Capana03g000243,Capana10g000593,Capana11g001236,Capana08g001724,Capana07g000275,Capana04g000788,Capana00g002122,Capana07g000066,Capana12g000388,Capana09g001784,Capana02g001706,Capana02g001107,Capana09g001638,Capana11g000622,Capana03g002265,Capana02g003427,Capana10g001678,Capana12g001029,Capana08g002002,Capana01g003640,Capana11g001588,Capana02g001983,Capana06g002500,Capana07g001669,Capana00g002030,Capana10g000142,Capana12g000389,Capana01g000980,Capana05g000537,Capana02g001678,Capana01g003181,Capana02g003168,Capana08g001722,Capana08g002695,Capana12g002664,Capana09g001631,Capana00g000484,Capana12g001800,Capana10g001365,Capana10g001348,Capana06g000053,Capana07g001819,Capana07g001547,Capana09g001637,Capana00g004901,Capana00g003375,Capana10g002193,Capana00g003978,Capana10g001693,Capana03g002433,Capana04g002675,Capana06g002393,Capana12g000546,Capana02g001209,Capana07g001581,Capana01g002031,Capana02g003265,Capana01g003141,Capana07g000256,Capana03g000116,Capana04g000075,Capana05g002196,Capana12g001591,Capana10g000638,Capana00g001099,Capana10g000061,Capana10g002194,Capana02g001100,Capana10g002195,Capana09g000822,Capana00g000664,Capana09g000147,Capana00g004818,Capana00g004480,Capana09g001623,Capana12g000092,Capana10g000898,Capana06g002720,Capana00g004762,Capana02g000994,Capana10g002184,Capana00g003409,Capana05g001266,Capana04g001249,Capana11g001678,Capana09g001538,Capana10g002429,Capana03g000819,Capana06g000234,Capana05g001817,Capana09g001866,Capana02g003263,Capana10g001193,Capana00g003828,Capana03g003119,Capana10g000566,Capana03g002048,Capana00g000449,Capana09g001158,Capana00g000485,Capana04g002495,Capana00g000395,Capana02g002512,Capana08g002140,Capana08g000932,Capana04g000455,Capana01g001165,Capana05g001109,Capana06g002808,Capana08g000142,Capana02g003627,Capana03g002147,Capana09g002159,Capana08g001721,Capana03g003844,Capana02g003524,Capana03g000221,Capana05g000344,Capana02g000114,Capana03g001316,Capana11g001539,Capana04g001610,Capana02g000943,Capana11g000963,Capana10g001495,Capana00g002160	PGSC0003DMP400051281,PGSC0003DMP400030908,PGSC0003DMP400047758,PGSC0003DMP400014906,PGSC0003DMP400013612,PGSC0003DMP400040948,PGSC0003DMP400005885,PGSC0003DMP400029698,PGSC0003DMP400059564,PGSC0003DMP400007821,PGSC0003DMP400029700,PGSC0003DMP400032007,PGSC0003DMP400066849,PGSC0003DMP400025679,PGSC0003DMP400007367,PGSC0003DMP400015667,PGSC0003DMP400053305,PGSC0003DMP400045699,PGSC0003DMP400028169,PGSC0003DMP400011602,PGSC0003DMP400057920,PGSC0003DMP400034201,PGSC0003DMP400026601,PGSC0003DMP400022307,PGSC0003DMP400005987,PGSC0003DMP400040693,PGSC0003DMP400032460,PGSC0003DMP400007369,PGSC0003DMP400050519,PGSC0003DMP400038906,PGSC0003DMP400026250,PGSC0003DMP400016642,PGSC0003DMP400019984,PGSC0003DMP400039714,PGSC0003DMP400040692,PGSC0003DMP400019321,PGSC0003DMP400030950,PGSC0003DMP400014752,PGSC0003DMP400031818,PGSC0003DMP400007368,PGSC0003DMP400023925,PGSC0003DMP400024950,PGSC0003DMP400019557,PGSC0003DMP400014907,PGSC0003DMP400029695,PGSC0003DMP400023398,PGSC0003DMP400008804,PGSC0003DMP400005988,PGSC0003DMP400031671,PGSC0003DMP400046649,PGSC0003DMP400011679,PGSC0003DMP400015651,PGSC0003DMP400052318,PGSC0003DMP400051125,PGSC0003DMP400024487,PGSC0003DMP400003109,PGSC0003DMP400029689,PGSC0003DMP400049735,PGSC0003DMP400063831,PGSC0003DMP400021776,PGSC0003DMP400062833,PGSC0003DMP400019377,PGSC0003DMP400054421,PGSC0003DMP400048619,PGSC0003DMP400002464,PGSC0003DMP400040796,PGSC0003DMP400000107,PGSC0003DMP400048141,PGSC0003DMP400023927,PGSC0003DMP400033499,PGSC0003DMP400033228,PGSC0003DMP400043439,PGSC0003DMP400022703,PGSC0003DMP400000866,PGSC0003DMP400065003,PGSC0003DMP400031289,PGSC0003DMP400023869,PGSC0003DMP400016644,PGSC0003DMP400031817,PGSC0003DMP400054433,PGSC0003DMP400004417,PGSC0003DMP400016804,PGSC0003DMP400015493,PGSC0003DMP400017741,PGSC0003DMP400030833,PGSC0003DMP400015666,PGSC0003DMP400024474,PGSC0003DMP400041966,PGSC0003DMP400007819,PGSC0003DMP400027703,PGSC0003DMP400058481,PGSC0003DMP400029699,PGSC0003DMP400020231,PGSC0003DMP400049526,PGSC0003DMP400028168,PGSC0003DMP400048365,PGSC0003DMP400014779,PGSC0003DMP400035300,PGSC0003DMP400010158,PGSC0003DMP400014932,PGSC0003DMP400016875,PGSC0003DMP400009071,PGSC0003DMP400041912,PGSC0003DMP400014934,PGSC0003DMP400000108,PGSC0003DMP400032856,PGSC0003DMP400003111,PGSC0003DMP400032462,PGSC0003DMP400029706,PGSC0003DMP400044451,PGSC0003DMP400016647,PGSC0003DMP400051124,PGSC0003DMP400048528,PGSC0003DMP400048245,PGSC0003DMP400030892,PGSC0003DMP400014933,PGSC0003DMP400050258,PGSC0003DMP400029697,PGSC0003DMP400036315,PGSC0003DMP400007044,PGSC0003DMP400021482,PGSC0003DMP400032555,PGSC0003DMP400039155,PGSC0003DMP400052463,PGSC0003DMP400042969,PGSC0003DMP400045384,PGSC0003DMP400002465,PGSC0003DMP400007820,PGSC0003DMP400033431,PGSC0003DMP400015669,PGSC0003DMP400010156,PGSC0003DMP400011678,PGSC0003DMP400017117,PGSC0003DMP400027254,PGSC0003DMP400019438,PGSC0003DMP400043438,PGSC0003DMP400041518,PGSC0003DMP400051280,PGSC0003DMP400029687,PGSC0003DMP400000109,PGSC0003DMP400023977,PGSC0003DMP400043527,PGSC0003DMP400014936,PGSC0003DMP400040797,PGSC0003DMP400048902,PGSC0003DMP400021465,PGSC0003DMP400047157,PGSC0003DMP400014778,PGSC0003DMP400035301,PGSC0003DMP400017641,PGSC0003DMP400035500,PGSC0003DMP400017740,PGSC0003DMP400001625,PGSC0003DMP400026813,PGSC0003DMP400029701,PGSC0003DMP400025758,PGSC0003DMP400004478,PGSC0003DMP400044002,PGSC0003DMP400038905,PGSC0003DMP400031304,PGSC0003DMP400032554,PGSC0003DMP400045386,PGSC0003DMP400046489,PGSC0003DMP400033737,PGSC0003DMP400051418,PGSC0003DMP400022894,PGSC0003DMP400029980,PGSC0003DMP400008145,PGSC0003DMP400018703,PGSC0003DMP400032008,PGSC0003DMP400015668,PGSC0003DMP400002468,PGSC0003DMP400032134,PGSC0003DMP400007798,PGSC0003DMP400049532,PGSC0003DMP400035298,PGSC0003DMP400052453,PGSC0003DMP400051645,PGSC0003DMP400033454,PGSC0003DMP400030730,PGSC0003DMP400036314,PGSC0003DMP400047156,PGSC0003DMP400033736,PGSC0003DMP400052377,PGSC0003DMP400030729,PGSC0003DMP400044669,PGSC0003DMP400029707,PGSC0003DMP400007825,PGSC0003DMP400002331,PGSC0003DMP400023865,PGSC0003DMP400022704,PGSC0003DMP400038060,PGSC0003DMP400008988,PGSC0003DMP400005229,PGSC0003DMP400002467,PGSC0003DMP400011680,PGSC0003DMP400028170,PGSC0003DMP400041519,PGSC0003DMP400063175,PGSC0003DMP400016923,PGSC0003DMP400027736,PGSC0003DMP400016643,PGSC0003DMP400030279,PGSC0003DMP400048366,PGSC0003DMP400051419,PGSC0003DMP400008852,PGSC0003DMP400017642,PGSC0003DMP400029705,PGSC0003DMP400023866,PGSC0003DMP400037360,PGSC0003DMP400020566,PGSC0003DMP400050259,PGSC0003DMP400045439,PGSC0003DMP400041017,PGSC0003DMP400048364,PGSC0003DMP400024493,PGSC0003DMP400020567,PGSC0003DMP400035299,PGSC0003DMP400062170,PGSC0003DMP400014935,PGSC0003DMP400013610,PGSC0003DMP400029688,PGSC0003DMP400043526,PGSC0003DMP400017195,PGSC0003DMP400032132,PGSC0003DMP400038885,PGSC0003DMP400047326,PGSC0003DMP400012295,PGSC0003DMP400035177,PGSC0003DMP400060501,PGSC0003DMP400016186,PGSC0003DMP400019343,PGSC0003DMP400041909,PGSC0003DMP400039234,PGSC0003DMP400037015,PGSC0003DMP400005230,PGSC0003DMP400033735,PGSC0003DMP400023397,PGSC0003DMP400037775	Sopen09g005820.1,Sopen05g008090.1,Sopen04g027840.1,Sopen01g042000.1,Sopen09g024090.1,Sopen01g016890.1,Sopen12g031580.1,Sopen02g033870.1,Sopen05g008030.2,Sopen04g033290.1,Sopen02g026970.1,Sopen07g002720.1,Sopen05g008050.1,Sopen04g017530.1,Sopen09g002590.2,Sopen08g023930.1,Sopen08g016100.1,Sopen11g030330.2,Sopen11g023400.1,Sopen09g002040.1,Sopen02g003690.1,Sopen05g019190.1,Sopen06g031930.1,Sopen06g034280.1,Sopen05g001910.2,Sopen11g005540.1,Sopen05g031530.1,Sopen09g006780.1,Sopen03g040970.1,Sopen09g005590.1,Sopen06g001210.1,Sopen06g003640.1,Sopen05g033330.1,Sopen07g007110.1,Sopen04g027660.1,Sopen07g028440.1,Sopen02g028200.1,Sopen02g033880.1,Sopen12g024190.1,Sopen12g032540.1,Sopen10g033830.2,Sopen11g030330.1,Sopen01g029290.1,Sopen05g002520.1,Sopen10g005930.2,Sopen11g009170.1,Sopen03g003860.1,Sopen03g005830.1,Sopen10g033830.1,Sopen03g002890.1,Sopen07g027050.1,Sopen10g002780.1,Sopen10g005930.1,Sopen12g032550.1,Sopen11g025690.1,Sopen04g019830.1,Sopen11g021050.1,Sopen03g017660.1,Sopen01g045130.1,Sopen06g022830.1,Sopen04g003020.4,Sopen11g030570.1,Sopen01g047490.1,Sopen05g020750.1,Sopen10g001290.1,Sopen05g008020.1,Sopen02g003740.1,Sopen10g031120.1,Sopen10g028400.1,Sopen03g013240.3,Sopen04g036130.1,Sopen02g017400.1,Sopen04g006550.1,Sopen01g045090.1,Sopen06g001480.3,Sopen04g003020.3,Sopen01g045110.1,Sopen09g034230.1,Sopen02g034800.1,Sopen10g029570.1,Sopen06g022830.2,Sopen10g031060.1,Sopen08g030710.1,Sopen05g010360.1,Sopen01g048860.1,Sopen08g020100.1,Sopen09g007270.1,Sopen10g035360.1,Sopen09g033120.1,Sopen09g002590.1,Sopen10g024210.1,Sopen03g013240.2,Sopen05g001910.1,Sopen03g039880.1,Sopen03g002500.1,Sopen03g021350.1,Sopen02g016690.1,Sopen05g002710.1,Sopen09g005810.1,Sopen02g032210.1,Sopen09g029060.1,Sopen09g001170.1,Sopen02g023380.1,Sopen10g027390.1,Sopen05g008030.1,Sopen01g004370.1,Sopen07g031660.1,Sopen10g017310.1,Sopen05g016410.1,Sopen05g008100.1,Sopen12g018640.1,Sopen01g038470.2,Sopen09g006810.1,Sopen12g004140.1,Sopen05g008080.1,Sopen01g038470.1,Sopen10g034300.1,Sopen06g001490.1,Sopen03g013240.1	SPI03g05368.1,SPI03g00364.1,SPI12g04900.1,SPI09g04608.1,SPI06g00524.1,SPI08g06342.1,SPI02g00384.1,SPI06g00046.1,SPI05g01016.1,SPI04g04975.1,SPI09g01082.1,SPI05g03052.1,SPI07g00401.1,SPI10g02104.1,SPI09g00991.1,SPI05g00192.1,SPI02g02436.1,SPI10g00675.1,SPI08g04919.1,SPI10g03910.1,SPI09g00887.1,SPI11g03706.1,SPI02g04343.1,SPI10g03487.1,SPI10g03747.1,SPI02g01203.1,SPI09g04049.1,SPI01g08122.1,SPI04g00887.1,SPI07g00081.1,SPI12g04782.1,SPI02g03646.1,SPI08g06372.1,SPI02g02512.1,SPI05g00273.1,SPI05g00324.1,SPI01g07881.1,SPI09g00855.1,SPI07g05900.1,SPI05g02493.1,SPI05g01013.1,SPI10g01777.1,SPI02g01121.1,SPI05g02866.1,SPI10g04327.1,SPI05g01154.1,SPI04g04841.1,SPI04g02926.1,SPI07g05777.1,SPI06g05423.1,SPI04g04338.1,SPI08g04252.1,SPI02g00389.1,SPI10g01988.1,SPI01g07882.1,SPI05g01011.1,SPI01g08272.1,SPI07g05703.1,SPI05g01680.1,SPI02g00392.1,SPI07g00137.1,SPI04g04799.1,SPI10g02166.1,SPI09g04724.1,SPI09g03242.1,SPI11g04273.1,SPI05g04819.1,SPI01g04271.1,SPI02g04242.1,SPI07g06106.1,SPI02g04243.1,SPI04g04244.1,SPI10g00286.1,SPI12g00505.1,SPI03g00484.1,SPI10g02123.1,SPI11g04244.1,SPI03g00605.1,SPI06g00083.1,SPI12g04353.1,SPI05g04608.1,SPI11g02781.1,SPI05g01017.1,SPI03g03175.1,SPI08g05630.1,SPI02g00383.1,SPI10g03616.1,SPI05g01014.1,SPI06g05240.1,SPI02g03147.1,SPI08g05140.1,SPI11g02113.1,SPI02g01182.1,SPI10g04280.1,SPI09g00274.1,SPI10g00128.1,SPI03g02387.1,SPI03g05479.1,SPI01g07884.1,SPI07g00364.1,SPI02g02709.1,SPI09g00204.1,SPI03g00853.1,SPI10g04437.1,SPI03g02841.1,SPI04g05064.1,SPI04g05364.1,SPI01g05998.1,SPI06g03989.1,SPI06g00368.1,SPI02g04089.1,SPI09g00992.1,SPI10g03917.1,SPI01g07187.1,SPI09g01215.1,SPI06g04986.1	Solyc04g008390.3.1,Solyc03g064010.4.1,Solyc03g031980.4.1,Solyc10g076560.1.1,Solyc01g094660.3.1,Solyc10g084860.1.1,Solyc04g050933.1.1,Solyc08g066310.3.1,Solyc11g010730.3.1,Solyc05g005060.3.1,Solyc09g007730.4.1,Solyc02g080020.1.1,Solyc05g013310.1.1,Solyc09g014460.1.1,Solyc12g096710.2.1,Solyc11g065950.3.1,Solyc02g089090.3.1,Solyc10g005300.3.1,Solyc03g122230.2.1,Solyc04g079710.4.1,Solyc06g082920.3.1,Solyc04g076990.3.1,Solyc03g007910.3.1,Solyc02g014070.2.1,Solyc10g080510.1.1,Solyc08g060950.3.1,Solyc07g006610.3.1,Solyc09g011070.1.1,Solyc08g150147.1.1,Solyc01g102700.4.1,Solyc03g121050.3.1,Solyc02g089760.3.1,Solyc10g006870.1.1,Solyc04g014410.4.1,Solyc05g005140.4.1,Solyc05g053010.1.1,Solyc09g010850.4.1,Solyc06g008890.4.1,Solyc02g087460.1.1,Solyc05g015150.3.1,Solyc10g080580.1.1,Solyc08g082460.4.1,Solyc02g079660.1.1,Solyc10g047140.2.1,Solyc09g011060.2.1,Solyc05g007230.4.1,Solyc04g007880.4.1,Solyc06g063360.4.1,Solyc09g012000.1.1,Solyc09g014470.2.1,Solyc09g091990.3.1,Solyc04g071870.1.1,Solyc09g091260.3.1,Solyc03g006500.3.1,Solyc10g085990.3.1,Solyc10g084390.2.1,Solyc05g054860.1.1,Solyc11g072910.1.1,Solyc12g009190.2.1,Solyc01g104970.3.1,Solyc09g015220.3.1,Solyc10g074900.2.1,Solyc10g047780.1.1,Solyc04g150137.1.1,Solyc12g055720.2.1,Solyc09g011990.1.1,Solyc10g076760.3.1,Solyc09g007170.4.1,Solyc01g067400.3.1,Solyc02g014030.3.1,Solyc05g006570.1.1,Solyc05g018910.2.1,Solyc01g101100.4.1,Solyc02g150103.1.1,Solyc02g014060.1.1,Solyc07g055430.1.1,Solyc07g006940.3.1,Solyc02g021780.3.1,Solyc06g005230.3.1,Solyc02g021660.2.1,Solyc07g055180.3.1,Solyc01g028830.3.1,Solyc11g072660.2.1,Solyc02g090110.3.1,Solyc03g059080.3.1,Solyc05g013270.2.1,Solyc10g047740.1.1,Solyc05g013300.1.1,Solyc02g082310.2.1,Solyc07g054500.4.1,Solyc03g006890.3.1,Solyc02g079700.1.1,Solyc06g075550.3.1,Solyc05g025780.4.1,Solyc09g090210.3.1,Solyc04g082510.3.1,Solyc07g063480.3.1,Solyc10g012170.3.1,Solyc02g067560.1.1,Solyc12g094680.3.1,Solyc02g078530.3.1,Solyc09g074240.1.1,Solyc09g005190.3.1,Solyc11g044370.1.1,Solyc01g102710.2.1,Solyc08g075330.3.1,Solyc05g006770.4.1,Solyc06g005520.4.1,Solyc10g078940.2.1,Solyc01g106500.4.1,Solyc02g068300.3.1,Solyc09g061330.3.1,Solyc05g013320.1.1,Solyc05g024290.3.1,Solyc07g150100.1.1,Solyc02g079560.1.1,Solyc01g102680.4.1	SLYcer04g05308.1,SLYcer12g04942.1,SLYcer09g05056.1,SLYcer07g05387.1,SLYcer09g00305.1,SLYcer10g00253.1,SLYcer10g03758.1,SLYcer09g04254.1,SLYcer02g01420.1,SLYcer03g00386.1,SLYcer01g08006.1,SLYcer04g05017.1,SLYcer05g00951.1,SLYcer05g01626.1,SLYcer08g06430.1,SLYcer10g05425.1,SLYcer01g07382.1,SLYcer10g00801.1,SLYcer02g04392.1,SLYcer10g05109.1,SLYcer10g03806.1,SLYcer02g01422.1,SLYcer08g05747.1,SLYcer02g03615.1,SLYcer01g04242.1,SLYcer02g04621.1,SLYcer10g05260.1,SLYcer02g03991.1,SLYcer07g05043.1,SLYcer10g05432.1,SLYcer02g05320.1,SLYcer10g04993.1,SLYcer04g05345.1,SLYcer08g04352.1,SLYcer03g05327.1,SLYcer10g02364.1,SLYcer10g04963.1,SLYcer07g04975.1,SLYcer02g04735.1,SLYcer10g05793.1,SLYcer03g00224.1,SLYcer06g00584.1,SLYcer10g03648.1,SLYcer03g02259.1,SLYcer02g02153.1,SLYcer08g05028.1,SLYcer03g00696.1,SLYcer02g01428.1,SLYcer12g04400.1,SLYcer06g00684.1,SLYcer09g00951.1,SLYcer11g03643.1,SLYcer07g00278.1,SLYcer05g00174.1,SLYcer10g05745.1,SLYcer05g00953.1,SLYcer04g05568.1,SLYcer05g01927.1,SLYcer07g00333.1,SLYcer10g02176.1,SLYcer10g02161.1,SLYcer09g01201.1,SLYcer06g00317.1,SLYcer02g04247.1,SLYcer06g05411.1,SLYcer05g00954.1,SLYcer03g05445.1,SLYcer04g05853.1,SLYcer07g03671.1,SLYcer12g00477.1,SLYcer09g00367.1,SLYcer05g00295.1,SLYcer01g08040.1,SLYcer07g00069.1,SLYcer02g05319.1,SLYcer10g00417.1,SLYcer09g04944.1,SLYcer09g00976.1,SLYcer06g00276.1,SLYcer02g05157.1,SLYcer01g05818.1,SLYcer06g03516.1,SLYcer04g04854.1,SLYcer01g07383.1,SLYcer06g05116.1,SLYcer03g02697.1,SLYcer11g04199.1,SLYcer11g02073.1,SLYcer07g00683.1,SLYcer09g01362.1,SLYcer08g06464.1,SLYcer05g00955.1,SLYcer04g04757.1,SLYcer11g02722.1,SLYcer01g08005.1,SLYcer06g04122.1,SLYcer10g03775.1,SLYcer01g06941.1,SLYcer04g01158.1,SLYcer03g04872.1,SLYcer12g04822.1,SLYcer05g02479.1,SLYcer10g03454.1,SLYcer03g03075.1,SLYcer11g00599.1,SLYcer02g02143.1,SLYcer03g05230.1,SLYcer02g03542.1,SLYcer03g00273.1,SLYcer05g00256.1,SLYcer01g07139.1,SLYcer05g01224.1,SLYcer10g05135.1	Capang04g000065,Capang09g001215,Capang12g000881,Capang00g002711,Capang02g001007,Capang04g002242,Capang06g000037,Capang11g001433,Capang11g002222,Capang07g001819,Capang07g001593,Capang05g000446,Capang03g001940,Capang00g000324,Capang00g001200,Capang07g000017,Capang07g001760,Capang02g001766,Capang03g002033,Capang03g002113,Capang11g001110,Capang07g001420,Capang03g003735,Capang02g002785,Capang07g000402,Capang06g002512,Capang04g002359,Capang12g000450,Capang06g000446,Capang10g001948,Capang00g004215,Capang02g003156,Capang10g000059,Capang10g000427,Capang01g003515,Capang00g000443,Capang12g000559,Capang02g003248,Capang00g000558,Capang03g000232,Capang10g001009,Capang11g000889,Capang07g000851,Capang01g001739,Capang09g001356,Capang04g000750,Capang00g002698,Capang01g004685,Capang02g000863,Capang01g004565,Capang11g000710,Capang11g000565,Capang09g001669,Capang09g001209,Capang12g001210,Capang10g002186,Capang02g002243,Capang05g001751,Capang11g000709,Capang06g000221,Capang01g004297,Capang10g000486,Capang12g002307,Capang01g002573,Capang09g000142,Capang00g003705,Capang03g003413,Capang11g000819,Capang05g000490,Capang00g005415,Capang03g004204,Capang12g000319,Capang12g002363,Capang00g003578,Capang05g001961,Capang12g001456,Capang00g001821,Capang00g005310,Capang05g000208,Capang03g002355,Capang12g001073,Capang01g004296,Capang00g000441,Capang00g005250,Capang02g003008,Capang10g000445,Capang04g002177,Capang02g001001,Capang10g001270,Capang04g000424,Capang02g003009,Capang07g001531,Capang10g001437,Capang07g002247,Capang10g000143,Capang05g001251,Capang04g000700,Capang03g000112,Capang00g002067,Capang09g001426,Capang09g001219,Capang05g000943,Capang12g000318,Capang02g001508,Capang07g001663,Capang06g002602,Capang03g001268,Capang09g001357,Capang10g001426,Capang10g001940,Capang10g001159,Capang09g001422,Capang00g001572,Capang06g002313,Capang12g001331,Capang09g001395,Capang00g005394,Capang09g001220,Capang07g000060,Capang10g002023,Capang03g003004,Capang09g001115,Capang06g002794,Capang01g004299,Capang01g004295,Capang01g004905,Capang02g000910
OG27645	1030	7	Capana02g003221,Capana11g002328,Capana00g002221,Capana09g002020,Capana02g002251,Capana01g003839,Capana02g002802,Capana04g002666,Capana00g002502,Capana07g000257,Capana06g001295,Capana08g000700,Capana07g001312,Capana02g003219,Capana08g001381,Capana02g002114,Capana07g000259,Capana07g001838,Capana07g000043,Capana02g002305,Capana12g001123,Capana04g002560,Capana01g001621,Capana02g002138,Capana01g002030,Capana04g000726,Capana03g000542,Capana09g001573,Capana00g002634,Capana00g003845,Capana04g002562,Capana09g000572,Capana07g001912,Capana07g001904,Capana00g002629,Capana02g002137,Capana00g003739,Capana06g000920,Capana01g003410,Capana03g001315,Capana04g000746,Capana00g002626,Capana09g001596,Capana02g001985,Capana02g002306,Capana00g003840,Capana00g002619,Capana03g001144,Capana09g000137,Capana00g004817,Capana00g001239,Capana07g002049,Capana10g000438,Capana12g001802,Capana04g001433,Capana00g002650,Capana00g004816,Capana03g001112,Capana03g001170,Capana00g002630,Capana03g001094,Capana04g000991,Capana02g001659,Capana03g000342,Capana09g000272,Capana03g002861,Capana01g001567,Capana00g004492,Capana06g001057,Capana00g002222,Capana02g002143,Capana09g001920,Capana12g002828,Capana01g003634,Capana03g001322,Capana03g000456,Capana00g002635,Capana12g000878,Capana08g002548,Capana10g000211,Capana02g002250,Capana07g001903,Capana02g001986,Capana07g001902,Capana03g001319,Capana12g001376,Capana11g000887,Capana03g000718,Capana11g002329,Capana02g002803,Capana04g002175,Capana00g002622,Capana00g002123,Capana08g000117,Capana00g002632,Capana00g003846,Capana09g002213,Capana01g004184,Capana07g000690,Capana00g002220,Capana02g002145,Capana03g001435,Capana12g000976,Capana08g000116,Capana06g001032,Capana00g004819,Capana12g002052,Capana00g000058,Capana01g002982,Capana00g002623,Capana09g002329,Capana07g001586,Capana03g001226,Capana12g002635,Capana00g003844,Capana02g002303,Capana04g000733,Capana04g002460,Capana11g000725,Capana07g001296,Capana00g002628,Capana02g002139,Capana03g000700,Capana07g000133,Capana03g001318,Capana02g002140,Capana04g002561,Capana00g004743,Capana02g001722,Capana07g001908,Capana08g001436,Capana07g001587,Capana04g000731,Capana04g000728,Capana02g002304,Capana01g001151,Capana03g001061,Capana07g001911,Capana02g002141,Capana03g001111,Capana07g000123,Capana03g002947,Capana09g002212,Capana02g001654,Capana03g001043,Capana02g002146,Capana03g000705,Capana02g002142,Capana09g000350,Capana00g004645,Capana04g001747,Capana07g002134,Capana01g003406,Capana06g002718,Capana04g000734,Capana03g001317,Capana02g002144,Capana02g003220,Capana07g000091,Capana00g002292,Capana00g002627,Capana01g000126,Capana11g002327,Capana08g001382,Capana02g002300,Capana10g000321,Capana02g002112,Capana00g002633,Capana07g001894	PGSC0003DMP400030187,PGSC0003DMP400064043,PGSC0003DMP400024489,PGSC0003DMP400023345,PGSC0003DMP400031544,PGSC0003DMP400040845,PGSC0003DMP400038138,PGSC0003DMP400037748,PGSC0003DMP400049549,PGSC0003DMP400007758,PGSC0003DMP400030278,PGSC0003DMP400051417,PGSC0003DMP400027761,PGSC0003DMP400017377,PGSC0003DMP400052451,PGSC0003DMP400024756,PGSC0003DMP400010613,PGSC0003DMP400025682,PGSC0003DMP400005765,PGSC0003DMP400030957,PGSC0003DMP400008627,PGSC0003DMP400044357,PGSC0003DMP400036316,PGSC0003DMP400008037,PGSC0003DMP400033430,PGSC0003DMP400049464,PGSC0003DMP400018584,PGSC0003DMP400043942,PGSC0003DMP400008625,PGSC0003DMP400036300,PGSC0003DMP400023396,PGSC0003DMP400024755,PGSC0003DMP400036301,PGSC0003DMP400053135,PGSC0003DMP400024314,PGSC0003DMP400002296,PGSC0003DMP400030909,PGSC0003DMP400017236,PGSC0003DMP400019968,PGSC0003DMP400058306,PGSC0003DMP400053073,PGSC0003DMP400053137,PGSC0003DMP400037357,PGSC0003DMP400052450,PGSC0003DMP400008038,PGSC0003DMP400039289,PGSC0003DMP400004820,PGSC0003DMP400045378,PGSC0003DMP400021470,PGSC0003DMP400053144,PGSC0003DMP400030894,PGSC0003DMP400050726,PGSC0003DMP400036293,PGSC0003DMP400008992,PGSC0003DMP400002455,PGSC0003DMP400045808,PGSC0003DMP400033429,PGSC0003DMP400030999,PGSC0003DMP400030198,PGSC0003DMP400033143,PGSC0003DMP400044361,PGSC0003DMP400066103,PGSC0003DMP400017237,PGSC0003DMP400053150,PGSC0003DMP400030890,PGSC0003DMP400036292,PGSC0003DMP400004821,PGSC0003DMP400024728,PGSC0003DMP400030282,PGSC0003DMP400042669,PGSC0003DMP400023312,PGSC0003DMP400017240,PGSC0003DMP400053136,PGSC0003DMP400065510,PGSC0003DMP400024473,PGSC0003DMP400053132,PGSC0003DMP400053142,PGSC0003DMP400021006,PGSC0003DMP400042668,PGSC0003DMP400030324,PGSC0003DMP400029128,PGSC0003DMP400037750,PGSC0003DMP400024750,PGSC0003DMP400054807,PGSC0003DMP400061075,PGSC0003DMP400001272,PGSC0003DMP400030281,PGSC0003DMP400034203,PGSC0003DMP400045437,PGSC0003DMP400026624,PGSC0003DMP400030891,PGSC0003DMP400049737,PGSC0003DMP400037353,PGSC0003DMP400030956,PGSC0003DMP400024752,PGSC0003DMP400052466,PGSC0003DMP400053148,PGSC0003DMP400052726,PGSC0003DMP400044363,PGSC0003DMP400053147,PGSC0003DMP400053182,PGSC0003DMP400002453,PGSC0003DMP400048363,PGSC0003DMP400053131,PGSC0003DMP400042589,PGSC0003DMP400021364,PGSC0003DMP400037355,PGSC0003DMP400018540,PGSC0003DMP400053146,PGSC0003DMP400021744,PGSC0003DMP400053149,PGSC0003DMP400009106,PGSC0003DMP400053138,PGSC0003DMP400031000,PGSC0003DMP400025260,PGSC0003DMP400027759,PGSC0003DMP400002668,PGSC0003DMP400024753,PGSC0003DMP400033490,PGSC0003DMP400048362,PGSC0003DMP400031515,PGSC0003DMP400047791,PGSC0003DMP400028238,PGSC0003DMP400052462,PGSC0003DMP400053145,PGSC0003DMP400021741,PGSC0003DMP400024749,PGSC0003DMP400021906,PGSC0003DMP400053151,PGSC0003DMP400052448,PGSC0003DMP400059584,PGSC0003DMP400018561,PGSC0003DMP400053240,PGSC0003DMP400053243,PGSC0003DMP400017238,PGSC0003DMP400052449,PGSC0003DMP400009104,PGSC0003DMP400028742,PGSC0003DMP400030193,PGSC0003DMP400000140,PGSC0003DMP400049531,PGSC0003DMP400031001,PGSC0003DMP400030893,PGSC0003DMP400033980,PGSC0003DMP400037352,PGSC0003DMP400025680,PGSC0003DMP400010170,PGSC0003DMP400013312,PGSC0003DMP400025683,PGSC0003DMP400053134,PGSC0003DMP400031495,PGSC0003DMP400053143,PGSC0003DMP400053139,PGSC0003DMP400018922,PGSC0003DMP400002456,PGSC0003DMP400036299,PGSC0003DMP400018541,PGSC0003DMP400031494,PGSC0003DMP400045809,PGSC0003DMP400053181,PGSC0003DMP400005218,PGSC0003DMP400021472,PGSC0003DMP400004024,PGSC0003DMP400047773,PGSC0003DMP400026616,PGSC0003DMP400049463,PGSC0003DMP400023683,PGSC0003DMP400033436,PGSC0003DMP400001332,PGSC0003DMP400053152,PGSC0003DMP400053242,PGSC0003DMP400030258,PGSC0003DMP400004022,PGSC0003DMP400052725,PGSC0003DMP400021471,PGSC0003DMP400053239,PGSC0003DMP400034275,PGSC0003DMP400030189,PGSC0003DMP400016043,PGSC0003DMP400030972,PGSC0003DMP400026617,PGSC0003DMP400030844,PGSC0003DMP400010663,PGSC0003DMP400009105,PGSC0003DMP400003658,PGSC0003DMP400030998,PGSC0003DMP400045379,PGSC0003DMP400010157,PGSC0003DMP400044321,PGSC0003DMP400036302,PGSC0003DMP400021365,PGSC0003DMP400009103,PGSC0003DMP400036298,PGSC0003DMP400001331,PGSC0003DMP400053140,PGSC0003DMP400016044,PGSC0003DMP400024484,PGSC0003DMP400030196,PGSC0003DMP400004023,PGSC0003DMP400018542,PGSC0003DMP400026620,PGSC0003DMP400045436,PGSC0003DMP400031493,PGSC0003DMP400003094,PGSC0003DMP400053153,PGSC0003DMP400028239,PGSC0003DMP400025681,PGSC0003DMP400028741,PGSC0003DMP400053241,PGSC0003DMP400002667,PGSC0003DMP400002454,PGSC0003DMP400031514,PGSC0003DMP400023311,PGSC0003DMP400030255,PGSC0003DMP400053809,PGSC0003DMP400026623,PGSC0003DMP400008989,PGSC0003DMP400010612,PGSC0003DMP400030195,PGSC0003DMP400052724,PGSC0003DMP400007826,PGSC0003DMP400065507,PGSC0003DMP400002669,PGSC0003DMP400045807,PGSC0003DMP400005217,PGSC0003DMP400037358,PGSC0003DMP400030280,PGSC0003DMP400053811,PGSC0003DMP400021907,PGSC0003DMP400026619,PGSC0003DMP400002295,PGSC0003DMP400034273,PGSC0003DMP400037749,PGSC0003DMP400031516,PGSC0003DMP400037356,PGSC0003DMP400018928,PGSC0003DMP400027760,PGSC0003DMP400017239,PGSC0003DMP400068428,PGSC0003DMP400033489,PGSC0003DMP400002294,PGSC0003DMP400024727,PGSC0003DMP400050727,PGSC0003DMP400026615,PGSC0003DMP400048615,PGSC0003DMP400041911,PGSC0003DMP400031642,PGSC0003DMP400018560,PGSC0003DMP400017378,PGSC0003DMP400058020,PGSC0003DMP400012560,PGSC0003DMP400049736,PGSC0003DMP400030188,PGSC0003DMP400030283,PGSC0003DMP400027762,PGSC0003DMP400025061,PGSC0003DMP400058208,PGSC0003DMP400001330,PGSC0003DMP400034276,PGSC0003DMP400033432	Sopen05g004700.1,Sopen02g026110.1,Sopen06g001480.2,Sopen03g021400.1,Sopen07g028850.1,Sopen08g020060.1,Sopen01g049150.1,Sopen02g021030.1,Sopen05g004790.2,Sopen04g003020.1,Sopen04g025070.1,Sopen01g041980.3,Sopen01g029160.1,Sopen08g023360.1,Sopen08g020090.1,Sopen05g004730.1,Sopen01g041980.1,Sopen02g026130.1,Sopen01g006570.1,Sopen03g031860.1,Sopen11g028640.1,Sopen12g006910.1,Sopen07g028840.1,Sopen02g023580.2,Sopen08g030610.1,Sopen07g005190.1,Sopen03g035680.1,Sopen05g006300.1,Sopen11g004740.1,Sopen02g024740.2,Sopen09g030730.1,Sopen02g030890.1,Sopen12g023840.1,Sopen02g023580.3,Sopen12g004290.1,Sopen01g029180.1,Sopen05g004830.1,Sopen01g041980.2,Sopen02g024420.1,Sopen04g002450.1,Sopen07g029050.1,Sopen04g008640.1,Sopen02g024740.1,Sopen07g030850.1,Sopen03g032500.1,Sopen03g030660.1,Sopen05g004780.1,Sopen02g024780.1,Sopen07g029000.1,Sopen02g025720.1,Sopen06g001480.1,Sopen02g023580.1,Sopen02g034070.1,Sopen02g024460.1,Sopen09g002810.1,Sopen05g018380.1,Sopen05g004710.1,Sopen08g024720.1,Sopen04g003020.2,Sopen07g030300.1,Sopen01g048440.1,Sopen05g004790.1,Sopen04g002440.1,Sopen09g021300.1,Sopen10g001600.1,Sopen03g038210.1,Sopen05g004740.1,Sopen02g025710.1,Sopen11g006700.1,Sopen03g005430.1,Sopen05g004750.1,Sopen07g028970.1,Sopen05g004140.1,Sopen11g003290.1,Sopen07g025160.1,Sopen08g020110.1,Sopen02g024800.1,Sopen07g026680.1,Sopen03g003200.1,Sopen12g029950.1,Sopen09g002810.2,Sopen07g029010.2,Sopen01g004040.1,Sopen04g029220.1,Sopen01g006600.1,Sopen05g004710.2,Sopen11g006710.1,Sopen05g004740.2,Sopen12g001650.1,Sopen02g024770.1,Sopen09g003650.1,Sopen01g048450.1,Sopen03g030670.1,Sopen07g029040.1,Sopen02g021300.1,Sopen07g029010.1,Sopen08g030590.1,Sopen07g028990.1,Sopen07g001250.1,Sopen03g032220.1,Sopen06g026910.1,Sopen07g001230.1,Sopen05g004720.1,Sopen07g028960.1,Sopen01g035530.1,Sopen05g004690.1,Sopen03g034420.1,Sopen04g029230.1	SPI04g00383.1,SPI09g00300.1,SPI12g00812.1,SPI03g04571.1,SPI02g03171.1,SPI02g03296.1,SPI11g00860.1,SPI08g04911.1,SPI09g00990.1,SPI10g02720.1,SPI04g01238.1,SPI07g05542.1,SPI10g02153.1,SPI07g05797.1,SPI07g05543.1,SPI07g05963.1,SPI07g05798.1,SPI02g01122.1,SPI03g05191.1,SPI07g00713.1,SPI10g02958.1,SPI02g02928.1,SPI05g00774.1,SPI07g05818.1,SPI03g00536.1,SPI10g02956.1,SPI04g04840.1,SPI02g02903.1,SPI05g00770.1,SPI02g04778.1,SPI02g03428.1,SPI10g00163.1,SPI08g04915.1,SPI10g02950.1,SPI11g00658.1,SPI01g01915.1,SPI08g06361.1,SPI03g04380.1,SPI07g05816.1,SPI05g00769.1,SPI05g00773.1,SPI03g02147.1,SPI04g01234.1,SPI12g00159.1,SPI10g03095.1,SPI05g00587.1,SPI12g04567.1,SPI05g00584.1,SPI05g02494.1,SPI06g03619.1,SPI04g00326.1,SPI12g00518.1,SPI02g04263.1,SPI01g00542.1,SPI05g00506.1,SPI01g01909.1,SPI07g05813.1,SPI09g04997.1,SPI05g00575.1,SPI09g00402.1,SPI03g04381.1,SPI01g08305.1,SPI03g00470.1,SPI08g05712.1,SPI02g01349.1,SPI07g06019.1,SPI04g04835.1,SPI10g02722.1,SPI06g04469.1,SPI03g00808.1,SPI01g00551.1,SPI02g03385.1,SPI02g01360.1,SPI05g00588.1,SPI02g03261.1,SPI03g04930.1,SPI07g00077.1,SPI01g08226.1,SPI01g07556.1,SPI04g03780.1,SPI06g00082.1,SPI12g04254.1,SPI01g06887.1,SPI05g02719.1,SPI04g03779.1,SPI11g04056.1,SPI08g05544.1,SPI07g05796.1,SPI03g03180.1,SPI08g06357.1,SPI02g01341.1,SPI12g00403.1,SPI12g00203.1,SPI02g03386.1,SPI10g02709.1,SPI07g05810.1,SPI01g07555.1,SPI10g02968.1,SPI02g01120.1,SPI03g04545.1,SPI12g04565.1,SPI02g03260.1,SPI08g04920.1,SPI02g01361.1,SPI07g05819.1,SPI02g00425.1,SPI01g01910.1,SPI07g05022.1,SPI04g01231.1,SPI03g04788.1,SPI07g05814.1,SPI12g03695.1,SPI01g01958.1,SPI10g02963.1,SPI07g05811.1,SPI08g04921.1,SPI02g03292.1,SPI03g00809.1,SPI02g03295.1,SPI03g04512.1	Solyc06g005500.4.1,Solyc07g049180.3.1,Solyc05g010530.3.1,Solyc05g008980.2.1,Solyc01g098410.4.1,Solyc05g009050.3.1,Solyc09g008010.3.1,Solyc08g066270.3.1,Solyc07g053120.4.1,Solyc05g008960.3.1,Solyc11g007410.3.1,Solyc11g008960.3.1,Solyc02g079680.1.1,Solyc02g080040.4.1,Solyc07g055400.2.1,Solyc08g074760.3.1,Solyc02g021190.1.1,Solyc02g080060.1.1,Solyc07g055690.1.1,Solyc11g069960.2.1,Solyc02g089750.4.1,Solyc07g055580.3.1,Solyc05g023760.3.1,Solyc02g081050.4.1,Solyc12g009310.2.1,Solyc05g008310.4.1,Solyc11g007430.3.1,Solyc02g079990.3.1,Solyc03g111530.4.1,Solyc05g009090.3.1,Solyc05g008950.4.1,Solyc07g009437.1.1,Solyc03g051800.1.1,Solyc12g087920.2.1,Solyc04g007390.4.1,Solyc02g089290.3.1,Solyc03g031540.2.1,Solyc01g098420.3.1,Solyc04g016580.1.1,Solyc05g008940.3.1,Solyc07g055650.2.1,Solyc07g055360.1.1,Solyc01g008570.1.1,Solyc07g062040.3.1,Solyc02g081470.4.1,Solyc01g014650.1.1,Solyc04g017610.2.1,Solyc02g080030.2.1,Solyc12g008330.3.1,Solyc02g079600.3.1,Solyc03g116760.3.1,Solyc08g066320.4.1,Solyc05g008990.3.1,Solyc07g055670.1.1,Solyc03g119340.3.1,Solyc01g106055.1.1,Solyc02g072070.4.1,Solyc07g055410.2.1,Solyc05g009100.4.1,Solyc07g055640.1.1,Solyc02g072310.3.1,Solyc07g053130.4.1,Solyc02g079580.4.1,Solyc07g009420.1.1,Solyc12g049360.2.1,Solyc07g062620.3.1,Solyc12g087910.1.1,Solyc03g113160.1.1,Solyc07g005110.4.1,Solyc02g030360.3.1,Solyc10g047770.1.1,Solyc02g078750.3.1,Solyc03g113450.4.1,Solyc02g014320.1.1,Solyc02g080080.3.1,Solyc02g081510.3.1,Solyc11g011880.2.1,Solyc10g005630.3.1,Solyc03g006790.3.1,Solyc03g007210.3.1,Solyc07g055420.1.1,Solyc05g009010.1.1,Solyc12g040370.1.1,Solyc03g078520.4.1,Solyc02g080010.2.1,Solyc04g007380.3.1,Solyc12g005720.1.1,Solyc02g080090.1.1,Solyc02g021180.1.1,Solyc03g111540.2.1,Solyc03g078470.3.1,Solyc02g150146.1.1,Solyc07g055570.1.1,Solyc03g115420.3.1,Solyc02g081040.4.1,Solyc05g009040.3.1,Solyc05g008970.1.1,Solyc06g069610.1.1,Solyc04g077330.4.1,Solyc07g055415.1.1,Solyc08g066300.3.1,Solyc05g008930.3.1,Solyc01g008500.4.1,Solyc08g082350.4.1,Solyc09g008860.4.1,Solyc02g079630.3.1,Solyc10g054300.1.1,Solyc02g080050.1.1,Solyc04g055220.2.1,Solyc02g080070.3.1,Solyc01g106870.4.1,Solyc05g010540.2.1,Solyc08g076070.1.1,Solyc11g011870.3.1,Solyc01g088690.3.1,Solyc07g055630.4.1	SLYcer03g04461.1,SLYcer02g02467.1,SLYcer02g04396.1,SLYcer07g05239.1,SLYcer02g01466.1,SLYcer10g04214.1,SLYcer05g02132.1,SLYcer07g04820.1,SLYcer04g04137.1,SLYcer07g05295.1,SLYcer05g00552.1,SLYcer07g00675.1,SLYcer07g05062.1,SLYcer02g04398.1,SLYcer02g04393.1,SLYcer10g04472.1,SLYcer08g05029.1,SLYcer07g04821.1,SLYcer12g00490.1,SLYcer08g06451.1,SLYcer05g00549.1,SLYcer02g04395.1,SLYcer12g00158.1,SLYcer10g04456.1,SLYcer02g04034.1,SLYcer09g01084.1,SLYcer07g05074.1,SLYcer02g04008.1,SLYcer10g05901.1,SLYcer08g05825.1,SLYcer08g05026.1,SLYcer02g04361.1,SLYcer03g03080.1,SLYcer07g05081.1,SLYcer07g05073.1,SLYcer12g03749.1,SLYcer07g05077.1,SLYcer04g02837.1,SLYcer09g00485.1,SLYcer05g00741.1,SLYcer07g05072.1,SLYcer04g01505.1,SLYcer03g04324.1,SLYcer08g05667.1,SLYcer10g04200.1,SLYcer06g04610.1,SLYcer12g04314.1,SLYcer02g02072.1,SLYcer04g01498.1,SLYcer11g00709.1,SLYcer03g04496.1,SLYcer06g03709.1,SLYcer01g01828.1,SLYcer01g06625.1,SLYcer07g05063.1,SLYcer02g04269.1,SLYcer04g00398.1,SLYcer11g03990.1,SLYcer07g00064.1,SLYcer01g01829.1,SLYcer07g05080.1,SLYcer05g00553.1,SLYcer10g04465.1,SLYcer07g05078.1,SLYcer07g00486.1,SLYcer07g00485.1,SLYcer08g05021.1,SLYcer04g01502.1,SLYcer09g05307.1,SLYcer05g00548.1,SLYcer05g00539.1,SLYcer04g04134.1,SLYcer02g04397.1,SLYcer07g05076.1,SLYcer01g00513.1,SLYcer01g00520.1,SLYcer01g07714.1,SLYcer10g04464.1,SLYcer02g02453.1,SLYcer01g08073.1,SLYcer02g02466.1,SLYcer07g00295.1,SLYcer02g04399.1,SLYcer06g00313.1,SLYcer02g04490.1,SLYcer01g01834.1,SLYcer04g00344.1,SLYcer03g04323.1,SLYcer10g04417.1,SLYcer04g03193.1,SLYcer03g05131.1,SLYcer11g00514.1,SLYcer09g00392.1,SLYcer02g04491.1,SLYcer10g04441.1,SLYcer03g00646.1,SLYcer05g00475.1,SLYcer04g01501.1,SLYcer10g03792.1,SLYcer03g05221.1,SLYcer06g03714.1,SLYcer05g00740.1,SLYcer03g04522.1,SLYcer10g04212.1,SLYcer02g05340.1,SLYcer02g04390.1,SLYcer10g00297.1,SLYcer02g04394.1,SLYcer03g04732.1,SLYcer03g02023.1,SLYcer12g04612.1,SLYcer08g06447.1,SLYcer05g00544.1,SLYcer01g07993.1,SLYcer12g04613.1	Capang01g000809,Capang03g001253,Capang03g002748,Capang01g002662,Capang01g004904,Capang03g001065,Capang01g003308,Capang07g001893,Capang07g002084,Capang07g001897,Capang01g000815,Capang02g001914,Capang04g001771,Capang00g000344,Capang09g000236,Capang04g002485,Capang04g002244,Capang07g001880,Capang00g005097,Capang09g000330,Capang02g001933,Capang03g000998,Capang09g001158,Capang12g002278,Capang02g001905,Capang00g003030,Capang00g001805,Capang06g002510,Capang07g000253,Capang07g001896,Capang02g001915,Capang03g003824,Capang03g002721,Capang04g001184,Capang09g000128,Capang03g002747,Capang02g002019,Capang03g000649,Capang04g000703,Capang12g001127,Capang02g001536,Capang02g002965,Capang06g001009,Capang12g000562,Capang07g001900,Capang08g000345,Capang06g000979,Capang07g001324,Capang04g002212,Capang09g001554,Capang02g001935,Capang00g005478,Capang02g002061,Capang00g005306,Capang09g000508,Capang01g000573,Capang04g000944,Capang12g000841,Capang02g002910,Capang07g000132,Capang03g001174,Capang02g001769,Capang07g002243,Capang01g003954,Capang07g001895,Capang12g001763,Capang09g001184,Capang01g005081,Capang09g001721,Capang07g001891,Capang00g002464,Capang03g001250,Capang11g001484,Capang04g002213,Capang07g001894,Capang02g002966,Capang00g001946,Capang06g001087,Capang12g001762,Capang03g001370,Capang02g002874,Capang03g001049,Capang01g001336,Capang01g003307,Capang08g000560,Capang03g001016,Capang02g001511,Capang00g000747,Capang04g002163,Capang09g001722,Capang03g000413,Capang01g001004,Capang07g002152,Capang03g000664,Capang02g002020,Capang12g002476,Capang07g001325,Capang07g001014,Capang04g001188,Capang02g002530,Capang08g001043,Capang09g000247,Capang00g005242,Capang04g001370,Capang01g000764,Capang12g001675,Capang02g001916,Capang11g001240,Capang04g001985,Capang04g002036,Capang02g001483,Capang00g000635,Capang01g000813,Capang08g000348,Capang01g000871,Capang01g000812,Capang07g000261,Capang00g000697,Capang10g000225,Capang10g000332,Capang03g001050,Capang06g001260,Capang07g001881,Capang02g002062,Capang07g000030,Capang02g002524,Capang03g000662,Capang02g001488,Capang01g003998,Capang11g000972,Capang02g001936,Capang07g000271,Capang09g001831,Capang07g000260,Capang02g001934,Capang00g005073,Capang09g001097,Capang11g002249,Capang07g000087,Capang12g001462,Capang03g001122,Capang00g005251
OG27646	1051	7	Capana01g000322,Capana03g004154,Capana03g004143,Capana03g004167,Capana03g004149,Capana00g001630,Capana02g000678,Capana03g001745,Capana10g001928,Capana00g003028,Capana04g000463,Capana11g000038,Capana04g002317,Capana03g004158,Capana01g000491,Capana07g000336,Capana02g003145,Capana03g001743,Capana03g004146,Capana12g001739,Capana10g002063,Capana12g001977,Capana01g000488,Capana03g004278,Capana06g001491,Capana03g004324,Capana10g001188,Capana00g004237,Capana04g000468,Capana03g001752,Capana10g002484,Capana03g004147,Capana10g002483,Capana04g000461,Capana00g003030,Capana04g000467,Capana04g000454,Capana03g004271,Capana03g001283,Capana02g000679,Capana01g000494,Capana10g001912,Capana03g004287,Capana04g000505,Capana01g001767,Capana12g000099,Capana02g003140,Capana04g000465,Capana06g000206,Capana01g000489,Capana03g004144,Capana01g000492,Capana03g004165,Capana12g000790,Capana06g001488,Capana03g004161,Capana03g003513,Capana01g000321,Capana02g003141,Capana00g003034,Capana03g004115,Capana00g001637,Capana03g004159,Capana08g001159,Capana00g000630,Capana10g002485,Capana01g000490,Capana03g004274,Capana07g000348,Capana04g000470,Capana03g004286,Capana00g002445,Capana11g001197,Capana12g000789,Capana06g002959,Capana03g002122,Capana05g001955,Capana01g000373,Capana01g001789,Capana02g003142,Capana01g000021,Capana09g002330,Capana02g003143,Capana05g000942,Capana06g001487,Capana05g000003,Capana01g000487,Capana10g001945,Capana05g000407,Capana04g000469,Capana06g001493,Capana03g004279,Capana03g003391,Capana05g002278,Capana10g001946,Capana01g001946,Capana06g002842,Capana04g000466,Capana03g001280,Capana10g001936,Capana12g000077,Capana00g001255,Capana03g003392,Capana01g001603,Capana01g003493,Capana12g000079,Capana04g000503,Capana06g002278,Capana12g002422,Capana03g001254,Capana06g000624,Capana10g001925,Capana03g001253,Capana03g000892,Capana03g001453,Capana03g003715,Capana04g000620,Capana06g000463,Capana03g004276,Capana05g002223,Capana03g002288,Capana03g001276,Capana03g002289,Capana03g004273,Capana00g001027,Capana02g001809,Capana04g000462,Capana01g000890,Capana03g001251,Capana03g004150,Capana03g002285,Capana01g000319,Capana03g000903,Capana03g004270,Capana04g000504,Capana03g004155,Capana04g000631,Capana12g002423,Capana03g004281,Capana03g004277,Capana03g001289,Capana12g002444,Capana12g000098,Capana12g001743,Capana03g001749,Capana09g000926,Capana06g000464,Capana03g001747,Capana01g003880,Capana04g000471,Capana03g004151,Capana02g003144,Capana00g005081,Capana03g004160,Capana12g001976,Capana08g001106,Capana03g001286,Capana12g002425,Capana03g001738,Capana07g001431,Capana00g004777,Capana03g004148,Capana03g004111,Capana09g001519,Capana03g004152,Capana00g000548,Capana00g002716,Capana03g001744,Capana01g001312,Capana10g002062,Capana12g002419,Capana10g002482,Capana00g001389,Capana02g003026,Capana12g001604	PGSC0003DMP400029931,PGSC0003DMP400001130,PGSC0003DMP400031599,PGSC0003DMP400029063,PGSC0003DMP400010025,PGSC0003DMP400008221,PGSC0003DMP400025953,PGSC0003DMP400019503,PGSC0003DMP400008471,PGSC0003DMP400008477,PGSC0003DMP400048741,PGSC0003DMP400031597,PGSC0003DMP400043291,PGSC0003DMP400054856,PGSC0003DMP400001129,PGSC0003DMP400035006,PGSC0003DMP400001465,PGSC0003DMP400054850,PGSC0003DMP400054848,PGSC0003DMP400029292,PGSC0003DMP400001440,PGSC0003DMP400056336,PGSC0003DMP400006329,PGSC0003DMP400001468,PGSC0003DMP400004427,PGSC0003DMP400029319,PGSC0003DMP400037155,PGSC0003DMP400018617,PGSC0003DMP400005986,PGSC0003DMP400005668,PGSC0003DMP400019402,PGSC0003DMP400022657,PGSC0003DMP400042121,PGSC0003DMP400002008,PGSC0003DMP400011272,PGSC0003DMP400037885,PGSC0003DMP400039429,PGSC0003DMP400048239,PGSC0003DMP400008223,PGSC0003DMP400039430,PGSC0003DMP400008222,PGSC0003DMP400052077,PGSC0003DMP400015376,PGSC0003DMP400029047,PGSC0003DMP400055985,PGSC0003DMP400029054,PGSC0003DMP400004901,PGSC0003DMP400029051,PGSC0003DMP400029044,PGSC0003DMP400048737,PGSC0003DMP400005984,PGSC0003DMP400050694,PGSC0003DMP400005858,PGSC0003DMP400001075,PGSC0003DMP400025150,PGSC0003DMP400026307,PGSC0003DMP400042655,PGSC0003DMP400003393,PGSC0003DMP400031714,PGSC0003DMP400025154,PGSC0003DMP400016427,PGSC0003DMP400009834,PGSC0003DMP400049048,PGSC0003DMP400048740,PGSC0003DMP400010694,PGSC0003DMP400011838,PGSC0003DMP400048742,PGSC0003DMP400037340,PGSC0003DMP400050911,PGSC0003DMP400057494,PGSC0003DMP400003468,PGSC0003DMP400054854,PGSC0003DMP400031601,PGSC0003DMP400035005,PGSC0003DMP400000835,PGSC0003DMP400017339,PGSC0003DMP400005902,PGSC0003DMP400037884,PGSC0003DMP400011273,PGSC0003DMP400035525,PGSC0003DMP400057769,PGSC0003DMP400019417,PGSC0003DMP400017721,PGSC0003DMP400020700,PGSC0003DMP400012731,PGSC0003DMP400005449,PGSC0003DMP400028975,PGSC0003DMP400031713,PGSC0003DMP400008474,PGSC0003DMP400028057,PGSC0003DMP400036516,PGSC0003DMP400042122,PGSC0003DMP400035553,PGSC0003DMP400029914,PGSC0003DMP400047537,PGSC0003DMP400004362,PGSC0003DMP400001446,PGSC0003DMP400002041,PGSC0003DMP400017352,PGSC0003DMP400029045,PGSC0003DMP400029915,PGSC0003DMP400054857,PGSC0003DMP400004917,PGSC0003DMP400025152,PGSC0003DMP400055510,PGSC0003DMP400008473,PGSC0003DMP400048350,PGSC0003DMP400020701,PGSC0003DMP400025147,PGSC0003DMP400025153,PGSC0003DMP400008219,PGSC0003DMP400004188,PGSC0003DMP400017353,PGSC0003DMP400010773,PGSC0003DMP400031472,PGSC0003DMP400004364,PGSC0003DMP400050865,PGSC0003DMP400029633,PGSC0003DMP400009739,PGSC0003DMP400016992,PGSC0003DMP400050453,PGSC0003DMP400051354,PGSC0003DMP400010315,PGSC0003DMP400015382,PGSC0003DMP400012730,PGSC0003DMP400038165,PGSC0003DMP400029042,PGSC0003DMP400025149,PGSC0003DMP400025956,PGSC0003DMP400017314,PGSC0003DMP400038164,PGSC0003DMP400037896,PGSC0003DMP400029046,PGSC0003DMP400005667,PGSC0003DMP400003465,PGSC0003DMP400029318,PGSC0003DMP400036515,PGSC0003DMP400036538,PGSC0003DMP400008475,PGSC0003DMP400005670,PGSC0003DMP400013517,PGSC0003DMP400017723,PGSC0003DMP400025145,PGSC0003DMP400029057,PGSC0003DMP400054851,PGSC0003DMP400019504,PGSC0003DMP400003467,PGSC0003DMP400025148,PGSC0003DMP400048958,PGSC0003DMP400031383,PGSC0003DMP400048973,PGSC0003DMP400042635,PGSC0003DMP400037886,PGSC0003DMP400048351,PGSC0003DMP400059651,PGSC0003DMP400004367,PGSC0003DMP400052217,PGSC0003DMP400029041,PGSC0003DMP400029050,PGSC0003DMP400005985,PGSC0003DMP400001466,PGSC0003DMP400025146,PGSC0003DMP400008479,PGSC0003DMP400011259,PGSC0003DMP400058162,PGSC0003DMP400056100,PGSC0003DMP400001443,PGSC0003DMP400017233,PGSC0003DMP400034550,PGSC0003DMP400029293,PGSC0003DMP400017230,PGSC0003DMP400010695,PGSC0003DMP400017288,PGSC0003DMP400029511,PGSC0003DMP400063204,PGSC0003DMP400000836,PGSC0003DMP400005995,PGSC0003DMP400034549,PGSC0003DMP400029052,PGSC0003DMP400029932,PGSC0003DMP400068210,PGSC0003DMP400017722,PGSC0003DMP400029043,PGSC0003DMP400043293,PGSC0003DMP400004361,PGSC0003DMP400043292,PGSC0003DMP400001444,PGSC0003DMP400005994,PGSC0003DMP400004819,PGSC0003DMP400008478,PGSC0003DMP400035523,PGSC0003DMP400054844,PGSC0003DMP400036514,PGSC0003DMP400016587,PGSC0003DMP400035004,PGSC0003DMP400046511,PGSC0003DMP400004187,PGSC0003DMP400001449,PGSC0003DMP400034361,PGSC0003DMP400017284,PGSC0003DMP400054849,PGSC0003DMP400055504,PGSC0003DMP400008472,PGSC0003DMP400028019,PGSC0003DMP400037887,PGSC0003DMP400035526,PGSC0003DMP400022661,PGSC0003DMP400004181,PGSC0003DMP400001653,PGSC0003DMP400046512,PGSC0003DMP400037883,PGSC0003DMP400017317,PGSC0003DMP400043096,PGSC0003DMP400029048,PGSC0003DMP400037888,PGSC0003DMP400061082,PGSC0003DMP400012728,PGSC0003DMP400020052,PGSC0003DMP400046370,PGSC0003DMP400024236,PGSC0003DMP400031598,PGSC0003DMP400048971,PGSC0003DMP400010314,PGSC0003DMP400004902,PGSC0003DMP400036172,PGSC0003DMP400069032,PGSC0003DMP400031596,PGSC0003DMP400031594,PGSC0003DMP400022939,PGSC0003DMP400020698,PGSC0003DMP400060233,PGSC0003DMP400017724,PGSC0003DMP400049144,PGSC0003DMP400001441,PGSC0003DMP400004818,PGSC0003DMP400003394,PGSC0003DMP400046653,PGSC0003DMP400053506,PGSC0003DMP400001442,PGSC0003DMP400048972,PGSC0003DMP400022938,PGSC0003DMP400003463,PGSC0003DMP400005940,PGSC0003DMP400003462,PGSC0003DMP400037889,PGSC0003DMP400042656,PGSC0003DMP400031380,PGSC0003DMP400027018,PGSC0003DMP400001445,PGSC0003DMP400054906,PGSC0003DMP400008220,PGSC0003DMP400029049,PGSC0003DMP400023391,PGSC0003DMP400012729,PGSC0003DMP400040053,PGSC0003DMP400036174,PGSC0003DMP400002125,PGSC0003DMP400017725,PGSC0003DMP400025151,PGSC0003DMP400013518,PGSC0003DMP400001467,PGSC0003DMP400010775,PGSC0003DMP400051352,PGSC0003DMP400048739,PGSC0003DMP400056583,PGSC0003DMP400039428,PGSC0003DMP400004363,PGSC0003DMP400005450,PGSC0003DMP400029053,PGSC0003DMP400049920,PGSC0003DMP400019418,PGSC0003DMP400024217,PGSC0003DMP400051353,PGSC0003DMP400043670,PGSC0003DMP400048256,PGSC0003DMP400054852,PGSC0003DMP400001447,PGSC0003DMP400036513,PGSC0003DMP400054855,PGSC0003DMP400048738,PGSC0003DMP400066587,PGSC0003DMP400024237,PGSC0003DMP400003395,PGSC0003DMP400005669,PGSC0003DMP400023835,PGSC0003DMP400000514	Sopen08g005120.1,Sopen06g021770.1,Sopen12g029490.1,Sopen04g003070.1,Sopen11g026310.1,Sopen09g035560.1,Sopen09g022320.1,Sopen07g026000.1,Sopen09g035480.1,Sopen03g034020.1,Sopen05g027930.1,Sopen11g002530.1,Sopen02g034950.1,Sopen04g001360.1,Sopen04g001340.1,Sopen04g003080.1,Sopen10g033150.1,Sopen10g028910.1,Sopen09g031760.1,Sopen09g035600.1,Sopen03g031120.1,Sopen03g004990.1,Sopen05g010620.1,Sopen04g005850.1,Sopen08g028710.1,Sopen06g023920.1,Sopen08g023800.1,Sopen08g005120.2,Sopen09g035570.1,Sopen07g025290.1,Sopen04g033210.1,Sopen09g024790.1,Sopen09g035950.1,Sopen09g035540.1,Sopen06g021760.1,Sopen08g027760.1,Sopen05g013440.1,Sopen04g033310.1,Sopen11g017990.3,Sopen05g013460.1,Sopen01g014150.1,Sopen11g017990.1,Sopen02g015320.1,Sopen04g005500.1,Sopen09g035520.1,Sopen11g002540.1,Sopen02g015370.1,Sopen09g031750.1,Sopen10g033160.1,Sopen03g031130.1,Sopen08g028720.1,Sopen01g040050.1,Sopen06g021740.1,Sopen02g014960.1,Sopen03g031140.1,Sopen06g021750.1,Sopen04g023820.1,Sopen09g035920.1,Sopen03g027720.1,Sopen09g035470.1,Sopen09g035550.1,Sopen01g005880.1,Sopen09g003670.1,Sopen02g035040.1,Sopen04g033200.1,Sopen08g021700.1,Sopen09g035940.2,Sopen11g018010.1,Sopen03g008990.1,Sopen01g040390.1,Sopen10g034930.1,Sopen01g006100.1,Sopen12g030870.1,Sopen04g031950.1,Sopen03g012630.1,Sopen09g035460.1,Sopen02g034970.1,Sopen03g034260.1,Sopen12g001160.1,Sopen00g008720.1,Sopen01g004880.1,Sopen09g035530.1,Sopen03g027740.1,Sopen10g012220.1,Sopen04g021550.1,Sopen04g033160.1,Sopen09g035940.1,Sopen10g005100.1,Sopen03g004970.1,Sopen09g003660.1,Sopen09g003680.1,Sopen04g001350.1,Sopen01g040040.1,Sopen02g015350.1,Sopen02g035050.1,Sopen02g035020.1,Sopen09g035500.1,Sopen10g028900.1,Sopen04g012340.1,Sopen09g035510.1,Sopen09g035590.1,Sopen04g022560.1,Sopen10g033140.1,Sopen10g028890.1,Sopen08g027730.1,Sopen11g017990.2,Sopen03g027730.1,Sopen02g015360.1,Sopen11g018010.2,Sopen11g028480.1,Sopen10g032060.1,Sopen01g018020.1,Sopen04g033230.1,Sopen10g033240.1,Sopen04g033220.1,Sopen04g031920.1	SPI08g06060.1,SPI05g01966.1,SPI04g02123.1,SPI03g04007.1,SPI09g04456.1,SPI11g03668.1,SPI09g04936.1,SPI10g04214.1,SPI08g00637.1,SPI12g04681.1,SPI05g04127.1,SPI02g04362.1,SPI08g06063.1,SPI02g02261.1,SPI07g04488.1,SPI08g06165.1,SPI11g00406.1,SPI05g01709.1,SPI04g00651.1,SPI04g05066.1,SPI04g02012.1,SPI09g02922.1,SPI04g05058.1,SPI11g00405.1,SPI08g05093.1,SPI04g05053.1,SPI08g06054.1,SPI10g04051.1,SPI10g04203.1,SPI10g00752.1,SPI01g02677.1,SPI08g00635.1,SPI04g03913.1,SPI10g00750.1,SPI04g00184.1,SPI03g04008.1,SPI07g05463.1,SPI03g04424.1,SPI06g02830.1,SPI03g01614.1,SPI01g00957.1,SPI11g03785.1,SPI05g01711.1,SPI06g05052.1,SPI01g08527.1,SPI03g03017.1,SPI12g00147.1,SPI01g08202.1,SPI09g04891.1,SPI09g03344.1,SPI02g02262.1,SPI12g03316.1,SPI08g06057.1,SPI10g03670.1,SPI04g05059.1,SPI03g04772.1,SPI09g04888.1,SPI03g00752.1,SPI09g03656.1,SPI09g04935.1,SPI08g06055.1,SPI03g01443.1,SPI09g00403.1,SPI10g03669.1,SPI06g04205.1,SPI01g00562.1,SPI09g00405.1,SPI08g06064.1,SPI04g03581.1,SPI06g05053.1,SPI07g00483.1,SPI04g00388.1,SPI01g07352.1,SPI10g04204.1,SPI10g03671.1,SPI04g00752.1,SPI08g04673.1,SPI01g00561.1,SPI01g00563.1,SPI03g00727.1,SPI04g03918.1,SPI04g03588.1,SPI02g02208.1,SPI09g04893.1,SPI03g00751.1,SPI06g04204.1,SPI10g04392.1,SPI11g04039.1,SPI08g00162.1,SPI09g04892.1,SPI01g08369.1,SPI08g06062.1,SPI01g02676.1,SPI09g04890.1,SPI09g00404.1,SPI12g04507.1,SPI03g01617.1,SPI03g04744.1,SPI03g01616.1,SPI04g02962.1,SPI08g06056.1,SPI03g04430.1,SPI07g05088.1,SPI04g03393.1,SPI03g04006.1,SPI10g00560.1,SPI06g04203.1,SPI09g02406.1,SPI04g03183.1,SPI09g03345.1,SPI01g07388.1,SPI01g00762.1,SPI02g02260.1,SPI01g00926.1,SPI05g01265.1	Solyc05g015350.4.1,Solyc11g066580.3.1,Solyc12g088970.1.1,Solyc03g150160.1.1,Solyc06g066270.1.1,Solyc08g079300.3.1,Solyc04g079660.2.1,Solyc02g065210.4.1,Solyc04g005370.2.1,Solyc08g079350.3.1,Solyc08g014190.4.1,Solyc06g084825.1.1,Solyc03g112030.3.1,Solyc10g009310.4.1,Solyc12g056810.2.1,Solyc09g098010.3.1,Solyc04g005360.1.1,Solyc05g047680.4.1,Solyc11g040223.1.1,Solyc04g079730.1.1,Solyc04g010320.1.1,Solyc03g112013.1.1,Solyc03g112040.1.1,Solyc04g007925.1.1,Solyc04g050625.1.1,Solyc08g083450.2.1,Solyc09g092640.3.1,Solyc10g039210.4.1,Solyc10g081550.2.1,Solyc11g069800.1.1,Solyc09g061792.1.1,Solyc08g080390.3.1,Solyc06g084820.2.1,Solyc10g085500.2.1,Solyc03g096980.1.1,Solyc03g150127.1.1,Solyc02g065220.4.1,Solyc07g052370.4.1,Solyc09g092590.2.1,Solyc01g096670.4.1,Solyc02g090350.4.1,Solyc04g079680.4.1,Solyc10g078220.2.1,Solyc08g079330.2.1,Solyc01g010490.4.1,Solyc08g079280.3.1,Solyc08g083520.2.1,Solyc10g083790.3.1,Solyc08g080380.4.1,Solyc01g096280.2.1,Solyc10g083690.3.1,Solyc07g053493.1.1,Solyc03g150105.1.1,Solyc09g059240.3.1,Solyc04g063245.1.1,Solyc09g008913.1.1,Solyc03g026140.4.1,Solyc08g150142.1.1,Solyc03g115220.4.1,Solyc03g044742.1.1,Solyc02g090340.2.1,Solyc08g083410.1.1,Solyc09g092600.3.1,Solyc02g065230.3.1,Solyc03g026375.1.1,Solyc09g092645.1.1,Solyc01g010260.3.1,Solyc02g065190.3.1,Solyc03g111953.1.1,Solyc10g078230.3.1,Solyc09g008910.2.1,Solyc08g083510.3.1,Solyc08g079315.1.1,Solyc03g114940.3.1,Solyc08g083500.2.1,Solyc04g050622.1.1,Solyc03g096990.4.1,Solyc01g009370.2.1,Solyc12g005170.2.1,Solyc08g079370.2.1,Solyc09g092580.4.1,Solyc09g092620.3.1,Solyc10g078240.2.1,Solyc10g083700.4.1,Solyc04g007940.4.1,Solyc03g046498.1.1,Solyc09g150146.1.1,Solyc07g007460.3.1,Solyc09g061791.1.1,Solyc09g092560.4.1,Solyc08g079310.4.1,Solyc04g025410.1.1,Solyc11g006590.2.1,Solyc05g016330.3.1,Solyc03g026130.3.1,Solyc09g098030.4.1,Solyc07g049690.3.1,Solyc09g098620.2.1,Solyc04g051190.3.1,Solyc03g046492.1.1,Solyc03g026373.1.1,Solyc09g098770.2.1,Solyc03g111993.1.1,Solyc04g083160.2.1,Solyc04g079640.3.1,Solyc09g092670.3.1	SLYcer04g04281.1,SLYcer10g05674.1,SLYcer03g03948.1,SLYcer10g05685.1,SLYcer03g03949.1,SLYcer04g02343.1,SLYcer10g05186.1,SLYcer10g05763.1,SLYcer07g00429.1,SLYcer11g00259.1,SLYcer10g05857.1,SLYcer04g00678.1,SLYcer01g07884.1,SLYcer04g04284.1,SLYcer12g00101.1,SLYcer11g03604.1,SLYcer02g05440.1,SLYcer04g03225.1,SLYcer04g03871.1,SLYcer04g05556.1,SLYcer12g04722.1,SLYcer09g03734.1,SLYcer04g05563.1,SLYcer02g03374.1,SLYcer01g00712.1,SLYcer12g03342.1,SLYcer11g03973.1,SLYcer10g01854.1,SLYcer02g05438.1,SLYcer04g05561.1,SLYcer09g05249.1,SLYcer09g05212.1,SLYcer09g02475.1,SLYcer01g00867.1,SLYcer04g00213.1,SLYcer09g05251.1,SLYcer11g00257.1,SLYcer03g01236.1,SLYcer08g06165.1,SLYcer01g00898.1,SLYcer09g05209.1,SLYcer02g05437.1,SLYcer04g02225.1,SLYcer07g03775.1,SLYcer03g02928.1,SLYcer08g06164.1,SLYcer10g02839.1,SLYcer07g00691.1,SLYcer04g03457.1,SLYcer04g00403.1,SLYcer03g00507.1,SLYcer02g03375.1,SLYcer09g00488.1,SLYcer03g04365.1,SLYcer03g01408.1,SLYcer04g05570.1,SLYcer01g00529.1,SLYcer03g01414.1,SLYcer03g03947.1,SLYcer01g08141.1,SLYcer04g03440.1,SLYcer04g03879.1,SLYcer08g05207.1,SLYcer03g00530.1,SLYcer03g04688.1,SLYcer08g00666.1,SLYcer09g05210.1,SLYcer06g04344.1,SLYcer06g04343.1,SLYcer02g03373.1,SLYcer11g03721.1,SLYcer08g06258.1,SLYcer09g00486.1,SLYcer07g04381.1,SLYcer12g04547.1,SLYcer03g01412.1,SLYcer09g02990.1,SLYcer01g02604.1,SLYcer05g01254.1,SLYcer01g07922.1,SLYcer03g04717.1,SLYcer09g05211.1,SLYcer10g05546.1,SLYcer03g04372.1,SLYcer08g04771.1,SLYcer03g00529.1,SLYcer05g01504.1,SLYcer10g00694.1,SLYcer06g02857.1,SLYcer10g05675.1,SLYcer09g03443.1,SLYcer02g05439.1,SLYcer03g04368.1,SLYcer04g05559.1,SLYcer04g00212.1,SLYcer01g07967.1,SLYcer08g06166.1,SLYcer02g03372.1,SLYcer09g05213.1,SLYcer03g04373.1,SLYcer09g03442.1,SLYcer02g03084.1,SLYcer09g00487.1,SLYcer10g00880.1,SLYcer11g02996.1	Capang07g001425,Capang06g000573,Capang03g004091,Capang07g001463,Capang06g002625,Capang10g002241,Capang07g000372,Capang00g000198,Capang10g001691,Capang06g002135,Capang12g000571,Capang05g000540,Capang05g000629,Capang11g000544,Capang01g001655,Capang12g000070,Capang04g000462,Capang09g001833,Capang04g000433,Capang03g001679,Capang00g003766,Capang02g000653,Capang03g003997,Capang09g001498,Capang03g000830,Capang05g000002,Capang03g003338,Capang12g001064,Capang06g000184,Capang02g002852,Capang03g003994,Capang03g002170,Capang05g001772,Capang06g002100,Capang03g003965,Capang06g001414,Capang09g001832,Capang03g004092,Capang12g002258,Capang01g003733,Capang03g003995,Capang03g004090,Capang11g001026,Capang01g000013,Capang09g001834,Capang08g000445,Capang06g001417,Capang03g003339,Capang02g000646,Capang12g000082,Capang04g000436,Capang00g000585,Capang04g001403,Capang03g004080,Capang00g005132,Capang03g002168,Capang12g001660,Capang05g000092,Capang10g001703,Capang01g000297,Capang04g000432,Capang00g004075,Capang10g002243,Capang12g000067,Capang03g002003,Capang12g001362,Capang00g005047,Capang04g000442,Capang05g000327,Capang00g004472,Capang02g002851,Capang02g000648,Capang00g005064,Capang01g003693,Capang00g002001,Capang00g000247,Capang03g001676,Capang03g004000,Capang03g004001,Capang01g001374,Capang12g001377,Capang06g000262,Capang10g000549,Capang06g000432,Capang00g001516,Capang02g000592,Capang06g001420,Capang04g000434,Capang00g004976,Capang00g003058,Capang10g001702,Capang04g000467,Capang10g001824,Capang10g001701,Capang01g000434,Capang01g004124,Capang03g003998,Capang07g001460,Capang11g001203,Capang04g000431,Capang00g005120,Capang03g004094,Capang10g001704,Capang01g001828,Capang00g003840,Capang01g003177,Capang00g001191,Capang00g004427,Capang07g000353,Capang00g000506,Capang00g005122,Capang03g001203,Capang03g003961,Capang04g000423,Capang07g000334,Capang03g003996,Capang01g000296,Capang12g001358,Capang04g000435,Capang12g002061,Capang04g000461,Capang04g000460,Capang03g003999,Capang03g001680,Capang01g000298,Capang03g001226,Capang01g001443,Capang10g001680,Capang12g001659,Capang09g001014,Capang10g001758,Capang06g001415,Capang03g001674,Capang11g000030,Capang05g000758,Capang10g001696,Capang01g000822,Capang06g002583,Capang02g000643,Capang03g001678,Capang01g001535,Capang00g001545,Capang07g000593,Capang00g001137,Capang01g002644,Capang04g000430,Capang01g001512,Capang10g001694
OG27682	1551	7	Capana12g000755,Capana00g004277,Capana04g001038,Capana04g001650,Capana12g000376,Capana12g002370,Capana12g002376,Capana00g004281,Capana10g001522,Capana03g004377,Capana12g002278,Capana08g000805,Capana09g002225,Capana12g002377,Capana08g002334,Capana05g000071,Capana04g001025,Capana00g003493,Capana05g000612,Capana00g004279,Capana05g002182,Capana07g001096,Capana12g000272,Capana10g002366,Capana09g000134,Capana10g001636,Capana01g001691,Capana01g003163,Capana00g004283,Capana04g002271,Capana02g001068,Capana01g004482,Capana04g001034,Capana11g001875,Capana08g001043,Capana10g002244,Capana05g000072,Capana11g001419,Capana05g000788,Capana03g002523,Capana09g000136,Capana04g001033,Capana08g002327,Capana09g000112,Capana06g001517,Capana11g000203,Capana08g002330,Capana08g002045,Capana04g001652,Capana10g001524,Capana10g002242,Capana12g002128,Capana10g001979,Capana05g000614,Capana10g001633,Capana12g002768,Capana10g001634,Capana04g001036,Capana02g002767,Capana00g004278,Capana12g000737,Capana12g000374,Capana07g002119,Capana01g004005,Capana04g001039,Capana12g000066,Capana05g000498,Capana03g004380,Capana10g001700,Capana04g001030,Capana07g001118,Capana00g002224,Capana03g004535,Capana09g000111,Capana00g003486,Capana05g001959,Capana00g004282,Capana03g004109,Capana03g003744,Capana05g000468,Capana12g000375,Capana10g002240,Capana08g002322,Capana09g000113,Capana10g001627,Capana12g000739,Capana01g004347,Capana11g000205,Capana08g002329,Capana03g002250,Capana05g002316,Capana02g003294,Capana02g002040,Capana12g000754,Capana07g000052,Capana08g002332,Capana06g002960,Capana01g001264,Capana03g004107,Capana07g001105,Capana08g002328,Capana05g000784,Capana11g000616,Capana00g000242,Capana04g001651,Capana07g001077,Capana04g001032,Capana05g000866,Capana04g000823,Capana12g000377,Capana05g000785,Capana12g002718,Capana07g001119,Capana04g000824,Capana02g000867,Capana12g002091,Capana06g002614,Capana02g001067,Capana08g002044,Capana05g000068,Capana12g000723,Capana12g002375,Capana00g001836,Capana04g000031,Capana08g002046,Capana05g000615,Capana05g002331,Capana10g001880,Capana05g000791,Capana10g001520,Capana06g002891,Capana04g001037,Capana09g002279,Capana01g004059,Capana05g000433,Capana00g003081,Capana12g002721,Capana00g003508,Capana12g002287,Capana04g000157,Capana04g001010,Capana07g001075,Capana10g001523,Capana10g000457,Capana04g000205,Capana05g002143,Capana08g000966,Capana08g002323,Capana12g002362,Capana09g000116,Capana12g002277,Capana12g001763,Capana00g000107,Capana03g004110,Capana12g002363,Capana04g001414,Capana05g000786,Capana00g002455,Capana09g000114,Capana08g002333,Capana08g001959,Capana04g001023,Capana11g002131,Capana05g002461,Capana02g002655,Capana07g002146,Capana12g002722,Capana04g001202,Capana04g001031,Capana06g000316,Capana03g004262,Capana12g002367,Capana05g000617,Capana08g002335,Capana01g002816,Capana11g000305,Capana07g002112,Capana05g000073,Capana12g002720,Capana02g001405,Capana12g002127,Capana09g002219,Capana10g001978,Capana00g002863,Capana10g001980,Capana07g001017,Capana07g001095,Capana08g000967,Capana11g000204,Capana12g002364,Capana12g002374,Capana09g002278,Capana03g003742,Capana02g000041,Capana11g001934,Capana12g000736,Capana05g002486,Capana07g002118,Capana00g003080,Capana02g002766,Capana05g000613,Capana12g002285,Capana04g001024,Capana05g000075,Capana12g000373,Capana00g004626,Capana07g001097,Capana07g001076,Capana08g000968,Capana12g002717,Capana12g002286,Capana12g000738,Capana12g002215,Capana03g000917,Capana03g000983,Capana12g002293,Capana09g002220,Capana10g001519,Capana08g000804,Capana05g000070,Capana02g000042,Capana12g002366,Capana03g004376,Capana03g000135,Capana12g002365,Capana06g001526,Capana11g000165,Capana01g001898,Capana04g000403	PGSC0003DMP400025747,PGSC0003DMP400021192,PGSC0003DMP400052686,PGSC0003DMP400048431,PGSC0003DMP400014036,PGSC0003DMP400020708,PGSC0003DMP400051524,PGSC0003DMP400036303,PGSC0003DMP400022421,PGSC0003DMP400060409,PGSC0003DMP400068850,PGSC0003DMP400022273,PGSC0003DMP400045694,PGSC0003DMP400032129,PGSC0003DMP400044880,PGSC0003DMP400028166,PGSC0003DMP400067431,PGSC0003DMP400047292,PGSC0003DMP400027048,PGSC0003DMP400016632,PGSC0003DMP400065467,PGSC0003DMP400028288,PGSC0003DMP400032130,PGSC0003DMP400030020,PGSC0003DMP400015027,PGSC0003DMP400050733,PGSC0003DMP400026305,PGSC0003DMP400051103,PGSC0003DMP400036297,PGSC0003DMP400022493,PGSC0003DMP400050887,PGSC0003DMP400040379,PGSC0003DMP400016635,PGSC0003DMP400028291,PGSC0003DMP400021191,PGSC0003DMP400019479,PGSC0003DMP400022494,PGSC0003DMP400057793,PGSC0003DMP400046750,PGSC0003DMP400024367,PGSC0003DMP400046748,PGSC0003DMP400044882,PGSC0003DMP400053694,PGSC0003DMP400052994,PGSC0003DMP400020709,PGSC0003DMP400048430,PGSC0003DMP400007999,PGSC0003DMP400055553,PGSC0003DMP400056776,PGSC0003DMP400051374,PGSC0003DMP400041068,PGSC0003DMP400014315,PGSC0003DMP400019106,PGSC0003DMP400002031,PGSC0003DMP400014314,PGSC0003DMP400037746,PGSC0003DMP400047278,PGSC0003DMP400032083,PGSC0003DMP400047294,PGSC0003DMP400008080,PGSC0003DMP400028165,PGSC0003DMP400050730,PGSC0003DMP400063636,PGSC0003DMP400047139,PGSC0003DMP400036360,PGSC0003DMP400044887,PGSC0003DMP400054757,PGSC0003DMP400034516,PGSC0003DMP400033873,PGSC0003DMP400051968,PGSC0003DMP400051004,PGSC0003DMP400026869,PGSC0003DMP400036295,PGSC0003DMP400050729,PGSC0003DMP400047141,PGSC0003DMP400051376,PGSC0003DMP400019480,PGSC0003DMP400014318,PGSC0003DMP400057770,PGSC0003DMP400047765,PGSC0003DMP400009677,PGSC0003DMP400021193,PGSC0003DMP400042615,PGSC0003DMP400051373,PGSC0003DMP400057487,PGSC0003DMP400014383,PGSC0003DMP400036305,PGSC0003DMP400053297,PGSC0003DMP400022212,PGSC0003DMP400063066,PGSC0003DMP400008269,PGSC0003DMP400041069,PGSC0003DMP400049163,PGSC0003DMP400000235,PGSC0003DMP400013803,PGSC0003DMP400059802,PGSC0003DMP400053656,PGSC0003DMP400051294,PGSC0003DMP400046156,PGSC0003DMP400051967,PGSC0003DMP400007969,PGSC0003DMP400036359,PGSC0003DMP400044886,PGSC0003DMP400047199,PGSC0003DMP400066892,PGSC0003DMP400051106,PGSC0003DMP400014037,PGSC0003DMP400050732,PGSC0003DMP400029036,PGSC0003DMP400019477,PGSC0003DMP400044883,PGSC0003DMP400016633,PGSC0003DMP400013946,PGSC0003DMP400046751,PGSC0003DMP400068598,PGSC0003DMP400052806,PGSC0003DMP400053659,PGSC0003DMP400037610,PGSC0003DMP400046682,PGSC0003DMP400019481,PGSC0003DMP400059944,PGSC0003DMP400037747,PGSC0003DMP400053693,PGSC0003DMP400053692,PGSC0003DMP400058080,PGSC0003DMP400063180,PGSC0003DMP400053654,PGSC0003DMP400027607,PGSC0003DMP400051377,PGSC0003DMP400049266,PGSC0003DMP400044881,PGSC0003DMP400047140,PGSC0003DMP400008270,PGSC0003DMP400036361,PGSC0003DMP400017682,PGSC0003DMP400030574,PGSC0003DMP400051382,PGSC0003DMP400019563,PGSC0003DMP400051110,PGSC0003DMP400057474,PGSC0003DMP400010409,PGSC0003DMP400020335,PGSC0003DMP400029312,PGSC0003DMP400022274,PGSC0003DMP400040441,PGSC0003DMP400037371,PGSC0003DMP400030019,PGSC0003DMP400037609,PGSC0003DMP400037741,PGSC0003DMP400016844,PGSC0003DMP400024069,PGSC0003DMP400033871,PGSC0003DMP400022211,PGSC0003DMP400047135,PGSC0003DMP400037398,PGSC0003DMP400053655,PGSC0003DMP400051966,PGSC0003DMP400027333,PGSC0003DMP400006944,PGSC0003DMP400066253,PGSC0003DMP400028067,PGSC0003DMP400013947,PGSC0003DMP400028164,PGSC0003DMP400053295,PGSC0003DMP400027334,PGSC0003DMP400013948,PGSC0003DMP400055562,PGSC0003DMP400053298,PGSC0003DMP400056736,PGSC0003DMP400037372,PGSC0003DMP400034131,PGSC0003DMP400051380,PGSC0003DMP400029912,PGSC0003DMP400020813,PGSC0003DMP400036294,PGSC0003DMP400044862,PGSC0003DMP400019482,PGSC0003DMP400030151,PGSC0003DMP400046749,PGSC0003DMP400053689,PGSC0003DMP400011906,PGSC0003DMP400064222,PGSC0003DMP400053691,PGSC0003DMP400064336,PGSC0003DMP400051109,PGSC0003DMP400007971,PGSC0003DMP400014033,PGSC0003DMP400051111,PGSC0003DMP400051108,PGSC0003DMP400037742,PGSC0003DMP400040141,PGSC0003DMP400034132,PGSC0003DMP400028286,PGSC0003DMP400014032,PGSC0003DMP400022422,PGSC0003DMP400014034,PGSC0003DMP400045693,PGSC0003DMP400060321,PGSC0003DMP400008049,PGSC0003DMP400050731,PGSC0003DMP400028162,PGSC0003DMP400061893,PGSC0003DMP400042614,PGSC0003DMP400022515,PGSC0003DMP400051379,PGSC0003DMP400051104,PGSC0003DMP400016833,PGSC0003DMP400024068,PGSC0003DMP400023996,PGSC0003DMP400022492,PGSC0003DMP400051293,PGSC0003DMP400034154,PGSC0003DMP400050634,PGSC0003DMP400027046,PGSC0003DMP400000148,PGSC0003DMP400031481,PGSC0003DMP400037681,PGSC0003DMP400049948,PGSC0003DMP400003788,PGSC0003DMP400060380,PGSC0003DMP400064447,PGSC0003DMP400014035,PGSC0003DMP400016835,PGSC0003DMP400036304,PGSC0003DMP400036306,PGSC0003DMP400036351,PGSC0003DMP400005305,PGSC0003DMP400036296,PGSC0003DMP400008081,PGSC0003DMP400026270,PGSC0003DMP400016636,PGSC0003DMP400047138,PGSC0003DMP400006893,PGSC0003DMP400040142,PGSC0003DMP400019483,PGSC0003DMP400059339,PGSC0003DMP400062125,PGSC0003DMP400057677,PGSC0003DMP400037622,PGSC0003DMP400023994,PGSC0003DMP400027047,PGSC0003DMP400010581,PGSC0003DMP400031480,PGSC0003DMP400022516,PGSC0003DMP400039567,PGSC0003DMP400028290,PGSC0003DMP400042123,PGSC0003DMP400064933,PGSC0003DMP400023212,PGSC0003DMP400033872,PGSC0003DMP400037399,PGSC0003DMP400016634,PGSC0003DMP400047475,PGSC0003DMP400053299,PGSC0003DMP400044885,PGSC0003DMP400016834,PGSC0003DMP400051969,PGSC0003DMP400040442,PGSC0003DMP400049885,PGSC0003DMP400034517,PGSC0003DMP400024527,PGSC0003DMP400015119,PGSC0003DMP400021142,PGSC0003DMP400047402,PGSC0003DMP400033891,PGSC0003DMP400024067,PGSC0003DMP400044888,PGSC0003DMP400051107,PGSC0003DMP400017681,PGSC0003DMP400066256,PGSC0003DMP400021343,PGSC0003DMP400016832,PGSC0003DMP400028167,PGSC0003DMP400020972,PGSC0003DMP400021275,PGSC0003DMP400032084,PGSC0003DMP400014316,PGSC0003DMP400058786,PGSC0003DMP400060353,PGSC0003DMP400028163,PGSC0003DMP400026870,PGSC0003DMP400063307,PGSC0003DMP400060371,PGSC0003DMP400039271,PGSC0003DMP400020829,PGSC0003DMP400029911,PGSC0003DMP400032681,PGSC0003DMP400010634,PGSC0003DMP400039566,PGSC0003DMP400049949,PGSC0003DMP400053658,PGSC0003DMP400060108,PGSC0003DMP400055554,PGSC0003DMP400042613,PGSC0003DMP400031056,PGSC0003DMP400015101,PGSC0003DMP400037619,PGSC0003DMP400047473,PGSC0003DMP400035859,PGSC0003DMP400051375,PGSC0003DMP400029855,PGSC0003DMP400017683,PGSC0003DMP400030152,PGSC0003DMP400053296,PGSC0003DMP400000854,PGSC0003DMP400052992,PGSC0003DMP400054617,PGSC0003DMP400053657,PGSC0003DMP400051998,PGSC0003DMP400014419,PGSC0003DMP400053835,PGSC0003DMP400040380,PGSC0003DMP400060542,PGSC0003DMP400037003,PGSC0003DMP400056986,PGSC0003DMP400027307,PGSC0003DMP400056020,PGSC0003DMP400014317,PGSC0003DMP400047137,PGSC0003DMP400000147,PGSC0003DMP400029035,PGSC0003DMP400053688,PGSC0003DMP400000146,PGSC0003DMP400008079,PGSC0003DMP400047293,PGSC0003DMP400033971,PGSC0003DMP400024065,PGSC0003DMP400030744,PGSC0003DMP400047404,PGSC0003DMP400006945,PGSC0003DMP400029854,PGSC0003DMP400045695,PGSC0003DMP400033188,PGSC0003DMP400008082,PGSC0003DMP400061557,PGSC0003DMP400020336,PGSC0003DMP400037620,PGSC0003DMP400067918,PGSC0003DMP400028068,PGSC0003DMP400047472,PGSC0003DMP400044282,PGSC0003DMP400019478,PGSC0003DMP400052993,PGSC0003DMP400028287,PGSC0003DMP400037680,PGSC0003DMP400016831,PGSC0003DMP400016637,PGSC0003DMP400047200,PGSC0003DMP400037396,PGSC0003DMP400028289,PGSC0003DMP400000855,PGSC0003DMP400047407,PGSC0003DMP400036600,PGSC0003DMP400044889,PGSC0003DMP400047535	Sopen11g005560.1,Sopen05g032290.1,Sopen12g004820.1,Sopen05g034240.1,Sopen04g008240.1,Sopen08g002350.1,Sopen06g029240.1,Sopen12g029720.1,Sopen04g032620.1,Sopen03g027440.1,Sopen05g002170.1,Sopen12g032650.1,Sopen10g030600.1,Sopen02g017320.1,Sopen04g005250.2,Sopen07g022610.1,Sopen11g003240.1,Sopen01g039510.1,Sopen06g029260.1,Sopen07g022730.1,Sopen01g047870.1,Sopen12g033330.1,Sopen07g022650.1,Sopen12g004810.1,Sopen09g035380.1,Sopen05g031380.1,Sopen12g005760.1,Sopen04g033600.1,Sopen07g022700.1,Sopen11g005580.1,Sopen04g035460.1,Sopen00g005820.1,Sopen01g049950.1,Sopen04g008270.1,Sopen12g033350.1,Sopen11g026400.1,Sopen12g030590.1,Sopen11g003310.1,Sopen05g001960.1,Sopen02g019180.1,Sopen12g032640.1,Sopen04g008340.1,Sopen01g002660.1,Sopen04g003460.1,Sopen11g005550.1,Sopen07g023080.1,Sopen08g017830.1,Sopen10g035620.1,Sopen05g002160.1,Sopen10g029990.1,Sopen10g035270.1,Sopen10g034720.1,Sopen07g023070.1,Sopen10g033300.1,Sopen06g029250.1,Sopen10g035250.1,Sopen05g029750.1,Sopen04g008250.1,Sopen11g003260.1,Sopen02g017310.1,Sopen10g004650.1,Sopen06g033680.1,Sopen10g034350.1,Sopen12g021770.1,Sopen05g006500.1,Sopen04g005250.1,Sopen11g003340.1,Sopen03g011880.1,Sopen01g029230.1,Sopen01g027630.1,Sopen07g002900.1,Sopen09g035400.1,Sopen10g029980.1,Sopen10g030550.1,Sopen11g023940.1,Sopen12g030610.1,Sopen11g005590.1,Sopen01g027640.1,Sopen02g015890.1,Sopen11g003320.1,Sopen03g021610.1,Sopen06g033690.1,Sopen12g004800.1,Sopen10g030570.2,Sopen08g002330.1,Sopen03g027450.1,Sopen01g050000.1,Sopen06g032940.1,Sopen02g035970.1,Sopen07g023050.1,Sopen00g004090.1,Sopen12g029740.1,Sopen04g003430.1,Sopen08g004930.1,Sopen03g019280.1,Sopen04g016640.1,Sopen10g029970.1,Sopen03g020960.1,Sopen12g004790.1,Sopen09g032510.1,Sopen01g049960.1,Sopen04g008280.1,Sopen07g022590.1,Sopen04g008300.1,Sopen09g002900.1,Sopen02g014040.1,Sopen03g023450.1,Sopen04g003480.1,Sopen02g035990.1,Sopen07g023000.1,Sopen01g039370.1,Sopen10g035260.1,Sopen12g032700.1,Sopen09g002850.1,Sopen07g022710.1,Sopen07g002820.1,Sopen10g034730.1,Sopen11g003330.1,Sopen08g025630.1,Sopen00g008610.1,Sopen01g047860.1,Sopen09g036010.1,Sopen03g021370.1,Sopen03g033790.1,Sopen05g006490.1,Sopen06g021560.1,Sopen09g002860.1,Sopen11g003300.1,Sopen12g032660.1,Sopen01g027540.1,Sopen04g003450.1,Sopen12g033340.1,Sopen03g021390.1,Sopen10g030570.1,Sopen10g030560.1,Sopen11g005570.1,Sopen05g007500.1,Sopen00g004100.1,Sopen08g025660.1,Sopen08g004700.1,Sopen12g030600.1,Sopen01g049760.1,Sopen11g003270.1,Sopen10g005390.1,Sopen06g021520.1,Sopen00g009980.1,Sopen02g030340.1,Sopen08g002310.1,Sopen12g021740.1,Sopen12g031970.1,Sopen06g021510.1,Sopen00g005840.1,Sopen01g049980.1,Sopen07g004110.1,Sopen09g035390.1,Sopen08g002320.1,Sopen07g022620.1,Sopen06g002550.1,Sopen09g003340.1,Sopen11g002040.1,Sopen03g027430.1,Sopen07g022720.1,Sopen11g003280.1,Sopen05g033790.1,Sopen04g036500.1,Sopen05g031910.1,Sopen01g049990.1,Sopen02g014030.1,Sopen00g008620.1,Sopen08g002340.1,Sopen01g038760.1,Sopen09g032530.1,Sopen04g003440.1,Sopen12g029730.1,Sopen10g032910.1,Sopen05g031620.1,Sopen11g026410.1	SPI06g05099.1,SPI05g00943.1,SPI10g04368.1,SPI06g04708.1,SPI01g08403.1,SPI04g00616.1,SPI04g04523.1,SPI06g03887.1,SPI04g05297.1,SPI10g04331.1,SPI03g03231.1,SPI05g04389.1,SPI02g02316.1,SPI07g04540.1,SPI05g04593.1,SPI12g04325.1,SPI01g07291.1,SPI02g04453.1,SPI04g01183.1,SPI05g02570.1,SPI10g04178.1,SPI10g03857.1,SPI07g04590.1,SPI09g04943.1,SPI08g00225.1,SPI08g00586.1,SPI02g02713.1,SPI11g00492.1,SPI12g04323.1,SPI01g08397.1,SPI10g03790.1,SPI05g04927.1,SPI07g04536.1,SPI10g04370.1,SPI05g01834.1,SPI07g04588.1,SPI01g08396.1,SPI12g00597.1,SPI06g05177.1,SPI09g04880.1,SPI12g04542.1,SPI08g00868.1,SPI01g04477.1,SPI01g08161.1,SPI12g03989.1,SPI01g05773.1,SPI12g04998.1,SPI08g00616.1,SPI01g08159.1,SPI01g05774.1,SPI07g04589.1,SPI12g04914.1,SPI07g04543.1,SPI07g04333.1,SPI05g00801.1,SPI07g01035.1,SPI10g03789.1,SPI07g04552.1,SPI01g08377.1,SPI06g00229.1,SPI07g00374.1,SPI05g02569.1,SPI05g04618.1,SPI11g00745.1,SPI05g00216.1,SPI11g00498.1,SPI02g02100.1,SPI09g04547.1,SPI12g04540.1,SPI05g04876.1,SPI11g00490.1,SPI01g07305.1,SPI12g04828.1,SPI10g04461.1,SPI06g01322.1,SPI08g00223.1,SPI03g03237.1,SPI04g02152.1,SPI03g02284.1,SPI07g00384.1,SPI05g00798.1,SPI09g00368.1,SPI01g05772.1,SPI09g04544.1,SPI08g00224.1,SPI01g04476.1,SPI12g00868.1,SPI03g03229.1,SPI10g00498.1,SPI12g04650.1,SPI12g04651.1,SPI06g03884.1,SPI07g04326.1,SPI08g05814.1,SPI10g03791.1,SPI03g04719.1,SPI12g04909.1,SPI04g01175.1,SPI03g02099.1,SPI03g03179.1,SPI03g03228.1,SPI04g04524.1,SPI11g00744.1,SPI07g04553.1,SPI11g03454.1,SPI05g02580.1,SPI08g00222.1,SPI10g04220.1,SPI04g00432.1,SPI05g04651.1,SPI12g04997.1,SPI01g08402.1,SPI01g08160.1,SPI11g03796.1,SPI04g00431.1,SPI06g01321.1,SPI07g04584.1,SPI10g00599.1,SPI04g01178.1,SPI11g00741.1,SPI03g03178.1,SPI07g04547.1,SPI11g00496.1,SPI11g00362.1,SPI04g05092.1,SPI12g04910.1,SPI06g01325.1,SPI11g00493.1,SPI12g04317.1,SPI04g01179.1,SPI01g05991.1,SPI03g03137.1,SPI11g00494.1,SPI04g04529.1,SPI04g05006.1,SPI10g04427.1,SPI09g00304.1,SPI03g03463.1,SPI04g04526.1,SPI12g00598.1,SPI12g00595.1,SPI07g04534.1,SPI02g04455.1,SPI11g00495.1,SPI01g05777.1,SPI01g05780.1,SPI07g00566.1,SPI08g00869.1,SPI01g07801.1,SPI04g05398.1,SPI09g02902.1,SPI05g00217.1,SPI08g04599.1,SPI01g05778.1,SPI07g04535.1,SPI07g04581.1,SPI04g01903.1,SPI06g01324.1,SPI06g03883.1,SPI12g00596.1,SPI03g03903.1,SPI03g03232.1,SPI07g04585.1,SPI05g04702.1,SPI01g05779.1,SPI10g04371.1,SPI05g02930.1,SPI11g03794.1,SPI12g04539.1,SPI07g04533.1,SPI12g00599.1,SPI11g00740.1,SPI01g05775.1,SPI01g08405.1,SPI10g03855.1,SPI11g00360.1,SPI10g03856.1,SPI12g04319.1,SPI02g02098.1,SPI02g03892.1,SPI04g00985.1,SPI04g04525.1,SPI04g01180.1,SPI11g00489.1,SPI05g02585.1,SPI01g00369.1,SPI10g04426.1,SPI04g00434.1	Solyc05g053400.3.1,Solyc01g107825.1.1,Solyc09g008090.3.1,Solyc10g083440.2.1,Solyc10g079930.1.1,Solyc04g008320.3.1,Solyc06g076550.4.1,Solyc09g059170.3.1,Solyc12g009940.2.1,Solyc12g014010.2.1,Solyc12g096080.2.1,Solyc01g107850.4.1,Solyc01g066100.2.1,Solyc12g042620.1.1,Solyc10g079350.3.1,Solyc01g066140.2.1,Solyc12g096830.2.1,Solyc11g007370.3.1,Solyc08g150105.1.1,Solyc07g043025.1.1,Solyc12g057060.2.1,Solyc01g095760.3.1,Solyc08g006330.3.1,Solyc04g016220.4.1,Solyc05g052870.4.1,Solyc05g010710.3.1,Solyc05g055343.2.1,Solyc09g098080.4.1,Solyc06g082300.4.1,Solyc03g078710.3.1,Solyc05g053120.1.1,Solyc12g009930.3.1,Solyc01g107810.2.1,Solyc03g078780.3.1,Solyc11g007390.1.1,Solyc01g107780.4.1,Solyc01g049790.1.1,Solyc07g043150.1.1,Solyc10g083860.3.1,Solyc09g008083.1.1,Solyc07g043500.1.1,Solyc07g043410.1.1,Solyc12g088690.2.1,Solyc11g006100.1.1,Solyc04g082860.3.1,Solyc10g009580.4.1,Solyc04g016230.4.1,Solyc11g007380.1.1,Solyc01g067350.4.1,Solyc09g008050.3.1,Solyc03g078690.4.1,Solyc05g012670.2.1,Solyc01g105350.3.1,Solyc06g072870.1.1,Solyc04g008330.1.1,Solyc03g078810.4.1,Solyc03g078730.3.1,Solyc01g105360.3.1,Solyc07g043170.4.1,Solyc12g088710.1.1,Solyc12g009910.1.1,Solyc11g010780.1.1,Solyc09g092490.3.1,Solyc03g058370.2.1,Solyc12g098600.1.1,Solyc10g085240.1.1,Solyc12g096870.1.1,Solyc04g074390.3.1,Solyc08g014050.2.1,Solyc08g006400.1.1,Solyc12g057080.2.1,Solyc07g043060.1.1,Solyc11g007480.1.1,Solyc11g010735.1.1,Solyc02g062990.1.1,Solyc12g096820.1.1,Solyc02g063000.4.1,Solyc03g078490.4.1,Solyc10g008860.1.1,Solyc07g043490.1.1,Solyc04g080010.4.1,Solyc09g092480.1.1,Solyc01g006670.2.1,Solyc06g062290.1.1,Solyc12g009920.1.1,Solyc03g078240.3.1,Solyc10g079340.2.1,Solyc01g066130.1.1,Solyc10g085230.2.1,Solyc12g098580.1.1,Solyc02g091370.2.1,Solyc07g008230.1.1,Solyc10g085870.1.1,Solyc02g085660.1.1,Solyc11g010810.1.1,Solyc12g057070.2.1,Solyc08g006370.1.1,Solyc12g098590.3.1,Solyc04g014990.3.1,Solyc07g006800.1.1,Solyc01g066115.1.1,Solyc07g043450.3.1,Solyc05g010685.1.1,Solyc04g081830.1.1,Solyc09g008060.4.1,Solyc10g079950.2.1,Solyc04g016200.1.1,Solyc10g084890.3.1,Solyc11g066670.1.1,Solyc11g007450.3.1,Solyc04g074380.4.1,Solyc11g007500.2.1,Solyc01g107560.3.1,Solyc01g066110.2.1,Solyc12g088700.1.1,Solyc03g114710.4.1,Solyc09g089585.1.1,Solyc10g085860.1.1,Solyc08g006390.1.1,Solyc10g085280.1.1,Solyc06g007650.2.1,Solyc03g078500.3.1,Solyc08g006360.3.1,Solyc10g079940.1.1,Solyc12g049610.1.1,Solyc10g079320.3.1,Solyc08g006410.4.1,Solyc02g091350.4.1,Solyc05g006150.1.1,Solyc11g007460.1.1,Solyc02g065670.3.1,Solyc03g071850.1.1,Solyc07g043480.1.1,Solyc07g043100.1.1,Solyc01g066145.1.1,Solyc04g016210.4.1,Solyc11g066680.1.1,Solyc11g007440.1.1,Solyc12g042600.2.1,Solyc05g006140.1.1,Solyc10g085880.1.1,Solyc05g055840.4.1,Solyc04g026160.3.1,Solyc11g010813.1.1,Solyc03g096200.1.1,Solyc01g066090.3.1,Solyc04g074350.3.1,Solyc11g007490.1.1,Solyc03g078800.2.1,Solyc01g107820.2.1,Solyc04g008310.3.1,Solyc05g021070.2.1,Solyc05g005930.3.1,Solyc11g010740.3.1,Solyc04g074340.3.1,Solyc11g010790.1.1,Solyc02g070020.1.1,Solyc07g043160.1.1,Solyc08g006350.3.1,Solyc05g051360.1.1,Solyc01g049760.1.1,Solyc01g066150.1.1,Solyc10g079980.1.1,Solyc11g010760.1.1,Solyc04g074330.3.1,Solyc01g095620.3.1,Solyc04g026170.3.1,Solyc03g078720.4.1,Solyc11g006110.1.1,Solyc03g078770.3.1,Solyc07g006720.4.1,Solyc12g049612.1.1,Solyc08g077080.1.1,Solyc03g083650.4.1,Solyc11g010750.1.1,Solyc10g079330.2.1,Solyc07g043110.2.1,Solyc07g043050.1.1,Solyc09g008510.1.1,Solyc04g016190.1.1,Solyc01g066080.3.1,Solyc01g066120.3.1,Solyc04g074370.2.1,Solyc08g062220.3.1,Solyc11g010800.2.1,Solyc11g007350.1.1,Solyc06g072880.2.1,Solyc11g007470.1.1,Solyc04g079050.3.1,Solyc04g074360.3.1,Solyc05g053820.3.1,Solyc06g062330.3.1,Solyc10g086240.2.1,Solyc04g010110.3.1,Solyc09g092500.1.1,Solyc07g043020.1.1,Solyc08g016260.1.1	SLYcer02g05535.1,SLYcer01g07101.1,SLYcer07g01018.1,SLYcer01g08149.1,SLYcer01g08168.1,SLYcer05g00892.1,SLYcer05g01386.1,SLYcer04g01444.1,SLYcer09g04890.1,SLYcer11g00601.1,SLYcer08g00646.1,SLYcer08g00892.1,SLYcer08g00291.1,SLYcer03g03147.1,SLYcer11g00343.1,SLYcer10g02573.1,SLYcer01g05611.1,SLYcer10g05691.1,SLYcer01g07469.1,SLYcer08g00289.1,SLYcer06g01187.1,SLYcer04g05887.1,SLYcer02g03809.1,SLYcer01g05810.1,SLYcer06g05287.1,SLYcer10g02049.1,SLYcer01g05613.1,SLYcer01g05614.1,SLYcer07g03872.1,SLYcer11g03388.1,SLYcer04g00460.1,SLYcer11g00605.1,SLYcer03g03079.1,SLYcer08g00290.1,SLYcer03g03377.1,SLYcer07g03606.1,SLYcer03g03031.1,SLYcer06g04011.1,SLYcer12g04586.1,SLYcer01g07102.1,SLYcer01g05610.1,SLYcer12g00567.1,SLYcer01g08169.1,SLYcer03g03137.1,SLYcer05g00764.1,SLYcer03g03846.1,SLYcer08g00893.1,SLYcer05g02007.1,SLYcer10g05797.1,SLYcer12g05041.1,SLYcer02g03423.1,SLYcer11g00602.1,SLYcer02g03218.1,SLYcer05g01387.1,SLYcer12g00819.1,SLYcer07g03871.1,SLYcer09g02973.1,SLYcer11g00339.1,SLYcer10g02106.1,SLYcer04g05050.1,SLYcer10g02098.1,SLYcer10g02257.1,SLYcer12g04361.1,SLYcer09g04887.1,SLYcer07g03879.1,SLYcer11g00344.1,SLYcer12g05039.1,SLYcer12g04358.1,SLYcer12g00565.1,SLYcer12g04869.1,SLYcer10g05370.1,SLYcer07g03868.1,SLYcer12g04692.1,SLYcer07g03839.1,SLYcer04g05509.1,SLYcer11g00342.1,SLYcer09g00396.1,SLYcer11g00600.1,SLYcer11g00352.1,SLYcer03g03078.1,SLYcer01g05618.1,SLYcer10g02354.1,SLYcer07g03824.1,SLYcer11g00206.1,SLYcer04g05052.1,SLYcer06g01198.1,SLYcer10g05371.1,SLYcer04g00640.1,SLYcer03g04662.1,SLYcer04g01445.1,SLYcer06g01195.1,SLYcer12g00568.1,SLYcer04g00459.1,SLYcer04g05049.1,SLYcer07g03876.1,SLYcer11g00204.1,SLYcer07g03821.1,SLYcer10g05302.1,SLYcer06g04849.1,SLYcer05g00196.1,SLYcer01g07054.1,SLYcer11g00603.1,SLYcer07g03831.1,SLYcer04g00462.1,SLYcer10g02379.1,SLYcer10g05835.1,SLYcer03g03138.1,SLYcer04g02374.1,SLYcer11g03730.1,SLYcer07g00513.1,SLYcer02g05533.1,SLYcer10g05649.1,SLYcer03g01973.1,SLYcer07g03615.1,SLYcer01g08173.1,SLYcer10g05369.1,SLYcer08g05923.1,SLYcer04g05597.1,SLYcer07g00305.1,SLYcer12g04691.1,SLYcer11g00349.1,SLYcer06g04015.1,SLYcer06g05212.1,SLYcer07g03827.1,SLYcer09g05256.1,SLYcer11g03732.1,SLYcer10g05368.1,SLYcer01g07041.1,SLYcer09g05203.1,SLYcer04g01443.1,SLYcer11g00346.1,SLYcer04g05054.1,SLYcer10g05300.1,SLYcer06g04847.1,SLYcer01g05616.1,SLYcer08g04695.1,SLYcer10g05892.1,SLYcer04g01449.1,SLYcer07g03878.1,SLYcer11g00351.1,SLYcer05g02002.1,SLYcer01g08176.1,SLYcer06g00452.1,SLYcer04g01440.1,SLYcer01g04346.1,SLYcer11g00347.1,SLYcer05g02349.1,SLYcer08g00615.1,SLYcer10g05891.1,SLYcer03g02155.1,SLYcer07g03822.1,SLYcer05g00195.1,SLYcer07g03823.1,SLYcer04g05783.1,SLYcer12g04034.1,SLYcer09g00454.1,SLYcer03g03131.1,SLYcer12g04955.1,SLYcer12g04951.1,SLYcer10g05301.1,SLYcer12g00566.1,SLYcer01g08174.1,SLYcer06g04012.1,SLYcer03g03133.1,SLYcer01g05617.1,SLYcer03g03146.1,SLYcer07g03838.1,SLYcer04g01446.1,SLYcer12g04035.1,SLYcer10g00732.1,SLYcer10g00637.1,SLYcer01g05615.1,SLYcer12g04585.1,SLYcer02g04967.1,SLYcer07g03605.1,SLYcer12g05038.1,SLYcer11g00348.1,SLYcer02g03215.1,SLYcer07g00315.1,SLYcer10g05927.1,SLYcer04g02118.1,SLYcer01g05612.1,SLYcer04g05051.1,SLYcer11g00350.1,SLYcer11g00345.1,SLYcer01g04347.1	Capang08g000096,Capang00g000467,Capang01g004883,Capang05g000523,Capang05g000347,Capang05g000349,Capang12g002038,Capang05g001739,Capang10g001995,Capang10g001296,Capang06g001447,Capang05g001875,Capang05g000062,Capang03g004193,Capang01g001398,Capang09g001789,Capang03g002143,Capang04g001566,Capang05g000382,Capang02g000982,Capang03g004071,Capang05g001258,Capang01g004879,Capang12g002360,Capang09g001733,Capang04g000185,Capang12g000308,Capang07g000025,Capang10g002121,Capang04g001563,Capang11g000619,Capang10g002103,Capang00g005403,Capang12g000237,Capang05g000064,Capang00g005185,Capang04g000968,Capang05g001538,Capang07g002141,Capang09g001728,Capang04g000959,Capang04g001564,Capang01g004878,Capang00g001031,Capang10g001744,Capang05g000672,Capang07g000516,Capang00g004107,Capang03g003960,Capang00g000210,Capang02g000983,Capang11g000201,Capang04g000958,Capang12g002356,Capang10g001290,Capang01g002486,Capang07g002168,Capang12g002039,Capang10g001388,Capang00g004499,Capang05g000063,Capang12g001988,Capang03g002936,Capang00g005228,Capang09g001257,Capang07g000270,Capang12g000618,Capang05g000095,Capang12g001966,Capang05g000676,Capang03g004346,Capang00g004496,Capang10g001998,Capang02g001829,Capang09g000115,Capang03g003955,Capang03g000129,Capang02g002383,Capang07g001668,Capang04g000373,Capang10g001745,Capang09g000114,Capang11g000200,Capang05g000408,Capang10g002000,Capang12g001816,Capang04g000970,Capang02g002490,Capang10g001294,Capang02g003061,Capang11g001820,Capang05g001708,Capang07g002142,Capang04g000784,Capang05g002037,Capang12g000603,Capang12g001974,Capang06g000286,Capang02g000047,Capang10g001289,Capang05g000677,Capang08g000939,Capang00g003199,Capang01g003546,Capang07g001101,Capang00g000180,Capang01g004884,Capang00g003504,Capang11g002051,Capang12g000310,Capang00g003364,Capang00g000469,Capang02g002384,Capang10g001996,Capang05g000522,Capang04g000022,Capang12g002042,Capang01g004521,Capang04g001129,Capang06g002720,Capang12g002412,Capang00g000257,Capang08g001328,Capang01g003615,Capang12g002036,Capang01g003403,Capang10g001223,Capang03g003954,Capang10g001660,Capang02g001827,Capang12g002361,Capang10g001393,Capang01g001614,Capang01g004873,Capang12g002035,Capang09g001727,Capang01g004882,Capang06g000722,Capang05g000670,Capang00g002837,Capang03g003956,Capang07g001146,Capang01g004881,Capang05g000678,Capang12g001963,Capang04g000967,Capang00g005238,Capang04g000961,Capang04g001568,Capang07g001158,Capang12g000619,Capang01g004605,Capang00g002838,Capang12g001968,Capang12g002358,Capang00g002531,Capang10g001444,Capang12g001967,Capang12g001410,Capang06g002663,Capang06g000721,Capang12g000309,Capang12g000604,Capang12g001954,Capang04g000960,Capang00g001522,Capang04g001351,Capang01g004604,Capang01g001110,Capang11g000620,Capang05g000679,Capang11g000281,Capang02g001239,Capang12g001989,Capang02g002491,Capang04g001128,Capang12g002168,Capang07g000041,Capang04g000962,Capang01g004872,Capang00g000785,Capang10g002102,Capang07g001837,Capang00g004848,Capang12g002044,Capang03g000856,Capang12g001990,Capang00g005439,Capang11g000165,Capang12g000617,Capang00g000055,Capang01g004877,Capang12g002362,Capang10g001746,Capang07g001128,Capang08g000891,Capang00g002497,Capang06g000723,Capang10g000352,Capang12g002041,Capang02g000771,Capang12g002357,Capang00g003640,Capang04g000966,Capang04g000144,Capang00g000575,Capang12g002037,Capang00g004422,Capang12g001899,Capang06g001441,Capang05g002006,Capang01g004603,Capang12g001955,Capang03g004194,Capang04g000775,Capang03g003957,Capang10g000232,Capang00g003365,Capang10g001291
OG27683	1640	7	Capana11g002098,Capana04g000853,Capana05g001437,Capana03g003845,Capana00g000982,Capana12g000078,Capana07g001228,Capana03g000789,Capana06g002697,Capana11g002386,Capana08g001286,Capana04g001060,Capana02g000155,Capana02g001664,Capana12g000076,Capana08g001914,Capana09g001472,Capana11g002127,Capana02g002236,Capana07g002498,Capana03g001370,Capana04g000029,Capana09g001850,Capana07g000486,Capana07g001230,Capana02g000765,Capana12g002459,Capana03g000810,Capana02g002074,Capana03g000924,Capana00g001917,Capana00g003971,Capana12g000434,Capana12g001860,Capana00g003442,Capana08g001050,Capana03g001424,Capana00g004603,Capana11g000727,Capana12g000678,Capana11g001545,Capana00g001977,Capana04g001355,Capana08g001597,Capana00g002085,Capana02g002171,Capana04g001411,Capana00g004298,Capana00g002423,Capana06g001789,Capana00g001723,Capana00g001635,Capana10g000420,Capana03g003122,Capana02g002741,Capana02g000789,Capana11g001851,Capana09g000478,Capana11g001893,Capana00g001975,Capana07g001804,Capana07g001512,Capana07g001864,Capana09g002403,Capana04g002206,Capana07g000161,Capana06g001470,Capana04g000766,Capana04g001505,Capana11g001586,Capana03g001509,Capana01g002085,Capana08g001038,Capana02g000176,Capana06g001798,Capana12g000134,Capana12g000927,Capana04g001487,Capana01g000622,Capana02g003331,Capana08g001453,Capana11g002103,Capana06g000805,Capana12g002222,Capana03g001547,Capana01g003471,Capana11g002117,Capana10g001995,Capana08g001462,Capana00g005026,Capana01g002359,Capana09g002428,Capana03g003748,Capana03g003808,Capana02g003695,Capana00g000279,Capana07g000160,Capana02g002388,Capana07g000544,Capana08g001391,Capana00g001037,Capana03g000646,Capana02g001583,Capana12g000102,Capana03g000860,Capana12g002769,Capana03g003891,Capana11g001361,Capana03g003336,Capana12g002636,Capana12g000392,Capana06g000193,Capana00g001399,Capana11g000707,Capana09g002435,Capana06g001067,Capana03g004362,Capana06g001806,Capana02g000712,Capana07g002402,Capana00g002268,Capana10g002228,Capana05g000602,Capana03g000741,Capana07g001797,Capana00g002903,Capana02g000156,Capana01g000619,Capana12g002169,Capana07g000008,Capana06g001797,Capana00g001978,Capana04g001016,Capana04g001225,Capana05g000009,Capana08g000949,Capana11g001127,Capana01g003294,Capana12g000679,Capana12g001891,Capana07g000301,Capana04g001506,Capana04g001503,Capana02g001589,Capana00g004435,Capana12g002665,Capana08g002721,Capana11g000249,Capana02g002242,Capana01g003324,Capana03g001002,Capana01g003472,Capana02g001327,Capana05g002239,Capana00g003190,Capana07g001172,Capana00g001674,Capana07g001800,Capana00g002425,Capana05g000066,Capana06g000238,Capana09g001559,Capana03g004099,Capana06g001796,Capana02g000428,Capana03g001508,Capana10g002445,Capana03g000606,Capana11g002105,Capana10g000419,Capana00g001913,Capana01g000382,Capana01g003463,Capana00g001345,Capana01g001440,Capana00g000351,Capana12g002110,Capana09g002240,Capana12g002109,Capana00g003822,Capana03g001282,Capana06g002019,Capana02g002701,Capana01g000688,Capana02g003298,Capana01g003793,Capana01g003319,Capana04g000865,Capana11g000506,Capana11g002308,Capana04g000810,Capana03g004361,Capana10g000416,Capana03g003329,Capana04g002550,Capana03g000466,Capana07g000271,Capana00g002848,Capana00g002326,Capana08g001656,Capana06g001791,Capana03g000809,Capana11g002182,Capana06g002693,Capana03g004333,Capana09g002060,Capana10g000292,Capana03g004360,Capana07g002158,Capana01g000639,Capana03g002744,Capana08g001442,Capana04g001544,Capana01g000854,Capana01g003016,Capana01g003808,Capana06g002020,Capana09g002018,Capana07g000607,Capana02g003291,Capana09g001159,Capana07g001805,Capana03g000304,Capana10g000451,Capana00g001965,Capana12g002860,Capana11g000726,Capana05g002472,Capana02g001515,Capana08g001118,Capana03g004319,Capana01g001383,Capana07g000321,Capana03g001507,Capana12g002341,Capana00g001636,Capana00g002301,Capana06g001792,Capana02g002064,Capana03g002087,Capana05g000913,Capana07g001886,Capana01g001598,Capana12g002865,Capana04g000359,Capana07g000148,Capana03g003635,Capana00g002854,Capana00g005025,Capana01g002444,Capana09g000475,Capana07g000288,Capana04g000994,Capana12g000100,Capana03g001042,Capana12g002829,Capana03g001592,Capana04g000233,Capana07g000287,Capana04g000811,Capana12g000140,Capana01g003489,Capana01g003285,Capana01g003795,Capana12g000412,Capana02g003299,Capana01g002191,Capana10g001764,Capana11g002137,Capana12g000101,Capana03g003810,Capana03g001591	PGSC0003DMP400052194,PGSC0003DMP400049264,PGSC0003DMP400021172,PGSC0003DMP400025594,PGSC0003DMP400030059,PGSC0003DMP400026646,PGSC0003DMP400031247,PGSC0003DMP400060635,PGSC0003DMP400049434,PGSC0003DMP400032766,PGSC0003DMP400003208,PGSC0003DMP400045191,PGSC0003DMP400008352,PGSC0003DMP400038181,PGSC0003DMP400045856,PGSC0003DMP400022902,PGSC0003DMP400009802,PGSC0003DMP400025658,PGSC0003DMP400038729,PGSC0003DMP400059436,PGSC0003DMP400018018,PGSC0003DMP400009514,PGSC0003DMP400050586,PGSC0003DMP400009801,PGSC0003DMP400034640,PGSC0003DMP400068537,PGSC0003DMP400035058,PGSC0003DMP400031327,PGSC0003DMP400060279,PGSC0003DMP400026801,PGSC0003DMP400035537,PGSC0003DMP400032228,PGSC0003DMP400045192,PGSC0003DMP400061459,PGSC0003DMP400037579,PGSC0003DMP400003209,PGSC0003DMP400031084,PGSC0003DMP400031670,PGSC0003DMP400007755,PGSC0003DMP400010933,PGSC0003DMP400023456,PGSC0003DMP400005321,PGSC0003DMP400044178,PGSC0003DMP400054739,PGSC0003DMP400053503,PGSC0003DMP400050954,PGSC0003DMP400003203,PGSC0003DMP400050953,PGSC0003DMP400044421,PGSC0003DMP400019413,PGSC0003DMP400023092,PGSC0003DMP400039154,PGSC0003DMP400024214,PGSC0003DMP400005763,PGSC0003DMP400049436,PGSC0003DMP400003207,PGSC0003DMP400024161,PGSC0003DMP400009395,PGSC0003DMP400062563,PGSC0003DMP400036756,PGSC0003DMP400009799,PGSC0003DMP400015604,PGSC0003DMP400036519,PGSC0003DMP400049973,PGSC0003DMP400045569,PGSC0003DMP400011651,PGSC0003DMP400009798,PGSC0003DMP400043006,PGSC0003DMP400038322,PGSC0003DMP400066446,PGSC0003DMP400050077,PGSC0003DMP400037560,PGSC0003DMP400057094,PGSC0003DMP400045021,PGSC0003DMP400032181,PGSC0003DMP400060767,PGSC0003DMP400027140,PGSC0003DMP400057575,PGSC0003DMP400011514,PGSC0003DMP400000128,PGSC0003DMP400021924,PGSC0003DMP400065103,PGSC0003DMP400055467,PGSC0003DMP400041382,PGSC0003DMP400068383,PGSC0003DMP400028047,PGSC0003DMP400025444,PGSC0003DMP400034639,PGSC0003DMP400042340,PGSC0003DMP400048302,PGSC0003DMP400031248,PGSC0003DMP400043046,PGSC0003DMP400031411,PGSC0003DMP400016598,PGSC0003DMP400028803,PGSC0003DMP400067706,PGSC0003DMP400038216,PGSC0003DMP400055563,PGSC0003DMP400026697,PGSC0003DMP400034671,PGSC0003DMP400065734,PGSC0003DMP400034245,PGSC0003DMP400008378,PGSC0003DMP400043032,PGSC0003DMP400056348,PGSC0003DMP400024162,PGSC0003DMP400030366,PGSC0003DMP400054273,PGSC0003DMP400015552,PGSC0003DMP400033019,PGSC0003DMP400012800,PGSC0003DMP400053554,PGSC0003DMP400037558,PGSC0003DMP400033923,PGSC0003DMP400035770,PGSC0003DMP400016304,PGSC0003DMP400022649,PGSC0003DMP400003194,PGSC0003DMP400039153,PGSC0003DMP400002423,PGSC0003DMP400016306,PGSC0003DMP400035538,PGSC0003DMP400025784,PGSC0003DMP400039628,PGSC0003DMP400043043,PGSC0003DMP400024634,PGSC0003DMP400064028,PGSC0003DMP400031140,PGSC0003DMP400067521,PGSC0003DMP400011364,PGSC0003DMP400045875,PGSC0003DMP400028237,PGSC0003DMP400016303,PGSC0003DMP400003855,PGSC0003DMP400031244,PGSC0003DMP400004355,PGSC0003DMP400038724,PGSC0003DMP400013441,PGSC0003DMP400051664,PGSC0003DMP400029116,PGSC0003DMP400000165,PGSC0003DMP400041048,PGSC0003DMP400006154,PGSC0003DMP400011158,PGSC0003DMP400033938,PGSC0003DMP400043028,PGSC0003DMP400031824,PGSC0003DMP400031245,PGSC0003DMP400044422,PGSC0003DMP400059346,PGSC0003DMP400003837,PGSC0003DMP400022669,PGSC0003DMP400042414,PGSC0003DMP400050078,PGSC0003DMP400016302,PGSC0003DMP400031141,PGSC0003DMP400053555,PGSC0003DMP400034420,PGSC0003DMP400042980,PGSC0003DMP400038725,PGSC0003DMP400068524,PGSC0003DMP400020753,PGSC0003DMP400019684,PGSC0003DMP400028215,PGSC0003DMP400023646,PGSC0003DMP400069038,PGSC0003DMP400063784,PGSC0003DMP400033775,PGSC0003DMP400060670,PGSC0003DMP400005074,PGSC0003DMP400013636,PGSC0003DMP400009562,PGSC0003DMP400016597,PGSC0003DMP400028837,PGSC0003DMP400031410,PGSC0003DMP400016568,PGSC0003DMP400043044,PGSC0003DMP400037578,PGSC0003DMP400064071,PGSC0003DMP400034156,PGSC0003DMP400011123,PGSC0003DMP400004558,PGSC0003DMP400066196,PGSC0003DMP400049976,PGSC0003DMP400058100,PGSC0003DMP400015605,PGSC0003DMP400004944,PGSC0003DMP400049975,PGSC0003DMP400055115,PGSC0003DMP400064604,PGSC0003DMP400051143,PGSC0003DMP400007030,PGSC0003DMP400045193,PGSC0003DMP400033897,PGSC0003DMP400010182,PGSC0003DMP400026698,PGSC0003DMP400034155,PGSC0003DMP400011344,PGSC0003DMP400010961,PGSC0003DMP400023501,PGSC0003DMP400069429,PGSC0003DMP400013635,PGSC0003DMP400015462,PGSC0003DMP400012902,PGSC0003DMP400059731,PGSC0003DMP400039664,PGSC0003DMP400016987,PGSC0003DMP400000508,PGSC0003DMP400025068,PGSC0003DMP400018637,PGSC0003DMP400037810,PGSC0003DMP400008351,PGSC0003DMP400067721,PGSC0003DMP400031215,PGSC0003DMP400017685,PGSC0003DMP400043045,PGSC0003DMP400044484,PGSC0003DMP400034670,PGSC0003DMP400030088,PGSC0003DMP400011156,PGSC0003DMP400060491,PGSC0003DMP400013637,PGSC0003DMP400015735,PGSC0003DMP400018153,PGSC0003DMP400032182,PGSC0003DMP400007644,PGSC0003DMP400004838,PGSC0003DMP400008355,PGSC0003DMP400043007,PGSC0003DMP400060838,PGSC0003DMP400044344,PGSC0003DMP400032646,PGSC0003DMP400042412,PGSC0003DMP400009153,PGSC0003DMP400005150,PGSC0003DMP400067194,PGSC0003DMP400024160,PGSC0003DMP400005550,PGSC0003DMP400042187,PGSC0003DMP400013633,PGSC0003DMP400012797,PGSC0003DMP400055561,PGSC0003DMP400033896,PGSC0003DMP400009800,PGSC0003DMP400039629,PGSC0003DMP400068865,PGSC0003DMP400067983,PGSC0003DMP400067182,PGSC0003DMP400030087,PGSC0003DMP400003611,PGSC0003DMP400031326,PGSC0003DMP400055520,PGSC0003DMP400046300,PGSC0003DMP400006454,PGSC0003DMP400013632,PGSC0003DMP400030247,PGSC0003DMP400028635,PGSC0003DMP400054541,PGSC0003DMP400038211,PGSC0003DMP400028048,PGSC0003DMP400042240,PGSC0003DMP400041845,PGSC0003DMP400055927,PGSC0003DMP400017684,PGSC0003DMP400041195,PGSC0003DMP400007651,PGSC0003DMP400019803,PGSC0003DMP400066505,PGSC0003DMP400033599,PGSC0003DMP400044418,PGSC0003DMP400003210,PGSC0003DMP400031219,PGSC0003DMP400002169,PGSC0003DMP400043035,PGSC0003DMP400020388,PGSC0003DMP400037580,PGSC0003DMP400019685,PGSC0003DMP400055477,PGSC0003DMP400045171,PGSC0003DMP400018017,PGSC0003DMP400032765,PGSC0003DMP400021171	Sopen07g027350.1,Sopen00g012750.1,Sopen05g030050.1,Sopen10g030830.1,Sopen09g001600.1,Sopen11g001910.1,Sopen04g026420.1,Sopen03g034780.1,Sopen04g026610.1,Sopen12g032510.1,Sopen10g004400.1,Sopen03g029280.1,Sopen01g032720.1,Sopen00g010440.1,Sopen01g044300.1,Sopen09g026680.1,Sopen06g019890.1,Sopen10g006390.1,Sopen06g020170.1,Sopen03g038010.1,Sopen03g023970.1,Sopen09g035030.1,Sopen12g032340.1,Sopen02g015160.1,Sopen03g016890.1,Sopen08g028000.1,Sopen04g026370.1,Sopen07g001950.1,Sopen09g027460.1,Sopen05g005200.1,Sopen01g038630.1,Sopen07g001840.1,Sopen02g024180.1,Sopen07g001300.1,Sopen02g025050.1,Sopen04g028340.1,Sopen05g007970.1,Sopen09g034930.1,Sopen08g010500.1,Sopen12g002090.1,Sopen02g004430.1,Sopen06g034240.1,Sopen07g033940.1,Sopen06g004430.1,Sopen11g002860.1,Sopen04g036510.1,Sopen07g012590.1,Sopen11g024580.1,Sopen06g001050.1,Sopen11g024230.1,Sopen03g039340.1,Sopen12g034480.1,Sopen01g053490.1,Sopen06g026080.1,Sopen09g033360.1,Sopen04g004180.1,Sopen02g013660.1,Sopen00g007910.1,Sopen01g046500.1,Sopen11g009290.1,Sopen03g033060.1,Sopen03g033730.1,Sopen11g010950.1,Sopen01g015270.1,Sopen03g029630.1,Sopen02g001320.1,Sopen01g037380.1,Sopen00g010140.1,Sopen09g001850.1,Sopen12g026290.1,Sopen07g031030.1,Sopen07g005630.1,Sopen12g021390.1,Sopen11g021170.1,Sopen01g042040.1,Sopen07g004410.1,Sopen02g033180.1,Sopen04g026710.1,Sopen10g003810.1,Sopen02g015760.1,Sopen09g035340.1,Sopen04g026400.1,Sopen06g019900.1,Sopen04g026190.1,Sopen10g017350.1,Sopen09g033130.1,Sopen12g034290.1,Sopen07g004820.1,Sopen02g020360.1,Sopen11g006690.1,Sopen00g008750.1,Sopen09g029990.1,Sopen06g001680.1,Sopen11g026640.1,Sopen03g003770.1,Sopen01g006160.1,Sopen01g043860.1,Sopen08g026580.1,Sopen07g003070.1,Sopen05g006430.1,Sopen02g024080.1,Sopen11g007300.1,Sopen07g024200.1,Sopen01g038950.1,Sopen05g027530.1,Sopen08g005000.1,Sopen05g018650.1,Sopen09g004550.1,Sopen03g036980.1,Sopen11g008850.1,Sopen07g017190.1,Sopen03g011150.1,Sopen06g001670.1,Sopen12g026150.1,Sopen09g004810.1,Sopen09g001900.1,Sopen01g001760.1,Sopen04g026360.1,Sopen09g004220.1,Sopen07g022420.1,Sopen03g029650.1,Sopen04g022860.1,Sopen01g036300.1,Sopen09g003120.1,Sopen00g004200.1,Sopen12g017160.1,Sopen04g026380.1,Sopen02g020990.1,Sopen01g040170.1,Sopen03g034990.1,Sopen10g033970.1,Sopen03g035770.1,Sopen01g045190.1,Sopen11g004750.1,Sopen07g026910.1,Sopen11g001900.1,Sopen06g008540.1,Sopen10g004380.1,Sopen03g030350.1,Sopen04g026410.1,Sopen05g007460.1,Sopen11g017250.1,Sopen02g033490.1,Sopen09g009020.1,Sopen01g031970.1,Sopen11g019420.1,Sopen02g029500.1,Sopen02g018640.1,Sopen12g034230.1,Sopen01g032600.1,Sopen06g015210.1,Sopen08g024790.1,Sopen06g023080.1,Sopen01g036180.1,Sopen03g029100.1,Sopen09g031050.1,Sopen00g007410.1,Sopen12g002530.1,Sopen03g034770.1,Sopen02g026820.1,Sopen07g021720.1,Sopen06g024560.1,Sopen05g007940.1,Sopen01g039950.1,Sopen01g041280.1,Sopen10g004410.1,Sopen11g002630.1,Sopen04g026320.1,Sopen11g005000.1,Sopen09g022760.1,Sopen02g039140.1,Sopen01g036990.1,Sopen01g042570.1,Sopen05g002740.1,Sopen04g023880.1,Sopen02g015610.1,Sopen04g001480.1,Sopen03g024500.1,Sopen09g004700.1,Sopen01g045100.1,Sopen01g039350.1,Sopen01g032860.1,Sopen02g025630.1,Sopen03g029290.1,Sopen09g026700.1	SPI03g04826.1,SPI12g00712.1,SPI12g02771.1,SPI01g00453.1,SPI05g03129.1,SPI03g04189.1,SPI04g04001.1,SPI10g00767.1,SPI03g04632.1,SPI07g04692.1,SPI09g00344.1,SPI05g00762.1,SPI03g03122.1,SPI11g02650.1,SPI06g03150.1,SPI09g02806.1,SPI06g04169.1,SPI06g04673.1,SPI03g05167.1,SPI07g02987.1,SPI01g02584.1,SPI01g07479.1,SPI03g03621.1,SPI04g04000.1,SPI01g00454.1,SPI06g04373.1,SPI02g04205.1,SPI09g03545.1,SPI09g04837.1,SPI03g04280.1,SPI03g05310.1,SPI09g00187.1,SPI03g02143.1,SPI12g05108.1,SPI12g03280.1,SPI05g00789.1,SPI05g00817.1,SPI11g03484.1,SPI06g00112.1,SPI11g01185.1,SPI01g00968.1,SPI01g07068.1,SPI11g02833.1,SPI01g06553.1,SPI06g03699.1,SPI07g06329.1,SPI01g07617.1,SPI01g07795.1,SPI11g00346.1,SPI12g03951.1,SPI09g04872.1,SPI02g03225.1,SPI05g00939.1,SPI11g03540.1,SPI05g04427.1,SPI03g04277.1,SPI06g03701.1,SPI06g03722.1,SPI04g01184.1,SPI04g04272.1,SPI09g00758.1,SPI12g00792.1,SPI07g00265.1,SPI01g06564.1,SPI09g04373.1,SPI01g06445.1,SPI04g03997.1,SPI07g00817.1,SPI10g00398.1,SPI02g02242.1,SPI01g00971.1,SPI01g00974.1,SPI11g00419.1,SPI01g07370.1,SPI04g03995.1,SPI01g07289.1,SPI09g03394.1,SPI11g03100.1,SPI01g02836.1,SPI06g03700.1,SPI02g04771.1,SPI02g02653.1,SPI03g02280.1,SPI06g03702.1,SPI03g04827.1,SPI12g02539.1,SPI04g03992.1,SPI02g04188.1,SPI04g04011.1,SPI04g03998.1,SPI03g04223.1,SPI04g02389.1,SPI12g02540.1,SPI10g00783.1,SPI01g07030.1,SPI10g00465.1,SPI09g01058.1,SPI07g02994.1,SPI12g05115.1,SPI12g04879.1,SPI01g02701.1,SPI02g02826.1,SPI01g07211.1,SPI01g07890.1,SPI04g04002.1,SPI02g03236.1,SPI07g02988.1,SPI03g01118.1,SPI12g00773.1,SPI01g02474.1,SPI04g04005.1,SPI04g00501.1,SPI09g01242.1,SPI11g02769.1,SPI09g00743.1,SPI09g00487.1,SPI07g02984.1,SPI01g03007.1,SPI10g03275.1,SPI01g06579.1,SPI09g00141.1,SPI06g05419.1,SPI10g00784.1,SPI04g01226.1,SPI10g03346.1,SPI03g04850.1,SPI04g00195.1,SPI12g05134.1,SPI11g03252.1,SPI10g00466.1,SPI07g04892.1,SPI02g02048.1,SPI04g04010.1,SPI03g04936.1,SPI04g04505.1,SPI11g03820.1,SPI07g03063.1,SPI04g04032.1,SPI01g00979.1,SPI04g04389.1,SPI01g04522.1,SPI07g04906.1,SPI03g02777.1,SPI04g04778.1,SPI02g02304.1,SPI03g04224.1,SPI02g02899.1,SPI12g02444.1,SPI01g07563.1,SPI07g05484.1,SPI07g03293.1,SPI03g02281.1,SPI04g04006.1,SPI09g04824.1,SPI12g00314.1,SPI12g00253.1,SPI08g05719.1,SPI09g02999.1,SPI09g00190.1,SPI04g04003.1,SPI08g04656.1,SPI05g02766.1,SPI03g00598.1,SPI07g04501.1,SPI11g02837.1,SPI06g04019.1,SPI11g02200.1,SPI09g03693.1,SPI04g03601.1,SPI06g00556.1,SPI03g02137.1,SPI04g04735.1,SPI03g05059.1,SPI11g03849.1,SPI10g03879.1,SPI03g04713.1,SPI04g04007.1,SPI03g04278.1,SPI01g08745.1,SPI11g00926.1,SPI06g05236.1,SPI11g02854.1,SPI04g01771.1,SPI09g01858.1,SPI04g03976.1,SPI01g07756.1,SPI02g04216.1,SPI07g02986.1,SPI05g00327.1,SPI04g04008.1,SPI04g04004.1,SPI10g04295.1,SPI04g03999.1,SPI03g04239.1,SPI11g00858.1,SPI10g00464.1,SPI11g00660.1,SPI10g03270.1,SPI01g04581.1,SPI08g04040.1,SPI07g06038.1,SPI11g00480.1,SPI07g00688.1,SPI01g07243.1,SPI05g01008.1,SPI04g01195.1,SPI02g02286.1,SPI08g04168.1,SPI07g00486.1,SPI07g00654.1,SPI12g04898.1,SPI12g02561.1,SPI05g01005.1,SPI11g00685.1,SPI11g03095.1,SPI12g02560.1,SPI00g03668.1,SPI07g04498.1,SPI03g04488.1,SPI11g02841.1,SPI09g04158.1,SPI02g00064.1,SPI08g05927.1,SPI03g04220.1	Solyc02g065560.1.1,Solyc03g120460.4.1,Solyc04g064750.2.1,Solyc11g005960.1.1,Solyc05g023900.1.1,Solyc07g021100.1.1,Solyc07g005740.1.1,Solyc09g082170.4.1,Solyc09g092440.1.1,Solyc11g006700.1.1,Solyc11g040090.1.1,Solyc01g081020.1.1,Solyc03g098570.1.1,Solyc09g014270.1.1,Solyc02g094480.4.1,Solyc01g104090.4.1,Solyc03g063380.3.1,Solyc07g006990.3.1,Solyc01g056250.2.1,Solyc02g011680.4.1,Solyc02g084830.4.1,Solyc04g063430.3.1,Solyc05g051583.1.1,Solyc01g094850.3.1,Solyc09g092050.4.1,Solyc01g095600.4.1,Solyc03g098580.1.1,Solyc11g040060.3.1,Solyc10g080220.2.1,Solyc11g008970.1.1,Solyc06g059820.1.1,Solyc01g096440.4.1,Solyc09g007040.1.1,Solyc10g007940.1.1,Solyc03g114010.3.1,Solyc11g043080.3.1,Solyc07g005850.3.1,Solyc04g064460.2.1,Solyc05g013225.1.1,Solyc06g082880.2.1,Solyc06g005700.1.1,Solyc04g072170.1.1,Solyc03g063690.1.1,Solyc02g005280.1.1,Solyc07g062820.1.1,Solyc07g009220.2.1,Solyc09g009950.4.1,Solyc01g097670.4.1,Solyc01g081110.4.1,Solyc01g010510.4.1,Solyc09g005710.3.1,Solyc11g039690.1.1,Solyc02g069500.1.1,Solyc10g008580.1.1,Solyc09g005990.4.1,Solyc06g064600.1.1,Solyc07g042760.1.1,Solyc01g100340.4.1,Solyc07g021450.3.1,Solyc09g042720.1.1,Solyc02g065410.3.1,Solyc03g093630.3.1,Solyc09g090440.1.1,Solyc08g023640.1.1,Solyc07g008480.3.1,Solyc02g065030.1.1,Solyc07g055310.1.1,Solyc09g063050.2.1,Solyc06g059810.1.1,Solyc11g039540.1.1,Solyc09g014260.1.1,Solyc01g055160.1.1,Solyc12g096680.1.1,Solyc01g099000.1.1,Solyc01g100800.2.1,Solyc04g064440.1.1,Solyc05g010620.3.1,Solyc05g046280.3.1,Solyc01g090390.1.1,Solyc11g017370.3.1,Solyc03g115800.1.1,Solyc03g115790.1.1,Solyc02g072020.3.1,Solyc12g006575.1.1,Solyc01g102690.4.1,Solyc06g060050.1.1,Solyc07g021070.1.1,Solyc11g005970.1.1,Solyc08g062580.1.1,Solyc04g074160.3.1,Solyc03g118080.4.1,Solyc09g075170.1.1,Solyc02g082160.2.1,Solyc09g092150.1.1,Solyc04g082870.1.1,Solyc07g065730.1.1,Solyc11g062250.2.1,Solyc06g068810.4.1,Solyc04g063415.1.1,Solyc12g036530.1.1,Solyc03g116000.1.1,Solyc06g072560.2.1,Solyc11g017330.1.1,Solyc10g008590.1.1,Solyc01g090510.2.1,Solyc06g066080.1.1,Solyc05g012630.2.1,Solyc04g064650.1.1,Solyc01g080190.3.1,Solyc11g066920.1.1,Solyc11g011860.1.1,Solyc12g042400.1.1,Solyc12g006130.3.1,Solyc09g065710.1.1,Solyc05g006800.2.1,Solyc11g010220.2.1,Solyc11g044490.1.1,Solyc09g015370.1.1,Solyc08g014100.1.1,Solyc01g091610.1.1,Solyc07g047640.2.1,Solyc08g078080.2.1,Solyc04g063440.3.1,Solyc03g078140.1.1,Solyc02g079380.2.1,Solyc06g009800.3.1,Solyc09g008300.2.1,Solyc09g009790.4.1,Solyc11g043050.1.1,Solyc03g058320.1.1,Solyc04g063270.2.1,Solyc03g007840.1.1,Solyc07g053380.2.1,Solyc12g062820.3.1,Solyc01g095160.3.1,Solyc09g009480.1.1,Solyc02g079260.2.1,Solyc03g111210.4.1,Solyc04g063400.3.1,Solyc03g114660.1.1,Solyc02g062630.1.1,Solyc06g048900.1.1,Solyc03g051780.3.1,Solyc02g080950.3.1,Solyc02g080350.1.1,Solyc01g098480.3.1,Solyc01g049810.4.1,Solyc07g042720.1.1,Solyc12g099850.1.1,Solyc04g063410.1.1,Solyc11g043020.1.1,Solyc03g034290.2.1,Solyc04g076800.3.1,Solyc11g064750.3.1,Solyc02g072010.3.1,Solyc05g010510.1.1,Solyc01g111430.2.1,Solyc04g076330.3.1,Solyc11g006940.3.1,Solyc04g054290.3.1,Solyc11g042970.1.1,Solyc01g102790.3.1,Solyc05g009400.3.1,Solyc01g020340.2.1,Solyc11g017310.3.1,Solyc04g071270.1.1,Solyc11g012570.3.1,Solyc03g116840.3.1,Solyc07g042130.4.1,Solyc10g017680.1.1,Solyc02g088470.1.1,Solyc06g005690.3.1,Solyc03g119120.3.1,Solyc12g096510.3.1,Solyc09g010070.1.1,Solyc12g099620.1.1,Solyc01g091240.4.1,Solyc04g009000.1.1,Solyc09g090220.3.1,Solyc12g099550.1.1,Solyc01g081290.4.1,Solyc08g076150.4.1,Solyc10g008570.3.1,Solyc04g005460.1.1,Solyc07g015800.1.1,Solyc04g051480.1.1,Solyc04g064450.1.1,Solyc02g071300.1.1,Solyc08g079640.3.1,Solyc12g062720.3.1,Solyc09g059575.1.1,Solyc07g008890.3.1,Solyc05g013200.1.1	SLYcer07g00432.1,SLYcer08g03598.1,SLYcer04g04339.1,SLYcer01g02398.1,SLYcer06g03248.1,SLYcer07g01946.1,SLYcer07g01944.1,SLYcer06g03800.1,SLYcer09g01172.1,SLYcer07g03694.1,SLYcer04g04792.1,SLYcer06g05347.1,SLYcer09g00827.1,SLYcer02g01364.1,SLYcer11g00544.1,SLYcer08g05832.1,SLYcer01g07375.1,SLYcer09g05163.1,SLYcer03g04880.1,SLYcer09g03070.1,SLYcer12g02764.1,SLYcer03g04182.1,SLYcer07g00557.1,SLYcer03g04181.1,SLYcer09g02878.1,SLYcer01g06993.1,SLYcer03g02011.1,SLYcer03g04793.1,SLYcer01g07376.1,SLYcer04g04380.1,SLYcer05g00756.1,SLYcer03g04161.1,SLYcer10g04649.1,SLYcer03g05107.1,SLYcer05g00590.1,SLYcer06g03819.1,SLYcer03g05000.1,SLYcer01g02636.1,SLYcer12g05165.1,SLYcer08g04752.1,SLYcer07g00644.1,SLYcer04g04375.1,SLYcer02g05280.1,SLYcer07g00198.1,SLYcer05g02179.1,SLYcer11g02710.1,SLYcer10g00534.1,SLYcer01g00912.1,SLYcer11g03191.1,SLYcer02g05291.1,SLYcer09g03648.1,SLYcer01g07791.1,SLYcer11g00706.1,SLYcer03g04183.1,SLYcer10g00605.1,SLYcer02g05846.1,SLYcer03g04126.1,SLYcer03g04657.1,SLYcer07g00197.1,SLYcer01g08519.1,SLYcer04g04364.1,SLYcer02g05263.1,SLYcer06g04311.1,SLYcer05g00947.1,SLYcer11g03755.1,SLYcer09g00884.1,SLYcer01g06962.1,SLYcer07g05611.1,SLYcer01g02916.1,SLYcer12g03996.1,SLYcer02g00359.1,SLYcer04g05288.1,SLYcer09g04720.1,SLYcer04g04353.1,SLYcer09g00282.1,SLYcer12g02585.1,SLYcer10g00604.1,SLYcer01g07704.1,SLYcer04g04368.1,SLYcer02g03165.1,SLYcer11g02774.1,SLYcer07g01541.1,SLYcer03g05261.1,SLYcer07g00362.1,SLYcer04g04352.1,SLYcer09g00812.1,SLYcer12g00758.1,SLYcer03g02151.1,SLYcer03g00353.1,SLYcer06g00720.1,SLYcer11g01052.1,SLYcer07g01632.1,SLYcer01g00907.1,SLYcer11g03024.1,SLYcer04g00224.1,SLYcer04g04361.1,SLYcer10g00897.1,SLYcer04g04910.1,SLYcer06g04813.1,SLYcer10g05394.1,SLYcer04g01460.1,SLYcer11g00268.1,SLYcer08g04261.1,SLYcer01g06283.1,SLYcer04g04376.1,SLYcer11g01055.1,SLYcer06g03799.1,SLYcer04g04363.1,SLYcer04g02610.1,SLYcer04g05888.1,SLYcer10g02536.1,SLYcer07g01542.1,SLYcer03g00955.1,SLYcer04g04369.1,SLYcer04g04384.1,SLYcer02g03930.1,SLYcer01g07039.1,SLYcer07g01548.1,SLYcer02g00056.1,SLYcer01g06270.1,SLYcer09g00250.1,SLYcer04g01450.1,SLYcer09g03502.1,SLYcer03g04218.1,SLYcer04g04379.1,SLYcer08g06029.1,SLYcer04g04356.1,SLYcer07g04232.1,SLYcer07g03785.1,SLYcer12g02787.1,SLYcer03g02567.1,SLYcer07g00783.1,SLYcer10g00909.1,SLYcer11g03475.1,SLYcer12g04921.1,SLYcer01g02511.1,SLYcer09g02879.1,SLYcer04g04342.1,SLYcer01g00915.1,SLYcer11g02159.1,SLYcer09g00599.1,SLYcer04g00526.1,SLYcer03g03021.1,SLYcer09g05148.1,SLYcer07g01273.1,SLYcer02g03756.1,SLYcer01g06302.1,SLYcer11g00191.1,SLYcer07g01538.1,SLYcer12g02675.1,SLYcer10g00908.1,SLYcer07g03789.1,SLYcer11g03411.1,SLYcer07g03981.1,SLYcer03g02635.1,SLYcer06g04151.1,SLYcer04g04371.1,SLYcer12g00752.1,SLYcer09g04364.1,SLYcer01g07652.1,SLYcer04g04358.1,SLYcer04g04372.1,SLYcer01g06793.1,SLYcer04g01989.1,SLYcer01g06271.1,SLYcer03g03545.1,SLYcer04g04370.1,SLYcer12g03302.1,SLYcer11g00516.1,SLYcer09g03772.1,SLYcer11g02783.1,SLYcer05g00777.1,SLYcer05g00298.1,SLYcer06g00338.1,SLYcer01g06303.1,SLYcer09g00432.1,SLYcer05g00735.1,SLYcer02g03353.1,SLYcer01g07239.1,SLYcer03g04438.1,SLYcer02g03398.1,SLYcer11g02794.1,SLYcer07g01540.1,SLYcer11g02778.1,SLYcer04g04360.1,SLYcer03g04221.1,SLYcer12g00287.1,SLYcer12g03007.1,SLYcer12g05187.1,SLYcer04g04366.1,SLYcer09g00291.1,SLYcer01g07473.1,SLYcer07g04218.1,SLYcer04g04367.1,SLYcer12g00206.1,SLYcer03g04580.1,SLYcer04g05244.1,SLYcer09g01972.1,SLYcer04g04378.1,SLYcer04g04373.1,SLYcer07g05317.1,SLYcer03g04770.1,SLYcer01g02778.1,SLYcer10g04778.1,SLYcer01g06145.1,SLYcer06g00337.1,SLYcer02g03414.1,SLYcer04g04365.1,SLYcer07g01633.1,SLYcer01g06300.1,SLYcer10g00603.1,SLYcer06g04514.1,SLYcer12g05158.1,SLYcer11g02594.1,SLYcer03g02139.1,SLYcer01g07514.1,SLYcer05g02540.1,SLYcer01g04391.1,SLYcer02g04004.1,SLYcer04g04374.1,SLYcer01g00919.1,SLYcer10g04774.1,SLYcer03g02691.1,SLYcer05g00888.1,SLYcer11g00778.1,SLYcer01g06295.1,SLYcer09g05199.1,SLYcer03g02152.1,SLYcer02g04328.1,SLYcer03g04219.1,SLYcer03g04162.1,SLYcer02g03651.1,SLYcer04g04377.1,SLYcer04g04383.1,SLYcer03g04158.1,SLYcer07g00610.1,SLYcer09g01387.1	Capang11g002201,Capang11g001802,Capang04g001369,Capang07g000154,Capang04g000020,Capang04g000817,Capang10g002207,Capang12g002515,Capang01g001897,Capang12g002508,Capang11g000936,Capang10g000198,Capang11g002021,Capang09g001753,Capang01g004024,Capang02g001410,Capang07g000273,Capang06g002493,Capang01g001781,Capang01g003867,Capang03g004172,Capang11g001541,Capang08g000441,Capang08g000261,Capang01g003611,Capang08g000256,Capang01g005306,Capang04g002207,Capang07g001994,Capang01g002111,Capang12g002018,Capang12g000107,Capang03g003898,Capang02g003418,Capang04g000340,Capang00g004286,Capang04g001457,Capang03g002595,Capang04g000210,Capang01g003962,Capang03g003543,Capang02g003034,Capang01g002799,Capang07g001802,Capang03g000791,Capang05g001175,Capang12g000083,Capang00g002144,Capang03g003736,Capang00g002723,Capang05g000089,Capang08g000413,Capang01g000352,Capang07g000289,Capang09g000430,Capang02g000595,Capang01g002915,Capang06g001399,Capang07g001795,Capang00g001896,Capang12g001797,Capang04g001166,Capang00g005041,Capang01g004304,Capang04g001904,Capang10g002240,Capang03g001359,Capang00g003156,Capang10g001044,Capang07g000333,Capang05g000186,Capang06g001684,Capang03g000970,Capang06g001681,Capang07g002491,Capang10g000316,Capang03g003006,Capang00g000268,Capang06g001687,Capang12g000084,Capang00g001098,Capang10g001977,Capang10g000319,Capang00g004749,Capang02g002464,Capang02g003067,Capang04g001294,Capang03g000281,Capang03g000676,Capang02g001333,Capang12g000322,Capang07g001879,Capang06g001728,Capang01g000627,Capang12g002413,Capang07g000654,Capang07g001834,Capang09g001410,Capang02g003173,Capang06g000170,Capang07g001804,Capang08g000216,Capang02g000721,Capang12g002502,Capang09g001000,Capang03g001972,Capang01g002811,Capang03g004134,Capang09g001039,Capang07g002178,Capang00g002636,Capang12g002308,Capang12g000367,Capang12g001519,Capang10g001513,Capang01g005322,Capang06g002489,Capang03g001476,Capang10g000201,Capang03g003778,Capang00g003543,Capang11g001117,Capang03g003273,Capang01g004015,Capang12g002477,Capang04g000977,Capang01g003033,Capang11g001563,Capang03g003336,Capang07g000867,Capang11g001488,Capang03g003266,Capang11g002057,Capang05g000008,Capang01g002370,Capang01g000766,Capang07g000571,Capang12g000069,Capang02g000173,Capang04g000997,Capang09g001900,Capang04g000239,Capang04g000829,Capang03g000724,Capang10g001572,Capang05g002019,Capang08g000230,Capang04g001410,Capang09g001552,Capang07g000866,Capang03g001469,Capang07g000242,Capang01g000559,Capang09g000429,Capang03g001437,Capang03g001504,Capang11g002091,Capang03g001436,Capang12g001907,Capang01g001205,Capang11g002048,Capang00g004466,Capang00g001289,Capang03g001480,Capang08g000421,Capang12g001799,Capang08g000706,Capang01g000578,Capang04g002024,Capang02g001858,Capang00g003542,Capang12g000343,Capang06g001686,Capang00g002978,Capang05g000949,Capang01g002034,Capang03g000550,Capang03g000948,Capang01g004477,Capang02g001405,Capang12g002279,Capang03g001540,Capang02g000685,Capang11g000219,Capang01g000994,Capang02g000094,Capang03g004179,Capang12g000794,Capang11g002024,Capang03g002345,Capang07g000537,Capang07g001257,Capang11g001847,Capang12g000113,Capang09g001897,Capang04g001949,Capang09g001142,Capang00g000470,Capang02g001164,Capang02g002134,Capang01g000556,Capang01g004148,Capang00g002829,Capang07g001255,Capang03g000742,Capang06g000226,Capang03g000425,Capang04g000730,Capang09g001038,Capang02g001493,Capang02g000384,Capang00g003385,Capang00g002014,Capang05g000733,Capang01g001261,Capang07g001210,Capang00g005460,Capang12g001860,Capang06g001016,Capang07g001798,Capang07g000163,Capang11g000656,Capang06g000759,Capang04g000946,Capang00g000488,Capang06g001696,Capang08g000726,Capang00g003319,Capang01g003532,Capang02g001866,Capang05g000513,Capang07g002400,Capang01g004219,Capang03g001290,Capang03g000862,Capang12g002108,Capang01g002692,Capang03g003124,Capang04g001802,Capang10g000342,Capang10g000318,Capang02g001049,Capang04g001348,Capang03g004147,Capang00g002059,Capang06g001683,Capang09g001594
SG1820	1	1					Solyc08g069233.1.1		
SG2231	1	1					Solyc05g014500.3.1		
SG3995	1	1					Solyc03g005947.1.1		
SG6288	1	1					Solyc03g112017.1.1		
SG10830	1	1					Solyc07g043440.1.1		
SG21843	1	1					Solyc04g076980.3.1		
SG22321	1	1					Solyc04g079030.2.1		
