Gene ID,Family,NES,pValue
Solyc04g009440.2,NAC,2.52231799,0.01165843
Solyc02g093130.1,AP2/EREBP TF1,-2.54113726,0.011
Solyc02g077370.1,ERF_C_5,2.53305973,0.0113
Solyc08g076930.1,MYC2 (bHLH),2.04815701,0.0405
Solyc06g060490.2,bZIP (ABI5-like),2.82899978,0.00466937
